CANADIAN DOLLAR - CHICAGO MERCANTILE EXCHANGE,161227,2016-12-27,090741,CME ,00,090 ,   93212,    7842,    9303,       0,   26244,   10813,     458,   25456,   33811,    1941,    5478,    4022,     536,   67955,   60884,   25257,   32328,  -12868,  -11628,  -11061,   -4094,   -2992,    1667,      -5,   11018,    2260,   -2787,     315,   -1036,   -1208,  -11381,  -16264,   -1487,    3396,  100.0,    8.4,   10.0,    0.0,   28.2,   11.6,    0.5,   27.3,   36.3,    2.1,    5.9,    4.3,    0.6,   72.9,   65.3,   27.1,   34.7,     86,      5,      5,      0,      7,     10,.,     22,     26,      9,      7,      4,.,     47,     51,    28.7,    16.0,    42.7,    30.2,    28.3,    16.0,    42.2,    30.2,"(CONTRACTS OF CAD 100,000)",090741,CME ,090 ,F10,FutOnly
CANADIAN DOLLAR - CHICAGO MERCANTILE EXCHANGE,161220,2016-12-20,090741,CME ,00,090 ,  106080,   19470,   20364,    4094,   29236,    9146,     463,   14438,   31551,    4728,    5163,    5058,    1744,   79336,   77148,   26744,   28932,   -8185,   -1819,    1663,    2547,    -749,     846,       5,   -2255,  -11259,   -1045,     879,     870,    -123,   -2560,   -6496,   -5625,   -1689,  100.0,   18.4,   19.2,    3.9,   27.6,    8.6,    0.4,   13.6,   29.7,    4.5,    4.9,    4.8,    1.6,   74.8,   72.7,   25.2,   27.3,     90,      6,      9,      6,      9,     10,.,     16,     28,      8,      7,      5,.,     50,     60,    32.4,    21.0,    43.7,    34.1,    29.9,    21.0,    41.1,    32.8,"(CONTRACTS OF CAD 100,000)",090741,CME ,090 ,F10,FutOnly
CANADIAN DOLLAR - CHICAGO MERCANTILE EXCHANGE,161213,2016-12-13,090741,CME ,00,090 ,  114265,   21289,   18701,    1547,   29985,    8300,     458,   16693,   42810,    5773,    4284,    4188,    1867,   81896,   83644,   32369,   30621,    6976,   -7513,    -293,    1146,    2391,   -2377,    -116,    3564,    6105,    2912,    -265,    1225,     -81,    2038,    8521,    4938,   -1545,  100.0,   18.6,   16.4,    1.4,   26.2,    7.3,    0.4,   14.6,   37.5,    5.1,    3.7,    3.7,    1.6,   71.7,   73.2,   28.3,   26.8,     82,      6,      8,      5,      9,      7,.,     15,     26,     11,      5,      6,.,     46,     57,    31.7,    21.8,    43.7,    36.8,    30.2,    21.8,    41.4,    36.4,"(CONTRACTS OF CAD 100,000)",090741,CME ,090 ,F10,FutOnly
CANADIAN DOLLAR - CHICAGO MERCANTILE EXCHANGE,161206,2016-12-06,090741,CME ,00,090 ,  107289,   28802,   18994,     401,   27594,   10677,     574,   13129,   36705,    2861,    4549,    2963,    1948,   79858,   75123,   27431,   32166,   -7127,  -11823,    -262,      69,     228,   -2282,     -88,    2428,   -2722,     343,     -66,     -96,     177,   -8732,   -4861,    1605,   -2266,  100.0,   26.8,   17.7,    0.4,   25.7,   10.0,    0.5,   12.2,   34.2,    2.7,    4.2,    2.8,    1.8,   74.4,   70.0,   25.6,   30.0,     86,      8,      6,      6,      9,     10,.,     12,     30,     12,      6,      5,      4,     49,     61,    36.9,    22.5,    47.6,    36.4,    36.0,    22.5,    46.8,    36.4,"(CONTRACTS OF CAD 100,000)",090741,CME ,090 ,F10,FutOnly
CANADIAN DOLLAR - CHICAGO MERCANTILE EXCHANGE,161129,2016-11-29,090741,CME ,00,090 ,  114416,   40625,   19256,     332,   27366,   12959,     662,   10701,   39427,    2518,    4615,    3059,    1771,   88590,   79984,   25826,   34432,   -4251,   -3042,    -200,     105,   -2205,     106,     -35,     679,   -2342,     207,   -1170,     201,      15,   -5446,   -1943,    1195,   -2308,  100.0,   35.5,   16.8,    0.3,   23.9,   11.3,    0.6,    9.4,   34.5,    2.2,    4.0,    2.7,    1.5,   77.4,   69.9,   22.6,   30.1,     90,      8,      6,.,      9,     14,.,     11,     31,     11,      6,      5,      4,     44,     67,    42.4,    19.0,    53.9,    32.1,    41.7,    19.0,    53.2,    32.1,"(CONTRACTS OF CAD 100,000)",090741,CME ,090 ,F10,FutOnly
CANADIAN DOLLAR - CHICAGO MERCANTILE EXCHANGE,161122,2016-11-22,090741,CME ,00,090 ,  118667,   43667,   19456,     227,   29571,   12853,     697,   10022,   41769,    2311,    5785,    2858,    1756,   94036,   81927,   24631,   36740,   -6865,   -2450,    1419,       2,    1007,     891,      41,   -4840,   -6589,    -266,    -384,    -562,      18,   -6872,   -5046,       7,   -1819,  100.0,   36.8,   16.4,    0.2,   24.9,   10.8,    0.6,    8.4,   35.2,    1.9,    4.9,    2.4,    1.5,   79.2,   69.0,   20.8,   31.0,     93,      8,      7,      4,     10,     14,.,     11,     30,     11,      8,      5,      4,     47,     68,    42.5,    18.6,    54.4,    31.7,    41.8,    18.6,    53.7,    31.7,"(CONTRACTS OF CAD 100,000)",090741,CME ,090 ,F10,FutOnly
CANADIAN DOLLAR - CHICAGO MERCANTILE EXCHANGE,161115,2016-11-15,090741,CME ,00,090 ,  125532,   46117,   18037,     225,   28564,   11962,     656,   14862,   48358,    2577,    6169,    3420,    1738,  100908,   86973,   24624,   38559,    4539,    4427,     -97,      35,    1950,   -1587,       0,   -2659,    1541,    1528,     186,   -1122,     445,    5912,     743,   -1373,    3796,  100.0,   36.7,   14.4,    0.2,   22.8,    9.5,    0.5,   11.8,   38.5,    2.1,    4.9,    2.7,    1.4,   80.4,   69.3,   19.6,   30.7,     94,      7,      6,.,      9,     12,.,     12,     34,     12,      9,      5,      4,     47,     67,    42.9,    18.3,    54.0,    30.0,    42.2,    18.3,    53.3,    30.0,"(CONTRACTS OF CAD 100,000)",090741,CME ,090 ,F10,FutOnly
CANADIAN DOLLAR - CHICAGO MERCANTILE EXCHANGE,161108,2016-11-08,090741,CME ,00,090 ,  120993,   41690,   18134,     190,   26614,   13549,     656,   17521,   46817,    1049,    5983,    4542,    1293,   94996,   86230,   25997,   34763,    -163,    8540,    1844,     113,   -1804,   -4758,    -173,   -5915,    5153,     190,      24,   -1350,     229,    1204,    1248,   -1367,   -1411,  100.0,   34.5,   15.0,    0.2,   22.0,   11.2,    0.5,   14.5,   38.7,    0.9,    4.9,    3.8,    1.1,   78.5,   71.3,   21.5,   28.7,     93,      7,      6,.,      8,     14,.,     15,     29,     11,      9,      5,      4,     47,     65,    41.8,    19.9,    54.9,    32.0,    41.1,    19.9,    54.2,    32.0,"(CONTRACTS OF CAD 100,000)",090741,CME ,090 ,F10,FutOnly
CANADIAN DOLLAR - CHICAGO MERCANTILE EXCHANGE,161101,2016-11-01,090741,CME ,00,090 ,  121156,   33150,   16290,      77,   28418,   18307,     829,   23436,   41664,     859,    5959,    5892,    1064,   93792,   84982,   27364,   36174,    7655,    7693,   -1043,      40,    -656,    3837,    -166,     -24,    5197,     140,    1154,    -310,     165,    8346,    7860,    -691,    -205,  100.0,   27.4,   13.4,    0.1,   23.5,   15.1,    0.7,   19.3,   34.4,    0.7,    4.9,    4.9,    0.9,   77.4,   70.1,   22.6,   29.9,     91,      5,      5,.,      7,     15,.,     16,     28,      7,      9,      6,      4,     44,     62,    36.6,    18.5,    53.3,    30.8,    36.0,    18.5,    52.7,    30.8,"(CONTRACTS OF CAD 100,000)",090741,CME ,090 ,F10,FutOnly
CANADIAN DOLLAR - CHICAGO MERCANTILE EXCHANGE,161025,2016-10-25,090741,CME ,00,090 ,  113501,   25457,   17333,      37,   29074,   14470,     995,   23460,   36467,     719,    4805,    6202,     899,   85446,   77122,   28055,   36379,   17708,   12406,     112,      15,   -4307,    4569,      59,    9528,    3799,    -213,    -194,    1837,     266,   17560,   10444,     148,    7264,  100.0,   22.4,   15.3,    0.0,   25.6,   12.7,    0.9,   20.7,   32.1,    0.6,    4.2,    5.5,    0.8,   75.3,   67.9,   24.7,   32.1,     87,      5,      5,.,      8,     12,      4,     15,     28,      5,      7,      7,.,     43,     58,    34.4,    19.1,    51.7,    30.2,    33.8,    19.1,    51.1,    30.2,"(CONTRACTS OF CAD 100,000)",090741,CME ,090 ,F10,FutOnly
CANADIAN DOLLAR - CHICAGO MERCANTILE EXCHANGE,161018,2016-10-18,090741,CME ,00,090 ,   95793,   13051,   17221,      22,   33381,    9901,     936,   13932,   32668,     932,    4999,    4365,     633,   67886,   66678,   27907,   29115,   -8209,   -2489,      26,      17,   -5624,     222,     -88,   -1623,   -2950,     366,    -873,   -1294,     319,   -9995,   -3382,    1786,   -4827,  100.0,   13.6,   18.0,    0.0,   34.8,   10.3,    1.0,   14.5,   34.1,    1.0,    5.2,    4.6,    0.7,   70.9,   69.6,   29.1,   30.4,     82,      5,      5,.,      8,     11,      4,     15,     24,      6,      7,      7,.,     43,     55,    34.8,    23.6,    49.3,    35.0,    34.2,    23.6,    48.7,    35.0,"(CONTRACTS OF CAD 100,000)",090741,CME ,090 ,F10,FutOnly
CANADIAN DOLLAR - CHICAGO MERCANTILE EXCHANGE,161011,2016-10-11,090741,CME ,00,090 ,  104002,   15540,   17195,       5,   39005,    9679,    1024,   15555,   35618,     566,    5872,    5659,     314,   77881,   70060,   26121,   33942,    -217,    -251,    2675,      -4,   -3650,    -789,     109,    2260,   -4893,    -237,     185,      17,     101,   -1487,   -3021,    1270,    2804,  100.0,   14.9,   16.5,    0.0,   37.5,    9.3,    1.0,   15.0,   34.2,    0.5,    5.6,    5.4,    0.3,   74.9,   67.4,   25.1,   32.6,     82,      5,      5,.,      9,     10,      4,     13,     23,      4,      8,      9,.,     43,     52,    37.4,    21.2,    52.9,    34.2,    36.7,    21.2,    52.3,    34.2,"(CONTRACTS OF CAD 100,000)",090741,CME ,090 ,F10,FutOnly
CANADIAN DOLLAR - CHICAGO MERCANTILE EXCHANGE,161004,2016-10-04,090741,CME ,00,090 ,  104219,   15791,   14520,       9,   42655,   10468,     915,   13295,   40511,     803,    5687,    5642,     213,   79368,   73081,   24851,   31138,    -911,    1522,    -381,     -26,    3245,    -911,     -21,   -5322,     173,     330,    -270,    1253,       0,    -542,     417,    -369,   -1328,  100.0,   15.2,   13.9,    0.0,   40.9,   10.0,    0.9,   12.8,   38.9,    0.8,    5.5,    5.4,    0.2,   76.2,   70.1,   23.8,   29.9,     84,      7,      4,.,      8,      9,      4,     14,     28,      6,      8,      6,.,     47,     51,    41.4,    22.5,    55.8,    35.6,    40.8,    22.5,    55.1,    35.6,"(CONTRACTS OF CAD 100,000)",090741,CME ,090 ,F10,FutOnly
CANADIAN DOLLAR - CHICAGO MERCANTILE EXCHANGE,160927,2016-09-27,090741,CME ,00,090 ,  105130,   14269,   14901,      35,   39410,   11379,     936,   18617,   40338,     473,    5957,    4389,     213,   79910,   72664,   25220,   32466,  -32074,    3430,  -25649,  -10475,    -798,     -30,     -76,  -22727,    2191,    -355,    -856,   -2185,       0,  -31857,  -36579,    -217,    4505,  100.0,   13.6,   14.2,    0.0,   37.5,   10.8,    0.9,   17.7,   38.4,    0.4,    5.7,    4.2,    0.2,   76.0,   69.1,   24.0,   30.9,     84,      7,      4,.,      8,     10,      4,     17,     25,      4,      9,      4,.,     49,     48,    36.5,    25.6,    51.0,    36.6,    35.9,    25.6,    50.3,    36.6,"(CONTRACTS OF CAD 100,000)",090741,CME ,090 ,F10,FutOnly
CANADIAN DOLLAR - CHICAGO MERCANTILE EXCHANGE,160920,2016-09-20,090741,CME ,00,090 ,  137204,   10839,   40550,   10510,   40208,   11409,    1012,   41344,   38147,     828,    6813,    6574,     213,  111767,  109243,   25437,   27961,   12528,    3294,   -8725,    7030,   -8294,      64,     -84,   14070,   13721,    -216,     449,     482,    -159,   16090,   12113,   -3562,     415,  100.0,    7.9,   29.6,    7.7,   29.3,    8.3,    0.7,   30.1,   27.8,    0.6,    5.0,    4.8,    0.2,   81.5,   79.6,   18.5,   20.4,     84,      6,      5,      7,      8,     11,      4,     16,     25,      4,      8,      5,.,     45,     56,    37.2,    42.4,    54.5,    51.9,    36.6,    39.9,    52.2,    48.4,"(CONTRACTS OF CAD 100,000)",090741,CME ,090 ,F10,FutOnly
CANADIAN DOLLAR - CHICAGO MERCANTILE EXCHANGE,160913,2016-09-13,090741,CME ,00,090 ,  124676,    7545,   49275,    3480,   48502,   11345,    1096,   27274,   24426,    1044,    6364,    6092,     372,   95677,   97130,   28999,   27546,    1929,    1266,   -9539,    1807,   -4230,    2619,     329,    7942,    5372,   -2177,     308,    -813,      82,    5327,   -2320,   -3398,    4249,  100.0,    6.1,   39.5,    2.8,   38.9,    9.1,    0.9,   21.9,   19.6,    0.8,    5.1,    4.9,    0.3,   76.7,   77.9,   23.3,   22.1,     84,.,      9,      5,     11,     10,      5,     18,     20,      9,      8,      5,.,     51,     54,    36.8,    40.6,    49.9,    49.5,    36.2,    39.9,    49.2,    48.6,"(CONTRACTS OF CAD 100,000)",090741,CME ,090 ,F10,FutOnly
CANADIAN DOLLAR - CHICAGO MERCANTILE EXCHANGE,160906,2016-09-06,090741,CME ,00,090 ,  122747,    6279,   58814,    1673,   52732,    8726,     767,   19332,   19054,    3221,    6056,    6905,     290,   90350,   99450,   32397,   23297,   -2969,     166,   -4057,     775,   -1792,     -15,    -669,   -2020,   -2077,    1755,     616,     584,      94,   -1075,   -3610,   -1894,     641,  100.0,    5.1,   47.9,    1.4,   43.0,    7.1,    0.6,   15.7,   15.5,    2.6,    4.9,    5.6,    0.2,   73.6,   81.0,   26.4,   19.0,     83,      4,      7,      4,      9,      7,.,     23,     17,      9,      9,      7,.,     52,     49,    37.0,    46.4,    47.4,    57.0,    36.4,    46.4,    46.6,    57.0,"(CONTRACTS OF CAD 100,000)",090741,CME ,090 ,F10,FutOnly
CANADIAN DOLLAR - CHICAGO MERCANTILE EXCHANGE,160830,2016-08-30,090741,CME ,00,090 ,  125716,    6113,   62871,     898,   54524,    8741,    1436,   21352,   21131,    1466,    5440,    6321,     196,   91425,  103060,   34291,   22656,   -5902,     308,    2588,    -348,   -2814,     171,     -76,    -430,   -8264,     469,    -254,    -933,       0,   -3145,   -6393,   -2757,     491,  100.0,    4.9,   50.0,    0.7,   43.4,    7.0,    1.1,   17.0,   16.8,    1.2,    4.3,    5.0,    0.2,   72.7,   82.0,   27.3,   18.0,     77,      5,      6,.,      9,      8,      4,     19,     18,      5,      7,      5,.,     47,     42,    38.8,    48.6,    51.4,    59.2,    38.3,    48.6,    50.1,    59.2,"(CONTRACTS OF CAD 100,000)",090741,CME ,090 ,F10,FutOnly
CANADIAN DOLLAR - CHICAGO MERCANTILE EXCHANGE,160823,2016-08-23,090741,CME ,00,090 ,  131618,    5805,   60283,    1246,   57338,    8570,    1512,   21782,   29395,     997,    5694,    7254,     196,   94570,  109453,   37048,   22165,    7008,    2669,    9442,     953,   -1710,       4,       0,    2978,    -624,    -241,    -272,    -567,      -1,    4376,    8966,    2632,   -1958,  100.0,    4.4,   45.8,    0.9,   43.6,    6.5,    1.1,   16.5,   22.3,    0.8,    4.3,    5.5,    0.1,   71.9,   83.2,   28.1,   16.8,     81,      4,      6,.,     11,      6,.,     21,     19,      4,      7,      7,.,     45,     45,    38.0,    46.3,    48.7,    56.8,    37.5,    46.3,    47.2,    56.8,"(CONTRACTS OF CAD 100,000)",090741,CME ,090 ,F10,FutOnly
CANADIAN DOLLAR - CHICAGO MERCANTILE EXCHANGE,160816,2016-08-16,090741,CME ,00,090 ,  124610,    3136,   50841,     293,   59048,    8566,    1512,   18804,   30019,    1238,    5966,    7821,     197,   90194,  100487,   34416,   24123,    8814,     271,    5907,     218,    5825,   -1635,     565,   -3009,    7179,     351,    -931,     827,       1,    3291,   13413,    5523,   -4599,  100.0,    2.5,   40.8,    0.2,   47.4,    6.9,    1.2,   15.1,   24.1,    1.0,    4.8,    6.3,    0.2,   72.4,   80.6,   27.6,   19.4,     80,.,      6,.,     10,      6,.,     21,     20,      5,      7,      7,.,     46,     46,    42.0,    44.6,    51.3,    54.6,    41.5,    44.6,    50.7,    54.6,"(CONTRACTS OF CAD 100,000)",090741,CME ,090 ,F10,FutOnly
CANADIAN DOLLAR - CHICAGO MERCANTILE EXCHANGE,160809,2016-08-09,090741,CME ,00,090 ,  115796,    2865,   44934,      75,   53223,   10201,     947,   21813,   22840,     887,    6897,    6994,     196,   86903,   87074,   28893,   28722,     -29,     937,   -6102,    -321,    1746,    -220,    -253,     181,    2899,      80,    -344,    1995,      -1,    2025,   -1923,   -2054,    1894,  100.0,    2.5,   38.8,    0.1,   46.0,    8.8,    0.8,   18.8,   19.7,    0.8,    6.0,    6.0,    0.2,   75.0,   75.2,   25.0,   24.8,     83,.,      6,.,      9,      8,      4,     19,     24,      6,      7,      7,.,     44,     52,    42.3,    41.3,    53.9,    48.7,    41.7,    41.3,    53.3,    48.7,"(CONTRACTS OF CAD 100,000)",090741,CME ,090 ,F10,FutOnly
CANADIAN DOLLAR - CHICAGO MERCANTILE EXCHANGE,160802,2016-08-02,090741,CME ,00,090 ,  115825,    1928,   51036,     396,   51477,   10421,    1200,   21632,   19941,     807,    7241,    4999,     197,   84878,   88997,   30947,   26828,   -2254,     640,   -4441,     364,   -1344,    1763,       0,   -2464,    1656,       2,    -356,    1853,      -1,   -3159,    1196,     905,   -3450,  100.0,    1.7,   44.1,    0.3,   44.4,    9.0,    1.0,   18.7,   17.2,    0.7,    6.3,    4.3,    0.2,   73.3,   76.8,   26.7,   23.2,     81,.,      6,.,      9,      9,      4,     18,     21,      6,      9,      7,.,     45,     50,    42.0,    44.7,    52.9,    52.9,    41.4,    44.7,    52.3,    52.9,"(CONTRACTS OF CAD 100,000)",090741,CME ,090 ,F10,FutOnly
CANADIAN DOLLAR - CHICAGO MERCANTILE EXCHANGE,160726,2016-07-26,090741,CME ,00,090 ,  118079,    1288,   55477,      32,   52821,    8658,    1200,   24096,   18285,     805,    7597,    3146,     198,   88037,   87801,   30042,   30278,     476,     832,   -4038,      16,   -1078,     871,     289,    1539,   -1195,    -334,     449,     257,    -525,    1188,   -4659,    -712,    5135,  100.0,    1.1,   47.0,    0.0,   44.7,    7.3,    1.0,   20.4,   15.5,    0.7,    6.4,    2.7,    0.2,   74.6,   74.4,   25.4,   25.6,     81,.,      6,.,      9,      8,      4,     20,     22,      9,      9,      6,.,     50,     48,    41.9,    45.9,    52.4,    53.6,    41.3,    45.9,    51.8,    53.6,"(CONTRACTS OF CAD 100,000)",090741,CME ,090 ,F10,FutOnly
CANADIAN DOLLAR - CHICAGO MERCANTILE EXCHANGE,160719,2016-07-19,090741,CME ,00,090 ,  117603,     456,   59515,      16,   53899,    7787,     911,   22557,   19480,    1139,    7148,    2889,     723,   86849,   92460,   30754,   25143,    3373,     312,    5279,     -31,    3262,     169,    -263,     163,   -1468,    -777,    -679,    -657,     515,    2502,    2767,     871,     606,  100.0,    0.4,   50.6,    0.0,   45.8,    6.6,    0.8,   19.2,   16.6,    1.0,    6.1,    2.5,    0.6,   73.8,   78.6,   26.2,   21.4,     79,.,      7,.,     11,      8,.,     19,     19,      7,      8,      6,.,     47,     48,    42.0,    48.6,    52.2,    56.5,    41.4,    48.6,    51.6,    56.5,"(CONTRACTS OF CAD 100,000)",090741,CME ,090 ,F10,FutOnly
CANADIAN DOLLAR - CHICAGO MERCANTILE EXCHANGE,160712,2016-07-12,090741,CME ,00,090 ,  114230,     144,   54236,      47,   50637,    7618,    1174,   22394,   20948,    1916,    7827,    3546,     208,   84347,   89693,   29883,   24537,   -2264,     144,    3177,     -17,   -1705,    -617,     -32,     127,   -6112,     248,    -617,     216,     126,   -1726,   -3011,    -538,     747,  100.0,    0.1,   47.5,    0.0,   44.3,    6.7,    1.0,   19.6,   18.3,    1.7,    6.9,    3.1,    0.2,   73.8,   78.5,   26.2,   21.5,     83,.,      7,.,     11,      7,      4,     19,     22,     10,      9,      7,.,     52,     51,    40.6,    46.4,    51.2,    54.6,    40.0,    46.4,    50.6,    54.5,"(CONTRACTS OF CAD 100,000)",090741,CME ,090 ,F10,FutOnly
CANADIAN DOLLAR - CHICAGO MERCANTILE EXCHANGE,160705,2016-07-05,090741,CME ,00,090 ,  116494,       0,   51059,      64,   52342,    8235,    1206,   22267,   27060,    1668,    8444,    3330,      82,   86073,   92704,   30421,   23790,    2069,       0,    2548,     -79,    1772,   -1707,    -295,     980,    -777,    -892,    -836,     993,     -70,     580,    -279,    1489,    2348,  100.0,    0.0,   43.8,    0.1,   44.9,    7.1,    1.0,   19.1,   23.2,    1.4,    7.2,    2.9,    0.1,   73.9,   79.6,   26.1,   20.4,     77,      0,      9,.,     10,      9,      4,     13,     22,      7,      8,      6,.,     41,     51,    42.2,    42.9,    53.2,    53.4,    41.6,    42.9,    52.6,    53.4,"(CONTRACTS OF CAD 100,000)",090741,CME ,090 ,F10,FutOnly
CANADIAN DOLLAR - CHICAGO MERCANTILE EXCHANGE,160628,2016-06-28,090741,CME ,00,090 ,  114425,       0,   48511,     143,   50570,    9942,    1501,   21287,   27837,    2560,    9280,    2337,     152,   85493,   92983,   28932,   21442,   -3732,       0,    1330,     128,    2011,    -139,     437,   -3780,   -6146,     -97,     277,    -586,      32,    -992,   -5041,   -2740,    1309,  100.0,    0.0,   42.4,    0.1,   44.2,    8.7,    1.3,   18.6,   24.3,    2.2,    8.1,    2.0,    0.1,   74.7,   81.3,   25.3,   18.7,     81,      0,     10,.,     10,     10,      6,     14,     23,     11,      9,      5,.,     47,     56,    38.7,    43.0,    51.7,    51.7,    38.0,    43.0,    51.0,    51.2,"(CONTRACTS OF CAD 100,000)",090741,CME ,090 ,F10,FutOnly
CANADIAN DOLLAR - CHICAGO MERCANTILE EXCHANGE,160621,2016-06-21,090741,CME ,00,090 ,  118157,       0,   47181,      15,   48559,   10081,    1064,   25067,   33983,    2657,    9003,    2923,     120,   86485,   98024,   31672,   20133,  -59554,    -354,  -23964,  -32859,    4950,    1110,      -1,   -1487,   14060,  -16430,    -360,     612,    -836,  -47377,  -58308,  -12177,   -1246,  100.0,    0.0,   39.9,    0.0,   41.1,    8.5,    0.9,   21.2,   28.8,    2.2,    7.6,    2.5,    0.1,   73.2,   83.0,   26.8,   17.0,     83,      0,     10,.,     11,      9,      5,     16,     23,      9,      8,      6,.,     46,     55,    37.5,    44.9,    49.5,    54.4,    37.0,    44.9,    48.9,    54.2,"(CONTRACTS OF CAD 100,000)",090741,CME ,090 ,F10,FutOnly
CANADIAN DOLLAR - CHICAGO MERCANTILE EXCHANGE,160614,2016-06-14,090741,CME ,00,090 ,  177711,     354,   71145,   32874,   43609,    8971,    1065,   26554,   19923,   19087,    9363,    2311,     956,  133862,  156332,   43849,   21379,   42381,   -5411,    2924,   30965,   -6381,     679,     114,    7928,    6138,    4538,    -416,     584,      87,   31424,   46029,   10957,   -3648,  100.0,    0.2,   40.0,   18.5,   24.5,    5.0,    0.6,   14.9,   11.2,   10.7,    5.3,    1.3,    0.5,   75.3,   88.0,   24.7,   12.0,     89,.,     11,.,     12,      9,      6,     22,     22,     15,      7,      5,.,     57,     57,    36.9,    52.5,    48.3,    62.4,    20.6,    34.2,    28.1,    41.9,"(CONTRACTS OF CAD 100,000)",090741,CME ,090 ,F10,FutOnly
CANADIAN DOLLAR - CHICAGO MERCANTILE EXCHANGE,160607,2016-06-07,090741,CME ,00,090 ,  135330,    5765,   68221,    1909,   49990,    8292,     951,   18626,   13785,   14549,    9779,    1727,     869,  102438,  110303,   32892,   25027,    8812,    1859,   -3438,    1251,      94,    -603,     133,   -5009,    4276,   10311,      59,     570,     162,    8860,   12662,     -48,   -3850,  100.0,    4.3,   50.4,    1.4,   36.9,    6.1,    0.7,   13.8,   10.2,   10.8,    7.2,    1.3,    0.6,   75.7,   81.5,   24.3,   18.5,     84,.,      9,      4,     10,      9,      5,     21,     19,     16,      9,      4,.,     55,     56,    32.9,    44.0,    43.8,    54.4,    32.5,    44.0,    42.2,    52.5,"(CONTRACTS OF CAD 100,000)",090741,CME ,090 ,F10,FutOnly
CANADIAN DOLLAR - CHICAGO MERCANTILE EXCHANGE,160531,2016-05-31,090741,CME ,00,090 ,  126518,    3906,   71659,     658,   49896,    8895,     818,   23635,    9509,    4238,    9720,    1157,     707,   93578,   97641,   32940,   28877,    2729,     700,   -1312,     576,    -247,     686,      25,    1066,      -7,     448,    -156,     511,     443,    2855,    1370,    -126,    1359,  100.0,    3.1,   56.6,    0.5,   39.4,    7.0,    0.6,   18.7,    7.5,    3.3,    7.7,    0.9,    0.6,   74.0,   77.2,   26.0,   22.8,     78,.,     10,      4,      9,      8,.,     25,     11,     10,     10,.,.,     54,     44,    35.2,    49.5,    44.8,    58.9,    34.7,    49.5,    44.3,    58.8,"(CONTRACTS OF CAD 100,000)",090741,CME ,090 ,F10,FutOnly
CANADIAN DOLLAR - CHICAGO MERCANTILE EXCHANGE,160524,2016-05-24,090741,CME ,00,090 ,  123789,    3206,   72971,      82,   50143,    8209,     793,   22569,    9516,    3790,    9876,     646,     264,   90723,   96271,   33066,   27518,    -581,    1367,   -2528,      68,    6393,    2294,       0,   -5933,   -4163,      17,    -764,     187,     190,    1338,   -3935,   -1919,    3354,  100.0,    2.6,   58.9,    0.1,   40.5,    6.6,    0.6,   18.2,    7.7,    3.1,    8.0,    0.5,    0.2,   73.3,   77.8,   26.7,   22.2,     73,.,     10,.,     10,      8,.,     19,     13,      9,     10,.,      4,     48,     43,    36.9,    51.5,    47.8,    61.4,    36.4,    51.5,    47.4,    61.4,"(CONTRACTS OF CAD 100,000)",090741,CME ,090 ,F10,FutOnly
CANADIAN DOLLAR - CHICAGO MERCANTILE EXCHANGE,160517,2016-05-17,090741,CME ,00,090 ,  124370,    1839,   75499,      14,   43750,    5915,     793,   28502,   13679,    3773,   10640,     459,      74,   89385,  100206,   34985,   24164,    -395,     523,    2504,       0,     401,   -1713,    -124,   -3462,   -1320,     853,    -337,     459,    -117,   -2263,     542,    1868,    -937,  100.0,    1.5,   60.7,    0.0,   35.2,    4.8,    0.6,   22.9,   11.0,    3.0,    8.6,    0.4,    0.1,   71.9,   80.6,   28.1,   19.4,     74,.,      9,.,     10,      8,.,     19,     14,      8,     10,.,.,     46,     42,    36.5,    53.0,    45.9,    64.0,    36.0,    53.0,    45.4,    64.0,"(CONTRACTS OF CAD 100,000)",090741,CME ,090 ,F10,FutOnly
CANADIAN DOLLAR - CHICAGO MERCANTILE EXCHANGE,160510,2016-05-10,090741,CME ,00,090 ,  124765,    1316,   72995,      14,   43349,    7628,     917,   31964,   14999,    2920,   10977,       0,     191,   91648,   99664,   33117,   25101,     901,   -1505,    6201,      14,    2706,    1350,     -18,    1709,   -7973,     260,      54,    -400,     149,    3369,    -417,   -2468,    1318,  100.0,    1.1,   58.5,    0.0,   34.7,    6.1,    0.7,   25.6,   12.0,    2.3,    8.8,    0.0,    0.2,   73.5,   79.9,   26.5,   20.1,     79,.,      9,.,     11,      9,.,     20,     14,      7,     14,      0,      4,     52,     42,    37.3,    51.2,    46.6,    61.8,    36.8,    51.2,    46.2,    61.8,"(CONTRACTS OF CAD 100,000)",090741,CME ,090 ,F10,FutOnly
CANADIAN DOLLAR - CHICAGO MERCANTILE EXCHANGE,160503,2016-05-03,090741,CME ,00,090 ,  123864,    2821,   66794,       0,   40643,    6278,     935,   30255,   22972,    2660,   10923,     400,      42,   88279,  100081,   35585,   23783,    2784,    -169,    5046,       0,    -502,   -1595,      -3,    2979,   -2755,    -190,     271,       0,       1,    2387,     504,     397,    2280,  100.0,    2.3,   53.9,    0.0,   32.8,    5.1,    0.8,   24.4,   18.5,    2.1,    8.8,    0.3,    0.0,   71.3,   80.8,   28.7,   19.2,     84,.,     10,      0,     11,      7,      4,     24,     15,      8,     14,.,.,     55,     44,    35.5,    46.0,    45.5,    59.2,    35.1,    46.0,    45.0,    59.1,"(CONTRACTS OF CAD 100,000)",090741,CME ,090 ,F10,FutOnly
CANADIAN DOLLAR - CHICAGO MERCANTILE EXCHANGE,160426,2016-04-26,090741,CME ,00,090 ,  121080,    2990,   61748,       0,   41145,    7873,     938,   27276,   25727,    2850,   10652,     400,      41,   85892,   99577,   35188,   21503,    6882,    -457,    8002,     -13,      -1,    -871,     -39,    4244,     780,     459,    1197,       0,     -73,    5317,    8245,    1565,   -1363,  100.0,    2.5,   51.0,    0.0,   34.0,    6.5,    0.8,   22.5,   21.2,    2.4,    8.8,    0.3,    0.0,   70.9,   82.2,   29.1,   17.8,     85,.,     11,      0,     11,      6,      4,     21,     19,      6,     14,.,.,     53,     45,    35.6,    44.1,    45.2,    57.5,    35.1,    44.1,    44.7,    57.4,"(CONTRACTS OF CAD 100,000)",090741,CME ,090 ,F10,FutOnly
CANADIAN DOLLAR - CHICAGO MERCANTILE EXCHANGE,160419,2016-04-19,090741,CME ,00,090 ,  114198,    3447,   53746,      13,   41146,    8744,     977,   23032,   24947,    2391,    9455,     400,     114,   80575,   91332,   33623,   22866,    6443,     260,   11017,       6,    1108,   -1731,      -9,    1813,    -853,     224,    1712,    -500,      71,    5185,    8225,    1258,   -1782,  100.0,    3.0,   47.1,    0.0,   36.0,    7.7,    0.9,   20.2,   21.8,    2.1,    8.3,    0.4,    0.1,   70.6,   80.0,   29.4,   20.0,     77,.,     11,.,     10,      6,      4,     18,     16,      6,     13,.,      4,     48,     44,    36.7,    41.9,    47.0,    57.0,    36.2,    41.9,    46.4,    56.8,"(CONTRACTS OF CAD 100,000)",090741,CME ,090 ,F10,FutOnly
CANADIAN DOLLAR - CHICAGO MERCANTILE EXCHANGE,160412,2016-04-12,090741,CME ,00,090 ,  107755,    3187,   42729,       7,   40038,   10475,     986,   21219,   25800,    2167,    7743,     900,      43,   75390,   83107,   32365,   24648,    2420,    1334,    7480,      -3,    -499,   -5279,       0,      60,   -1191,    -947,    -723,     488,      34,    -744,     582,    3164,    1838,  100.0,    3.0,   39.7,    0.0,   37.2,    9.7,    0.9,   19.7,   23.9,    2.0,    7.2,    0.8,    0.0,   70.0,   77.1,   30.0,   22.9,     77,.,     11,.,     10,      7,      4,     19,     16,      5,     11,.,.,     46,     44,    37.6,    37.3,    47.5,    52.3,    37.0,    37.3,    46.9,    52.2,"(CONTRACTS OF CAD 100,000)",090741,CME ,090 ,F10,FutOnly
CANADIAN DOLLAR - CHICAGO MERCANTILE EXCHANGE,160405,2016-04-05,090741,CME ,00,090 ,  105335,    1853,   35249,      10,   40537,   15754,     986,   21159,   26991,    3114,    8466,     412,       9,   76134,   82525,   29201,   22810,    4236,    -387,    8882,     -47,     -30,    -494,     -21,    1435,   -3359,    1007,    -489,    -630,    -289,    1179,    5049,    3057,    -813,  100.0,    1.8,   33.5,    0.0,   38.5,   15.0,    0.9,   20.1,   25.6,    3.0,    8.0,    0.4,    0.0,   72.3,   78.3,   27.7,   21.7,     82,.,     11,.,     10,      8,      4,     14,     23,      8,     12,.,.,     47,     51,    38.1,    31.4,    49.2,    47.2,    37.5,    31.3,    48.6,    46.6,"(CONTRACTS OF CAD 100,000)",090741,CME ,090 ,F10,FutOnly
CANADIAN DOLLAR - CHICAGO MERCANTILE EXCHANGE,160329,2016-03-29,090741,CME ,00,090 ,  101099,    2240,   26367,      57,   40567,   16248,    1007,   19724,   30350,    2107,    8955,    1042,     298,   74955,   77476,   26144,   23623,    2102,    -450,    4919,       0,    -858,   -3411,       0,    5827,     853,     -37,     397,    -274,     238,    5117,    2288,   -3015,    -186,  100.0,    2.2,   26.1,    0.1,   40.1,   16.1,    1.0,   19.5,   30.0,    2.1,    8.9,    1.0,    0.3,   74.1,   76.6,   25.9,   23.4,     81,.,     10,.,      9,      8,      4,     14,     23,      7,     12,.,.,     44,     53,    39.7,    30.3,    50.5,    44.9,    39.0,    30.2,    49.8,    44.7,"(CONTRACTS OF CAD 100,000)",090741,CME ,090 ,F10,FutOnly
CANADIAN DOLLAR - CHICAGO MERCANTILE EXCHANGE,160322,2016-03-22,090741,CME ,00,090 ,   98997,    2690,   21448,      57,   41425,   19659,    1007,   13897,   29497,    2144,    8558,    1316,      60,   69838,   75188,   29159,   23809,  -70231,  -70619,  -46350,   -7347,    2466,   -3982,      12,    2125,   -6497,    -728,     886,   -2636,     -72,  -73277,  -67600,    3046,   -2631,  100.0,    2.7,   21.7,    0.1,   41.8,   19.9,    1.0,   14.0,   29.8,    2.2,    8.6,    1.3,    0.1,   70.5,   75.9,   29.5,   24.1,     76,.,     10,.,      8,      8,      4,     12,     22,      5,     11,.,      4,     40,     52,    39.3,    30.0,    48.7,    43.4,    38.6,    29.8,    48.0,    43.3,"(CONTRACTS OF CAD 100,000)",090741,CME ,090 ,F10,FutOnly
CANADIAN DOLLAR - CHICAGO MERCANTILE EXCHANGE,160315,2016-03-15,090741,CME ,00,090 ,  169228,   73309,   67798,    7404,   38959,   23641,     995,   11772,   35994,    2872,    7672,    3952,     132,  143115,  142788,   26113,   26440,   -5119,     678,   10554,    4018,    -611,    -881,       0,     912,   -7020,  -10148,     669,     107,     -36,   -4518,   -3406,    -601,   -1713,  100.0,   43.3,   40.1,    4.4,   23.0,   14.0,    0.6,    7.0,   21.3,    1.7,    4.5,    2.3,    0.1,   84.6,   84.4,   15.4,   15.6,     77,      6,      6,      8,      8,      9,      4,     13,     22,      9,      9,      4,.,     45,     55,    53.9,    45.7,    68.0,    58.7,    49.7,    45.7,    63.7,    57.3,"(CONTRACTS OF CAD 100,000)",090741,CME ,090 ,F10,FutOnly
CANADIAN DOLLAR - CHICAGO MERCANTILE EXCHANGE,160308,2016-03-08,090741,CME ,00,090 ,  174347,   72631,   57244,    3386,   39570,   24522,     995,   10860,   43014,   13020,    7003,    3845,     168,  147633,  146194,   26714,   28153,   15240,    1485,   11480,    2345,   -3551,   -4493,     -19,    4647,      85,    9068,   -2088,    -921,      -2,   11885,   17543,    3355,   -2303,  100.0,   41.7,   32.8,    1.9,   22.7,   14.1,    0.6,    6.2,   24.7,    7.5,    4.0,    2.2,    0.1,   84.7,   83.9,   15.3,   16.1,     83,      7,      6,      5,      9,      8,      4,     13,     26,     11,      8,      4,.,     46,     60,    49.2,    38.6,    62.7,    50.3,    48.1,    38.6,    61.1,    49.9,"(CONTRACTS OF CAD 100,000)",090741,CME ,090 ,F10,FutOnly
CANADIAN DOLLAR - CHICAGO MERCANTILE EXCHANGE,160301,2016-03-01,090741,CME ,00,090 ,  159107,   71146,   45764,    1041,   43121,   29015,    1014,    6213,   42929,    3952,    9091,    4766,     170,  135748,  128651,   23359,   30456,    1186,      35,    7690,     -81,    4409,    1308,      -1,   -2348,   -8905,      35,    -861,     606,      18,    1206,     670,     -20,     516,  100.0,   44.7,   28.8,    0.7,   27.1,   18.2,    0.6,    3.9,   27.0,    2.5,    5.7,    3.0,    0.1,   85.3,   80.9,   14.7,   19.1,     83,      6,      6,.,      8,      9,      4,     11,     27,     10,     10,      6,.,     43,     60,    55.0,    38.8,    67.4,    52.2,    54.0,    38.7,    66.3,    52.1,"(CONTRACTS OF CAD 100,000)",090741,CME ,090 ,F10,FutOnly
CANADIAN DOLLAR - CHICAGO MERCANTILE EXCHANGE,160223,2016-02-23,090741,CME ,00,090 ,  157921,   71111,   38074,    1122,   38712,   27707,    1015,    8561,   51834,    3917,    9952,    4160,     152,  134542,  127981,   23379,   29940,    -687,   -1023,    6554,       2,    -966,   -5233,     -64,    1419,   -1288,     -65,      60,     198,     -22,    -659,      82,     -28,    -769,  100.0,   45.0,   24.1,    0.7,   24.5,   17.5,    0.6,    5.4,   32.8,    2.5,    6.3,    2.6,    0.1,   85.2,   81.0,   14.8,   19.0,     83,      6,      6,      5,      8,      8,      4,     11,     29,      9,     10,      5,      4,     43,     62,    54.3,    38.0,    66.6,    52.4,    53.3,    38.0,    65.5,    52.4,"(CONTRACTS OF CAD 100,000)",090741,CME ,090 ,F10,FutOnly
CANADIAN DOLLAR - CHICAGO MERCANTILE EXCHANGE,160216,2016-02-16,090741,CME ,00,090 ,  158608,   72134,   31520,    1120,   39678,   32940,    1079,    7142,   53122,    3982,    9892,    3962,     174,  135201,  127899,   23407,   30709,    1458,    -666,    8187,    -424,     417,   -2134,      52,      20,   -3744,     388,    1766,    -371,      38,    1591,    1992,    -133,    -534,  100.0,   45.5,   19.9,    0.7,   25.0,   20.8,    0.7,    4.5,   33.5,    2.5,    6.2,    2.5,    0.1,   85.2,   80.6,   14.8,   19.4,     83,      7,      5,      5,      8,     11,      4,      9,     29,      8,     10,      4,      4,     43,     61,    55.6,    40.6,    67.7,    55.3,    54.5,    40.6,    66.6,    55.2,"(CONTRACTS OF CAD 100,000)",090741,CME ,090 ,F10,FutOnly
CANADIAN DOLLAR - CHICAGO MERCANTILE EXCHANGE,160209,2016-02-09,090741,CME ,00,090 ,  157150,   72800,   23333,    1544,   39261,   35074,    1027,    7122,   56866,    3594,    8126,    4333,     136,  133610,  125907,   23540,   31243,    -212,    -364,   13728,     -14,    -532,   -4751,     -47,    -240,     -50,     275,    -680,    -446,     114,   -1488,    8809,    1276,   -9021,  100.0,   46.3,   14.8,    1.0,   25.0,   22.3,    0.7,    4.5,   36.2,    2.3,    5.2,    2.8,    0.1,   85.0,   80.1,   15.0,   19.9,     82,      8,      4,      6,      6,     12,.,     14,     26,      8,      8,      4,      4,     44,     59,    56.3,    41.9,    68.1,    55.9,    55.2,    41.9,    66.9,    55.8,"(CONTRACTS OF CAD 100,000)",090741,CME ,090 ,F10,FutOnly
CANADIAN DOLLAR - CHICAGO MERCANTILE EXCHANGE,160202,2016-02-02,090741,CME ,00,090 ,  157362,   73164,    9605,    1558,   39793,   39825,    1074,    7362,   56916,    3319,    8806,    4779,      22,  135098,  117098,   22264,   40264,   -7878,   -5024,    5978,     -61,    3010,   -3404,      73,   -3163,  -13646,     310,    -406,    1867,      13,   -5248,   -8870,   -2630,     992,  100.0,   46.5,    6.1,    1.0,   25.3,   25.3,    0.7,    4.7,   36.2,    2.1,    5.6,    3.0,    0.0,   85.9,   74.4,   14.1,   25.6,     89,     11,.,      5,      7,     11,      4,     11,     32,      8,      9,      5,.,     43,     65,    55.8,    40.6,    65.5,    50.4,    54.8,    40.5,    64.3,    50.1,"(CONTRACTS OF CAD 100,000)",090741,CME ,090 ,F10,FutOnly
CANADIAN DOLLAR - CHICAGO MERCANTILE EXCHANGE,160126,2016-01-26,090741,CME ,00,090 ,  165240,   78188,    3627,    1619,   36783,   43229,    1001,   10525,   70562,    3009,    9212,    2912,       9,  140346,  125968,   24894,   39272,    -104,    -563,    2059,     248,    1192,   -6521,     149,    -597,    7356,     118,    -162,   -1307,       0,     385,    2102,    -489,   -2206,  100.0,   47.3,    2.2,    1.0,   22.3,   26.2,    0.6,    6.4,   42.7,    1.8,    5.6,    1.8,    0.0,   84.9,   76.2,   15.1,   23.8,     89,      9,      4,      5,      7,     10,      4,     12,     34,      9,     10,.,.,     45,     64,    52.1,    42.0,    63.5,    51.4,    51.1,    41.9,    62.3,    51.3,"(CONTRACTS OF CAD 100,000)",090741,CME ,090 ,F10,FutOnly
CANADIAN DOLLAR - CHICAGO MERCANTILE EXCHANGE,160119,2016-01-19,090741,CME ,00,090 ,  165344,   78751,    1568,    1371,   35591,   49750,     852,   11122,   63206,    2891,    9374,    4219,       9,  139961,  123866,   25383,   41478,    -929,     382,    -504,      56,    1284,    1883,       0,   -2891,    -453,     289,   -1924,    -675,     -45,   -2849,     551,    1920,   -1480,  100.0,   47.6,    0.9,    0.8,   21.5,   30.1,    0.5,    6.7,   38.2,    1.7,    5.7,    2.6,    0.0,   84.6,   74.9,   15.4,   25.1,     90,     10,.,      5,      6,     12,.,     14,     31,      9,     10,      4,.,     45,     63,    53.4,    43.9,    64.4,    51.0,    52.3,    43.8,    63.2,    50.9,"(CONTRACTS OF CAD 100,000)",090741,CME ,090 ,F10,FutOnly
CANADIAN DOLLAR - CHICAGO MERCANTILE EXCHANGE,160112,2016-01-12,090741,CME ,00,090 ,  166273,   78369,    2072,    1315,   34307,   47867,     852,   14013,   63659,    2602,   11298,    4894,      54,  142810,  123315,   23463,   42958,    -337,   -1883,     841,     841,    1808,   -3896,      -6,   -1100,    1175,     758,    -647,     168,     -44,    -273,    -163,     -64,    -174,  100.0,   47.1,    1.2,    0.8,   20.6,   28.8,    0.5,    8.4,   38.3,    1.6,    6.8,    2.9,    0.0,   85.9,   74.2,   14.1,   25.8,    102,     11,.,      5,      7,     13,.,     17,     36,      7,     11,      5,.,     48,     71,    52.6,    39.9,    63.2,    46.6,    51.5,    39.8,    62.1,    46.5,"(CONTRACTS OF CAD 100,000)",090741,CME ,090 ,F10,FutOnly
CANADIAN DOLLAR - CHICAGO MERCANTILE EXCHANGE,160105,2016-01-05,090741,CME ,00,090 ,  166610,   80252,    1231,     474,   32499,   51763,     858,   15113,   62484,    1844,   11945,    4726,      98,  143083,  123478,   23527,   43132,   -5527,   -1600,    -692,     233,     571,   -6937,      25,   -6967,    1024,    1011,      29,   -1081,     -10,   -6708,   -6427,    1181,     900,  100.0,   48.2,    0.7,    0.3,   19.5,   31.1,    0.5,    9.1,   37.5,    1.1,    7.2,    2.8,    0.1,   85.9,   74.1,   14.1,   25.9,     97,      9,      4,      5,      6,     13,.,     17,     31,      5,     12,      5,.,     46,     66,    52.5,    41.6,    62.6,    49.3,    51.9,    41.5,    61.9,    49.2,"(CONTRACTS OF CAD 100,000)",090741,CME ,090 ,F10,FutOnly
SWISS FRANC - CHICAGO MERCANTILE EXCHANGE,161227,2016-12-27,092741,CME ,00,092 ,   54605,   35936,    1105,       0,    1735,    4477,       0,   10996,   23911,     294,       0,       0,       0,   48961,   29787,    5644,   24818,    -580,   23710,       0,       0,       0,    -196,       0,  -24538,   -1333,     -48,       0,       0,       0,    -876,   -1577,     296,     997,  100.0,   65.8,    2.0,    0.0,    3.2,    8.2,    0.0,   20.1,   43.8,    0.5,    0.0,    0.0,    0.0,   89.7,   54.5,   10.3,   45.5,     44,      7,.,      0,.,      4,      0,     12,     17,      7,      0,      0,      0,     25,     26,    56.4,    26.6,    70.8,    38.9,    56.4,    26.6,    70.6,    38.8,"(CONTRACTS OF CHF 125,000)",092741,CME ,092 ,F10,FutOnly
SWISS FRANC - CHICAGO MERCANTILE EXCHANGE,161220,2016-12-20,092741,CME ,00,092 ,   55185,   12226,    1105,       0,    1735,    4673,       0,   35534,   25244,     342,       0,       0,       0,   49837,   31364,    5348,   23821,   -9448,  -31413,     318,    -565,     236,     735,       0,   28631,   -4651,   -5064,    -471,       0,       0,   -8646,   -9227,    -802,    -221,  100.0,   22.2,    2.0,    0.0,    3.1,    8.5,    0.0,   64.4,   45.7,    0.6,    0.0,    0.0,    0.0,   90.3,   56.8,    9.7,   43.2,     48,      5,.,      0,.,      5,      0,     15,     19,      6,      0,      0,      0,     25,     29,    56.4,    26.3,    69.7,    38.1,    56.4,    26.3,    69.6,    38.1,"(CONTRACTS OF CHF 125,000)",092741,CME ,092 ,F10,FutOnly
SWISS FRANC - CHICAGO MERCANTILE EXCHANGE,161213,2016-12-13,092741,CME ,00,092 ,   64633,   43639,     787,     565,    1499,    3938,       0,    6903,   29895,    5406,     471,       0,       0,   58483,   40591,    6150,   24042,    -822,   -1005,     450,      19,    -107,     293,       0,   -3145,   -4276,    4269,      25,       0,       0,      56,     755,    -878,   -1577,  100.0,   67.5,    1.2,    0.9,    2.3,    6.1,    0.0,   10.7,   46.3,    8.4,    0.7,    0.0,    0.0,   90.5,   62.8,    9.5,   37.2,     46,      7,.,      4,.,      4,      0,      8,     21,     11,.,      0,      0,     26,     35,    63.4,    25.6,    75.3,    39.0,    62.7,    24.3,    71.4,    36.1,"(CONTRACTS OF CHF 125,000)",092741,CME ,092 ,F10,FutOnly
SWISS FRANC - CHICAGO MERCANTILE EXCHANGE,161206,2016-12-06,092741,CME ,00,092 ,   65455,   44644,     337,     546,    1606,    3645,       0,   10048,   34171,    1137,     446,       0,       0,   58427,   39836,    7028,   25619,   -1607,   -1939,     337,     531,       0,     -19,       0,   -2063,   -2883,     765,      31,       0,       0,   -2675,   -1269,    1068,    -338,  100.0,   68.2,    0.5,    0.8,    2.5,    5.6,    0.0,   15.4,   52.2,    1.7,    0.7,    0.0,    0.0,   89.3,   60.9,   10.7,   39.1,     46,      9,.,      4,.,.,      0,     11,     19,     10,.,      0,      0,     26,     34,    59.8,    30.1,    70.7,    41.8,    59.8,    30.1,    70.1,    41.8,"(CONTRACTS OF CHF 125,000)",092741,CME ,092 ,F10,FutOnly
SWISS FRANC - CHICAGO MERCANTILE EXCHANGE,161129,2016-11-29,092741,CME ,00,092 ,   67062,   46583,       0,      15,    1606,    3664,       0,   12111,   37054,     372,     415,       0,       0,   61102,   41105,    5960,   25957,    6871,    4363,       0,      -1,       0,     401,       0,    1858,    4819,      -1,     -11,       0,       0,    6208,    5218,     663,    1653,  100.0,   69.5,    0.0,    0.0,    2.4,    5.5,    0.0,   18.1,   55.3,    0.6,    0.6,    0.0,    0.0,   91.1,   61.3,    8.9,   38.7,     49,      9,      0,.,.,.,      0,     15,     20,      6,.,      0,      0,     28,     29,    58.5,    34.0,    71.1,    47.0,    58.5,    34.0,    70.9,    47.0,"(CONTRACTS OF CHF 125,000)",092741,CME ,092 ,F10,FutOnly
SWISS FRANC - CHICAGO MERCANTILE EXCHANGE,161122,2016-11-22,092741,CME ,00,092 ,   60191,   42220,       0,      16,    1606,    3263,       0,   10253,   32235,     373,     426,       0,       0,   54894,   35887,    5297,   24304,    5658,    6101,   -1398,      15,       0,    1784,       0,    1875,    2879,    -103,     -31,       0,       0,    7857,    3177,   -2199,    2481,  100.0,   70.1,    0.0,    0.0,    2.7,    5.4,    0.0,   17.0,   53.6,    0.6,    0.7,    0.0,    0.0,   91.2,   59.6,    8.8,   40.4,     45,      9,      0,.,.,.,      0,     13,     18,      6,.,      0,      0,     26,     27,    62.7,    34.1,    72.9,    46.8,    62.7,    34.1,    72.7,    46.8,"(CONTRACTS OF CHF 125,000)",092741,CME ,092 ,F10,FutOnly
SWISS FRANC - CHICAGO MERCANTILE EXCHANGE,161115,2016-11-15,092741,CME ,00,092 ,   54533,   36119,    1398,       1,    1606,    1479,       0,    8378,   29356,     476,     457,       0,       0,   47037,   32710,    7496,   21823,     901,    1764,   -1906,       1,    -421,     594,       0,     280,   -1323,      46,     457,       0,       0,    2127,   -2588,   -1226,    3489,  100.0,   66.2,    2.6,    0.0,    2.9,    2.7,    0.0,   15.4,   53.8,    0.9,    0.8,    0.0,    0.0,   86.3,   60.0,   13.7,   40.0,     43,      7,.,.,.,.,      0,     11,     19,      6,.,      0,      0,     22,     28,    61.2,    36.2,    72.3,    45.2,    61.2,    36.2,    72.1,    45.2,"(CONTRACTS OF CHF 125,000)",092741,CME ,092 ,F10,FutOnly
SWISS FRANC - CHICAGO MERCANTILE EXCHANGE,161108,2016-11-08,092741,CME ,00,092 ,   53632,   34355,    3304,       0,    2027,     885,       0,    8098,   30679,     430,       0,       0,       0,   44910,   35298,    8722,   18334,   -6066,   -6890,    2833,       0,      92,    -165,    -109,   -2479,   -3970,     111,       0,       0,       0,   -9275,   -1300,    3209,   -4766,  100.0,   64.1,    6.2,    0.0,    3.8,    1.7,    0.0,   15.1,   57.2,    0.8,    0.0,    0.0,    0.0,   83.7,   65.8,   16.3,   34.2,     45,      7,.,      0,.,.,      0,      9,     21,      8,      0,      0,      0,     23,     30,    59.0,    38.1,    70.3,    49.0,    59.0,    38.1,    70.2,    49.0,"(CONTRACTS OF CHF 125,000)",092741,CME ,092 ,F10,FutOnly
SWISS FRANC - CHICAGO MERCANTILE EXCHANGE,161101,2016-11-01,092741,CME ,00,092 ,   59698,   41245,     471,       0,    1935,    1050,     109,   10577,   34649,     319,       0,       0,       0,   54185,   36598,    5513,   23100,   -7513,   -4335,       5,       0,     458,   -1550,       0,   -3576,   -3185,      21,       0,       0,       0,   -7432,   -4709,     -81,   -2804,  100.0,   69.1,    0.8,    0.0,    3.2,    1.8,    0.2,   17.7,   58.0,    0.5,    0.0,    0.0,    0.0,   90.8,   61.3,    9.2,   38.7,     45,      8,.,      0,.,.,.,     12,     19,      7,      0,      0,      0,     24,     29,    59.3,    41.1,    73.2,    48.4,    59.3,    41.1,    73.0,    48.4,"(CONTRACTS OF CHF 125,000)",092741,CME ,092 ,F10,FutOnly
SWISS FRANC - CHICAGO MERCANTILE EXCHANGE,161025,2016-10-25,092741,CME ,00,092 ,   67211,   45580,     466,       0,    1477,    2600,     109,   14153,   37834,     298,       0,       0,       0,   61617,   41307,    5594,   25904,    3985,    5683,      24,      -1,       0,     -86,       0,     216,    2964,    -848,       0,       0,       0,    5050,    2053,   -1065,    1932,  100.0,   67.8,    0.7,    0.0,    2.2,    3.9,    0.2,   21.1,   56.3,    0.4,    0.0,    0.0,    0.0,   91.7,   61.5,    8.3,   38.5,     50,     10,.,      0,.,      4,.,     13,     20,      6,      0,      0,      0,     27,     30,    57.6,    35.2,    72.9,    45.3,    57.6,    35.2,    72.8,    45.3,"(CONTRACTS OF CHF 125,000)",092741,CME ,092 ,F10,FutOnly
SWISS FRANC - CHICAGO MERCANTILE EXCHANGE,161018,2016-10-18,092741,CME ,00,092 ,   63226,   39897,     442,       1,    1477,    2686,     109,   13937,   34870,    1146,       0,       0,       0,   56567,   39254,    6659,   23972,    7479,    6467,     442,       0,      -6,     -20,       0,     -95,    5321,     850,       0,       0,       0,    7216,    6593,     263,     886,  100.0,   63.1,    0.7,    0.0,    2.3,    4.2,    0.2,   22.0,   55.2,    1.8,    0.0,    0.0,    0.0,   89.5,   62.1,   10.5,   37.9,     47,      8,.,.,.,      4,.,     11,     21,      7,      0,      0,      0,     24,     32,    54.2,    34.2,    69.4,    43.9,    54.2,    34.2,    69.3,    42.7,"(CONTRACTS OF CHF 125,000)",092741,CME ,092 ,F10,FutOnly
SWISS FRANC - CHICAGO MERCANTILE EXCHANGE,161011,2016-10-11,092741,CME ,00,092 ,   55747,   33430,       0,       1,    1483,    2706,     109,   14032,   29549,     296,       0,       0,       0,   49351,   32661,    6396,   23086,    9417,   10902,   -1542,       1,     -38,    1418,      38,   -1538,    8218,      -4,       0,       0,       0,    9361,    8129,      56,    1288,  100.0,   60.0,    0.0,    0.0,    2.7,    4.9,    0.2,   25.2,   53.0,    0.5,    0.0,    0.0,    0.0,   88.5,   58.6,   11.5,   41.4,     43,      8,      0,.,.,      4,.,     10,     19,      5,      0,      0,      0,     21,     29,    53.3,    31.3,    69.3,    41.5,    53.3,    31.3,    69.3,    41.5,"(CONTRACTS OF CHF 125,000)",092741,CME ,092 ,F10,FutOnly
SWISS FRANC - CHICAGO MERCANTILE EXCHANGE,161004,2016-10-04,092741,CME ,00,092 ,   46330,   22528,    1542,       0,    1521,    1288,      71,   15570,   21331,     300,       0,       0,       0,   39990,   24532,    6340,   21798,    7361,    1053,     946,       0,    -768,       0,       0,    7770,    1299,    -256,       0,       0,       0,    7799,    1989,    -438,    5372,  100.0,   48.6,    3.3,    0.0,    3.3,    2.8,    0.2,   33.6,   46.0,    0.6,    0.0,    0.0,    0.0,   86.3,   53.0,   13.7,   47.0,     39,      7,.,      0,.,.,.,     12,     15,      5,      0,      0,      0,     22,     23,    47.0,    26.2,    65.2,    36.8,    47.0,    26.2,    65.0,    36.8,"(CONTRACTS OF CHF 125,000)",092741,CME ,092 ,F10,FutOnly
SWISS FRANC - CHICAGO MERCANTILE EXCHANGE,160927,2016-09-27,092741,CME ,00,092 ,   38969,   21475,     596,       0,    2289,    1288,      71,    7800,   20032,     556,       0,       0,       0,   32191,   22543,    6778,   16426,   -1869,   11343,    -178,       0,     778,    -451,       0,  -15506,     388,     136,       0,       0,       0,   -3249,    -105,    1380,   -1764,  100.0,   55.1,    1.5,    0.0,    5.9,    3.3,    0.2,   20.0,   51.4,    1.4,    0.0,    0.0,    0.0,   82.6,   57.8,   17.4,   42.2,     35,      6,.,      0,.,.,.,     10,     13,      7,      0,      0,      0,     21,     22,    51.4,    35.9,    66.3,    45.3,    51.4,    35.9,    66.0,    45.3,"(CONTRACTS OF CHF 125,000)",092741,CME ,092 ,F10,FutOnly
SWISS FRANC - CHICAGO MERCANTILE EXCHANGE,160920,2016-09-20,092741,CME ,00,092 ,   40838,   10132,     774,       0,    1511,    1739,      71,   23306,   19644,     420,       0,       0,       0,   35440,   22648,    5398,   18190,   -3910,  -13113,    -875,    -723,     -13,     500,       0,   13795,     -36,   -2300,       0,       0,       0,   -2354,   -3434,   -1556,    -476,  100.0,   24.8,    1.9,    0.0,    3.7,    4.3,    0.2,   57.1,   48.1,    1.0,    0.0,    0.0,    0.0,   86.8,   55.5,   13.2,   44.5,     36,      4,.,      0,.,.,.,     13,     13,      6,      0,      0,      0,     20,     23,    54.1,    34.2,    68.0,    42.3,    54.1,    34.2,    67.8,    42.3,"(CONTRACTS OF CHF 125,000)",092741,CME ,092 ,F10,FutOnly
SWISS FRANC - CHICAGO MERCANTILE EXCHANGE,160913,2016-09-13,092741,CME ,00,092 ,   44748,   23245,    1649,     723,    1524,    1239,      71,    9511,   19680,    2720,       0,       0,       0,   37794,   26082,    6954,   18666,   -1047,    -629,    -941,     349,       0,    -542,       0,   -1795,   -2423,    2004,       0,       0,       0,     -71,   -1553,    -976,     506,  100.0,   51.9,    3.7,    1.6,    3.4,    2.8,    0.2,   21.3,   44.0,    6.1,    0.0,    0.0,    0.0,   84.5,   58.3,   15.5,   41.7,     36,      5,.,.,.,.,.,      9,     14,     10,      0,      0,      0,     23,     27,    53.8,    30.9,    69.0,    39.5,    53.8,    29.8,    67.1,    37.8,"(CONTRACTS OF CHF 125,000)",092741,CME ,092 ,F10,FutOnly
SWISS FRANC - CHICAGO MERCANTILE EXCHANGE,160906,2016-09-06,092741,CME ,00,092 ,   45795,   23874,    2590,     374,    1524,    1781,      71,   11306,   22103,     716,       0,       0,       0,   37865,   27635,    7930,   18160,    3501,    4101,    -662,      30,      -4,     -67,       0,   -1839,    5687,     217,       0,       0,       0,    2505,    5205,     996,   -1704,  100.0,   52.1,    5.7,    0.8,    3.3,    3.9,    0.2,   24.7,   48.3,    1.6,    0.0,    0.0,    0.0,   82.7,   60.3,   17.3,   39.7,     41,      4,      4,.,.,.,.,     11,     17,     10,      0,      0,      0,     24,     31,    54.7,    32.5,    69.1,    40.9,    54.7,    32.4,    68.9,    40.7,"(CONTRACTS OF CHF 125,000)",092741,CME ,092 ,F10,FutOnly
SWISS FRANC - CHICAGO MERCANTILE EXCHANGE,160830,2016-08-30,092741,CME ,00,092 ,   42294,   19773,    3252,     344,    1528,    1848,      71,   13145,   16416,     499,       0,       0,       0,   35360,   22430,    6934,   19864,    2740,    3226,    -590,       0,    -732,     603,     -36,    4143,   -3370,      24,       0,       0,       0,    6625,   -3369,   -3885,    6109,  100.0,   46.8,    7.7,    0.8,    3.6,    4.4,    0.2,   31.1,   38.8,    1.2,    0.0,    0.0,    0.0,   83.6,   53.0,   16.4,   47.0,     39,      4,      4,.,.,.,.,     14,     12,      7,      0,      0,      0,     23,     26,    53.3,    29.4,    66.3,    37.6,    53.2,    29.4,    65.8,    37.1,"(CONTRACTS OF CHF 125,000)",092741,CME ,092 ,F10,FutOnly
SWISS FRANC - CHICAGO MERCANTILE EXCHANGE,160823,2016-08-23,092741,CME ,00,092 ,   39554,   16547,    3842,     344,    2260,    1245,     107,    9002,   19786,     475,       0,       0,       0,   28735,   25799,   10819,   13755,   -3232,   -6278,    1721,       1,    -157,      87,     -20,    1580,   -2627,    -515,       0,       0,       0,   -5389,   -1353,    2157,   -1879,  100.0,   41.8,    9.7,    0.9,    5.7,    3.1,    0.3,   22.8,   50.0,    1.2,    0.0,    0.0,    0.0,   72.6,   65.2,   27.4,   34.8,     38,.,      5,.,.,.,.,     10,     15,      6,      0,      0,      0,     19,     28,    50.2,    34.0,    60.2,    44.3,    49.9,    34.0,    59.7,    43.8,"(CONTRACTS OF CHF 125,000)",092741,CME ,092 ,F10,FutOnly
SWISS FRANC - CHICAGO MERCANTILE EXCHANGE,160816,2016-08-16,092741,CME ,00,092 ,   42786,   22825,    2121,     343,    2417,    1158,     127,    7422,   22413,     990,       0,       0,       0,   34124,   27152,    8662,   15634,    -619,   -1429,     627,      -3,     513,    -951,       0,   -1297,    2191,      67,       0,       0,       0,   -2149,    1931,    1530,   -2550,  100.0,   53.3,    5.0,    0.8,    5.6,    2.7,    0.3,   17.3,   52.4,    2.3,    0.0,    0.0,    0.0,   79.8,   63.5,   20.2,   36.5,     36,      4,.,.,      4,.,.,      8,     15,      8,      0,      0,      0,     20,     26,    55.9,    36.2,    67.9,    46.5,    55.8,    36.2,    67.4,    46.4,"(CONTRACTS OF CHF 125,000)",092741,CME ,092 ,F10,FutOnly
SWISS FRANC - CHICAGO MERCANTILE EXCHANGE,160809,2016-08-09,092741,CME ,00,092 ,   43405,   24254,    1494,     346,    1904,    2109,     127,    8719,   20222,     923,       0,       0,       0,   36273,   25221,    7132,   18184,   -1448,   -1095,     115,      89,      25,     963,       0,     -78,   -4375,      -7,       0,       0,       0,   -1066,   -3215,    -382,    1767,  100.0,   55.9,    3.4,    0.8,    4.4,    4.9,    0.3,   20.1,   46.6,    2.1,    0.0,    0.0,    0.0,   83.6,   58.1,   16.4,   41.9,     35,      4,.,.,.,      4,.,     10,     11,      7,      0,      0,      0,     19,     26,    58.2,    36.4,    70.2,    44.4,    58.2,    36.4,    69.6,    44.4,"(CONTRACTS OF CHF 125,000)",092741,CME ,092 ,F10,FutOnly
SWISS FRANC - CHICAGO MERCANTILE EXCHANGE,160802,2016-08-02,092741,CME ,00,092 ,   44853,   25349,    1379,     257,    1879,    1146,     127,    8797,   24597,     930,       0,       0,       0,   37339,   28436,    7514,   16417,   -6654,   -2316,      49,       0,       6,   -1072,       0,   -5401,   -1168,     248,    -411,       0,       0,   -7874,   -1943,    1220,   -4711,  100.0,   56.5,    3.1,    0.6,    4.2,    2.6,    0.3,   19.6,   54.8,    2.1,    0.0,    0.0,    0.0,   83.2,   63.4,   16.8,   36.6,     37,      5,.,.,.,.,.,     10,     14,      8,      0,      0,      0,     21,     26,    57.6,    39.5,    69.2,    47.8,    57.5,    39.5,    68.4,    47.7,"(CONTRACTS OF CHF 125,000)",092741,CME ,092 ,F10,FutOnly
SWISS FRANC - CHICAGO MERCANTILE EXCHANGE,160726,2016-07-26,092741,CME ,00,092 ,   51507,   27665,    1330,     257,    1873,    2218,     127,   14198,   25765,     682,     411,       0,       0,   45213,   30379,    6294,   21128,    9741,    5674,     -85,      -1,      30,       8,       0,    3605,    7381,      14,     411,       0,       0,    9733,    7317,       8,    2424,  100.0,   53.7,    2.6,    0.5,    3.6,    4.3,    0.2,   27.6,   50.0,    1.3,    0.8,    0.0,    0.0,   87.8,   59.0,   12.2,   41.0,     43,      5,.,.,.,.,.,     14,     14,      8,.,      0,      0,     25,     28,    54.8,    37.3,    67.8,    45.0,    54.8,    37.3,    67.5,    45.0,"(CONTRACTS OF CHF 125,000)",092741,CME ,092 ,F10,FutOnly
SWISS FRANC - CHICAGO MERCANTILE EXCHANGE,160719,2016-07-19,092741,CME ,00,092 ,   41766,   21991,    1415,     258,    1843,    2210,     127,   10593,   18384,     668,       0,       0,       0,   35480,   23062,    6286,   18704,    2756,    2442,    -195,       1,    -143,     251,       0,      59,    1632,      29,       0,       0,       0,    2388,    1718,     368,    1038,  100.0,   52.7,    3.4,    0.6,    4.4,    5.3,    0.3,   25.4,   44.0,    1.6,    0.0,    0.0,    0.0,   84.9,   55.2,   15.1,   44.8,     37,      5,.,.,.,.,.,     13,     10,      7,      0,      0,      0,     22,     25,    56.0,    35.4,    66.8,    43.3,    55.7,    35.4,    66.3,    43.3,"(CONTRACTS OF CHF 125,000)",092741,CME ,092 ,F10,FutOnly
SWISS FRANC - CHICAGO MERCANTILE EXCHANGE,160712,2016-07-12,092741,CME ,00,092 ,   39010,   19549,    1610,     257,    1986,    1959,     127,   10534,   16752,     639,       0,       0,       0,   33092,   21344,    5918,   17666,    4214,    3604,   -1149,     252,      46,     265,       0,     297,    2389,      -3,       0,       0,       0,    4196,    1754,      18,    2460,  100.0,   50.1,    4.1,    0.7,    5.1,    5.0,    0.3,   27.0,   42.9,    1.6,    0.0,    0.0,    0.0,   84.8,   54.7,   15.2,   45.3,     39,      5,.,.,.,.,.,     14,     11,      6,      0,      0,      0,     23,     24,    55.0,    32.7,    66.3,    40.3,    54.8,    32.7,    65.7,    40.3,"(CONTRACTS OF CHF 125,000)",092741,CME ,092 ,F10,FutOnly
SWISS FRANC - CHICAGO MERCANTILE EXCHANGE,160705,2016-07-05,092741,CME ,00,092 ,   34796,   15945,    2759,       5,    1940,    1694,     127,   10237,   14363,     642,       0,       0,       0,   28896,   19590,    5900,   15206,    -711,    -224,   -2388,       1,      56,      -1,      10,    -297,    1844,       1,       0,       0,       0,    -453,    -533,    -258,    -178,  100.0,   45.8,    7.9,    0.0,    5.6,    4.9,    0.4,   29.4,   41.3,    1.8,    0.0,    0.0,    0.0,   83.0,   56.3,   17.0,   43.7,     37,.,      4,.,.,.,.,     12,     13,      4,      0,      0,      0,     18,     26,    57.7,    29.8,    69.7,    38.7,    57.3,    29.8,    68.9,    38.7,"(CONTRACTS OF CHF 125,000)",092741,CME ,092 ,F10,FutOnly
SWISS FRANC - CHICAGO MERCANTILE EXCHANGE,160628,2016-06-28,092741,CME ,00,092 ,   35507,   16169,    5147,       4,    1884,    1695,     117,   10534,   12519,     641,       0,       0,       0,   29349,   20123,    6158,   15384,   -3028,     157,    2563,      -1,    -403,     427,       0,    -669,   -5967,      -7,       0,       0,       0,    -923,   -2985,   -2105,     -43,  100.0,   45.5,   14.5,    0.0,    5.3,    4.8,    0.3,   29.7,   35.3,    1.8,    0.0,    0.0,    0.0,   82.7,   56.7,   17.3,   43.3,     35,.,      5,.,.,.,.,     12,     10,      5,      0,      0,      0,     20,     22,    57.2,    31.7,    68.9,    42.4,    56.8,    31.7,    68.1,    42.3,"(CONTRACTS OF CHF 125,000)",092741,CME ,092 ,F10,FutOnly
SWISS FRANC - CHICAGO MERCANTILE EXCHANGE,160621,2016-06-21,092741,CME ,00,092 ,   38535,   16012,    2584,       5,    2287,    1268,     117,   11203,   18486,     648,       0,       0,       0,   30272,   23108,    8263,   15427,   -4575,    -978,     615,       5,     451,    -942,       0,   -5031,   -3234,     -32,       0,       0,       0,   -5585,   -3588,    1010,    -987,  100.0,   41.6,    6.7,    0.0,    5.9,    3.3,    0.3,   29.1,   48.0,    1.7,    0.0,    0.0,    0.0,   78.6,   60.0,   21.4,   40.0,     37,.,      5,.,      4,.,.,     10,     14,      5,      0,      0,      0,     19,     26,    53.9,    36.2,    65.3,    45.2,    53.6,    36.2,    64.7,    45.2,"(CONTRACTS OF CHF 125,000)",092741,CME ,092 ,F10,FutOnly
SWISS FRANC - CHICAGO MERCANTILE EXCHANGE,160614,2016-06-14,092741,CME ,00,092 ,   43110,   16990,    1969,       0,    1836,    2210,     117,   16234,   21720,     680,       0,       0,       0,   35857,   26696,    7253,   16414,  -19516,  -15357,    -600,   -2203,     859,    -979,       0,     363,  -10211,   -1689,    -994,       0,       0,  -19021,  -15682,    -495,   -3834,  100.0,   39.4,    4.6,    0.0,    4.3,    5.1,    0.3,   37.7,   50.4,    1.6,    0.0,    0.0,    0.0,   83.2,   61.9,   16.8,   38.1,     35,.,.,      0,.,      4,.,     12,     10,      4,      0,      0,      0,     19,     21,    59.6,    43.0,    71.1,    51.5,    59.6,    43.0,    70.5,    51.5,"(CONTRACTS OF CHF 125,000)",092741,CME ,092 ,F10,FutOnly
SWISS FRANC - CHICAGO MERCANTILE EXCHANGE,160607,2016-06-07,092741,CME ,00,092 ,   62626,   32347,    2569,    2203,     977,    3189,     117,   15871,   31931,    2369,     994,       0,       0,   54878,   42378,    7748,   20248,    5451,    3923,     827,    1915,       0,     -59,       0,   -2440,    1728,    1692,    -436,       0,       0,    4654,    6103,     797,    -652,  100.0,   51.7,    4.1,    3.5,    1.6,    5.1,    0.2,   25.3,   51.0,    3.8,    1.6,    0.0,    0.0,   87.6,   67.7,   12.4,   32.3,     44,      5,.,.,.,      6,.,     14,     14,      7,.,      0,      0,     25,     30,    55.8,    39.2,    66.3,    49.9,    55.6,    39.2,    63.9,    46.5,"(CONTRACTS OF CHF 125,000)",092741,CME ,092 ,F10,FutOnly
SWISS FRANC - CHICAGO MERCANTILE EXCHANGE,160531,2016-05-31,092741,CME ,00,092 ,   57175,   28424,    1742,     288,     977,    3248,     117,   18311,   30203,     677,    1430,       0,       0,   50224,   36275,    6951,   20900,    5033,    4057,   -2938,     277,       0,     475,       0,    -416,    8152,      30,      65,    -480,       0,    4013,    5516,    1020,    -483,  100.0,   49.7,    3.0,    0.5,    1.7,    5.7,    0.2,   32.0,   52.8,    1.2,    2.5,    0.0,    0.0,   87.8,   63.4,   12.2,   36.6,     46,      5,.,.,.,      5,.,     14,     17,      4,.,      0,      0,     24,     29,    58.6,    36.6,    69.3,    45.7,    58.6,    36.6,    69.0,    45.7,"(CONTRACTS OF CHF 125,000)",092741,CME ,092 ,F10,FutOnly
SWISS FRANC - CHICAGO MERCANTILE EXCHANGE,160524,2016-05-24,092741,CME ,00,092 ,   52142,   24367,    4680,      11,     977,    2773,     117,   18727,   22051,     647,    1365,     480,       0,   46211,   30759,    5931,   21383,    7388,    6525,   -2986,       8,    -466,      56,       6,    2604,    4739,     -24,     491,     480,       0,    9144,    2279,   -1756,    5109,  100.0,   46.7,    9.0,    0.0,    1.9,    5.3,    0.2,   35.9,   42.3,    1.2,    2.6,    0.9,    0.0,   88.6,   59.0,   11.4,   41.0,     45,      5,.,.,.,      4,.,     14,     15,      5,.,.,      0,     26,     27,    55.4,    33.1,    66.8,    43.0,    55.4,    33.1,    66.6,    43.0,"(CONTRACTS OF CHF 125,000)",092741,CME ,092 ,F10,FutOnly
SWISS FRANC - CHICAGO MERCANTILE EXCHANGE,160517,2016-05-17,092741,CME ,00,092 ,   44754,   17842,    7666,       3,    1443,    2717,     111,   16123,   17312,     671,     874,       0,       0,   37067,   28480,    7687,   16274,    2053,    3567,   -1514,       3,    -476,    -491,       0,    -204,    2348,      -1,     104,       0,       0,    2993,     345,    -940,    1708,  100.0,   39.9,   17.1,    0.0,    3.2,    6.1,    0.2,   36.0,   38.7,    1.5,    2.0,    0.0,    0.0,   82.8,   63.6,   17.2,   36.4,     43,      4,.,.,.,      4,.,     15,     14,      5,.,      0,      0,     26,     25,    44.0,    39.6,    56.7,    49.1,    44.0,    39.6,    56.4,    49.1,"(CONTRACTS OF CHF 125,000)",092741,CME ,092 ,F10,FutOnly
SWISS FRANC - CHICAGO MERCANTILE EXCHANGE,160510,2016-05-10,092741,CME ,00,092 ,   42701,   14275,    9180,       0,    1919,    3208,     111,   16327,   14964,     672,     770,       0,       0,   34074,   28135,    8627,   14566,    1045,    2477,   -1320,     -36,     529,    -236,     -11,    1389,    1911,     -25,    -460,    -400,       0,    3863,    -117,   -2818,    1162,  100.0,   33.4,   21.5,    0.0,    4.5,    7.5,    0.3,   38.2,   35.0,    1.6,    1.8,    0.0,    0.0,   79.8,   65.9,   20.2,   34.1,     44,      4,.,      0,.,      5,.,     17,     11,      6,.,      0,      0,     29,     22,    37.8,    40.5,    50.3,    51.7,    37.8,    40.5,    50.0,    51.7,"(CONTRACTS OF CHF 125,000)",092741,CME ,092 ,F10,FutOnly
SWISS FRANC - CHICAGO MERCANTILE EXCHANGE,160503,2016-05-03,092741,CME ,00,092 ,   41656,   11798,   10500,      36,    1390,    3444,     122,   14938,   13053,     697,    1230,     400,       0,   30211,   28252,   11445,   13404,   -1204,    -679,     321,       6,      -5,     -62,       0,   -2604,      85,     282,     510,    -480,       0,   -2490,     152,    1286,   -1356,  100.0,   28.3,   25.2,    0.1,    3.3,    8.3,    0.3,   35.9,   31.3,    1.7,    3.0,    1.0,    0.0,   72.5,   67.8,   27.5,   32.2,     45,.,      4,.,.,      5,.,     15,     13,      9,.,.,      0,     29,     28,    38.8,    37.7,    50.8,    47.5,    38.8,    37.7,    50.5,    47.4,"(CONTRACTS OF CHF 125,000)",092741,CME ,092 ,F10,FutOnly
SWISS FRANC - CHICAGO MERCANTILE EXCHANGE,160426,2016-04-26,092741,CME ,00,092 ,   42860,   12477,   10179,      30,    1395,    3506,     122,   17542,   12968,     415,     720,     880,       0,   32701,   28100,   10159,   14760,    -352,    -318,   -6150,       5,      -9,     329,       9,    3662,    3578,       5,     120,     480,       0,    3474,   -1744,   -3826,    1392,  100.0,   29.1,   23.7,    0.1,    3.3,    8.2,    0.3,   40.9,   30.3,    1.0,    1.7,    2.1,    0.0,   76.3,   65.6,   23.7,   34.4,     47,      4,      4,.,.,      5,.,     17,     12,      8,.,.,      0,     29,     28,    40.0,    34.7,    51.9,    44.8,    40.0,    34.7,    51.6,    44.7,"(CONTRACTS OF CHF 125,000)",092741,CME ,092 ,F10,FutOnly
SWISS FRANC - CHICAGO MERCANTILE EXCHANGE,160419,2016-04-19,092741,CME ,00,092 ,   43212,   12795,   16329,      25,    1404,    3177,     113,   13880,    9390,     410,     600,     400,       0,   29227,   29844,   13985,   13368,    3455,     401,    1983,       1,     -46,     341,      13,    2933,     942,     -80,    -740,       0,       0,    2482,    3200,     973,     255,  100.0,   29.6,   37.8,    0.1,    3.2,    7.4,    0.3,   32.1,   21.7,    0.9,    1.4,    0.9,    0.0,   67.6,   69.1,   32.4,   30.9,     43,.,      5,.,.,      5,.,     15,     11,      6,.,.,      0,     26,     27,    36.5,    37.4,    48.5,    49.6,    36.5,    37.3,    48.2,    49.6,"(CONTRACTS OF CHF 125,000)",092741,CME ,092 ,F10,FutOnly
SWISS FRANC - CHICAGO MERCANTILE EXCHANGE,160412,2016-04-12,092741,CME ,00,092 ,   39757,   12394,   14346,      24,    1450,    2836,     100,   10947,    8448,     490,    1340,     400,       0,   26745,   26644,   13012,   13113,    3346,     118,    6585,     -14,       7,     568,       0,      62,   -2155,      36,    1340,       0,       0,    1549,    5020,    1797,   -1674,  100.0,   31.2,   36.1,    0.1,    3.6,    7.1,    0.3,   27.5,   21.2,    1.2,    3.4,    1.0,    0.0,   67.3,   67.0,   32.7,   33.0,     44,.,      5,.,.,      5,.,     14,     12,     10,.,.,      0,     28,     29,    36.9,    33.8,    48.9,    45.6,    36.9,    33.7,    48.3,    45.5,"(CONTRACTS OF CHF 125,000)",092741,CME ,092 ,F10,FutOnly
SWISS FRANC - CHICAGO MERCANTILE EXCHANGE,160405,2016-04-05,092741,CME ,00,092 ,   36411,   12276,    7761,      38,    1443,    2268,     100,   10885,   10603,     454,       0,     400,       0,   25196,   21624,   11215,   14787,     810,    -220,    5548,     -34,     207,    -727,     100,   -1361,   -1969,    -333,       0,       0,       0,   -1641,    2585,    2451,   -1775,  100.0,   33.7,   21.3,    0.1,    4.0,    6.2,    0.3,   29.9,   29.1,    1.2,    0.0,    1.1,    0.0,   69.2,   59.4,   30.8,   40.6,     40,.,      5,.,.,      4,.,     12,     13,      7,      0,.,      0,     23,     27,    40.1,    25.7,    53.2,    38.5,    40.1,    25.6,    52.8,    38.4,"(CONTRACTS OF CHF 125,000)",092741,CME ,092 ,F10,FutOnly
SWISS FRANC - CHICAGO MERCANTILE EXCHANGE,160329,2016-03-29,092741,CME ,00,092 ,   35601,   12496,    2213,      72,    1236,    2995,       0,   12246,   12572,     787,       0,     400,       0,   26837,   19039,    8764,   16562,   -2055,   -1461,     482,      69,      18,      90,       0,   -1341,   -1947,      49,       0,       0,       0,   -2666,   -1257,     611,    -798,  100.0,   35.1,    6.2,    0.2,    3.5,    8.4,    0.0,   34.4,   35.3,    2.2,    0.0,    1.1,    0.0,   75.4,   53.5,   24.6,   46.5,     41,      4,.,.,.,      5,      0,     12,     14,      6,      0,.,      0,     24,     25,    41.9,    27.7,    55.7,    35.3,    41.9,    27.7,    55.3,    35.0,"(CONTRACTS OF CHF 125,000)",092741,CME ,092 ,F10,FutOnly
SWISS FRANC - CHICAGO MERCANTILE EXCHANGE,160322,2016-03-22,092741,CME ,00,092 ,   37656,   13957,    1731,       3,    1218,    2905,       0,   13587,   14519,     738,       0,     400,       0,   29503,   20296,    8153,   17360,   -2594,    -420,     293,       3,       0,     -15,       0,   -3821,   -1648,     285,       0,       0,       0,   -3953,   -1082,    1359,   -1512,  100.0,   37.1,    4.6,    0.0,    3.2,    7.7,    0.0,   36.1,   38.6,    2.0,    0.0,    1.1,    0.0,   78.3,   53.9,   21.7,   46.1,     40,      5,.,.,.,      5,      0,     11,     14,      6,      0,.,      0,     23,     25,    45.2,    31.9,    57.9,    39.0,    45.2,    31.9,    57.5,    38.9,"(CONTRACTS OF CHF 125,000)",092741,CME ,092 ,F10,FutOnly
SWISS FRANC - CHICAGO MERCANTILE EXCHANGE,160315,2016-03-15,092741,CME ,00,092 ,   40250,   14377,    1438,       0,    1218,    2920,       0,   17408,   16167,     453,       0,     400,       0,   33456,   21378,    6794,   18872,   -9494,  -11659,    -660,    -125,     411,     676,       0,    6703,   -3248,   -3670,       0,       0,       0,   -8340,   -7027,   -1154,   -2467,  100.0,   35.7,    3.6,    0.0,    3.0,    7.3,    0.0,   43.2,   40.2,    1.1,    0.0,    1.0,    0.0,   83.1,   53.1,   16.9,   46.9,     36,      4,.,      0,.,      5,      0,     12,     10,      6,      0,.,      0,     19,     23,    48.7,    36.3,    63.9,    43.4,    48.7,    36.3,    63.5,    43.4,"(CONTRACTS OF CHF 125,000)",092741,CME ,092 ,F10,FutOnly
SWISS FRANC - CHICAGO MERCANTILE EXCHANGE,160308,2016-03-08,092741,CME ,00,092 ,   49744,   26036,    2098,     125,     807,    2244,       0,   10705,   19415,    4123,       0,     400,       0,   41796,   28405,    7948,   21339,    2110,   -1377,     365,    -364,       0,      67,       0,      14,   -2192,    2542,       0,       0,       0,     815,     418,    1295,    1692,  100.0,   52.3,    4.2,    0.3,    1.6,    4.5,    0.0,   21.5,   39.0,    8.3,    0.0,    0.8,    0.0,   84.0,   57.1,   16.0,   42.9,     35,      7,.,.,.,      4,      0,      7,     12,      8,      0,.,      0,     21,     24,    50.3,    37.4,    64.6,    45.7,    49.3,    33.1,    62.3,    40.4,"(CONTRACTS OF CHF 125,000)",092741,CME ,092 ,F10,FutOnly
SWISS FRANC - CHICAGO MERCANTILE EXCHANGE,160301,2016-03-01,092741,CME ,00,092 ,   47634,   27413,    1733,     489,     807,    2177,       0,   10691,   21607,    1581,       0,     400,       0,   40981,   27987,    6653,   19647,    -204,    -201,    -522,     481,       0,     -61,       0,     287,    -772,    -122,       0,       0,       0,     445,    -996,    -649,     792,  100.0,   57.5,    3.6,    1.0,    1.7,    4.6,    0.0,   22.4,   45.4,    3.3,    0.0,    0.8,    0.0,   86.0,   58.8,   14.0,   41.2,     37,      7,.,.,.,      4,      0,      8,     14,      8,      0,.,      0,     20,     27,    56.4,    38.8,    70.0,    46.2,    56.1,    36.5,    69.5,    43.7,"(CONTRACTS OF CHF 125,000)",092741,CME ,092 ,F10,FutOnly
SWISS FRANC - CHICAGO MERCANTILE EXCHANGE,160223,2016-02-23,092741,CME ,00,092 ,   47838,   27614,    2255,       8,     807,    2238,       0,   10404,   22379,    1703,       0,     400,       0,   40536,   28983,    7302,   18855,    -726,    1944,    -390,    -157,    -429,      13,       0,     -13,   -1982,     200,       0,       0,       0,    1545,   -2316,   -2271,    1590,  100.0,   57.7,    4.7,    0.0,    1.7,    4.7,    0.0,   21.7,   46.8,    3.6,    0.0,    0.8,    0.0,   84.7,   60.6,   15.3,   39.4,     36,      6,.,.,.,      4,      0,      9,     13,     10,      0,.,      0,     22,     25,    57.3,    40.0,    71.0,    49.0,    57.1,    38.4,    70.6,    46.2,"(CONTRACTS OF CHF 125,000)",092741,CME ,092 ,F10,FutOnly
SWISS FRANC - CHICAGO MERCANTILE EXCHANGE,160216,2016-02-16,092741,CME ,00,092 ,   48564,   25670,    2645,     165,    1236,    2225,       0,   10417,   24361,    1503,       0,     400,       0,   38991,   31299,    9573,   17265,   -4137,   -5408,     305,     123,       0,     -12,       0,    -278,   -3093,      43,       0,       0,       0,   -5520,   -2634,    1383,   -1503,  100.0,   52.9,    5.4,    0.3,    2.5,    4.6,    0.0,   21.4,   50.2,    3.1,    0.0,    0.8,    0.0,   80.3,   64.4,   19.7,   35.6,     38,      6,.,.,.,      4,      0,      9,     14,      9,      0,.,      0,     21,     27,    53.7,    41.1,    66.8,    50.1,    53.6,    39.9,    66.5,    47.9,"(CONTRACTS OF CHF 125,000)",092741,CME ,092 ,F10,FutOnly
SWISS FRANC - CHICAGO MERCANTILE EXCHANGE,160209,2016-02-09,092741,CME ,00,092 ,   52701,   31078,    2340,      42,    1236,    2237,       0,   10695,   27454,    1460,       0,     400,       0,   44511,   33933,    8190,   18768,   -6669,   -4261,     335,       0,       0,     -10,       0,   -5729,   -3065,    1204,     -33,     400,       0,   -8819,   -1136,    2150,   -5533,  100.0,   59.0,    4.4,    0.1,    2.3,    4.2,    0.0,   20.3,   52.1,    2.8,    0.0,    0.8,    0.0,   84.5,   64.4,   15.5,   35.6,     38,      6,.,.,.,      4,      0,      9,     14,      9,      0,.,      0,     22,     27,    58.9,    42.3,    71.5,    51.8,    58.9,    42.3,    71.4,    49.7,"(CONTRACTS OF CHF 125,000)",092741,CME ,092 ,F10,FutOnly
SWISS FRANC - CHICAGO MERCANTILE EXCHANGE,160202,2016-02-02,092741,CME ,00,092 ,   59370,   35339,    2005,      42,    1236,    2247,       0,   16424,   30519,     256,      33,       0,       0,   53330,   35069,    6040,   24301,    3676,    2449,    1555,     -46,       0,      17,       0,     893,    1218,      -4,      33,      -5,       0,    3325,    2735,     351,     941,  100.0,   59.5,    3.4,    0.1,    2.1,    3.8,    0.0,   27.7,   51.4,    0.4,    0.1,    0.0,    0.0,   89.8,   59.1,   10.2,   40.9,     42,      6,.,.,.,      4,      0,     14,     13,      6,.,      0,      0,     23,     26,    59.4,    41.7,    72.1,    48.6,    59.3,    41.7,    72.0,    48.6,"(CONTRACTS OF CHF 125,000)",092741,CME ,092 ,F10,FutOnly
SWISS FRANC - CHICAGO MERCANTILE EXCHANGE,160126,2016-01-26,092741,CME ,00,092 ,   55694,   32890,     450,      88,    1236,    2230,       0,   15531,   29301,     260,       0,       5,       0,   50005,   32334,    5689,   23360,    6404,    6553,    -694,       6,       0,    -450,       0,    -139,    5641,      13,       0,     -45,       0,    6433,    4471,     -29,    1933,  100.0,   59.1,    0.8,    0.2,    2.2,    4.0,    0.0,   27.9,   52.6,    0.5,    0.0,    0.0,    0.0,   89.8,   58.1,   10.2,   41.9,     40,      7,.,.,.,      4,      0,     13,     13,      7,      0,.,      0,     22,     27,    57.6,    42.1,    70.4,    48.7,    57.5,    42.1,    70.2,    48.7,"(CONTRACTS OF CHF 125,000)",092741,CME ,092 ,F10,FutOnly
SWISS FRANC - CHICAGO MERCANTILE EXCHANGE,160119,2016-01-19,092741,CME ,00,092 ,   49290,   26337,    1144,      82,    1236,    2680,       0,   15670,   23660,     247,       0,      50,       0,   43572,   27863,    5718,   21427,    2862,    2478,     384,     -77,       0,     628,       0,     514,    2428,       8,       0,      50,       0,    2923,    3421,     -61,    -559,  100.0,   53.4,    2.3,    0.2,    2.5,    5.4,    0.0,   31.8,   48.0,    0.5,    0.0,    0.1,    0.0,   88.4,   56.5,   11.6,   43.5,     40,      6,.,.,.,      5,      0,     14,     10,      6,      0,.,      0,     23,     25,    53.1,    40.7,    66.8,    46.6,    53.0,    40.7,    66.6,    46.6,"(CONTRACTS OF CHF 125,000)",092741,CME ,092 ,F10,FutOnly
SWISS FRANC - CHICAGO MERCANTILE EXCHANGE,160112,2016-01-12,092741,CME ,00,092 ,   46428,   23859,     760,     159,    1236,    2052,       0,   15156,   21232,     239,       0,       0,       0,   40649,   24442,    5779,   21986,   -3848,   -2748,    -126,     158,       0,     -16,       0,   -2012,   -2127,      48,       0,       0,       0,   -4554,   -2063,     706,   -1785,  100.0,   51.4,    1.6,    0.3,    2.7,    4.4,    0.0,   32.6,   45.7,    0.5,    0.0,    0.0,    0.0,   87.6,   52.6,   12.4,   47.4,     35,      6,.,.,.,      4,      0,     13,      9,      6,      0,      0,      0,     22,     21,    54.8,    39.3,    68.9,    46.0,    54.7,    39.3,    68.8,    46.0,"(CONTRACTS OF CHF 125,000)",092741,CME ,092 ,F10,FutOnly
SWISS FRANC - CHICAGO MERCANTILE EXCHANGE,160105,2016-01-05,092741,CME ,00,092 ,   50276,   26607,     886,       1,    1236,    2068,       0,   17168,   23359,     191,       0,       0,       0,   45203,   26505,    5073,   23771,    1162,    1781,   -1545,      -1,       0,       2,       0,    -616,    -489,      15,       0,       0,       0,    1179,   -2018,     -17,    3180,  100.0,   52.9,    1.8,    0.0,    2.5,    4.1,    0.0,   34.1,   46.5,    0.4,    0.0,    0.0,    0.0,   89.9,   52.7,   10.1,   47.3,     37,      6,.,.,.,      4,      0,     12,     12,      6,      0,      0,      0,     19,     25,    57.1,    37.7,    71.6,    43.9,    57.1,    37.7,    71.5,    43.9,"(CONTRACTS OF CHF 125,000)",092741,CME ,092 ,F10,FutOnly
BRITISH POUND STERLING - CHICAGO MERCANTILE EXCHANGE,161227,2016-12-27,096742,CME ,00,096 ,  212492,  141761,    3248,     305,    9041,   79627,    3603,   31292,   71448,    4002,    2880,   12268,       2,  192886,  174503,   19606,   37989,    7006,   10816,     425,       0,      65,    1703,     -65,   -3957,    4680,    -308,     560,    -564,       0,    7111,    5871,    -105,    1135,  100.0,   66.7,    1.5,    0.1,    4.3,   37.5,    1.7,   14.7,   33.6,    1.9,    1.4,    5.8,    0.0,   90.8,   82.1,    9.2,   17.9,    124,      8,      5,.,      6,     23,      6,     22,     49,     13,.,      8,.,     49,     98,    65.2,    30.7,    71.8,    42.2,    65.2,    29.8,    71.8,    41.1,"(CONTRACTS OF GBP 62,500)",096742,CME ,096 ,F10,FutOnly
BRITISH POUND STERLING - CHICAGO MERCANTILE EXCHANGE,161220,2016-12-20,096742,CME ,00,096 ,  205486,  130945,    2823,     305,    8976,   77924,    3668,   35249,   66768,    4310,    2320,   12832,       2,  185775,  168632,   19711,   36854,  -32311,  -16729,  -15359,   -4160,     351,    3859,    -447,    4068,   -5040,  -12304,     -39,   -1455,    -261,  -29521,  -35167,   -2790,    2856,  100.0,   63.7,    1.4,    0.1,    4.4,   37.9,    1.8,   17.2,   32.5,    2.1,    1.1,    6.2,    0.0,   90.4,   82.1,    9.6,   17.9,    118,      8,      4,.,      6,     23,      6,     23,     43,     14,.,      8,.,     50,     92,    64.5,    31.7,    70.4,    43.3,    64.4,    30.7,    70.4,    42.0,"(CONTRACTS OF GBP 62,500)",096742,CME ,096 ,F10,FutOnly
BRITISH POUND STERLING - CHICAGO MERCANTILE EXCHANGE,161213,2016-12-13,096742,CME ,00,096 ,  237797,  147674,   18182,    4465,    8625,   74065,    4115,   31181,   71808,   16614,    2359,   14287,     263,  215296,  203799,   22501,   33998,   -5874,   -4196,    1268,     570,      47,    1447,   -1562,   -1404,   -9308,    2464,   -1434,     510,    -194,   -5709,   -4805,    -165,   -1069,  100.0,   62.1,    7.6,    1.9,    3.6,   31.1,    1.7,   13.1,   30.2,    7.0,    1.0,    6.0,    0.1,   90.5,   85.7,    9.5,   14.3,    124,     10,      6,      6,      6,     22,      8,     21,     46,     26,      4,      8,.,     66,    100,    60.3,    27.7,    68.8,    39.4,    59.5,    26.8,    66.7,    38.5,"(CONTRACTS OF GBP 62,500)",096742,CME ,096 ,F10,FutOnly
BRITISH POUND STERLING - CHICAGO MERCANTILE EXCHANGE,161206,2016-12-06,096742,CME ,00,096 ,  243671,  151870,   16914,    3895,    8578,   72618,    5677,   32585,   81116,   14150,    3793,   13777,     457,  221005,  208604,   22666,   35067,    -586,    1003,    5476,    -199,    -436,    1458,    1989,   -8295,  -13759,    5308,     510,     454,     152,      32,     879,    -618,   -1465,  100.0,   62.3,    6.9,    1.6,    3.5,   29.8,    2.3,   13.4,   33.3,    5.8,    1.6,    5.7,    0.2,   90.7,   85.6,    9.3,   14.4,    132,      9,      9,      8,      5,     24,      8,     22,     49,     24,      6,      8,.,     66,    108,    60.8,    30.0,    68.4,    41.3,    60.3,    29.2,    67.0,    40.5,"(CONTRACTS OF GBP 62,500)",096742,CME ,096 ,F10,FutOnly
BRITISH POUND STERLING - CHICAGO MERCANTILE EXCHANGE,161129,2016-11-29,096742,CME ,00,096 ,  244257,  150867,   11438,    4094,    9014,   71160,    3688,   40880,   94875,    8842,    3283,   13323,     305,  220973,  207725,   23284,   36532,    1341,    2121,     861,     357,     -80,    1064,     748,   -3889,   -2490,    1491,     100,      94,    -139,     709,    1986,     632,    -645,  100.0,   61.8,    4.7,    1.7,    3.7,   29.1,    1.5,   16.7,   38.8,    3.6,    1.3,    5.5,    0.1,   90.5,   85.0,    9.5,   15.0,    135,      8,     10,      6,      6,     25,      9,     27,     48,     22,      5,      6,.,     67,    106,    60.2,    32.9,    67.5,    42.9,    59.8,    32.1,    66.9,    41.9,"(CONTRACTS OF GBP 62,500)",096742,CME ,096 ,F10,FutOnly
BRITISH POUND STERLING - CHICAGO MERCANTILE EXCHANGE,161122,2016-11-22,096742,CME ,00,096 ,  242916,  148746,   10577,    3737,    9094,   70096,    2940,   44769,   97365,    7351,    3183,   13229,     444,  220264,  205739,   22652,   37177,   -5187,   -4221,    3218,     224,    -633,    2169,    -173,    1639,  -10297,   -1249,    -825,     359,     -74,   -5312,   -5823,     125,     636,  100.0,   61.2,    4.4,    1.5,    3.7,   28.9,    1.2,   18.4,   40.1,    3.0,    1.3,    5.4,    0.2,   90.7,   84.7,    9.3,   15.3,    136,      8,     10,      5,      5,     25,      8,     32,     45,     21,      5,      6,.,     67,    105,    60.0,    32.6,    67.3,    42.5,    59.5,    31.7,    66.8,    41.5,"(CONTRACTS OF GBP 62,500)",096742,CME ,096 ,F10,FutOnly
BRITISH POUND STERLING - CHICAGO MERCANTILE EXCHANGE,161115,2016-11-15,096742,CME ,00,096 ,  248103,  152967,    7359,    3513,    9727,   67927,    3113,   43130,  107662,    8600,    4008,   12870,     518,  225576,  211562,   22527,   36541,   -5600,  -10108,     438,    1897,    1126,    2415,    -217,    4890,  -11472,    1831,   -1353,    1057,      53,   -1881,   -3998,   -3719,   -1602,  100.0,   61.7,    3.0,    1.4,    3.9,   27.4,    1.3,   17.4,   43.4,    3.5,    1.6,    5.2,    0.2,   90.9,   85.3,    9.1,   14.7,    135,      9,      9,      5,      6,     24,      8,     30,     44,     20,      7,      5,.,     69,    101,    60.2,    33.2,    67.4,    43.0,    59.8,    32.3,    66.9,    41.6,"(CONTRACTS OF GBP 62,500)",096742,CME ,096 ,F10,FutOnly
BRITISH POUND STERLING - CHICAGO MERCANTILE EXCHANGE,161108,2016-11-08,096742,CME ,00,096 ,  253703,  163075,    6921,    1616,    8601,   65512,    3330,   38240,  119134,    6769,    5361,   11813,     465,  227457,  215560,   26246,   38143,  -13861,   -5038,    3095,      -1,   -1921,     245,     -64,   -1651,  -11039,    -181,   -2953,   -2157,     214,  -11595,   -9888,   -2266,   -3973,  100.0,   64.3,    2.7,    0.6,    3.4,   25.8,    1.3,   15.1,   47.0,    2.7,    2.1,    4.7,    0.2,   89.7,   85.0,   10.3,   15.0,    134,     12,      8,      4,      5,     24,      9,     26,     48,     19,      4,      7,.,     65,    103,    60.5,    33.9,    67.9,    43.7,    60.0,    33.1,    67.4,    42.8,"(CONTRACTS OF GBP 62,500)",096742,CME ,096 ,F10,FutOnly
BRITISH POUND STERLING - CHICAGO MERCANTILE EXCHANGE,161101,2016-11-01,096742,CME ,00,096 ,  267564,  168113,    3826,    1617,   10522,   65267,    3394,   39891,  130173,    6950,    8314,   13970,     251,  239052,  225448,   28512,   42116,      64,   -1051,    -434,       1,   -1263,   -1029,     644,     463,     483,     -96,     714,    1072,      15,    -573,     656,     637,    -592,  100.0,   62.8,    1.4,    0.6,    3.9,   24.4,    1.3,   14.9,   48.7,    2.6,    3.1,    5.2,    0.1,   89.3,   84.3,   10.7,   15.7,    141,     12,      5,      4,      6,     23,      7,     30,     51,     19,      7,      7,.,     67,    106,    58.7,    34.2,    67.4,    43.9,    58.7,    33.5,    67.0,    43.1,"(CONTRACTS OF GBP 62,500)",096742,CME ,096 ,F10,FutOnly
BRITISH POUND STERLING - CHICAGO MERCANTILE EXCHANGE,161025,2016-10-25,096742,CME ,00,096 ,  267500,  169164,    4260,    1616,   11785,   66296,    2750,   39428,  129690,    7046,    7600,   12898,     236,  239625,  224792,   27875,   42708,   12306,    8334,    -310,     -69,   -1273,    -944,     -52,    3849,    9642,     506,    2832,     729,      72,   14199,    9574,   -1893,    2732,  100.0,   63.2,    1.6,    0.6,    4.4,   24.8,    1.0,   14.7,   48.5,    2.6,    2.8,    4.8,    0.1,   89.6,   84.0,   10.4,   16.0,    147,     13,      6,      4,      8,     23,      7,     31,     52,     19,      8,      6,.,     74,    105,    58.8,    32.7,    67.3,    42.5,    58.7,    32.0,    66.8,    41.8,"(CONTRACTS OF GBP 62,500)",096742,CME ,096 ,F10,FutOnly
BRITISH POUND STERLING - CHICAGO MERCANTILE EXCHANGE,161018,2016-10-18,096742,CME ,00,096 ,  255194,  160830,    4570,    1685,   13058,   67240,    2802,   35579,  120048,    6540,    4768,   12169,     164,  225426,  215218,   29768,   39976,    -396,     404,      96,      30,   -1281,     946,    1497,    1737,   -3122,   -1886,    -973,    1005,      51,    -421,   -1383,      25,     987,  100.0,   63.0,    1.8,    0.7,    5.1,   26.3,    1.1,   13.9,   47.0,    2.6,    1.9,    4.8,    0.1,   88.3,   84.3,   11.7,   15.7,    144,     13,      7,      5,      7,     24,      6,     26,     54,     17,      7,      6,.,     67,    107,    59.1,    32.6,    67.3,    43.6,    58.6,    31.7,    66.9,    42.8,"(CONTRACTS OF GBP 62,500)",096742,CME ,096 ,F10,FutOnly
BRITISH POUND STERLING - CHICAGO MERCANTILE EXCHANGE,161011,2016-10-11,096742,CME ,00,096 ,  255590,  160426,    4474,    1655,   14339,   66294,    1305,   33842,  123170,    8426,    5741,   11164,     113,  225847,  216601,   29743,   38989,   -6888,   -3937,    1778,     323,     661,  -10848,    -873,   -9639,     486,    3394,     706,    -644,     -30,   -9395,   -6414,    2507,    -474,  100.0,   62.8,    1.8,    0.6,    5.6,   25.9,    0.5,   13.2,   48.2,    3.3,    2.2,    4.4,    0.0,   88.4,   84.7,   11.6,   15.3,    143,     13,      6,      4,      6,     24,      7,     29,     51,     19,      9,      5,.,     73,    101,    58.8,    33.1,    67.6,    43.1,    58.3,    32.3,    67.1,    42.3,"(CONTRACTS OF GBP 62,500)",096742,CME ,096 ,F10,FutOnly
BRITISH POUND STERLING - CHICAGO MERCANTILE EXCHANGE,161004,2016-10-04,096742,CME ,00,096 ,  262478,  164363,    2696,    1332,   13678,   77142,    2178,   43481,  122684,    5032,    5035,   11808,     143,  235242,  223015,   27236,   39463,   23453,   11838,     653,      21,     898,    -820,     648,    2700,   19720,     271,     595,    -207,      90,   17061,   20376,    6392,    3077,  100.0,   62.6,    1.0,    0.5,    5.2,   29.4,    0.8,   16.6,   46.7,    1.9,    1.9,    4.5,    0.1,   89.6,   85.0,   10.4,   15.0,    133,     12,      7,      4,      4,     27,      9,     28,     47,     15,      5,.,.,     66,     97,    58.5,    33.4,    67.8,    45.4,    58.5,    32.6,    67.3,    44.5,"(CONTRACTS OF GBP 62,500)",096742,CME ,096 ,F10,FutOnly
BRITISH POUND STERLING - CHICAGO MERCANTILE EXCHANGE,160927,2016-09-27,096742,CME ,00,096 ,  239025,  152525,    2043,    1311,   12780,   77962,    1530,   40781,  102964,    4761,    4440,   12015,      53,  218181,  202639,   20844,   36386,    1266,   18543,   -5450,    1102,     125,      99,     -66,  -21218,    7605,    -874,     638,     774,       0,   -1750,    3190,    3016,   -1924,  100.0,   63.8,    0.9,    0.5,    5.3,   32.6,    0.6,   17.1,   43.1,    2.0,    1.9,    5.0,    0.0,   91.3,   84.8,    8.7,   15.2,    127,     11,      5,.,.,     28,      7,     29,     41,     11,      5,      5,.,     61,     89,    61.9,    34.4,    71.7,    46.3,    61.9,    33.5,    71.1,    45.3,"(CONTRACTS OF GBP 62,500)",096742,CME ,096 ,F10,FutOnly
BRITISH POUND STERLING - CHICAGO MERCANTILE EXCHANGE,160920,2016-09-20,096742,CME ,00,096 ,  237759,  133982,    7493,     209,   12655,   77863,    1596,   61999,   95359,    5635,    3802,   11241,      53,  219931,  199449,   17828,   38310,  -14780,  -23212,   -1339,   -4425,    -512,    4643,   -1682,   29702,    1357,  -10777,    1892,     956,   -3390,  -12404,  -14657,   -2376,    -123,  100.0,   56.4,    3.2,    0.1,    5.3,   32.7,    0.7,   26.1,   40.1,    2.4,    1.6,    4.7,    0.0,   92.5,   83.9,    7.5,   16.1,    124,      9,      7,.,.,     27,      7,     28,     41,     13,      4,      5,.,     58,     90,    62.3,    34.2,    73.3,    44.5,    62.3,    33.3,    73.2,    43.3,"(CONTRACTS OF GBP 62,500)",096742,CME ,096 ,F10,FutOnly
BRITISH POUND STERLING - CHICAGO MERCANTILE EXCHANGE,160913,2016-09-13,096742,CME ,00,096 ,  252539,  157194,    8832,    4634,   13167,   73220,    3278,   32297,   94002,   16412,    1910,   10285,    3443,  232335,  214106,   20204,   38433,   -3414,   -2364,     340,   -2542,   -1503,     209,   -1521,    3107,   -4628,    5367,   -1434,   -2329,     711,    -179,   -4393,   -3235,     979,  100.0,   62.2,    3.5,    1.8,    5.2,   29.0,    1.3,   12.8,   37.2,    6.5,    0.8,    4.1,    1.4,   92.0,   84.8,    8.0,   15.2,    125,      8,     10,      7,      4,     27,      8,     22,     44,     22,.,      4,.,     64,    101,    59.5,    32.2,    69.5,    42.2,    59.3,    31.4,    68.3,    41.2,"(CONTRACTS OF GBP 62,500)",096742,CME ,096 ,F10,FutOnly
BRITISH POUND STERLING - CHICAGO MERCANTILE EXCHANGE,160906,2016-09-06,096742,CME ,00,096 ,  255953,  159558,    8492,    7176,   14670,   73011,    4799,   29190,   98630,   11045,    3344,   12614,    2732,  232514,  218499,   23439,   37454,    7543,  -14050,    1934,    4751,    2837,     421,     746,     297,   -2247,    4796,     717,   -2353,    1648,    1742,    9696,    5801,   -2153,  100.0,   62.3,    3.3,    2.8,    5.7,   28.5,    1.9,   11.4,   38.5,    4.3,    1.3,    4.9,    1.1,   90.8,   85.4,    9.2,   14.6,    133,     10,      9,      8,      4,     28,      7,     23,     46,     20,      6,      6,.,     66,    105,    60.1,    33.8,    68.6,    42.9,    57.5,    33.0,    65.9,    42.1,"(CONTRACTS OF GBP 62,500)",096742,CME ,096 ,F10,FutOnly
BRITISH POUND STERLING - CHICAGO MERCANTILE EXCHANGE,160830,2016-08-30,096742,CME ,00,096 ,  248410,  173608,    6558,    2425,   11833,   72590,    4053,   28893,  100877,    6249,    2627,   14967,    1084,  230772,  208803,   17638,   39607,     699,     -55,    1575,      65,    1613,    -723,     469,    3746,    3099,   -2075,     314,    -700,     -78,    3999,    1632,   -3300,    -933,  100.0,   69.9,    2.6,    1.0,    4.8,   29.2,    1.6,   11.6,   40.6,    2.5,    1.1,    6.0,    0.4,   92.9,   84.1,    7.1,   15.9,    127,      9,      9,      6,      5,     27,      7,     23,     43,     18,      5,      6,.,     63,     98,    63.3,    35.2,    72.7,    44.8,    63.3,    34.3,    72.0,    43.5,"(CONTRACTS OF GBP 62,500)",096742,CME ,096 ,F10,FutOnly
BRITISH POUND STERLING - CHICAGO MERCANTILE EXCHANGE,160823,2016-08-23,096742,CME ,00,096 ,  247711,  173663,    4983,    2360,   10220,   73313,    3584,   25147,   97778,    8324,    2313,   15667,    1162,  226773,  207171,   20938,   40540,    -857,   -4243,     479,     397,    1234,   -3028,    -945,    1340,    2007,    2589,   -2049,     149,     557,   -1120,    2205,     263,   -3062,  100.0,   70.1,    2.0,    1.0,    4.1,   29.6,    1.4,   10.2,   39.5,    3.4,    0.9,    6.3,    0.5,   91.5,   83.6,    8.5,   16.4,    125,      9,      9,      4,      6,     26,      7,     23,     40,     15,      5,      7,.,     59,     95,    63.3,    35.0,    72.2,    45.4,    63.3,    34.2,    72.2,    44.2,"(CONTRACTS OF GBP 62,500)",096742,CME ,096 ,F10,FutOnly
BRITISH POUND STERLING - CHICAGO MERCANTILE EXCHANGE,160816,2016-08-16,096742,CME ,00,096 ,  248568,  177906,    4504,    1963,    8986,   76341,    4529,   23807,   95771,    5735,    4362,   15518,     605,  227893,  204966,   20675,   43602,    5138,    3669,   -2766,     625,    1462,    1780,    -318,   -1295,    2889,    -302,     743,     258,     559,    5143,    2725,      -5,    2413,  100.0,   71.6,    1.8,    0.8,    3.6,   30.7,    1.8,    9.6,   38.5,    2.3,    1.8,    6.2,    0.2,   91.7,   82.5,    8.3,   17.5,    124,      9,      9,      5,      4,     27,      6,     22,     38,     13,      8,      7,.,     59,     91,    64.6,    34.3,    73.6,    44.5,    64.6,    33.4,    73.6,    43.5,"(CONTRACTS OF GBP 62,500)",096742,CME ,096 ,F10,FutOnly
BRITISH POUND STERLING - CHICAGO MERCANTILE EXCHANGE,160809,2016-08-09,096742,CME ,00,096 ,  243430,  174237,    7270,    1338,    7524,   74561,    4847,   25102,   92882,    6037,    3619,   15260,      46,  222750,  202241,   20680,   41189,   10165,    4358,    2776,       4,    -201,    3463,     -47,    3139,    4356,   -1318,      72,    1397,    -108,    5899,   10523,    4266,    -358,  100.0,   71.6,    3.0,    0.5,    3.1,   30.6,    2.0,   10.3,   38.2,    2.5,    1.5,    6.3,    0.0,   91.5,   83.1,    8.5,   16.9,    122,      8,      9,      5,.,     29,      7,     24,     37,     14,      6,      6,.,     57,     93,    64.7,    34.3,    73.9,    44.3,    64.7,    33.4,    73.9,    43.2,"(CONTRACTS OF GBP 62,500)",096742,CME ,096 ,F10,FutOnly
BRITISH POUND STERLING - CHICAGO MERCANTILE EXCHANGE,160802,2016-08-02,096742,CME ,00,096 ,  233265,  169879,    4494,    1334,    7725,   71098,    4894,   21963,   88526,    7355,    3547,   13863,     154,  216851,  191718,   16414,   41547,    1621,    3174,     426,    -175,     194,    2474,     377,     211,    1538,   -2230,     735,     913,    -935,    1351,    2388,     270,    -767,  100.0,   72.8,    1.9,    0.6,    3.3,   30.5,    2.1,    9.4,   38.0,    3.2,    1.5,    5.9,    0.1,   93.0,   82.2,    7.0,   17.8,    117,      8,      9,      5,      4,     27,      7,     19,     39,     14,      7,      4,.,     54,     91,    65.4,    34.2,    75.1,    43.1,    65.4,    33.3,    75.0,    41.8,"(CONTRACTS OF GBP 62,500)",096742,CME ,096 ,F10,FutOnly
BRITISH POUND STERLING - CHICAGO MERCANTILE EXCHANGE,160726,2016-07-26,096742,CME ,00,096 ,  231644,  166705,    4068,    1509,    7531,   68624,    4517,   21752,   86988,    9585,    2812,   12950,    1089,  215500,  189330,   16144,   42314,    6055,    3575,     115,      95,     180,   -1323,     677,    1768,    7530,    1215,     239,    -529,    -393,    7356,    7387,   -1301,   -1332,  100.0,   72.0,    1.8,    0.7,    3.3,   29.6,    1.9,    9.4,   37.6,    4.1,    1.2,    5.6,    0.5,   93.0,   81.7,    7.0,   18.3,    121,      8,      8,      5,.,     28,      5,     23,     41,     15,      5,      5,.,     57,     91,    65.7,    32.5,    74.7,    41.2,    65.7,    31.6,    74.7,    39.7,"(CONTRACTS OF GBP 62,500)",096742,CME ,096 ,F10,FutOnly
BRITISH POUND STERLING - CHICAGO MERCANTILE EXCHANGE,160719,2016-07-19,096742,CME ,00,096 ,  225589,  163130,    3953,    1414,    7351,   69947,    3840,   19984,   79458,    8370,    2573,   13479,    1482,  208144,  181943,   17445,   43646,  -11022,    3702,   -1036,     165,    -337,  -14546,    -221,  -13126,    5872,    -894,    -399,   -3580,     604,  -10506,  -13636,    -516,    2614,  100.0,   72.3,    1.8,    0.6,    3.3,   31.0,    1.7,    8.9,   35.2,    3.7,    1.1,    6.0,    0.7,   92.3,   80.7,    7.7,   19.3,    112,      8,      8,      5,.,     27,      5,     18,     37,     14,      5,      6,.,     53,     85,    65.8,    31.5,    74.9,    40.8,    65.8,    30.6,    74.8,    39.3,"(CONTRACTS OF GBP 62,500)",096742,CME ,096 ,F10,FutOnly
BRITISH POUND STERLING - CHICAGO MERCANTILE EXCHANGE,160712,2016-07-12,096742,CME ,00,096 ,  236611,  159428,    4989,    1249,    7688,   84493,    4061,   33110,   73586,    9264,    2972,   17059,     878,  218650,  195579,   17961,   41032,    8672,   13654,    2302,     193,    2587,   -3630,     -85,   -5818,    5343,      30,    -938,    -249,     373,    9996,    4277,   -1324,    4395,  100.0,   67.4,    2.1,    0.5,    3.2,   35.7,    1.7,   14.0,   31.1,    3.9,    1.3,    7.2,    0.4,   92.4,   82.7,    7.6,   17.3,    118,      8,      9,      4,      4,     24,      5,     22,     38,     16,      5,      8,.,     55,     90,    61.9,    30.4,    70.7,    42.7,    61.9,    29.5,    70.7,    41.8,"(CONTRACTS OF GBP 62,500)",096742,CME ,096 ,F10,FutOnly
BRITISH POUND STERLING - CHICAGO MERCANTILE EXCHANGE,160705,2016-07-05,096742,CME ,00,096 ,  227939,  145774,    2687,    1056,    5101,   88123,    4146,   38928,   68243,    9234,    3910,   17308,     505,  208654,  191302,   19285,   36637,   21388,   14311,   -1180,      -8,    1312,    3798,   -1931,    3024,   18065,    2293,    1715,   -3344,     505,   21221,   18198,     167,    3190,  100.0,   64.0,    1.2,    0.5,    2.2,   38.7,    1.8,   17.1,   29.9,    4.1,    1.7,    7.6,    0.2,   91.5,   83.9,    8.5,   16.1,    121,     11,      6,      4,.,     25,      6,     22,     42,     16,      5,      7,.,     59,     89,    59.6,    29.5,    67.9,    42.9,    59.6,    28.7,    67.9,    41.7,"(CONTRACTS OF GBP 62,500)",096742,CME ,096 ,F10,FutOnly
BRITISH POUND STERLING - CHICAGO MERCANTILE EXCHANGE,160628,2016-06-28,096742,CME ,00,096 ,  206551,  131463,    3867,    1064,    3789,   84325,    6077,   35904,   50178,    6941,    2195,   20652,       0,  187433,  173104,   19118,   33447,    7362,    6759,     957,     346,    1775,    4649,    -424,   -4461,   -6666,     218,     914,    7989,      -2,    5125,    7067,    2237,     295,  100.0,   63.6,    1.9,    0.5,    1.8,   40.8,    2.9,   17.4,   24.3,    3.4,    1.1,   10.0,    0.0,   90.7,   83.8,    9.3,   16.2,    108,      9,      7,.,.,     22,      6,     25,     31,     16,.,      8,      0,     57,     76,    60.0,    29.4,    67.3,    44.7,    60.0,    28.4,    67.3,    43.7,"(CONTRACTS OF GBP 62,500)",096742,CME ,096 ,F10,FutOnly
BRITISH POUND STERLING - CHICAGO MERCANTILE EXCHANGE,160621,2016-06-21,096742,CME ,00,096 ,  199189,  124704,    2910,     718,    2014,   79676,    6501,   40365,   56844,    6723,    1281,   12663,       2,  182308,  166037,   16881,   33152,   -7200,    5723,     363,     -23,    -109,   -2082,     -21,  -14939,   -1833,     822,    -412,    -506,    -156,   -9115,   -3436,    1915,   -3764,  100.0,   62.6,    1.5,    0.4,    1.0,   40.0,    3.3,   20.3,   28.5,    3.4,    0.6,    6.4,    0.0,   91.5,   83.4,    8.5,   16.6,    107,      8,      6,.,.,     28,      6,     23,     33,     17,.,      6,.,     50,     84,    62.9,    29.9,    71.7,    44.8,    62.9,    29.0,    71.7,    43.7,"(CONTRACTS OF GBP 62,500)",096742,CME ,096 ,F10,FutOnly
BRITISH POUND STERLING - CHICAGO MERCANTILE EXCHANGE,160614,2016-06-14,096742,CME ,00,096 ,  206389,  118981,    2547,     741,    2123,   81758,    6522,   55304,   58677,    5901,    1693,   13169,     158,  191423,  169473,   14966,   36916,  -52849,  -31677,  -38537,   -1205,    -859,    2177,   -2798,    2595,    -822,   -9577,   -1610,    1821,   -6193,  -51324,  -55134,   -1525,    2285,  100.0,   57.6,    1.2,    0.4,    1.0,   39.6,    3.2,   26.8,   28.4,    2.9,    0.8,    6.4,    0.1,   92.7,   82.1,    7.3,   17.9,    108,      9,      5,      5,.,     27,      7,     21,     34,     13,      4,      6,.,     53,     81,    63.2,    31.5,    73.4,    44.0,    63.1,    30.6,    73.4,    42.4,"(CONTRACTS OF GBP 62,500)",096742,CME ,096 ,F10,FutOnly
BRITISH POUND STERLING - CHICAGO MERCANTILE EXCHANGE,160607,2016-06-07,096742,CME ,00,096 ,  259238,  150658,   41084,    1946,    2982,   79581,    9320,   52709,   59499,   15478,    3303,   11348,    6351,  242747,  224607,   16491,   34631,   15553,    3407,   -6092,     767,   -1692,    2822,    3060,     897,    7377,    3427,     450,     -52,    6107,   16423,   17416,    -870,   -1863,  100.0,   58.1,   15.8,    0.8,    1.2,   30.7,    3.6,   20.3,   23.0,    6.0,    1.3,    4.4,    2.4,   93.6,   86.6,    6.4,   13.4,    114,      8,      8,      5,.,     26,      8,     28,     33,     24,      5,.,.,     63,     90,    59.7,    32.5,    71.4,    46.3,    59.7,    31.5,    68.9,    45.3,"(CONTRACTS OF GBP 62,500)",096742,CME ,096 ,F10,FutOnly
BRITISH POUND STERLING - CHICAGO MERCANTILE EXCHANGE,160531,2016-05-31,096742,CME ,00,096 ,  243685,  147251,   47176,    1179,    4674,   76759,    6260,   51812,   52122,   12051,    2853,   11400,     244,  226324,  207191,   17361,   36494,    -692,    -960,    9492,     -86,   -1182,   -3201,     915,   -1828,   -6256,    1696,     293,   -1649,     100,   -1052,    1011,     360,   -1703,  100.0,   60.4,   19.4,    0.5,    1.9,   31.5,    2.6,   21.3,   21.4,    4.9,    1.2,    4.7,    0.1,   92.9,   85.0,    7.1,   15.0,    101,      8,      8,      4,      4,     23,      9,     28,     23,     20,.,      4,.,     59,     76,    62.7,    35.8,    73.0,    50.5,    62.7,    34.9,    72.1,    49.5,"(CONTRACTS OF GBP 62,500)",096742,CME ,096 ,F10,FutOnly
BRITISH POUND STERLING - CHICAGO MERCANTILE EXCHANGE,160524,2016-05-24,096742,CME ,00,096 ,  244377,  148211,   37684,    1265,    5856,   79960,    5345,   53640,   58378,   10355,    2560,   13049,     144,  227376,  206180,   17001,   38197,    5219,     456,    1570,      84,    1748,    3216,     -37,    -643,   -3862,    3498,   -1308,     646,    -736,    3062,    4379,    2157,     840,  100.0,   60.6,   15.4,    0.5,    2.4,   32.7,    2.2,   21.9,   23.9,    4.2,    1.0,    5.3,    0.1,   93.0,   84.4,    7.0,   15.6,    105,      8,      8,      4,      4,     24,      9,     27,     27,     17,.,      5,.,     55,     81,    63.2,    34.3,    73.4,    47.2,    63.2,    33.5,    72.6,    46.2,"(CONTRACTS OF GBP 62,500)",096742,CME ,096 ,F10,FutOnly
BRITISH POUND STERLING - CHICAGO MERCANTILE EXCHANGE,160517,2016-05-17,096742,CME ,00,096 ,  239158,  147755,   36114,    1181,    4108,   76744,    5382,   54283,   62240,    6857,    3868,   12403,     880,  224314,  201801,   14844,   37357,     639,     407,   -5652,     164,    -417,    1783,     -22,     -25,    1443,     145,     559,     524,    -102,     709,   -1717,     -70,    2356,  100.0,   61.8,   15.1,    0.5,    1.7,   32.1,    2.3,   22.7,   26.0,    2.9,    1.6,    5.2,    0.4,   93.8,   84.4,    6.2,   15.6,    112,      8,      8,      5,      4,     24,      9,     27,     33,     16,.,      5,.,     57,     86,    64.2,    32.4,    74.3,    45.2,    64.2,    31.5,    73.9,    44.2,"(CONTRACTS OF GBP 62,500)",096742,CME ,096 ,F10,FutOnly
BRITISH POUND STERLING - CHICAGO MERCANTILE EXCHANGE,160510,2016-05-10,096742,CME ,00,096 ,  238519,  147348,   41766,    1017,    4525,   74961,    5404,   54308,   60797,    6712,    3309,   11879,     982,  223605,  203518,   14914,   35001,   -9661,    -147,    2066,      47,   -4018,    5230,    -827,    -425,  -16019,     169,   -1755,   -1239,     -19,   -6975,  -10592,   -2686,     931,  100.0,   61.8,   17.5,    0.4,    1.9,   31.4,    2.3,   22.8,   25.5,    2.8,    1.4,    5.0,    0.4,   93.7,   85.3,    6.3,   14.7,    113,      8,      8,      5,      4,     24,      9,     27,     33,     17,      4,      5,.,     61,     84,    64.3,    32.5,    74.4,    45.9,    64.3,    31.7,    74.0,    45.0,"(CONTRACTS OF GBP 62,500)",096742,CME ,096 ,F10,FutOnly
BRITISH POUND STERLING - CHICAGO MERCANTILE EXCHANGE,160503,2016-05-03,096742,CME ,00,096 ,  248180,  147495,   39700,     970,    8543,   69731,    6231,   54733,   76816,    6543,    5064,   13118,    1001,  230580,  214110,   17600,   34070,    4351,    2234,   14710,      12,    -196,    -788,     134,     309,   -7927,    1425,     666,    -515,     206,    4790,    7257,    -439,   -2906,  100.0,   59.4,   16.0,    0.4,    3.4,   28.1,    2.5,   22.1,   31.0,    2.6,    2.0,    5.3,    0.4,   92.9,   86.3,    7.1,   13.7,    117,      8,      8,      5,      5,     25,      9,     26,     33,     16,      7,      5,.,     62,     88,    61.4,    29.7,    71.4,    42.4,    61.3,    29.0,    71.0,    41.6,"(CONTRACTS OF GBP 62,500)",096742,CME ,096 ,F10,FutOnly
BRITISH POUND STERLING - CHICAGO MERCANTILE EXCHANGE,160426,2016-04-26,096742,CME ,00,096 ,  243829,  145261,   24990,     958,    8739,   70519,    6097,   54424,   84743,    5118,    4398,   13633,     795,  225790,  206853,   18039,   36976,    5634,   -1990,   10351,      58,    2466,   -2198,     397,    5603,   -4616,    -333,     617,      89,       0,    6818,    3748,   -1184,    1886,  100.0,   59.6,   10.2,    0.4,    3.6,   28.9,    2.5,   22.3,   34.8,    2.1,    1.8,    5.6,    0.3,   92.6,   84.8,    7.4,   15.2,    116,      7,      8,      5,      5,     24,      9,     27,     34,     16,      5,      6,.,     59,     89,    63.8,    29.2,    73.0,    43.2,    63.8,    28.3,    72.6,    42.3,"(CONTRACTS OF GBP 62,500)",096742,CME ,096 ,F10,FutOnly
BRITISH POUND STERLING - CHICAGO MERCANTILE EXCHANGE,160419,2016-04-19,096742,CME ,00,096 ,  238195,  147251,   14639,     900,    6273,   72717,    5700,   48821,   89359,    5451,    3781,   13544,     795,  218972,  203105,   19223,   35090,    2026,   -4287,   10950,      40,    2053,  -10224,    1222,   -2295,    2198,     745,     -23,    -472,     132,   -2413,    4591,    4439,   -2565,  100.0,   61.8,    6.1,    0.4,    2.6,   30.5,    2.4,   20.5,   37.5,    2.3,    1.6,    5.7,    0.3,   91.9,   85.3,    8.1,   14.7,    119,      7,      9,      4,      5,     26,     10,     27,     34,     18,.,      8,.,     57,     96,    65.6,    30.9,    74.8,    43.0,    65.6,    30.0,    74.1,    42.0,"(CONTRACTS OF GBP 62,500)",096742,CME ,096 ,F10,FutOnly
BRITISH POUND STERLING - CHICAGO MERCANTILE EXCHANGE,160412,2016-04-12,096742,CME ,00,096 ,  236169,  151538,    3689,     860,    4220,   82941,    4478,   51116,   87161,    4706,    3804,   14016,     663,  221385,  198514,   14784,   37655,  -11417,   -8478,    1056,       5,     261,   -3389,      57,   -4485,   -9351,     -31,    -378,     127,     392,  -12657,  -11134,    1240,    -283,  100.0,   64.2,    1.6,    0.4,    1.8,   35.1,    1.9,   21.6,   36.9,    2.0,    1.6,    5.9,    0.3,   93.7,   84.1,    6.3,   15.9,    119,      9,      6,.,      4,     26,      8,     29,     33,     15,.,      9,.,     57,     90,    65.9,    35.0,    75.1,    47.7,    65.8,    34.1,    74.7,    46.7,"(CONTRACTS OF GBP 62,500)",096742,CME ,096 ,F10,FutOnly
BRITISH POUND STERLING - CHICAGO MERCANTILE EXCHANGE,160405,2016-04-05,096742,CME ,00,096 ,  247586,  160016,    2633,     855,    3959,   86330,    4421,   55601,   96512,    4737,    4182,   13889,     271,  234042,  209648,   13544,   37938,   -2858,   -5330,     411,       1,    1244,     269,     953,    2258,   -8294,   -1502,      -2,    1868,     271,   -2107,   -6023,    -751,    3165,  100.0,   64.6,    1.1,    0.3,    1.6,   34.9,    1.8,   22.5,   39.0,    1.9,    1.7,    5.6,    0.1,   94.5,   84.7,    5.5,   15.3,    116,     11,      5,.,.,     29,      7,     27,     31,     13,.,      7,.,     55,     84,    62.1,    39.0,    73.7,    51.8,    62.1,    38.2,    73.3,    50.8,"(CONTRACTS OF GBP 62,500)",096742,CME ,096 ,F10,FutOnly
BRITISH POUND STERLING - CHICAGO MERCANTILE EXCHANGE,160329,2016-03-29,096742,CME ,00,096 ,  250444,  165346,    2222,     854,    2715,   86061,    3468,   53343,  104806,    6239,    4184,   12021,       0,  236149,  215671,   14295,   34773,    4222,    1861,     377,      -1,    1119,    1286,       5,   -2046,    1804,    1119,    1550,     606,       0,    3607,    5196,     615,    -974,  100.0,   66.0,    0.9,    0.3,    1.1,   34.4,    1.4,   21.3,   41.8,    2.5,    1.7,    4.8,    0.0,   94.3,   86.1,    5.7,   13.9,    111,     10,      4,.,.,     27,      8,     27,     31,     16,      4,      5,      0,     55,     82,    60.9,    42.2,    73.9,    55.8,    60.9,    41.5,    73.6,    54.9,"(CONTRACTS OF GBP 62,500)",096742,CME ,096 ,F10,FutOnly
BRITISH POUND STERLING - CHICAGO MERCANTILE EXCHANGE,160322,2016-03-22,096742,CME ,00,096 ,  246222,  163485,    1845,     855,    1596,   84775,    3463,   55389,  103002,    5120,    2634,   11415,       0,  232542,  210475,   13680,   35747,   -6955,   13356,     187,    -463,     195,   -3558,     203,  -23021,   -1518,     569,    1830,     492,       0,   -7331,   -4088,     376,   -2867,  100.0,   66.4,    0.7,    0.3,    0.6,   34.4,    1.4,   22.5,   41.8,    2.1,    1.1,    4.6,    0.0,   94.4,   85.5,    5.6,   14.5,    104,      9,      5,.,.,     26,      9,     26,     29,     16,.,      4,      0,     54,     77,    62.0,    42.0,    75.1,    55.4,    62.0,    41.1,    74.8,    54.5,"(CONTRACTS OF GBP 62,500)",096742,CME ,096 ,F10,FutOnly
BRITISH POUND STERLING - CHICAGO MERCANTILE EXCHANGE,160315,2016-03-15,096742,CME ,00,096 ,  253177,  150129,    1658,    1318,    1401,   88333,    3260,   78410,  104520,    4551,     804,   10923,       0,  239873,  214563,   13304,   38614,  -45871,  -49607,   -2264,  -14324,   -1361,    -453,    1660,   38693,  -10117,  -12933,    -176,   -1250,   -1001,  -39049,  -40682,   -6822,   -5189,  100.0,   59.3,    0.7,    0.5,    0.6,   34.9,    1.3,   31.0,   41.3,    1.8,    0.3,    4.3,    0.0,   94.7,   84.7,    5.3,   15.3,    102,      7,      6,.,.,     26,      6,     27,     28,     14,.,      5,      0,     46,     79,    62.9,    43.9,    76.2,    57.2,    62.9,    43.1,    76.2,    56.3,"(CONTRACTS OF GBP 62,500)",096742,CME ,096 ,F10,FutOnly
BRITISH POUND STERLING - CHICAGO MERCANTILE EXCHANGE,160308,2016-03-08,096742,CME ,00,096 ,  299048,  199736,    3922,   15642,    2762,   88786,    1600,   39717,  114637,   17484,     980,   12173,    1001,  278922,  255245,   20126,   43803,   23223,    2788,     396,   14636,      -8,    -527,      51,   -7990,     166,   10049,     176,   -5740,     910,   20612,   19941,    2611,    3282,  100.0,   66.8,    1.3,    5.2,    0.9,   29.7,    0.5,   13.3,   38.3,    5.8,    0.3,    4.1,    0.3,   93.3,   85.4,    6.7,   14.6,    116,     10,      7,      5,.,     28,      6,     25,     36,     22,.,      4,.,     55,     97,    59.9,    38.8,    74.1,    50.3,    59.3,    38.2,    69.3,    49.2,"(CONTRACTS OF GBP 62,500)",096742,CME ,096 ,F10,FutOnly
BRITISH POUND STERLING - CHICAGO MERCANTILE EXCHANGE,160301,2016-03-01,096742,CME ,00,096 ,  275825,  196948,    3526,    1006,    2770,   89313,    1549,   47707,  114471,    7435,     804,   17913,      91,  258310,  235304,   17515,   40521,   18611,   18134,     -25,      36,     -77,    3003,     177,    2443,   11191,      94,   -1622,    1423,    -109,   19076,   15790,    -465,    2821,  100.0,   71.4,    1.3,    0.4,    1.0,   32.4,    0.6,   17.3,   41.5,    2.7,    0.3,    6.5,    0.0,   93.6,   85.3,    6.3,   14.7,    114,     13,      5,.,.,     28,      6,     24,     34,     15,.,      7,.,     49,     90,    63.2,    40.7,    73.9,    51.0,    63.2,    40.0,    73.9,    50.2,"(CONTRACTS OF GBP 62,500)",096742,CME ,096 ,F10,FutOnly
BRITISH POUND STERLING - CHICAGO MERCANTILE EXCHANGE,160223,2016-02-23,096742,CME ,00,096 ,  257214,  178814,    3551,     970,    2847,   86310,    1372,   45264,  103280,    7341,    2426,   16490,     200,  239234,  219514,   17980,   37700,   -3435,   -5467,    -911,     356,    -739,   -5647,      19,    -783,   -1700,     472,    -115,    2738,     -89,   -6346,   -4762,    2911,    1327,  100.0,   69.5,    1.4,    0.4,    1.1,   33.6,    0.5,   17.6,   40.2,    2.9,    0.9,    6.4,    0.1,   93.0,   85.3,    7.0,   14.7,    110,     12,      5,      4,.,     26,      6,     22,     32,     12,      4,      7,.,     50,     83,    62.7,    41.8,    74.1,    51.7,    62.7,    40.9,    74.0,    50.9,"(CONTRACTS OF GBP 62,500)",096742,CME ,096 ,F10,FutOnly
BRITISH POUND STERLING - CHICAGO MERCANTILE EXCHANGE,160216,2016-02-16,096742,CME ,00,096 ,  260649,  184281,    4462,     614,    3586,   91957,    1353,   46047,  104980,    6869,    2541,   13752,     289,  245580,  224276,   15069,   36373,    4783,   -1279,       6,     -17,     337,    2475,     135,    5954,    -362,     679,    -208,    -210,     -42,    5559,    2664,    -776,    2119,  100.0,   70.7,    1.7,    0.2,    1.4,   35.3,    0.5,   17.7,   40.3,    2.6,    1.0,    5.3,    0.1,   94.2,   86.0,    5.8,   14.0,    112,     11,      7,.,.,     25,      6,     26,     31,     14,      4,      6,.,     54,     82,    64.1,    40.9,    75.3,    53.1,    64.1,    40.1,    75.3,    52.2,"(CONTRACTS OF GBP 62,500)",096742,CME ,096 ,F10,FutOnly
BRITISH POUND STERLING - CHICAGO MERCANTILE EXCHANGE,160209,2016-02-09,096742,CME ,00,096 ,  255866,  185560,    4456,     631,    3249,   89482,    1218,   40093,  105342,    6190,    2749,   13962,     331,  240021,  221612,   15845,   34254,  -14814,  -11179,    -170,     434,    -173,    6349,    -110,   -1474,   -7799,   -2629,     780,   -2107,      88,  -14263,   -5944,    -551,   -8870,  100.0,   72.5,    1.7,    0.2,    1.3,   35.0,    0.5,   15.7,   41.2,    2.4,    1.1,    5.5,    0.1,   93.8,   86.6,    6.2,   13.4,    110,     11,      7,.,.,     26,      5,     19,     34,     15,      5,      6,.,     49,     85,    65.5,    43.0,    77.1,    54.3,    65.5,    42.2,    77.1,    53.5,"(CONTRACTS OF GBP 62,500)",096742,CME ,096 ,F10,FutOnly
BRITISH POUND STERLING - CHICAGO MERCANTILE EXCHANGE,160202,2016-02-02,096742,CME ,00,096 ,  270680,  196739,    4626,     197,    3422,   83133,    1328,   41567,  113141,    8819,    1969,   16069,     243,  254284,  227556,   16396,   43124,   -2118,    2447,     -93,       9,      47,   -7860,    -487,   -3322,    6571,    1280,      27,   -1387,      38,      39,   -1929,   -2157,    -189,  100.0,   72.7,    1.7,    0.1,    1.3,   30.7,    0.5,   15.4,   41.8,    3.3,    0.7,    5.9,    0.1,   93.9,   84.1,    6.1,   15.9,    118,     12,      7,      4,.,     24,      6,     22,     40,     16,      4,      6,.,     52,     94,    64.9,    39.7,    76.2,    49.6,    64.9,    39.0,    76.1,    48.8,"(CONTRACTS OF GBP 62,500)",096742,CME ,096 ,F10,FutOnly
BRITISH POUND STERLING - CHICAGO MERCANTILE EXCHANGE,160126,2016-01-26,096742,CME ,00,096 ,  272798,  194292,    4719,     188,    3375,   90993,    1815,   44889,  106570,    7539,    1942,   17456,     205,  254245,  229485,   18553,   43313,   13209,   16592,     797,     135,   -1797,   11247,     378,   -3304,    2915,     715,     -45,   -2057,     -26,   12648,   14104,     561,    -895,  100.0,   71.2,    1.7,    0.1,    1.2,   33.4,    0.7,   16.5,   39.1,    2.8,    0.7,    6.4,    0.1,   93.2,   84.1,    6.8,   15.9,    115,     10,      7,.,.,     24,      6,     20,     40,     16,.,      8,.,     48,     93,    64.5,    38.5,    75.7,    49.3,    64.5,    38.0,    75.7,    48.8,"(CONTRACTS OF GBP 62,500)",096742,CME ,096 ,F10,FutOnly
BRITISH POUND STERLING - CHICAGO MERCANTILE EXCHANGE,160119,2016-01-19,096742,CME ,00,096 ,  259589,  177700,    3922,      53,    5172,   79746,    1437,   48193,  103655,    6824,    1987,   19513,     231,  241597,  215381,   17992,   44208,   20721,   15952,      42,       5,     202,    3561,     -16,    2602,   14455,    1746,     389,    3166,      56,   20936,   23015,    -215,   -2294,  100.0,   68.5,    1.5,    0.0,    2.0,   30.7,    0.6,   18.6,   39.9,    2.6,    0.8,    7.5,    0.1,   93.1,   83.0,    6.9,   17.0,    120,     11,      5,.,.,     23,      7,     24,     41,     17,      4,      9,.,     54,     95,    62.2,    37.7,    73.1,    47.6,    62.2,    37.2,    73.1,    47.1,"(CONTRACTS OF GBP 62,500)",096742,CME ,096 ,F10,FutOnly
BRITISH POUND STERLING - CHICAGO MERCANTILE EXCHANGE,160112,2016-01-12,096742,CME ,00,096 ,  238868,  161748,    3880,      48,    4970,   76185,    1453,   45591,   89200,    5078,    1598,   16347,     175,  220661,  192366,   18207,   46502,   16875,   26514,    1138,    -487,   -4391,    2379,     105,   -5842,    7927,    2120,   -2755,   -2308,     -23,   15241,   10851,    1634,    6024,  100.0,   67.7,    1.6,    0.0,    2.1,   31.9,    0.6,   19.1,   37.3,    2.1,    0.7,    6.8,    0.1,   92.4,   80.5,    7.6,   19.5,    108,     10,      6,.,      4,     21,      6,     22,     35,     14,.,      7,.,     49,     83,    62.8,    36.5,    73.3,    46.9,    62.8,    36.0,    73.3,    46.4,"(CONTRACTS OF GBP 62,500)",096742,CME ,096 ,F10,FutOnly
BRITISH POUND STERLING - CHICAGO MERCANTILE EXCHANGE,160105,2016-01-05,096742,CME ,00,096 ,  221993,  135234,    2742,     535,    9361,   73806,    1348,   51433,   81273,    2958,    4353,   18655,     198,  205420,  181515,   16573,   40478,   17955,   15684,     244,       7,    1771,    5406,    -218,     309,   12702,     -53,    1651,   -1053,      53,   19204,   17088,   -1249,     867,  100.0,   60.9,    1.2,    0.2,    4.2,   33.2,    0.6,   23.2,   36.6,    1.3,    2.0,    8.4,    0.1,   92.5,   81.8,    7.5,   18.2,    107,     10,      5,.,.,     21,      6,     21,     35,     11,      5,      7,.,     49,     80,    56.9,    33.8,    68.8,    42.5,    56.9,    33.2,    68.7,    41.9,"(CONTRACTS OF GBP 62,500)",096742,CME ,096 ,F10,FutOnly
JAPANESE YEN - CHICAGO MERCANTILE EXCHANGE,161227,2016-12-27,097741,CME ,00,097 ,  219343,  108688,    3179,       7,   20928,   50167,    8197,   30369,   94907,    1586,   32419,   17331,     169,  202363,  175543,   16980,   43800,   -1092,   33393,     767,       0,     113,    1458,   -1735,  -32420,   -2568,     -71,     159,   -1458,      32,    -529,   -3575,    -563,    2483,  100.0,   49.6,    1.4,    0.0,    9.5,   22.9,    3.7,   13.8,   43.3,    0.7,   14.8,    7.9,    0.1,   92.3,   80.0,    7.7,   20.0,    131,     12,      6,.,     10,     25,      8,     21,     41,      8,      4,     12,.,     56,     95,    47.4,    34.3,    64.1,    45.9,    47.3,    34.3,    64.0,    45.1,"(CONTRACTS OF JPY 12,500,000)",097741,CME ,097 ,F10,FutOnly
JAPANESE YEN - CHICAGO MERCANTILE EXCHANGE,161220,2016-12-20,097741,CME ,00,097 ,  220435,   75295,    2412,       7,   20815,   48709,    9932,   62789,   97475,    1657,   32260,   18789,     137,  202892,  179118,   17543,   41317,  -64839,  -77026,   -5384,  -24250,    -302,    3034,   -1172,   26199,   10371,  -10644,   30928,  -27996,   -7410,  -63677,  -63451,   -1162,   -1388,  100.0,   34.2,    1.1,    0.0,    9.4,   22.1,    4.5,   28.5,   44.2,    0.8,   14.6,    8.5,    0.1,   92.0,   81.3,    8.0,   18.7,    134,     11,      6,.,      9,     25,      8,     24,     45,      8,.,     11,.,     56,     97,    48.4,    36.1,    61.6,    47.7,    48.3,    36.1,    61.4,    46.1,"(CONTRACTS OF JPY 12,500,000)",097741,CME ,097 ,F10,FutOnly
JAPANESE YEN - CHICAGO MERCANTILE EXCHANGE,161213,2016-12-13,097741,CME ,00,097 ,  285274,  152321,    7796,   24257,   21117,   45675,   11104,   36590,   87104,   12301,    1332,   46785,    7547,  266569,  242569,   18705,   42705,   49359,   21870,    -116,   21661,   -1147,  -14105,    5175,  -13673,   16165,    8794,    -624,    3638,    7481,   49537,   48693,    -178,     666,  100.0,   53.4,    2.7,    8.5,    7.4,   16.0,    3.9,   12.8,   30.5,    4.3,    0.5,   16.4,    2.6,   93.4,   85.0,    6.6,   15.0,    133,     13,      8,      4,      9,     24,      9,     22,     43,     15,.,     11,.,     63,     99,    45.3,    38.5,    60.6,    51.2,    43.8,    33.0,    55.3,    41.9,"(CONTRACTS OF JPY 12,500,000)",097741,CME ,097 ,F10,FutOnly
JAPANESE YEN - CHICAGO MERCANTILE EXCHANGE,161206,2016-12-06,097741,CME ,00,097 ,  235915,  130451,    7912,    2596,   22264,   59780,    5929,   50263,   70939,    3507,    1956,   43147,      66,  217032,  193876,   18883,   42039,   33744,   24785,   -1814,     165,    -883,    6637,     870,    8141,   24882,     593,     383,    3464,       0,   34054,   34797,    -310,   -1053,  100.0,   55.3,    3.4,    1.1,    9.4,   25.3,    2.5,   21.3,   30.1,    1.5,    0.8,   18.3,    0.0,   92.0,   82.2,    8.0,   17.8,    132,     13,      7,      5,      9,     25,     11,     25,     40,     12,.,     11,.,     66,     95,    45.2,    34.1,    58.5,    48.5,    44.6,    33.8,    58.0,    48.1,"(CONTRACTS OF JPY 12,500,000)",097741,CME ,097 ,F10,FutOnly
JAPANESE YEN - CHICAGO MERCANTILE EXCHANGE,161129,2016-11-29,097741,CME ,00,097 ,  202171,  105666,    9726,    2431,   23147,   53143,    5059,   42122,   46057,    2914,    1573,   39683,      66,  182978,  159079,   19193,   43092,   14487,   19362,   -1465,    -209,   -6188,    3460,     206,    1529,    4409,     -33,    -383,    3881,       0,   14284,   10249,     203,    4238,  100.0,   52.3,    4.8,    1.2,   11.4,   26.3,    2.5,   20.8,   22.8,    1.4,    0.8,   19.6,    0.0,   90.5,   78.7,    9.5,   21.3,    120,     12,      8,      5,      9,     23,      9,     19,     39,     12,.,      7,.,     59,     88,    43.8,    31.2,    57.0,    43.7,    43.0,    30.8,    56.3,    43.1,"(CONTRACTS OF JPY 12,500,000)",097741,CME ,097 ,F10,FutOnly
JAPANESE YEN - CHICAGO MERCANTILE EXCHANGE,161122,2016-11-22,097741,CME ,00,097 ,  187684,   86304,   11191,    2640,   29335,   49683,    4853,   40593,   41648,    2947,    1956,   35802,      66,  168694,  148830,   18990,   38854,   16717,   24574,   -2263,    -468,   -4423,    5509,      51,   -1778,    8878,     398,     -49,     107,    -116,   18189,   12096,   -1472,    4621,  100.0,   46.0,    6.0,    1.4,   15.6,   26.5,    2.6,   21.6,   22.2,    1.6,    1.0,   19.1,    0.0,   89.9,   79.3,   10.1,   20.7,    124,     12,      7,      5,     12,     21,      9,     24,     37,     12,.,      7,.,     66,     85,    39.0,    32.3,    52.3,    45.2,    37.9,    31.9,    51.2,    44.7,"(CONTRACTS OF JPY 12,500,000)",097741,CME ,097 ,F10,FutOnly
JAPANESE YEN - CHICAGO MERCANTILE EXCHANGE,161115,2016-11-15,097741,CME ,00,097 ,  170967,   61730,   13454,    3108,   33758,   44174,    4802,   42371,   32770,    2549,    2005,   35695,     182,  150505,  136734,   20462,   34233,    6639,   15991,   -3143,     796,   -1771,    4134,    -129,   -9974,    4247,     362,     747,    -361,     182,    6204,    6088,     435,     551,  100.0,   36.1,    7.9,    1.8,   19.7,   25.8,    2.8,   24.8,   19.2,    1.5,    1.2,   20.9,    0.1,   88.0,   80.0,   12.0,   20.0,    125,     11,      6,      4,     13,     22,      9,     27,     34,     12,      4,      7,.,     69,     82,    32.2,    35.0,    47.3,    46.6,    30.6,    34.5,    45.7,    46.1,"(CONTRACTS OF JPY 12,500,000)",097741,CME ,097 ,F10,FutOnly
JAPANESE YEN - CHICAGO MERCANTILE EXCHANGE,161108,2016-11-08,097741,CME ,00,097 ,  164328,   45739,   16597,    2312,   35529,   40040,    4931,   52345,   28523,    2187,    1258,   36056,       0,  144301,  130646,   20027,   33682,    -796,    4966,    1515,    -616,    1507,    1735,    -166,   -2705,    1463,   -2160,      44,     365,     -60,     810,    2076,   -1606,   -2872,  100.0,   27.8,   10.1,    1.4,   21.6,   24.4,    3.0,   31.9,   17.4,    1.3,    0.8,   21.9,    0.0,   87.8,   79.5,   12.2,   20.5,    118,     10,      7,      4,     13,     19,      9,     25,     33,     12,.,      8,      0,     63,     80,    29.1,    37.8,    45.9,    47.5,    27.8,    37.5,    44.6,    46.8,"(CONTRACTS OF JPY 12,500,000)",097741,CME ,097 ,F10,FutOnly
JAPANESE YEN - CHICAGO MERCANTILE EXCHANGE,161101,2016-11-01,097741,CME ,00,097 ,  165124,   40773,   15082,    2928,   34022,   38305,    5097,   55050,   27060,    4347,    1214,   35691,      60,  143491,  128570,   21633,   36554,    2084,    -432,    1963,    -421,    2555,    1347,     192,    1286,     733,     663,   -1078,    -195,     -32,    2733,    4250,    -649,   -2166,  100.0,   24.7,    9.1,    1.8,   20.6,   23.2,    3.1,   33.3,   16.4,    2.6,    0.7,   21.6,    0.0,   86.9,   77.9,   13.1,   22.1,    124,     10,      7,      5,     12,     21,      8,     31,     32,     13,.,      7,.,     69,     82,    33.6,    36.2,    50.7,    44.9,    33.6,    35.7,    49.3,    44.0,"(CONTRACTS OF JPY 12,500,000)",097741,CME ,097 ,F10,FutOnly
JAPANESE YEN - CHICAGO MERCANTILE EXCHANGE,161025,2016-10-25,097741,CME ,00,097 ,  163040,   41205,   13119,    3349,   31467,   36958,    4905,   53764,   26327,    3684,    2292,   35886,      92,  140758,  124320,   22282,   38720,    6433,    3024,     341,     533,     272,     644,     -90,    4601,     326,    1008,    -104,    -490,      92,    9336,    2364,   -2903,    4069,  100.0,   25.3,    8.0,    2.1,   19.3,   22.7,    3.0,   33.0,   16.1,    2.3,    1.4,   22.0,    0.1,   86.3,   76.3,   13.7,   23.7,    119,     10,      7,      5,     11,     21,      8,     24,     32,     12,      4,      8,.,     65,     80,    35.7,    35.8,    52.2,    45.0,    35.7,    35.3,    52.1,    44.1,"(CONTRACTS OF JPY 12,500,000)",097741,CME ,097 ,F10,FutOnly
JAPANESE YEN - CHICAGO MERCANTILE EXCHANGE,161018,2016-10-18,097741,CME ,00,097 ,  156607,   38181,   12778,    2816,   31195,   36314,    4995,   49163,   26001,    2676,    2396,   36376,       0,  131422,  121956,   25185,   34651,    6213,   15089,    1266,     -39,     460,    -365,     639,   -9063,    -996,     430,   -1154,    4132,       0,    6362,    5067,    -149,    1146,  100.0,   24.4,    8.2,    1.8,   19.9,   23.2,    3.2,   31.4,   16.6,    1.7,    1.5,   23.2,    0.0,   83.9,   77.9,   16.1,   22.1,    118,      9,      7,      4,     11,     22,      9,     25,     30,     13,      4,      9,      0,     63,     81,    30.7,    37.3,    47.6,    47.2,    30.6,    36.9,    47.5,    46.3,"(CONTRACTS OF JPY 12,500,000)",097741,CME ,097 ,F10,FutOnly
JAPANESE YEN - CHICAGO MERCANTILE EXCHANGE,161011,2016-10-11,097741,CME ,00,097 ,  150394,   23092,   11512,    2855,   30735,   36679,    4356,   58226,   26997,    2246,    3550,   32244,       0,  125060,  116889,   25334,   33505,   -7180,   19052,   -3578,     680,    1542,   -2791,     383,  -32056,   -2526,    -610,    1327,    2091,    -235,   -9917,   -6586,    2737,    -594,  100.0,   15.4,    7.7,    1.9,   20.4,   24.4,    2.9,   38.7,   18.0,    1.5,    2.4,   21.4,    0.0,   83.2,   77.7,   16.8,   22.3,    118,      9,      6,      5,     12,     22,      9,     27,     32,      9,      4,      6,      0,     65,     76,    28.8,    37.7,    44.2,    46.7,    28.8,    37.3,    44.2,    45.7,"(CONTRACTS OF JPY 12,500,000)",097741,CME ,097 ,F10,FutOnly
JAPANESE YEN - CHICAGO MERCANTILE EXCHANGE,161004,2016-10-04,097741,CME ,00,097 ,  157574,    4040,   15090,    2175,   29193,   39470,    3973,   90282,   29523,    2856,    2223,   30153,     235,  134977,  123475,   22597,   34099,    2404,     655,   -6546,    1528,     159,    2636,     279,    3155,    3126,    1105,     477,     357,    -287,    7071,    2198,   -4667,     206,  100.0,    2.6,    9.6,    1.4,   18.5,   25.0,    2.5,   57.3,   18.7,    1.8,    1.4,   19.1,    0.1,   85.7,   78.4,   14.3,   21.6,    125,      5,      8,.,     11,     23,      8,     31,     35,     12,.,      9,.,     67,     83,    36.7,    35.6,    50.0,    43.2,    36.7,    35.2,    50.0,    41.9,"(CONTRACTS OF JPY 12,500,000)",097741,CME ,097 ,F10,FutOnly
JAPANESE YEN - CHICAGO MERCANTILE EXCHANGE,160927,2016-09-27,097741,CME ,00,097 ,  155170,    3385,   21636,     647,   29034,   36834,    3694,   87127,   26397,    1751,    1746,   29796,     522,  127906,  121277,   27264,   33893,   14432,    -859,    8107,     102,   -1142,    -448,    -521,   12674,     249,     431,     661,    2276,     242,   11588,   10438,    2844,    3994,  100.0,    2.2,   13.9,    0.4,   18.7,   23.7,    2.4,   56.1,   17.0,    1.1,    1.1,   19.2,    0.3,   82.4,   78.2,   17.6,   21.8,    115,      5,      8,.,     13,     19,      8,     28,     30,     10,.,      9,.,     62,     77,    43.9,    40.0,    54.6,    47.5,    43.8,    39.7,    54.5,    46.5,"(CONTRACTS OF JPY 12,500,000)",097741,CME ,097 ,F10,FutOnly
JAPANESE YEN - CHICAGO MERCANTILE EXCHANGE,160920,2016-09-20,097741,CME ,00,097 ,  140738,    4244,   13529,     545,   30176,   37282,    4215,   74453,   26148,    1320,    1085,   27520,     280,  116318,  110839,   24420,   29899,  -26602,   -5932,    1288,   -5669,    4105,     127,    -963,   -3868,    -158,  -10234,    -142,   -5935,   -2014,  -24717,  -23558,   -1885,   -3044,  100.0,    3.0,    9.6,    0.4,   21.4,   26.5,    3.0,   52.9,   18.6,    0.9,    0.8,   19.6,    0.2,   82.6,   78.8,   17.4,   21.2,    107,      6,      6,.,     12,     21,     10,     26,     30,      8,.,      4,.,     58,     71,    45.1,    42.8,    56.4,    50.9,    45.1,    42.5,    56.4,    49.2,"(CONTRACTS OF JPY 12,500,000)",097741,CME ,097 ,F10,FutOnly
JAPANESE YEN - CHICAGO MERCANTILE EXCHANGE,160913,2016-09-13,097741,CME ,00,097 ,  167340,   10176,   12241,    6214,   26071,   37155,    5178,   78321,   26306,   11554,    1227,   33455,    2294,  141035,  134397,   26305,   32943,    7998,    3648,    2795,     294,   -1333,    1814,    -255,    1272,    -402,    5201,     426,   -2247,    1141,   10394,    8341,   -2396,    -343,  100.0,    6.1,    7.3,    3.7,   15.6,   22.2,    3.1,   46.8,   15.7,    6.9,    0.7,   20.0,    1.4,   84.3,   80.3,   15.7,   19.7,    112,      6,      6,      4,      9,     22,      8,     31,     30,     21,.,      4,.,     65,     82,    37.1,    39.1,    48.8,    49.3,    35.7,    36.9,    46.1,    43.3,"(CONTRACTS OF JPY 12,500,000)",097741,CME ,097 ,F10,FutOnly
JAPANESE YEN - CHICAGO MERCANTILE EXCHANGE,160906,2016-09-06,097741,CME ,00,097 ,  159342,    6528,    9446,    5920,   27404,   35341,    5433,   77049,   26708,    6353,     801,   35702,    1153,  130641,  126056,   28701,   33286,   -4987,   -1974,   -7315,    -870,     -52,    -351,      39,   -8136,    -295,    3804,     -62,    -391,    -237,   -7488,   -5616,    2501,     629,  100.0,    4.1,    5.9,    3.7,   17.2,   22.2,    3.4,   48.4,   16.8,    4.0,    0.5,   22.4,    0.7,   82.0,   79.1,   18.0,   20.9,    112,      4,      8,      5,     10,     22,      9,     33,     28,     11,.,      6,.,     62,     77,    36.0,    38.5,    46.8,    46.8,    35.9,    36.1,    46.1,    42.0,"(CONTRACTS OF JPY 12,500,000)",097741,CME ,097 ,F10,FutOnly
JAPANESE YEN - CHICAGO MERCANTILE EXCHANGE,160830,2016-08-30,097741,CME ,00,097 ,  164329,    8502,   16761,    6790,   27456,   35692,    5394,   85185,   27003,    2549,     863,   36093,    1390,  138129,  131672,   26200,   32657,    -427,     356,     271,     485,   -5752,     -27,      91,    7227,     -24,     314,     117,    -650,   -1000,    1838,    -540,   -2265,     113,  100.0,    5.2,   10.2,    4.1,   16.7,   21.7,    3.3,   51.8,   16.4,    1.6,    0.5,   22.0,    0.8,   84.1,   80.1,   15.9,   19.9,    116,      5,      8,      4,     11,     20,      9,     34,     30,     11,.,      6,.,     70,     73,    38.9,    40.5,    48.5,    48.8,    38.8,    38.1,    47.0,    44.4,"(CONTRACTS OF JPY 12,500,000)",097741,CME ,097 ,F10,FutOnly
JAPANESE YEN - CHICAGO MERCANTILE EXCHANGE,160823,2016-08-23,097741,CME ,00,097 ,  164756,    8146,   16490,    6305,   33208,   35719,    5303,   77958,   27027,    2235,     746,   36743,    2390,  136291,  132212,   28465,   32544,   -1149,   -4483,    -646,    1394,    -108,    -869,      19,    2773,   -3038,     461,    -514,    1232,    -179,    -637,   -1626,    -512,     477,  100.0,    4.9,   10.0,    3.8,   20.2,   21.7,    3.2,   47.3,   16.4,    1.4,    0.5,   22.3,    1.5,   82.7,   80.2,   17.3,   19.8,    108,      6,      7,      4,     12,     20,      9,     27,     26,      7,.,      8,.,     59,     72,    41.6,    42.0,    51.3,    49.8,    41.3,    39.8,    49.4,    45.8,"(CONTRACTS OF JPY 12,500,000)",097741,CME ,097 ,F10,FutOnly
JAPANESE YEN - CHICAGO MERCANTILE EXCHANGE,160816,2016-08-16,097741,CME ,00,097 ,  165905,   12629,   17136,    4911,   33316,   36588,    5284,   75185,   30065,    1774,    1260,   35511,    2569,  136928,  133838,   28977,   32067,   -1106,   -7774,    6514,    4658,     802,   -6360,     483,      11,   -5837,     310,      61,   -1200,     193,   -1256,   -1239,     150,     133,  100.0,    7.6,   10.3,    3.0,   20.1,   22.1,    3.2,   45.3,   18.1,    1.1,    0.8,   21.4,    1.5,   82.5,   80.7,   17.5,   19.3,    109,      8,      6,.,     12,     20,      9,     24,     30,      9,.,      6,.,     60,     73,    40.5,    42.1,    51.2,    49.6,    40.1,    40.0,    49.5,    45.9,"(CONTRACTS OF JPY 12,500,000)",097741,CME ,097 ,F10,FutOnly
JAPANESE YEN - CHICAGO MERCANTILE EXCHANGE,160809,2016-08-09,097741,CME ,00,097 ,  167011,   20403,   10622,     253,   32514,   42948,    4801,   75174,   35902,    1464,    1199,   36711,    2376,  138184,  135077,   28827,   31934,   10315,   -3896,    6883,     -13,     993,    -626,    -141,   10143,    4095,     215,    -645,   -1531,    1539,    8195,   10421,    2120,    -106,  100.0,   12.2,    6.4,    0.2,   19.5,   25.7,    2.9,   45.0,   21.5,    0.9,    0.7,   22.0,    1.4,   82.7,   80.9,   17.3,   19.1,    111,      7,      6,.,     12,     20,      9,     27,     30,      9,.,      7,.,     63,     71,    38.8,    42.2,    51.2,    50.4,    38.8,    40.9,    51.2,    48.5,"(CONTRACTS OF JPY 12,500,000)",097741,CME ,097 ,F10,FutOnly
JAPANESE YEN - CHICAGO MERCANTILE EXCHANGE,160802,2016-08-02,097741,CME ,00,097 ,  156696,   24299,    3739,     266,   31521,   43574,    4942,   65031,   31807,    1249,    1844,   38242,     837,  129989,  124656,   26707,   32040,   -3173,   -6182,     573,       0,    4386,    1959,    -225,   -2230,    6429,   -1427,     105,   -9768,    -359,   -5932,   -2818,    2759,    -355,  100.0,   15.5,    2.4,    0.2,   20.1,   27.8,    3.2,   41.5,   20.3,    0.8,    1.2,   24.4,    0.5,   83.0,   79.6,   17.0,   20.4,    113,      8,      5,.,     13,     20,     10,     27,     30,      8,.,      7,      4,     65,     72,    38.6,    42.2,    49.9,    50.0,    38.6,    41.6,    49.9,    48.4,"(CONTRACTS OF JPY 12,500,000)",097741,CME ,097 ,F10,FutOnly
JAPANESE YEN - CHICAGO MERCANTILE EXCHANGE,160726,2016-07-26,097741,CME ,00,097 ,  159869,   30481,    3166,     266,   27135,   41615,    5167,   67261,   25378,    2676,    1739,   48010,    1196,  135921,  127474,   23948,   32395,    1503,   10035,     868,     199,     401,   -1043,     603,   -5374,   -1341,     -51,     646,    -596,      44,    6503,   -1317,   -5000,    2820,  100.0,   19.1,    2.0,    0.2,   17.0,   26.0,    3.2,   42.1,   15.9,    1.7,    1.1,   30.0,    0.7,   85.0,   79.7,   15.0,   20.3,    112,      8,      5,.,     12,     21,      9,     29,     27,      9,.,      8,.,     64,     71,    38.3,    42.7,    49.3,    50.5,    38.3,    41.9,    49.1,    48.5,"(CONTRACTS OF JPY 12,500,000)",097741,CME ,097 ,F10,FutOnly
JAPANESE YEN - CHICAGO MERCANTILE EXCHANGE,160719,2016-07-19,097741,CME ,00,097 ,  158366,   20446,    2298,      67,   26734,   42658,    4564,   72635,   26719,    2727,    1093,   48606,    1152,  129418,  128791,   28948,   29575,   -2896,    2039,   -1652,      31,     543,   -1923,     -13,   -7105,    1957,     296,    -127,    1878,    -764,   -5100,    -190,    2204,   -2706,  100.0,   12.9,    1.5,    0.0,   16.9,   26.9,    2.9,   45.9,   16.9,    1.7,    0.7,   30.7,    0.7,   81.7,   81.3,   18.3,   18.7,    110,      7,      5,.,     12,     21,      9,     30,     26,     11,.,      8,.,     63,     70,    38.1,    42.4,    48.5,    50.4,    38.1,    41.6,    48.3,    48.6,"(CONTRACTS OF JPY 12,500,000)",097741,CME ,097 ,F10,FutOnly
JAPANESE YEN - CHICAGO MERCANTILE EXCHANGE,160712,2016-07-12,097741,CME ,00,097 ,  161262,   18407,    3950,      36,   26191,   44581,    4577,   79740,   24762,    2431,    1220,   46728,    1916,  134518,  128981,   26744,   32281,   10845,   13071,   -8841,     -45,   -7316,    -665,    -258,    4998,    3637,    -418,     471,   10109,    1489,   11992,    5008,   -1147,    5837,  100.0,   11.4,    2.4,    0.0,   16.2,   27.6,    2.8,   49.4,   15.4,    1.5,    0.8,   29.0,    1.2,   83.4,   80.0,   16.6,   20.0,    114,      7,      5,.,     12,     21,      7,     34,     24,      8,.,      9,.,     66,     67,    36.1,    41.4,    46.2,    49.6,    36.1,    40.1,    46.1,    47.8,"(CONTRACTS OF JPY 12,500,000)",097741,CME ,097 ,F10,FutOnly
JAPANESE YEN - CHICAGO MERCANTILE EXCHANGE,160705,2016-07-05,097741,CME ,00,097 ,  150417,    5336,   12791,      81,   33507,   45246,    4835,   74742,   21125,    2849,     749,   36619,     427,  122526,  123973,   27891,   26444,    7300,    1793,    8796,     -12,    1203,    1454,    -728,    1211,   -1076,     479,     485,   -1352,     -16,    4415,    7545,    2885,    -245,  100.0,    3.5,    8.5,    0.1,   22.3,   30.1,    3.2,   49.7,   14.0,    1.9,    0.5,   24.3,    0.3,   81.5,   82.4,   18.5,   17.6,    111,      6,      7,.,     14,     20,      7,     32,     24,     10,.,      6,.,     67,     65,    37.3,    43.3,    46.9,    52.5,    37.3,    42.8,    46.4,    51.5,"(CONTRACTS OF JPY 12,500,000)",097741,CME ,097 ,F10,FutOnly
JAPANESE YEN - CHICAGO MERCANTILE EXCHANGE,160628,2016-06-28,097741,CME ,00,097 ,  143117,    3543,    3995,      93,   32304,   43792,    5563,   73531,   22201,    2370,     264,   37971,     443,  118111,  116428,   25006,   26689,   -1593,     413,    1002,    -306,    1382,     608,     -91,    6706,    -399,    -338,   -2582,   -1221,     228,    5412,    -517,   -7005,   -1076,  100.0,    2.5,    2.8,    0.1,   22.6,   30.6,    3.9,   51.4,   15.5,    1.7,    0.2,   26.5,    0.3,   82.5,   81.4,   17.5,   18.6,    109,      4,      7,.,     12,     20,      7,     35,     23,      8,.,      7,.,     64,     63,    35.2,    43.9,    46.0,    52.9,    35.2,    43.4,    45.8,    50.1,"(CONTRACTS OF JPY 12,500,000)",097741,CME ,097 ,F10,FutOnly
JAPANESE YEN - CHICAGO MERCANTILE EXCHANGE,160621,2016-06-21,097741,CME ,00,097 ,  144710,    3130,    2993,     399,   30922,   43184,    5654,   66825,   22600,    2708,    2846,   39192,     215,  112699,  116945,   32011,   27765,    5658,     844,     432,     290,    1052,     566,     -62,     963,    3477,     -94,     389,    1325,     215,    3597,    6149,    2061,    -491,  100.0,    2.2,    2.1,    0.3,   21.4,   29.8,    3.9,   46.2,   15.6,    1.9,    2.0,   27.1,    0.1,   77.9,   80.8,   22.1,   19.2,    107,      5,      6,.,     11,     20,      9,     34,     21,     10,      4,      6,.,     66,     64,    37.5,    44.6,    46.9,    54.6,    37.5,    44.5,    45.6,    52.0,"(CONTRACTS OF JPY 12,500,000)",097741,CME ,097 ,F10,FutOnly
JAPANESE YEN - CHICAGO MERCANTILE EXCHANGE,160614,2016-06-14,097741,CME ,00,097 ,  139052,    2286,    2561,     109,   29870,   42618,    5716,   65862,   19123,    2802,    2457,   37867,       0,  109102,  110796,   29950,   28256,  -41842,  -13147,  -26315,   -4903,    2049,    -600,   -1045,    4705,  -15868,   -7249,   -2379,   34697,  -19277,  -41246,  -40560,    -596,   -1282,  100.0,    1.6,    1.8,    0.1,   21.5,   30.6,    4.1,   47.4,   13.8,    2.0,    1.8,   27.2,    0.0,   78.5,   79.7,   21.5,   20.3,    105,.,      6,.,     12,     18,     10,     38,     21,     10,.,      5,      0,     65,     61,    36.9,    46.8,    46.0,    56.2,    36.9,    46.5,    44.9,    53.0,"(CONTRACTS OF JPY 12,500,000)",097741,CME ,097 ,F10,FutOnly
JAPANESE YEN - CHICAGO MERCANTILE EXCHANGE,160607,2016-06-07,097741,CME ,00,097 ,  180894,   15433,   28876,    5012,   27821,   43218,    6761,   61157,   34991,   10051,    4836,    3170,   19277,  150348,  151356,   30546,   29538,   24395,    2867,    6619,    1104,    -522,   -2398,     670,   -3630,   -4699,    6550,   -1331,     181,   15594,   21302,   23621,    3093,     774,  100.0,    8.5,   16.0,    2.8,   15.4,   23.9,    3.7,   33.8,   19.3,    5.6,    2.7,    1.8,   10.7,   83.1,   83.7,   16.9,   16.3,    111,      4,      8,      6,     13,     17,     10,     35,     24,     18,.,      6,.,     76,     72,    34.8,    35.1,    45.4,    47.9,    26.1,    29.6,    35.6,    38.1,"(CONTRACTS OF JPY 12,500,000)",097741,CME ,097 ,F10,FutOnly
JAPANESE YEN - CHICAGO MERCANTILE EXCHANGE,160531,2016-05-31,097741,CME ,00,097 ,  156499,   12566,   22257,    3908,   28343,   45616,    6091,   64787,   39690,    3501,    6167,    2989,    3683,  129046,  127735,   27453,   28764,   -3334,     963,   -5965,       7,   -4061,     531,      79,    -246,   -2912,    -213,   -2375,     340,    3029,   -2817,   -5104,    -517,    1770,  100.0,    8.0,   14.2,    2.5,   18.1,   29.1,    3.9,   41.4,   25.4,    2.2,    3.9,    1.9,    2.4,   82.5,   81.6,   17.5,   18.4,    113,      7,      9,      7,     13,     18,      9,     29,     26,     14,      4,      7,.,     75,     71,    28.9,    31.3,    41.9,    42.0,    28.7,    31.3,    40.0,    40.0,"(CONTRACTS OF JPY 12,500,000)",097741,CME ,097 ,F10,FutOnly
JAPANESE YEN - CHICAGO MERCANTILE EXCHANGE,160524,2016-05-24,097741,CME ,00,097 ,  159833,   11603,   28222,    3901,   32404,   45085,    6012,   65033,   42602,    3714,    8542,    2649,     654,  131863,  132839,   27970,   26994,     924,    3957,   -9800,     611,   -2357,    1269,    -133,   -2461,    5315,      92,     -28,    -217,     569,     250,   -2294,     674,    3218,  100.0,    7.3,   17.7,    2.4,   20.3,   28.2,    3.8,   40.7,   26.7,    2.3,    5.3,    1.7,    0.4,   82.5,   83.1,   17.5,   16.9,    118,      8,      8,      6,     14,     18,     11,     31,     30,     13,      5,      4,.,     79,     71,    30.2,    31.7,    42.0,    44.3,    30.2,    31.7,    42.0,    42.7,"(CONTRACTS OF JPY 12,500,000)",097741,CME ,097 ,F10,FutOnly
JAPANESE YEN - CHICAGO MERCANTILE EXCHANGE,160517,2016-05-17,097741,CME ,00,097 ,  158909,    7646,   38022,    3290,   34761,   43816,    6145,   67494,   37287,    3622,    8570,    2866,      85,  131613,  135133,   27296,   23776,   -6640,    -625,   -2741,     435,    -230,   -1175,      35,    1645,   -1467,     380,   -5294,     152,       0,   -3654,   -4381,   -2986,   -2259,  100.0,    4.8,   23.9,    2.1,   21.9,   27.6,    3.9,   42.5,   23.5,    2.3,    5.4,    1.8,    0.1,   82.8,   85.0,   17.2,   15.0,    118,      6,      9,      6,     14,     18,     12,     34,     28,     14,      4,      5,.,     79,     73,    31.1,    35.0,    41.1,    49.6,    31.1,    34.9,    41.1,    47.9,"(CONTRACTS OF JPY 12,500,000)",097741,CME ,097 ,F10,FutOnly
JAPANESE YEN - CHICAGO MERCANTILE EXCHANGE,160510,2016-05-10,097741,CME ,00,097 ,  165549,    8271,   40763,    2855,   34991,   44991,    6110,   65849,   38754,    3242,   13864,    2714,      85,  135267,  139514,   30282,   26035,    4020,     425,   -3415,    -195,     722,    3518,    -102,    2408,    4922,     591,    1226,      29,    -134,    4941,    5214,    -921,   -1194,  100.0,    5.0,   24.6,    1.7,   21.1,   27.2,    3.7,   39.8,   23.4,    2.0,    8.4,    1.6,    0.1,   81.7,   84.3,   18.3,   15.7,    123,      5,      9,      6,     16,     19,     11,     37,     28,     13,      4,      5,.,     81,     74,    32.4,    35.1,    42.0,    49.5,    32.4,    35.0,    42.0,    48.0,"(CONTRACTS OF JPY 12,500,000)",097741,CME ,097 ,F10,FutOnly
JAPANESE YEN - CHICAGO MERCANTILE EXCHANGE,160503,2016-05-03,097741,CME ,00,097 ,  161529,    7846,   44178,    3050,   34269,   41473,    6212,   63441,   33832,    2651,   12638,    2685,     219,  130326,  134300,   31203,   27229,   -7238,    1840,   -1401,     258,   -1915,   -3531,      33,  -18293,   -1529,     575,    7643,   -1477,     215,   -9644,   -6857,    2406,    -381,  100.0,    4.9,   27.3,    1.9,   21.2,   25.7,    3.8,   39.3,   20.9,    1.6,    7.8,    1.7,    0.1,   80.7,   83.1,   19.3,   16.9,    114,      6,      8,      4,     16,     17,     11,     36,     21,      8,      4,      6,.,     77,     62,    29.9,    37.7,    40.9,    52.1,    29.9,    37.6,    40.8,    51.1,"(CONTRACTS OF JPY 12,500,000)",097741,CME ,097 ,F10,FutOnly
JAPANESE YEN - CHICAGO MERCANTILE EXCHANGE,160426,2016-04-26,097741,CME ,00,097 ,  168767,    6006,   45579,    2792,   36184,   45004,    6179,   81734,   35361,    2076,    4995,    4162,       4,  139970,  141157,   28797,   27610,  -11121,    -258,  -11309,     232,   -1522,    4282,     326,   -3342,   -6795,     -54,   -4245,     683,     -25,   -8888,  -12660,   -2233,    1539,  100.0,    3.6,   27.0,    1.7,   21.4,   26.7,    3.7,   48.4,   21.0,    1.2,    3.0,    2.5,    0.0,   82.9,   83.6,   17.1,   16.4,    118,      4,     11,      4,     15,     20,     10,     31,     29,      7,      4,      4,.,     70,     70,    35.6,    34.7,    46.7,    50.0,    35.6,    34.6,    46.2,    48.7,"(CONTRACTS OF JPY 12,500,000)",097741,CME ,097 ,F10,FutOnly
JAPANESE YEN - CHICAGO MERCANTILE EXCHANGE,160419,2016-04-19,097741,CME ,00,097 ,  179888,    6264,   56888,    2560,   37706,   40722,    5853,   85076,   42156,    2130,    9240,    3479,      29,  148858,  153817,   31030,   26071,    6373,    -711,    6416,    1013,    4975,   -1151,     175,    -764,    2592,     315,    3315,    -651,      25,    8343,    8734,   -1970,   -2361,  100.0,    3.5,   31.6,    1.4,   21.0,   22.6,    3.3,   47.3,   23.4,    1.2,    5.1,    1.9,    0.0,   82.8,   85.5,   17.2,   14.5,    120,      5,      9,      4,     15,     20,     10,     29,     33,      8,.,      6,.,     69,     74,    39.1,    39.9,    50.2,    53.4,    39.1,    39.9,    49.8,    52.2,"(CONTRACTS OF JPY 12,500,000)",097741,CME ,097 ,F10,FutOnly
JAPANESE YEN - CHICAGO MERCANTILE EXCHANGE,160412,2016-04-12,097741,CME ,00,097 ,  173515,    6975,   50472,    1547,   32731,   41873,    5678,   85840,   39564,    1815,    5925,    4130,       4,  140515,  145083,   33000,   28432,    6684,    3965,    2566,    1315,   -6364,    -799,     -13,    8153,     223,     -98,    1095,     443,      -2,    8051,    3635,   -1367,    3049,  100.0,    4.0,   29.1,    0.9,   18.9,   24.1,    3.3,   49.5,   22.8,    1.0,    3.4,    2.4,    0.0,   81.0,   83.6,   19.0,   16.4,    115,      5,      9,      4,     16,     17,      9,     31,     27,      9,      4,      6,.,     72,     66,    37.0,    39.4,    46.9,    53.6,    37.0,    39.3,    46.5,    52.2,"(CONTRACTS OF JPY 12,500,000)",097741,CME ,097 ,F10,FutOnly
JAPANESE YEN - CHICAGO MERCANTILE EXCHANGE,160405,2016-04-05,097741,CME ,00,097 ,  166831,    3010,   47906,     232,   39095,   42672,    5691,   77687,   39341,    1913,    4830,    3687,       6,  132464,  141448,   34367,   25383,   18539,    -932,   16510,     -27,    6960,   -3388,    -182,    5637,    9197,    -308,    2242,   -5004,      -7,   13383,   16791,    5156,    1748,  100.0,    1.8,   28.7,    0.1,   23.4,   25.6,    3.4,   46.6,   23.6,    1.1,    2.9,    2.2,    0.0,   79.4,   84.8,   20.6,   15.2,    114,.,     12,      4,     15,     19,     10,     35,     23,      6,.,      4,.,     70,     65,    34.2,    38.6,    44.6,    51.9,    34.2,    38.5,    44.4,    50.9,"(CONTRACTS OF JPY 12,500,000)",097741,CME ,097 ,F10,FutOnly
JAPANESE YEN - CHICAGO MERCANTILE EXCHANGE,160329,2016-03-29,097741,CME ,00,097 ,  148292,    3942,   31396,     259,   32135,   46060,    5873,   72050,   30144,    2221,    2588,    8691,      13,  119081,  124657,   29211,   23635,    1871,    -401,    1692,    -158,     879,    -470,      -8,    -572,    2899,     -76,    2171,    -633,      -3,    1832,    3243,      39,   -1372,  100.0,    2.7,   21.2,    0.2,   21.7,   31.1,    4.0,   48.6,   20.3,    1.5,    1.7,    5.9,    0.0,   80.3,   84.1,   19.7,   15.9,    114,      4,     11,.,     15,     20,     10,     35,     20,      8,.,      7,.,     69,     68,    35.9,    36.0,    46.2,    47.7,    35.9,    35.9,    46.0,    45.5,"(CONTRACTS OF JPY 12,500,000)",097741,CME ,097 ,F10,FutOnly
JAPANESE YEN - CHICAGO MERCANTILE EXCHANGE,160322,2016-03-22,097741,CME ,00,097 ,  146421,    4343,   29704,     417,   31256,   46530,    5881,   72622,   27245,    2297,     417,    9324,      16,  117249,  121414,   29172,   25007,    6337,     638,   13356,     -74,    4950,   -4920,     395,   -3054,   -3355,     123,     -31,     100,      10,    2957,    5635,    3380,     702,  100.0,    3.0,   20.3,    0.3,   21.3,   31.8,    4.0,   49.6,   18.6,    1.6,    0.3,    6.4,    0.0,   80.1,   82.9,   19.9,   17.1,    116,      5,     10,.,     15,     21,     10,     34,     21,      9,.,      8,.,     70,     69,    34.4,    34.7,    44.5,    46.7,    34.4,    34.7,    44.2,    44.7,"(CONTRACTS OF JPY 12,500,000)",097741,CME ,097 ,F10,FutOnly
JAPANESE YEN - CHICAGO MERCANTILE EXCHANGE,160315,2016-03-15,097741,CME ,00,097 ,  140084,    3705,   16348,     491,   26306,   51450,    5486,   75676,   30600,    2174,     448,    9224,       6,  114292,  115779,   25792,   24305, -149795,  -63530,  -96287,  -11540,    -180,     403,   -2762,   -8853,  -19000,  -10689,  -38383,    4448,  -10772, -146709, -146199,   -3086,   -3596,  100.0,    2.6,   11.7,    0.4,   18.8,   36.7,    3.9,   54.0,   21.8,    1.6,    0.3,    6.6,    0.0,   81.6,   82.6,   18.4,   17.4,    119,      4,      8,.,     14,     21,      8,     40,     24,      9,.,      6,.,     71,     68,    35.6,    32.2,    45.0,    43.4,    35.6,    31.9,    44.7,    41.1,"(CONTRACTS OF JPY 12,500,000)",097741,CME ,097 ,F10,FutOnly
JAPANESE YEN - CHICAGO MERCANTILE EXCHANGE,160308,2016-03-08,097741,CME ,00,097 ,  289879,   67235,  112635,   12031,   26486,   51047,    8248,   84529,   49600,   12863,   38831,    4776,   10778,  261001,  261978,   28878,   27901,   28200,   -2846,    4235,    9931,   -3089,     398,    2031,    5787,   -3478,    7260,    -518,     159,    8190,   26746,   28726,    1454,    -526,  100.0,   23.2,   38.9,    4.2,    9.1,   17.6,    2.8,   29.2,   17.1,    4.4,   13.4,    1.6,    3.7,   90.0,   90.4,   10.0,    9.6,    128,      7,     10,      6,     15,     21,     11,     37,     26,     23,      5,      4,.,     87,     84,    53.3,    51.7,    61.3,    62.2,    46.7,    50.5,    54.4,    57.4,"(CONTRACTS OF JPY 12,500,000)",097741,CME ,097 ,F10,FutOnly
JAPANESE YEN - CHICAGO MERCANTILE EXCHANGE,160301,2016-03-01,097741,CME ,00,097 ,  261679,   70081,  108400,    2100,   29575,   50649,    6217,   78742,   53078,    5603,   39349,    4617,    2588,  234255,  233252,   27424,   28427,    4615,    -792,    3183,    1689,    -836,   -6238,     640,    5117,   -4626,    2588,   -2875,    2784,    2264,    7795,    2284,   -3180,    2331,  100.0,   26.8,   41.4,    0.8,   11.3,   19.4,    2.4,   30.1,   20.3,    2.1,   15.0,    1.8,    1.0,   89.5,   89.1,   10.5,   10.9,    132,      6,     13,      5,     15,     21,      9,     39,     24,     20,      6,      8,.,     82,     87,    49.8,    54.2,    58.9,    63.2,    49.7,    53.5,    58.7,    60.9,"(CONTRACTS OF JPY 12,500,000)",097741,CME ,097 ,F10,FutOnly
JAPANESE YEN - CHICAGO MERCANTILE EXCHANGE,160223,2016-02-23,097741,CME ,00,097 ,  257064,   70873,  105217,     411,   30411,   56887,    5577,   73625,   57704,    3015,   42224,    1833,     324,  226460,  230968,   30604,   26096,    8079,      13,    7895,     313,     317,     251,      68,    4369,    3757,     187,    1943,   -4311,     106,    7316,    8266,     763,    -187,  100.0,   27.6,   40.9,    0.2,   11.8,   22.1,    2.2,   28.6,   22.4,    1.2,   16.4,    0.7,    0.1,   88.1,   89.8,   11.9,   10.2,    128,      6,     13,.,     13,     21,      9,     35,     29,     17,      7,      4,.,     77,     83,    49.4,    53.7,    59.0,    63.7,    49.3,    53.5,    58.9,    62.7,"(CONTRACTS OF JPY 12,500,000)",097741,CME ,097 ,F10,FutOnly
JAPANESE YEN - CHICAGO MERCANTILE EXCHANGE,160216,2016-02-16,097741,CME ,00,097 ,  248985,   70860,   97322,      98,   30094,   56636,    5509,   69256,   53947,    2828,   40281,    6144,     218,  219144,  222702,   29841,   26283,   11904,     456,    7566,    -225,    1748,    6224,    -196,    6915,   -2949,      69,    -103,    4164,     -18,    8646,   14635,    3258,   -2731,  100.0,   28.5,   39.1,    0.0,   12.1,   22.7,    2.2,   27.8,   21.7,    1.1,   16.2,    2.5,    0.1,   88.0,   89.4,   12.0,   10.6,    126,      6,     13,.,     14,     20,      9,     33,     28,     19,      7,      5,.,     75,     85,    48.7,    52.6,    59.1,    62.9,    48.6,    52.4,    59.0,    61.4,"(CONTRACTS OF JPY 12,500,000)",097741,CME ,097 ,F10,FutOnly
JAPANESE YEN - CHICAGO MERCANTILE EXCHANGE,160209,2016-02-09,097741,CME ,00,097 ,  237081,   70404,   89756,     323,   28346,   50412,    5705,   62341,   56896,    2759,   40384,    1980,     236,  210498,  208067,   26583,   29014,    -208,     501,   18702,     185,    4575,  -12091,      38,  -10298,     335,    -194,      13,   -4431,     157,   -5023,    2701,    4815,   -2909,  100.0,   29.7,   37.9,    0.1,   12.0,   21.3,    2.4,   26.3,   24.0,    1.2,   17.0,    0.8,    0.1,   88.8,   87.8,   11.2,   12.2,    129,      7,     11,.,     15,     20,     10,     35,     28,     16,      9,      4,.,     82,     79,    48.4,    52.2,    59.1,    62.4,    48.4,    51.9,    59.1,    60.8,"(CONTRACTS OF JPY 12,500,000)",097741,CME ,097 ,F10,FutOnly
JAPANESE YEN - CHICAGO MERCANTILE EXCHANGE,160202,2016-02-02,097741,CME ,00,097 ,  237289,   69903,   71054,     138,   23771,   62503,    5667,   72639,   56561,    2953,   40371,    6411,      79,  215521,  205366,   21768,   31923,  -13422,    4471,  -21582,      65,   -4484,    3713,      36,   -4910,   -3258,     336,     839,    2273,      29,   -3618,  -18388,   -9804,    4966,  100.0,   29.5,   29.9,    0.1,   10.0,   26.3,    2.4,   30.6,   23.8,    1.2,   17.0,    2.7,    0.0,   90.8,   86.5,    9.2,   13.5,    130,      8,      9,      4,     13,     25,      9,     36,     26,     14,      7,      6,.,     75,     85,    54.2,    47.8,    63.7,    56.8,    54.2,    47.7,    63.7,    55.8,"(CONTRACTS OF JPY 12,500,000)",097741,CME ,097 ,F10,FutOnly
JAPANESE YEN - CHICAGO MERCANTILE EXCHANGE,160126,2016-01-26,097741,CME ,00,097 ,  250711,   65432,   92636,      73,   28255,   58790,    5631,   77549,   59819,    2617,   39532,    4138,      50,  219139,  223754,   31572,   26957,    3097,   -2430,    9821,    -106,    -511,   -1967,     -66,    6071,   -1947,    -333,    1380,     454,      17,    4022,    5873,    -925,   -2776,  100.0,   26.1,   36.9,    0.0,   11.3,   23.4,    2.2,   30.9,   23.9,    1.0,   15.8,    1.7,    0.0,   87.4,   89.2,   12.6,   10.8,    134,      7,     10,.,     16,     25,     10,     34,     29,     16,      7,      6,.,     81,     84,    53.7,    51.7,    62.5,    60.9,    53.7,    51.6,    62.5,    59.6,"(CONTRACTS OF JPY 12,500,000)",097741,CME ,097 ,F10,FutOnly
JAPANESE YEN - CHICAGO MERCANTILE EXCHANGE,160119,2016-01-19,097741,CME ,00,097 ,  247614,   67862,   82815,     179,   28766,   60757,    5697,   71478,   61766,    2950,   38152,    3684,      33,  215117,  217881,   32497,   29733,    6248,   -3074,   14920,     -31,     530,   -3252,     -66,    5791,   -3114,     685,     143,    -979,       0,    3978,    8163,    2270,   -1915,  100.0,   27.4,   33.4,    0.1,   11.6,   24.5,    2.3,   28.9,   24.9,    1.2,   15.4,    1.5,    0.0,   86.9,   88.0,   13.1,   12.0,    123,      6,     10,.,     15,     22,      9,     30,     31,     12,.,      8,.,     69,     79,    54.0,    48.1,    62.2,    59.8,    54.0,    48.0,    62.2,    58.6,"(CONTRACTS OF JPY 12,500,000)",097741,CME ,097 ,F10,FutOnly
JAPANESE YEN - CHICAGO MERCANTILE EXCHANGE,160112,2016-01-12,097741,CME ,00,097 ,  241366,   70936,   67895,     210,   28236,   64009,    5763,   65687,   64880,    2265,   38009,    4663,      33,  211139,  209718,   30227,   31648,   20659,    2140,   32803,      12,   -2782,   -4916,     -63,   16061,   -8683,    -449,   -1411,    2029,    -386,   13122,   20347,    7537,     312,  100.0,   29.4,   28.1,    0.1,   11.7,   26.5,    2.4,   27.2,   26.9,    0.9,   15.7,    1.9,    0.0,   87.5,   86.9,   12.5,   13.1,    121,      8,      8,.,     16,     21,      9,     28,     32,      9,.,      6,.,     68,     75,    53.9,    44.2,    61.8,    58.3,    53.9,    44.2,    61.8,    57.4,"(CONTRACTS OF JPY 12,500,000)",097741,CME ,097 ,F10,FutOnly
JAPANESE YEN - CHICAGO MERCANTILE EXCHANGE,160105,2016-01-05,097741,CME ,00,097 ,  220707,   68796,   35092,     198,   31018,   68925,    5826,   49626,   73563,    2714,   39420,    2634,     419,  198017,  189371,   22690,   31336,   23882,   -4849,   24153,     175,    5608,    4898,    -138,   18636,   -2155,     280,    -357,    1050,      16,   19371,   28279,    4511,   -4397,  100.0,   31.2,   15.9,    0.1,   14.1,   31.2,    2.6,   22.5,   33.3,    1.2,   17.9,    1.2,    0.2,   89.7,   85.8,   10.3,   14.2,    120,      7,      6,.,     15,     21,     10,     32,     30,     11,      4,      5,.,     72,     75,    54.3,    37.5,    63.1,    52.5,    54.3,    37.4,    63.1,    52.1,"(CONTRACTS OF JPY 12,500,000)",097741,CME ,097 ,F10,FutOnly
EURO FX - CHICAGO MERCANTILE EXCHANGE,161227,2016-12-27,099741,CME ,00,099 ,  405681,  119877,   47960,     903,  138677,   99968,   13726,   40745,  145933,    6674,   30014,   25904,    2905,  353521,  343973,   52160,   61708,    6092,    5406,      25,      44,   -1632,    3626,    -178,    3656,    3915,    -756,    -612,     558,     -66,    5862,    7168,     230,   -1076,  100.0,   29.5,   11.8,    0.2,   34.2,   24.6,    3.4,   10.0,   36.0,    1.6,    7.4,    6.4,    0.7,   87.1,   84.8,   12.9,   15.2,    242,     17,     11,      8,     42,     35,     31,     23,     67,     17,     23,     23,     10,    131,    177,    37.2,    24.7,    48.9,    37.5,    37.0,    24.7,    48.1,    37.5,"(CONTRACTS OF EUR 125,000)",099741,CME ,099 ,F10,FutOnly
EURO FX - CHICAGO MERCANTILE EXCHANGE,161220,2016-12-20,099741,CME ,00,099 ,  399589,  114471,   47935,     859,  140309,   96342,   13904,   37089,  142018,    7430,   30626,   25346,    2971,  347659,  336805,   51930,   62784,  -48090,    9049,   21530,  -52286,    1207,    2365,       0,    -750,  -13146,     -72,     306,      -3,   -3725,  -46271,  -45337,   -1819,   -2753,  100.0,   28.6,   12.0,    0.2,   35.1,   24.1,    3.5,    9.3,   35.5,    1.9,    7.7,    6.3,    0.7,   87.0,   84.3,   13.0,   15.7,    236,     18,      9,      8,     43,     35,     32,     22,     62,     16,     24,     22,      9,    132,    169,    38.0,    25.0,    49.8,    36.9,    37.8,    24.9,    49.1,    36.9,"(CONTRACTS OF EUR 125,000)",099741,CME ,099 ,F10,FutOnly
EURO FX - CHICAGO MERCANTILE EXCHANGE,161213,2016-12-13,099741,CME ,00,099 ,  447679,  105422,   26405,   53145,  139102,   93977,   13904,   37839,  155164,    7502,   30320,   25349,    6696,  393930,  382142,   53749,   65537,   14442,  -23748,    -342,   35607,    1505,   -8613,   -1411,   -7067,  -16206,   -1516,    3918,      41,    5276,   12564,   12836,    1878,    1606,  100.0,   23.5,    5.9,   11.9,   31.1,   21.0,    3.1,    8.5,   34.7,    1.7,    6.8,    5.7,    1.5,   88.0,   85.4,   12.0,   14.6,    241,     18,     11,     15,     44,     34,     31,     20,     63,     20,     27,     23,     11,    139,    179,    34.2,    24.0,    46.6,    36.1,    26.6,    21.6,    37.7,    28.7,"(CONTRACTS OF EUR 125,000)",099741,CME ,099 ,F10,FutOnly
EURO FX - CHICAGO MERCANTILE EXCHANGE,161206,2016-12-06,099741,CME ,00,099 ,  433237,  129170,   26747,   17538,  137597,  102590,   15315,   44906,  171370,    9018,   26402,   25308,    1420,  381366,  369306,   51871,   63931,  -13953,  -12999,    5967,    2399,   -4430,    3862,     710,    1480,  -28422,    -380,    1943,    2081,     134,  -11143,  -13649,   -2810,    -304,  100.0,   29.8,    6.2,    4.0,   31.8,   23.7,    3.5,   10.4,   39.6,    2.1,    6.1,    5.8,    0.3,   88.0,   85.2,   12.0,   14.8,    256,     18,     12,     14,     47,     35,     35,     24,     67,     18,     26,     25,     11,    146,    188,    34.7,    26.6,    46.4,    36.9,    32.5,    26.5,    44.0,    34.9,"(CONTRACTS OF EUR 125,000)",099741,CME ,099 ,F10,FutOnly
EURO FX - CHICAGO MERCANTILE EXCHANGE,161129,2016-11-29,099741,CME ,00,099 ,  447190,  142169,   20780,   15139,  142027,   98728,   14605,   43426,  199792,    9398,   24459,   23227,    1286,  392509,  382955,   54681,   64235,   12422,    9376,    1888,     -87,    3154,    1356,    -328,   -1628,   18817,    1487,    -647,   -8638,     122,   11449,   14617,     973,   -2195,  100.0,   31.8,    4.6,    3.4,   31.8,   22.1,    3.3,    9.7,   44.7,    2.1,    5.5,    5.2,    0.3,   87.8,   85.6,   12.2,   14.4,    250,     19,     11,     12,     46,     36,     36,     25,     68,     19,     24,     20,      9,    143,    183,    34.0,    30.3,    45.3,    39.5,    32.0,    30.2,    43.1,    38.1,"(CONTRACTS OF EUR 125,000)",099741,CME ,099 ,F10,FutOnly
EURO FX - CHICAGO MERCANTILE EXCHANGE,161122,2016-11-22,099741,CME ,00,099 ,  434768,  132793,   18892,   15226,  138873,   97372,   14933,   45054,  180975,    7911,   25106,   31865,    1164,  381060,  368338,   53708,   66430,   19016,    6253,   -6917,     817,   -1253,    1105,    2329,    5178,   11740,    -188,    2417,    5735,     208,   15761,   14829,    3255,    4187,  100.0,   30.5,    4.3,    3.5,   31.9,   22.4,    3.4,   10.4,   41.6,    1.8,    5.8,    7.3,    0.3,   87.6,   84.7,   12.4,   15.3,    251,     19,     13,     13,     46,     35,     36,     24,     65,     18,     26,     22,      8,    143,    183,    34.6,    27.9,    46.2,    36.5,    32.6,    27.9,    43.9,    35.8,"(CONTRACTS OF EUR 125,000)",099741,CME ,099 ,F10,FutOnly
EURO FX - CHICAGO MERCANTILE EXCHANGE,161115,2016-11-15,099741,CME ,00,099 ,  415752,  126540,   25809,   14409,  140126,   96267,   12604,   39876,  169235,    8099,   22689,   26130,     956,  365299,  353509,   50453,   62243,   -2255,  -12806,    -453,     696,     300,   -2088,     -68,     162,   -5377,    -590,    3822,    2873,    -615,   -9099,   -5622,    6844,    3367,  100.0,   30.4,    6.2,    3.5,   33.7,   23.2,    3.0,    9.6,   40.7,    1.9,    5.5,    6.3,    0.2,   87.9,   85.0,   12.1,   15.0,    247,     19,     13,     13,     46,     33,     35,     26,     64,     20,     26,     19,      7,    142,    180,    34.5,    26.7,    46.6,    36.4,    32.4,    26.7,    44.3,    35.7,"(CONTRACTS OF EUR 125,000)",099741,CME ,099 ,F10,FutOnly
EURO FX - CHICAGO MERCANTILE EXCHANGE,161108,2016-11-08,099741,CME ,00,099 ,  418007,  139346,   26262,   13713,  139826,   98355,   12672,   39714,  174612,    8689,   18867,   23257,    1571,  374398,  359131,   43609,   58876,  -26495,  -24691,   13914,    2096,    2755,   -5649,    -150,   -4234,  -26926,   -2404,    1500,   -2272,     -84,  -25212,  -21475,   -1283,   -5020,  100.0,   33.3,    6.3,    3.3,   33.5,   23.5,    3.0,    9.5,   41.8,    2.1,    4.5,    5.6,    0.4,   89.6,   85.9,   10.4,   14.1,    248,     19,     14,     12,     45,     35,     36,     29,     57,     18,     25,     23,     11,    148,    177,    36.7,    29.3,    48.7,    39.8,    34.6,    29.3,    46.4,    39.4,"(CONTRACTS OF EUR 125,000)",099741,CME ,099 ,F10,FutOnly
EURO FX - CHICAGO MERCANTILE EXCHANGE,161101,2016-11-01,099741,CME ,00,099 ,  444502,  164037,   12348,   11617,  137071,  104004,   12822,   43948,  201538,   11093,   17367,   25529,    1655,  399610,  380606,   44892,   63896,   -3969,    7162,     546,      27,      28,   -5093,    1398,   -8798,   -3515,    4190,    -511,    1166,   -1879,    1617,   -3160,   -5586,    -809,  100.0,   36.9,    2.8,    2.6,   30.8,   23.4,    2.9,    9.9,   45.3,    2.5,    3.9,    5.7,    0.4,   89.9,   85.6,   10.1,   14.4,    252,     19,     13,     10,     47,     35,     33,     29,     62,     16,     23,     23,      9,    143,    177,    37.7,    31.3,    49.0,    41.2,    35.8,    31.2,    46.9,    40.6,"(CONTRACTS OF EUR 125,000)",099741,CME ,099 ,F10,FutOnly
EURO FX - CHICAGO MERCANTILE EXCHANGE,161025,2016-10-25,099741,CME ,00,099 ,  448471,  156875,   11802,   11590,  137043,  109097,   11424,   52746,  205053,    6903,   17878,   24363,    3534,  397993,  383766,   50478,   64705,   35288,   28411,     763,    1457,  -14435,     968,    -662,   16522,   29677,    -574,    -633,     369,     452,   30538,   32450,    4750,    2838,  100.0,   35.0,    2.6,    2.6,   30.6,   24.3,    2.5,   11.8,   45.7,    1.5,    4.0,    5.4,    0.8,   88.7,   85.6,   11.3,   14.4,    247,     20,     11,      9,     46,     35,     33,     29,     60,     17,     23,     21,     11,    141,    176,    34.9,    29.0,    46.8,    39.7,    33.0,    29.0,    44.7,    39.6,"(CONTRACTS OF EUR 125,000)",099741,CME ,099 ,F10,FutOnly
EURO FX - CHICAGO MERCANTILE EXCHANGE,161018,2016-10-18,099741,CME ,00,099 ,  413183,  128464,   11039,   10133,  151478,  108129,   12086,   36224,  175376,    7477,   18511,   23994,    3082,  367455,  351316,   45728,   61867,   34409,   25655,    -974,    -182,    5586,    3929,     367,    2789,   32745,     116,    -287,    -820,     331,   34375,   35512,      34,   -1103,  100.0,   31.1,    2.7,    2.5,   36.7,   26.2,    2.9,    8.8,   42.4,    1.8,    4.5,    5.8,    0.7,   88.9,   85.0,   11.1,   15.0,    242,     21,      8,      8,     45,     35,     31,     26,     58,     15,     27,     20,     11,    139,    168,    31.8,    27.0,    45.5,    38.3,    29.8,    27.0,    43.2,    38.0,"(CONTRACTS OF EUR 125,000)",099741,CME ,099 ,F10,FutOnly
EURO FX - CHICAGO MERCANTILE EXCHANGE,161011,2016-10-11,099741,CME ,00,099 ,  378774,  102809,   12013,   10315,  145892,  104200,   11719,   33435,  142631,    7361,   18798,   24814,    2751,  333080,  315804,   45694,   62970,   31131,   22744,    3549,    2321,    3641,    2297,   -1394,    1467,   22450,     433,    2593,     158,      47,   31852,   29861,    -721,    1270,  100.0,   27.1,    3.2,    2.7,   38.5,   27.5,    3.1,    8.8,   37.7,    1.9,    5.0,    6.6,    0.7,   87.9,   83.4,   12.1,   16.6,    230,     19,     11,      8,     40,     35,     30,     28,     47,     18,     27,     20,     11,    135,    162,    30.6,    25.4,    44.1,    36.6,    29.2,    25.4,    41.7,    36.1,"(CONTRACTS OF EUR 125,000)",099741,CME ,099 ,F10,FutOnly
EURO FX - CHICAGO MERCANTILE EXCHANGE,161004,2016-10-04,099741,CME ,00,099 ,  347643,   80065,    8464,    7994,  142251,  101903,   13113,   31968,  120181,    6928,   16205,   24656,    2704,  301228,  285943,   46415,   61700,   19153,    5027,   -1389,    3270,    7213,     712,    -152,    4199,   12752,    -531,   -3085,   -2194,    1859,   17800,   14327,    1353,    4826,  100.0,   23.0,    2.4,    2.3,   40.9,   29.3,    3.8,    9.2,   34.6,    2.0,    4.7,    7.1,    0.8,   86.6,   82.3,   13.4,   17.7,    222,     19,      9,      7,     40,     36,     30,     27,     44,     14,     25,     20,     12,    137,    148,    30.8,    26.6,    42.8,    37.9,    30.6,    26.6,    42.2,    37.5,"(CONTRACTS OF EUR 125,000)",099741,CME ,099 ,F10,FutOnly
EURO FX - CHICAGO MERCANTILE EXCHANGE,160927,2016-09-27,099741,CME ,00,099 ,  328490,   75038,    9853,    4724,  135038,  101191,   13265,   27769,  107429,    7459,   19290,   26850,     845,  283428,  271616,   45062,   56874,    3965,  -12180,    2099,    3777,    9599,   -1432,   -1095,   -1367,   -3884,    3563,     944,    3319,     265,    3506,    6612,     459,   -2647,  100.0,   22.8,    3.0,    1.4,   41.1,   30.8,    4.0,    8.5,   32.7,    2.3,    5.9,    8.2,    0.3,   86.3,   82.7,   13.7,   17.3,    222,     17,     11,      9,     37,     37,     29,     28,     41,     18,     24,     25,     10,    134,    154,    32.0,    24.7,    44.6,    36.5,    31.8,    24.7,    44.1,    36.0,"(CONTRACTS OF EUR 125,000)",099741,CME ,099 ,F10,FutOnly
EURO FX - CHICAGO MERCANTILE EXCHANGE,160920,2016-09-20,099741,CME ,00,099 ,  324525,   87218,    7754,     947,  125439,  102623,   14360,   29136,  111313,    3896,   18346,   23531,     580,  279922,  265004,   44603,   59521,  -55099,  -25433,  -16881,   -6593,   -1245,    6716,   -2195,      91,    -287,  -17820,    2719,   -6586,   -3310,  -53786,  -46956,   -1313,   -8143,  100.0,   26.9,    2.4,    0.3,   38.7,   31.6,    4.4,    9.0,   34.3,    1.2,    5.7,    7.3,    0.2,   86.3,   81.7,   13.7,   18.3,    220,     19,      8,      7,     38,     38,     32,     24,     48,     13,     23,     20,      8,    128,    152,    29.9,    24.1,    42.6,    36.0,    29.7,    24.1,    42.0,    35.4,"(CONTRACTS OF EUR 125,000)",099741,CME ,099 ,F10,FutOnly
EURO FX - CHICAGO MERCANTILE EXCHANGE,160913,2016-09-13,099741,CME ,00,099 ,  379624,  112651,   24635,    7540,  126684,   95907,   16555,   29045,  111600,   21716,   15627,   30117,    3890,  333708,  311960,   45916,   67664,    3639,   -4617,    8402,   -2847,     252,   -7211,     111,   -3864,   -8921,   11012,      67,   -1470,    3155,    3269,    2231,     370,    1408,  100.0,   29.7,    6.5,    2.0,   33.4,   25.3,    4.4,    7.7,   29.4,    5.7,    4.1,    7.9,    1.0,   87.9,   82.2,   12.1,   17.8,    212,     18,      9,     14,     37,     37,     31,     24,     46,     27,     20,     17,     12,    134,    162,    25.4,    21.3,    38.2,    34.0,    25.3,    21.3,    37.6,    32.9,"(CONTRACTS OF EUR 125,000)",099741,CME ,099 ,F10,FutOnly
EURO FX - CHICAGO MERCANTILE EXCHANGE,160906,2016-09-06,099741,CME ,00,099 ,  375985,  117268,   16233,   10387,  126432,  103118,   16444,   32909,  120521,   10704,   15560,   31587,     735,  330439,  309729,   45546,   66256,   11142,   10515,    -708,    7126,   -2883,     735,     350,   -8001,   -3386,    6514,   -2404,   -1241,    -338,   10879,    9052,     263,    2090,  100.0,   31.2,    4.3,    2.8,   33.6,   27.4,    4.4,    8.8,   32.1,    2.8,    4.1,    8.4,    0.2,   87.9,   82.4,   12.1,   17.6,    225,     21,      8,     12,     41,     35,     32,     29,     47,     22,     21,     21,     11,    137,    165,    27.1,    24.4,    40.2,    36.0,    24.9,    24.4,    37.5,    35.6,"(CONTRACTS OF EUR 125,000)",099741,CME ,099 ,F10,FutOnly
EURO FX - CHICAGO MERCANTILE EXCHANGE,160830,2016-08-30,099741,CME ,00,099 ,  364843,  106753,   16941,    3261,  129315,  102383,   16094,   40910,  123907,    4190,   17964,   32828,    1073,  319560,  300677,   45283,   64166,     799,    5052,   -6482,   -1340,   -1199,    4597,    -437,    3713,    3614,    -782,   -1428,      42,      24,    3603,    -764,   -2804,    1563,  100.0,   29.3,    4.6,    0.9,   35.4,   28.1,    4.4,   11.2,   34.0,    1.1,    4.9,    9.0,    0.3,   87.6,   82.4,   12.4,   17.6,    221,     20,      8,      6,     41,     35,     29,     28,     45,     16,     24,     19,     12,    131,    153,    25.6,    25.5,    38.0,    37.4,    25.2,    25.5,    37.4,    37.3,"(CONTRACTS OF EUR 125,000)",099741,CME ,099 ,F10,FutOnly
EURO FX - CHICAGO MERCANTILE EXCHANGE,160823,2016-08-23,099741,CME ,00,099 ,  364044,  101701,   23423,    4601,  130514,   97786,   16531,   37197,  120293,    4972,   19392,   32786,    1049,  315957,  301441,   48087,   62603,   -1993,  -10527,   12324,    1207,    4070,     330,   -1214,    3328,  -12201,    -248,    -353,   -2554,     -40,   -3777,   -2396,    1784,     403,  100.0,   27.9,    6.4,    1.3,   35.9,   26.9,    4.5,   10.2,   33.0,    1.4,    5.3,    9.0,    0.3,   86.8,   82.8,   13.2,   17.2,    219,     19,      9,      7,     41,     34,     30,     26,     46,     17,     23,     19,     11,    128,    156,    25.6,    24.8,    37.7,    36.7,    25.1,    24.8,    37.1,    36.6,"(CONTRACTS OF EUR 125,000)",099741,CME ,099 ,F10,FutOnly
EURO FX - CHICAGO MERCANTILE EXCHANGE,160816,2016-08-16,099741,CME ,00,099 ,  366037,  112228,   11099,    3394,  126444,   97456,   17745,   33869,  132494,    5220,   19745,   35340,    1089,  319734,  303837,   46303,   62200,   -2656,  -14798,     117,     412,    4748,    2310,   -1181,    3401,   -1772,     477,    -272,   -2358,    -147,   -7360,   -2142,    4704,    -514,  100.0,   30.7,    3.0,    0.9,   34.5,   26.6,    4.8,    9.3,   36.2,    1.4,    5.4,    9.7,    0.3,   87.4,   83.0,   12.6,   17.0,    228,     21,      8,      8,     40,     36,     32,     28,     47,     17,     24,     22,     10,    133,    162,    25.3,    27.5,    38.3,    38.6,    24.9,    27.5,    37.5,    38.5,"(CONTRACTS OF EUR 125,000)",099741,CME ,099 ,F10,FutOnly
EURO FX - CHICAGO MERCANTILE EXCHANGE,160809,2016-08-09,099741,CME ,00,099 ,  368693,  127026,   10982,    2982,  121696,   95146,   18926,   30468,  134266,    4743,   20017,   37698,    1236,  327094,  305979,   41599,   62714,   -9807,    4398,     671,      37,   -3109,    -688,   -1830,   -4315,   -8800,     -86,    -659,    -760,     288,   -5276,  -11168,   -4531,    1361,  100.0,   34.5,    3.0,    0.8,   33.0,   25.8,    5.1,    8.3,   36.4,    1.3,    5.4,   10.2,    0.3,   88.7,   83.0,   11.3,   17.0,    232,     21,      8,      7,     37,     36,     29,     24,     57,     18,     25,     22,     11,    130,    167,    25.8,    28.7,    40.6,    39.7,    25.5,    28.7,    39.7,    39.6,"(CONTRACTS OF EUR 125,000)",099741,CME ,099 ,F10,FutOnly
EURO FX - CHICAGO MERCANTILE EXCHANGE,160802,2016-08-02,099741,CME ,00,099 ,  378500,  122628,   10311,    2945,  124805,   95834,   20756,   34783,  143066,    4829,   20676,   38458,     948,  332370,  317147,   46130,   61353,  -21535,  -19583,     176,     620,    2861,   -2424,    2051,  -10625,  -14245,    -765,     556,   -2386,    -453,  -25338,  -17426,    3803,   -4109,  100.0,   32.4,    2.7,    0.8,   33.0,   25.3,    5.5,    9.2,   37.8,    1.3,    5.5,   10.2,    0.3,   87.8,   83.8,   12.2,   16.2,    235,     19,     10,      9,     40,     37,     33,     32,     47,     20,     25,     23,     10,    140,    167,    25.1,    28.8,    39.3,    39.0,    24.8,    28.8,    38.3,    39.0,"(CONTRACTS OF EUR 125,000)",099741,CME ,099 ,F10,FutOnly
EURO FX - CHICAGO MERCANTILE EXCHANGE,160726,2016-07-26,099741,CME ,00,099 ,  400035,  142211,   10135,    2325,  121944,   98258,   18705,   45408,  157311,    5594,   20120,   40844,    1401,  357708,  334573,   42327,   65462,   11130,   10614,      80,     101,    2971,    2397,     314,   -2366,    4489,   -1028,    -831,    4651,    -341,    9434,   10663,    1696,     467,  100.0,   35.5,    2.5,    0.6,   30.5,   24.6,    4.7,   11.4,   39.3,    1.4,    5.0,   10.2,    0.4,   89.4,   83.6,   10.6,   16.4,    239,     20,      8,      9,     36,     38,     29,     29,     59,     14,     25,     23,     11,    131,    171,    28.7,    28.9,    43.0,    38.5,    28.7,    28.9,    42.2,    38.4,"(CONTRACTS OF EUR 125,000)",099741,CME ,099 ,F10,FutOnly
EURO FX - CHICAGO MERCANTILE EXCHANGE,160719,2016-07-19,099741,CME ,00,099 ,  388905,  131597,   10055,    2224,  118973,   95861,   18391,   47774,  152822,    6622,   20951,   36193,    1742,  348274,  323910,   40631,   64995,   18533,   13739,     520,     149,   -1796,   -3163,     180,    3385,   16561,    -295,    3209,     744,     285,   18856,   14981,    -323,    3552,  100.0,   33.8,    2.6,    0.6,   30.6,   24.6,    4.7,   12.3,   39.3,    1.7,    5.4,    9.3,    0.4,   89.6,   83.3,   10.4,   16.7,    235,     19,      9,      9,     34,     39,     28,     29,     56,     16,     24,     22,     12,    128,    172,    27.3,    29.5,    41.3,    38.3,    27.1,    29.5,    40.4,    38.2,"(CONTRACTS OF EUR 125,000)",099741,CME ,099 ,F10,FutOnly
EURO FX - CHICAGO MERCANTILE EXCHANGE,160712,2016-07-12,099741,CME ,00,099 ,  370372,  117858,    9535,    2075,  120769,   99024,   18211,   44389,  136261,    6917,   17742,   35449,    1457,  329418,  308929,   40954,   61443,    7723,   11081,    1922,     308,    2271,   -5210,    1442,   -6158,   11059,    -768,    -296,   -2939,    -755,    7125,    5059,     598,    2664,  100.0,   31.8,    2.6,    0.6,   32.6,   26.7,    4.9,   12.0,   36.8,    1.9,    4.8,    9.6,    0.4,   88.9,   83.4,   11.1,   16.6,    220,     18,      8,     10,     36,     38,     27,     28,     47,     17,     22,     21,     12,    126,    160,    27.9,    29.4,    41.2,    38.3,    27.4,    29.4,    40.2,    38.3,"(CONTRACTS OF EUR 125,000)",099741,CME ,099 ,F10,FutOnly
EURO FX - CHICAGO MERCANTILE EXCHANGE,160705,2016-07-05,099741,CME ,00,099 ,  362649,  106777,    7613,    1767,  118498,  104234,   16769,   50547,  125202,    7685,   18038,   38388,    2212,  322293,  303870,   40356,   58779,   25376,   22692,   -1257,    -248,   -1934,    2993,   -1217,    1421,   17265,    2790,    2291,    1765,     314,   26109,   22405,    -733,    2971,  100.0,   29.4,    2.1,    0.5,   32.7,   28.7,    4.6,   13.9,   34.5,    2.1,    5.0,   10.6,    0.6,   88.9,   83.8,   11.1,   16.2,    230,     19,      9,     10,     36,     38,     26,     32,     50,     19,     21,     23,     12,    131,    166,    27.3,    27.6,    40.9,    36.4,    26.9,    27.6,    40.0,    36.4,"(CONTRACTS OF EUR 125,000)",099741,CME ,099 ,F10,FutOnly
EURO FX - CHICAGO MERCANTILE EXCHANGE,160628,2016-06-28,099741,CME ,00,099 ,  337273,   84085,    8870,    2015,  120432,  101241,   17986,   49126,  107937,    4895,   15747,   36623,    1898,  296184,  281465,   41089,   55808,   19873,    1669,   -2111,    -684,   -7404,    3301,    3596,   28355,    8545,   -1128,   -2296,    7922,     722,   22830,   20163,   -2957,    -290,  100.0,   24.9,    2.6,    0.6,   35.7,   30.0,    5.3,   14.6,   32.0,    1.5,    4.7,   10.9,    0.6,   87.8,   83.5,   12.2,   16.5,    225,     20,      8,     10,     34,     39,     28,     30,     49,     13,     20,     23,     10,    128,    158,    27.5,    24.5,    39.8,    34.0,    27.0,    24.5,    38.7,    33.9,"(CONTRACTS OF EUR 125,000)",099741,CME ,099 ,F10,FutOnly
EURO FX - CHICAGO MERCANTILE EXCHANGE,160621,2016-06-21,099741,CME ,00,099 ,  317400,   82416,   10981,    2699,  127836,   97940,   14390,   20771,   99392,    6023,   18043,   28701,    1176,  273354,  261302,   44046,   56098,   -8002,    3202,     751,     629,    2188,   -3998,     851,  -13974,   -5427,    1789,   -3187,    -933,     442,   -8060,   -5896,      58,   -2106,  100.0,   26.0,    3.5,    0.9,   40.3,   30.9,    4.5,    6.5,   31.3,    1.9,    5.7,    9.0,    0.4,   86.1,   82.3,   13.9,   17.7,    216,     19,      8,      8,     37,     35,     28,     28,     45,     15,     19,     23,     10,    129,    148,    28.6,    25.1,    43.0,    35.4,    28.1,    25.1,    42.1,    35.3,"(CONTRACTS OF EUR 125,000)",099741,CME ,099 ,F10,FutOnly
EURO FX - CHICAGO MERCANTILE EXCHANGE,160614,2016-06-14,099741,CME ,00,099 ,  325402,   79214,   10230,    2070,  125648,  101938,   13539,   34745,  104819,    4234,   21230,   29634,     734,  281414,  267198,   43988,   58204,  -60608,   10089,  -21615,  -14576,    1302,    3650,   -2478,   -5843,     148,  -22539,  -13054,    8521,     184,  -46915,  -48705,  -13693,  -11903,  100.0,   24.3,    3.1,    0.6,   38.6,   31.3,    4.2,   10.7,   32.2,    1.3,    6.5,    9.1,    0.2,   86.5,   82.1,   13.5,   17.9,    222,     18,      8,      6,     38,     37,     25,     27,     46,     11,     21,     25,     10,    127,    147,    27.4,    25.1,    41.5,    35.2,    26.9,    25.1,    40.6,    35.1,"(CONTRACTS OF EUR 125,000)",099741,CME ,099 ,F10,FutOnly
EURO FX - CHICAGO MERCANTILE EXCHANGE,160607,2016-06-07,099741,CME ,00,099 ,  386010,   69125,   31845,   16646,  124346,   98288,   16017,   40588,  104671,   26773,   34284,   21113,     550,  328329,  315903,   57681,   70107,   29832,   -6384,     275,   11051,     929,   -4138,    1437,   -6515,   -4006,   18236,    2100,   -1367,    -101,   20753,   21387,    9079,    8445,  100.0,   17.9,    8.2,    4.3,   32.2,   25.5,    4.1,   10.5,   27.1,    6.9,    8.9,    5.5,    0.1,   85.1,   81.8,   14.9,   18.2,    221,     14,     11,     12,     39,     31,     28,     32,     50,     27,     19,     23,      9,    140,    157,    22.6,    21.6,    36.7,    33.1,    22.2,    20.3,    36.1,    30.4,"(CONTRACTS OF EUR 125,000)",099741,CME ,099 ,F10,FutOnly
EURO FX - CHICAGO MERCANTILE EXCHANGE,160531,2016-05-31,099741,CME ,00,099 ,  356178,   75509,   31570,    5595,  123417,  102426,   14580,   47103,  108677,    8537,   32184,   22480,     651,  307576,  294516,   48602,   61662,    5936,    7150,   -8995,     282,    1770,     156,    -884,    2965,   15705,    -310,   -1645,     920,    -847,    8481,    6027,   -2545,     -91,  100.0,   21.2,    8.9,    1.6,   34.7,   28.8,    4.1,   13.2,   30.5,    2.4,    9.0,    6.3,    0.2,   86.4,   82.7,   13.6,   17.3,    220,     14,     12,     13,     36,     36,     26,     28,     49,     23,     18,     25,      9,    130,    161,    24.9,    22.1,    40.1,    32.3,    24.2,    21.6,    39.4,    31.2,"(CONTRACTS OF EUR 125,000)",099741,CME ,099 ,F10,FutOnly
EURO FX - CHICAGO MERCANTILE EXCHANGE,160524,2016-05-24,099741,CME ,00,099 ,  350242,   68359,   40565,    5313,  121647,  102270,   15464,   44138,   92972,    8847,   33829,   21560,    1498,  299095,  288489,   51147,   61753,     683,    5858,  -24960,     -67,   -1347,    4504,    -434,   -4496,   21796,    -272,     411,       9,     311,     -36,     887,     719,    -204,  100.0,   19.5,   11.6,    1.5,   34.7,   29.2,    4.4,   12.6,   26.5,    2.5,    9.7,    6.2,    0.4,   85.4,   82.4,   14.6,   17.6,    217,     16,     11,     12,     36,     36,     30,     26,     49,     22,     18,     23,     10,    129,    162,    24.9,    21.9,    41.0,    31.8,    24.5,    21.5,    40.3,    30.8,"(CONTRACTS OF EUR 125,000)",099741,CME ,099 ,F10,FutOnly
EURO FX - CHICAGO MERCANTILE EXCHANGE,160517,2016-05-17,099741,CME ,00,099 ,  349559,   62501,   65525,    5380,  122994,   97766,   15898,   48634,   71176,    9119,   33418,   21551,    1187,  299131,  287602,   50428,   61957,    4581,    -310,   -2166,    2190,   -3553,    2107,     -55,    5608,   -3187,    3250,    -387,     687,     247,    6990,    3073,   -2409,    1508,  100.0,   17.9,   18.7,    1.5,   35.2,   28.0,    4.5,   13.9,   20.4,    2.6,    9.6,    6.2,    0.3,   85.6,   82.3,   14.4,   17.7,    223,     16,     11,     10,     38,     35,     28,     33,     46,     25,     20,     22,     10,    138,    158,    23.8,    25.3,    39.4,    34.4,    23.1,    25.2,    38.6,    34.2,"(CONTRACTS OF EUR 125,000)",099741,CME ,099 ,F10,FutOnly
EURO FX - CHICAGO MERCANTILE EXCHANGE,160510,2016-05-10,099741,CME ,00,099 ,  344978,   62811,   67691,    3190,  126547,   95659,   15953,   43026,   74363,    5869,   33805,   20864,     940,  292141,  284529,   52837,   60449,  -15483,   -1698,   -2083,    -931,    -530,    2343,    -872,   -8329,  -15615,    -385,   -1262,    -137,     313,  -13694,  -17367,   -1789,    1884,  100.0,   18.2,   19.6,    0.9,   36.7,   27.7,    4.6,   12.5,   21.6,    1.7,    9.8,    6.0,    0.3,   84.7,   82.5,   15.3,   17.5,    217,     16,     10,     10,     38,     34,     29,     27,     48,     21,     20,     22,      9,    131,    155,    24.2,    26.2,    39.8,    35.9,    23.4,    26.2,    39.0,    35.9,"(CONTRACTS OF EUR 125,000)",099741,CME ,099 ,F10,FutOnly
EURO FX - CHICAGO MERCANTILE EXCHANGE,160503,2016-05-03,099741,CME ,00,099 ,  360461,   64509,   69774,    4121,  127077,   93316,   16825,   51355,   89978,    6254,   35067,   21001,     627,  305835,  301896,   54626,   58565,   20261,    -898,   21350,     627,    8995,   -4519,     824,    3737,    -852,     744,    2658,    -367,   -1135,   15552,   16672,    4709,    3589,  100.0,   17.9,   19.4,    1.1,   35.3,   25.9,    4.7,   14.2,   25.0,    1.7,    9.7,    5.8,    0.2,   84.8,   83.8,   15.2,   16.2,    230,     17,     10,     11,     39,     33,     32,     38,     46,     20,     18,     27,      7,    142,    158,    22.2,    27.8,    37.1,    37.2,    21.6,    27.8,    36.3,    37.1,"(CONTRACTS OF EUR 125,000)",099741,CME ,099 ,F10,FutOnly
EURO FX - CHICAGO MERCANTILE EXCHANGE,160426,2016-04-26,099741,CME ,00,099 ,  340200,   65407,   48424,    3494,  118082,   97835,   16001,   47618,   90830,    5510,   32409,   21368,    1762,  290283,  285224,   49917,   54976,   -5363,   -9810,    5047,    -486,    8219,     149,    -424,    -978,   -8643,    1645,   -1534,    -692,     621,   -2747,   -2783,   -2616,   -2580,  100.0,   19.2,   14.2,    1.0,   34.7,   28.8,    4.7,   14.0,   26.7,    1.6,    9.5,    6.3,    0.5,   85.3,   83.8,   14.7,   16.2,    221,     17,      9,     10,     37,     33,     28,     29,     49,     14,     18,     27,      8,    127,    154,    25.1,    26.5,    40.9,    37.0,    24.6,    26.5,    40.0,    37.0,"(CONTRACTS OF EUR 125,000)",099741,CME ,099 ,F10,FutOnly
EURO FX - CHICAGO MERCANTILE EXCHANGE,160419,2016-04-19,099741,CME ,00,099 ,  345563,   75217,   43377,    3980,  109863,   97686,   16425,   48596,   99473,    3865,   33943,   22060,    1141,  293030,  288007,   52533,   57556,   12028,     -92,    5766,     355,    8070,    -275,    -381,    6189,    9576,    -203,     555,   -1616,     118,   14611,   13340,   -2583,   -1312,  100.0,   21.8,   12.6,    1.2,   31.8,   28.3,    4.8,   14.1,   28.8,    1.1,    9.8,    6.4,    0.3,   84.8,   83.3,   15.2,   16.7,    223,     18,      8,     11,     37,     33,     28,     33,     48,     15,     18,     27,      8,    132,    153,    26.0,    26.3,    43.4,    36.4,    25.7,    26.3,    42.5,    36.3,"(CONTRACTS OF EUR 125,000)",099741,CME ,099 ,F10,FutOnly
EURO FX - CHICAGO MERCANTILE EXCHANGE,160412,2016-04-12,099741,CME ,00,099 ,  333535,   75309,   37611,    3625,  101793,   97961,   16806,   42407,   89897,    4068,   33388,   23676,    1023,  278419,  274667,   55116,   58868,   -4998,   -1648,    3034,     552,   -5785,    1623,    -637,   -2582,   -9431,    1342,    1924,    -819,     172,   -6662,   -4164,    1664,    -834,  100.0,   22.6,   11.3,    1.1,   30.5,   29.4,    5.0,   12.7,   27.0,    1.2,   10.0,    7.1,    0.3,   83.5,   82.4,   16.5,   17.6,    214,     17,      9,     11,     32,     36,     27,     33,     42,     14,     16,     28,      7,    125,    148,    27.1,    25.5,    44.4,    35.4,    26.8,    25.5,    43.4,    35.4,"(CONTRACTS OF EUR 125,000)",099741,CME ,099 ,F10,FutOnly
EURO FX - CHICAGO MERCANTILE EXCHANGE,160405,2016-04-05,099741,CME ,00,099 ,  338533,   76957,   34577,    3073,  107578,   96338,   17443,   44989,   99328,    2726,   31464,   24495,     851,  285081,  278831,   53452,   59702,    8443,   -1576,   11103,     152,    1039,   -2366,    2629,    4721,   -4057,    -141,     109,   -3097,    -116,    6817,    4107,    1626,    4336,  100.0,   22.7,   10.2,    0.9,   31.8,   28.5,    5.2,   13.3,   29.3,    0.8,    9.3,    7.2,    0.3,   84.2,   82.4,   15.8,   17.6,    221,     16,      8,      9,     35,     36,     29,     34,     44,     13,     17,     31,      6,    126,    152,    27.4,    24.7,    43.3,    34.3,    26.9,    24.7,    42.3,    34.3,"(CONTRACTS OF EUR 125,000)",099741,CME ,099 ,F10,FutOnly
EURO FX - CHICAGO MERCANTILE EXCHANGE,160329,2016-03-29,099741,CME ,00,099 ,  330090,   78533,   23474,    2921,  106539,   98704,   14814,   40268,  103385,    2867,   31355,   27592,     967,  278264,  274724,   51826,   55366,    5780,    -460,    6094,     495,    -294,     729,     295,    5709,      20,   -1145,   -1328,     215,    -106,    3166,    6597,    2614,    -817,  100.0,   23.8,    7.1,    0.9,   32.3,   29.9,    4.5,   12.2,   31.3,    0.9,    9.5,    8.4,    0.3,   84.3,   83.2,   15.7,   16.8,    215,     14,      9,      8,     37,     33,     29,     31,     44,     16,     14,     32,      5,    120,    153,    29.1,    25.4,    45.0,    35.4,    28.5,    25.4,    44.0,    35.4,"(CONTRACTS OF EUR 125,000)",099741,CME ,099 ,F10,FutOnly
EURO FX - CHICAGO MERCANTILE EXCHANGE,160322,2016-03-22,099741,CME ,00,099 ,  324310,   78993,   17380,    2426,  106833,   97975,   14519,   34559,  103365,    4012,   32683,   27377,    1073,  275098,  268127,   49212,   56183,    1905,   -4938,    7619,    1481,    -751,   -2724,    -972,    3211,   -2696,     -51,    -296,   -1686,      -1,   -2317,     970,    4222,     935,  100.0,   24.4,    5.4,    0.7,   32.9,   30.2,    4.5,   10.7,   31.9,    1.2,   10.1,    8.4,    0.3,   84.8,   82.7,   15.2,   17.3,    219,     15,      9,      9,     36,     35,     30,     27,     46,     17,     16,     34,      7,    122,    160,    29.4,    24.5,    45.5,    33.7,    28.8,    24.5,    44.5,    33.7,"(CONTRACTS OF EUR 125,000)",099741,CME ,099 ,F10,FutOnly
EURO FX - CHICAGO MERCANTILE EXCHANGE,160315,2016-03-15,099741,CME ,00,099 ,  322405,   83931,    9761,     945,  107584,  100699,   15491,   31348,  106061,    4063,   32979,   29063,    1074,  277415,  267157,   44990,   55248, -110816,  -42828,  -72120,   -8912,   -1665,   -4123,    -763,  -20297,   -7511,  -12105,  -21802,    4996,     -18, -108390, -100556,   -2426,  -10260,  100.0,   26.0,    3.0,    0.3,   33.4,   31.2,    4.8,    9.7,   32.9,    1.3,   10.2,    9.0,    0.3,   86.0,   82.9,   14.0,   17.1,    216,     17,     10,     10,     34,     34,     28,     29,     39,     16,     17,     35,      7,    122,    155,    30.0,    26.7,    46.9,    35.7,    29.4,    26.7,    45.8,    35.4,"(CONTRACTS OF EUR 125,000)",099741,CME ,099 ,F10,FutOnly
EURO FX - CHICAGO MERCANTILE EXCHANGE,160308,2016-03-08,099741,CME ,00,099 ,  433221,  126759,   81881,    9857,  109249,  104822,   16254,   51645,  113572,   16168,   54781,   24067,    1092,  385805,  367713,   47416,   65508,   15597,    -265,   -7915,    4351,    -289,    3694,   -2059,   -3777,    6535,   11027,    5488,   -1292,   -1835,   12641,   12506,    2956,    3091,  100.0,   29.3,   18.9,    2.3,   25.2,   24.2,    3.8,   11.9,   26.2,    3.7,   12.6,    5.6,    0.3,   89.1,   84.9,   10.9,   15.1,    232,     16,     13,     12,     35,     35,     29,     33,     47,     29,     20,     30,     10,    139,    173,    28.7,    35.1,    45.3,    43.6,    28.2,    34.3,    44.3,    42.5,"(CONTRACTS OF EUR 125,000)",099741,CME ,099 ,F10,FutOnly
EURO FX - CHICAGO MERCANTILE EXCHANGE,160301,2016-03-01,099741,CME ,00,099 ,  417624,  127024,   89796,    5506,  109538,  101128,   18313,   55422,  107037,    5141,   49293,   25359,    2927,  373164,  355207,   44460,   62417,   -5000,    3620,  -34291,    1894,   -3189,    7409,     118,     375,   16090,   -1554,   -3418,   -3107,    1120,   -1034,  -12321,   -3966,    7321,  100.0,   30.4,   21.5,    1.3,   26.2,   24.2,    4.4,   13.3,   25.6,    1.2,   11.8,    6.1,    0.7,   89.4,   85.1,   10.6,   14.9,    229,     17,     10,      9,     35,     34,     26,     31,     49,     18,     19,     34,     11,    129,    164,    28.7,    35.4,    45.9,    43.8,    28.7,    35.1,    45.4,    43.5,"(CONTRACTS OF EUR 125,000)",099741,CME ,099 ,F10,FutOnly
EURO FX - CHICAGO MERCANTILE EXCHANGE,160223,2016-02-23,099741,CME ,00,099 ,  422624,  123404,  124087,    3612,  112727,   93719,   18195,   55047,   90947,    6695,   52711,   28466,    1807,  374198,  367528,   48426,   55096,   -7373,    5066,    1963,    -410,   12093,      59,     215,   -2218,   -7425,    -468,  -20610,   -1377,    -229,   -6561,   -7672,    -812,     299,  100.0,   29.2,   29.4,    0.9,   26.7,   22.2,    4.3,   13.0,   21.5,    1.6,   12.5,    6.7,    0.4,   88.5,   87.0,   11.5,   13.0,    222,     16,     11,     10,     35,     33,     25,     32,     41,     20,     20,     34,     11,    128,    160,    28.2,    37.0,    45.6,    45.4,    28.2,    36.9,    45.1,    45.3,"(CONTRACTS OF EUR 125,000)",099741,CME ,099 ,F10,FutOnly
EURO FX - CHICAGO MERCANTILE EXCHANGE,160216,2016-02-16,099741,CME ,00,099 ,  429997,  118338,  122124,    4022,  100634,   93660,   17980,   57265,   98372,    7163,   73321,   29843,    2036,  380759,  375200,   49238,   54797,  -11231,   -7497,   11314,    -197,   -2601,   -1104,     -11,     969,  -19723,     287,   -1640,    3895,    -100,  -10790,   -5639,    -441,   -5592,  100.0,   27.5,   28.4,    0.9,   23.4,   21.8,    4.2,   13.3,   22.9,    1.7,   17.1,    6.9,    0.5,   88.5,   87.3,   11.5,   12.7,    231,     16,     11,      8,     35,     31,     25,     30,     52,     20,     20,     36,     10,    126,    168,    27.1,    34.6,    45.2,    43.5,    27.1,    34.5,    44.7,    43.5,"(CONTRACTS OF EUR 125,000)",099741,CME ,099 ,F10,FutOnly
EURO FX - CHICAGO MERCANTILE EXCHANGE,160209,2016-02-09,099741,CME ,00,099 ,  441228,  125835,  110810,    4219,  103235,   94764,   17991,   56296,  118095,    6876,   74961,   25948,    2136,  391549,  380839,   49679,   60389,   37289,    1512,   48061,    1993,    4683,  -13635,    3079,   11300,   -1454,    4042,    3281,    2018,    -991,   28899,   43113,    8390,   -5824,  100.0,   28.5,   25.1,    1.0,   23.4,   21.5,    4.1,   12.8,   26.8,    1.6,   17.0,    5.9,    0.5,   88.7,   86.3,   11.3,   13.7,    229,     17,     11,      8,     36,     30,     27,     32,     49,     20,     21,     33,      9,    130,    163,    27.2,    33.4,    45.4,    42.1,    27.2,    33.4,    44.8,    42.1,"(CONTRACTS OF EUR 125,000)",099741,CME ,099 ,F10,FutOnly
EURO FX - CHICAGO MERCANTILE EXCHANGE,160202,2016-02-02,099741,CME ,00,099 ,  403939,  124323,   62749,    2226,   98552,  108399,   14912,   44996,  119549,    2834,   71680,   23930,    3127,  362650,  337726,   41289,   66213,    1712,   -9382,   28030,     164,    2742,   -7191,    -118,    3190,  -11232,    -293,   21417,    -961,     246,   17966,    8645,  -16254,   -6933,  100.0,   30.8,   15.5,    0.6,   24.4,   26.8,    3.7,   11.1,   29.6,    0.7,   17.7,    5.9,    0.8,   89.8,   83.6,   10.2,   16.4,    229,     16,     10,      8,     34,     33,     27,     27,     54,     15,     23,     32,     10,    121,    168,    30.9,    29.4,    50.4,    41.2,    30.9,    29.3,    49.9,    41.0,"(CONTRACTS OF EUR 125,000)",099741,CME ,099 ,F10,FutOnly
EURO FX - CHICAGO MERCANTILE EXCHANGE,160126,2016-01-26,099741,CME ,00,099 ,  402227,  133705,   34719,    2062,   95810,  115590,   15030,   41806,  130781,    3127,   50263,   24891,    2881,  344684,  329081,   57543,   73146,    1865,    3089,    4795,     -12,   -1034,    2500,    -747,    -971,   -7990,    -302,    3230,    -142,     602,    3855,   -1296,   -1990,    3161,  100.0,   33.2,    8.6,    0.5,   23.8,   28.7,    3.7,   10.4,   32.5,    0.8,   12.5,    6.2,    0.7,   85.7,   81.8,   14.3,   18.2,    224,     16,     12,      7,     32,     34,     24,     23,     54,     14,     21,     31,     11,    110,    170,    32.7,    27.5,    51.8,    38.6,    32.7,    27.3,    51.1,    38.4,"(CONTRACTS OF EUR 125,000)",099741,CME ,099 ,F10,FutOnly
EURO FX - CHICAGO MERCANTILE EXCHANGE,160119,2016-01-19,099741,CME ,00,099 ,  400362,  130616,   29924,    2074,   96844,  113090,   15777,   42777,  138771,    3429,   47033,   25033,    2279,  340829,  330377,   59533,   69985,    1792,   -9201,   13432,    1003,    2417,   -2296,      66,    5946,   -7438,    1114,    -446,    -134,    -598,     301,    5149,    1491,   -3357,  100.0,   32.6,    7.5,    0.5,   24.2,   28.2,    3.9,   10.7,   34.7,    0.9,   11.7,    6.3,    0.6,   85.1,   82.5,   14.9,   17.5,    224,     16,     11,      7,     34,     37,     28,     22,     53,     14,     21,     29,     10,    114,    169,    32.6,    27.9,    51.7,    38.0,    32.6,    27.9,    51.0,    37.9,"(CONTRACTS OF EUR 125,000)",099741,CME ,099 ,F10,FutOnly
EURO FX - CHICAGO MERCANTILE EXCHANGE,160112,2016-01-12,099741,CME ,00,099 ,  398570,  139817,   16492,    1071,   94427,  115386,   15711,   36831,  146209,    2315,   47479,   25167,    2877,  340528,  325228,   58042,   73342,   -8535,   -5731,    4734,     -20,     118,    2610,    1995,   -1545,  -15644,    -197,   -3467,    1104,    1205,   -7642,   -4213,    -893,   -4322,  100.0,   35.1,    4.1,    0.3,   23.7,   28.9,    3.9,    9.2,   36.7,    0.6,   11.9,    6.3,    0.7,   85.4,   81.6,   14.6,   18.4,    222,     17,     10,      6,     32,     39,     29,     21,     53,      9,     21,     29,      9,    109,    166,    33.7,    29.2,    52.5,    38.4,    33.7,    29.2,    51.7,    38.3,"(CONTRACTS OF EUR 125,000)",099741,CME ,099 ,F10,FutOnly
EURO FX - CHICAGO MERCANTILE EXCHANGE,160105,2016-01-05,099741,CME ,00,099 ,  407105,  145548,   11758,    1091,   94309,  112776,   13716,   38376,  161853,    2512,   50946,   24063,    1672,  348170,  329441,   58935,   77664,    6608,    2943,    1618,    -436,    -579,    8875,      18,    3361,   -4511,     119,   -2479,   -1593,    -427,    2520,    3663,    4088,    2945,  100.0,   35.8,    2.9,    0.3,   23.2,   27.7,    3.4,    9.4,   39.8,    0.6,   12.5,    5.9,    0.4,   85.5,   80.9,   14.5,   19.1,    235,     17,     12,      6,     28,     39,     28,     24,     62,     11,     23,     30,     10,    114,    176,    33.1,    29.7,    51.3,    38.1,    33.1,    29.7,    50.5,    38.1,"(CONTRACTS OF EUR 125,000)",099741,CME ,099 ,F10,FutOnly
AUSTRALIAN DOLLAR - CHICAGO MERCANTILE EXCHANGE,161227,2016-12-27,232741,CME ,00,232 ,   94451,   32580,    2071,       0,    7377,   19211,     109,   30684,   35735,    2238,    1306,    7202,       1,   74295,   66567,   20156,   27884,   17535,   19521,       0,     -41,   -2919,    3136,       0,    5167,   11634,     -36,   -4181,    1792,       1,   17512,   16486,      23,    1049,  100.0,   34.5,    2.2,    0.0,    7.8,   20.3,    0.1,   32.5,   37.8,    2.4,    1.4,    7.6,    0.0,   78.7,   70.5,   21.3,   29.5,     80,     10,.,      0,      5,     11,.,     20,     21,      4,      4,      6,.,     43,     44,    34.8,    21.8,    50.4,    37.2,    34.8,    21.8,    50.4,    36.2,"(CONTRACTS OF AUD 100,000)",232741,CME ,232 ,F10,FutOnly
AUSTRALIAN DOLLAR - CHICAGO MERCANTILE EXCHANGE,161220,2016-12-20,232741,CME ,00,232 ,   76916,   13059,    2071,      41,   10296,   16075,     109,   25517,   24101,    2274,    5487,    5410,       0,   56783,   50081,   20133,   26835,  -10854,     -19,  -21217,   -5308,   -1912,    4352,     109,    -286,    8114,   -1879,    2274,    -246,       0,   -7021,  -16075,   -3833,    5221,  100.0,   17.0,    2.7,    0.1,   13.4,   20.9,    0.1,   33.2,   31.3,    3.0,    7.1,    7.0,    0.0,   73.8,   65.1,   26.2,   34.9,     76,      7,.,.,      5,     10,.,     22,     19,      4,      6,      4,      0,     44,     39,    27.7,    23.4,    40.9,    37.1,    27.7,    22.2,    40.9,    35.8,"(CONTRACTS OF AUD 100,000)",232741,CME ,232 ,F10,FutOnly
AUSTRALIAN DOLLAR - CHICAGO MERCANTILE EXCHANGE,161213,2016-12-13,232741,CME ,00,232 ,   87770,   13078,   23288,    5349,   12208,   11723,       0,   25803,   15987,    4153,    3213,    5656,       0,   63804,   66156,   23966,   21614,    2870,     398,     982,    4267,    1610,   -1088,       0,   -1228,   -3594,    1455,   -5200,    2700,       0,    1302,    4722,    1568,   -1852,  100.0,   14.9,   26.5,    6.1,   13.9,   13.4,    0.0,   29.4,   18.2,    4.7,    3.7,    6.4,    0.0,   72.7,   75.4,   27.3,   24.6,     78,      8,      7,.,      4,      8,      0,     25,     16,     14,      4,      5,      0,     52,     43,    25.6,    33.5,    36.0,    48.5,    24.8,    31.3,    33.5,    43.6,"(CONTRACTS OF AUD 100,000)",232741,CME ,232 ,F10,FutOnly
AUSTRALIAN DOLLAR - CHICAGO MERCANTILE EXCHANGE,161206,2016-12-06,232741,CME ,00,232 ,   84900,   12680,   22306,    1082,   10598,   12811,       0,   27031,   19581,    2698,    8413,    2956,       0,   62502,   61434,   22398,   23466,   -7799,   -3665,    1689,     133,    1199,     -76,    -642,  -10418,   -6144,     -44,    5087,    -674,       0,   -8350,   -5758,     551,   -2041,  100.0,   14.9,   26.3,    1.3,   12.5,   15.1,    0.0,   31.8,   23.1,    3.2,    9.9,    3.5,    0.0,   73.6,   72.4,   26.4,   27.6,     85,      7,      8,      4,      5,     11,      0,     25,     18,     12,      6,      5,      0,     52,     49,    27.0,    34.4,    41.5,    46.6,    27.0,    33.1,    41.5,    45.3,"(CONTRACTS OF AUD 100,000)",232741,CME ,232 ,F10,FutOnly
AUSTRALIAN DOLLAR - CHICAGO MERCANTILE EXCHANGE,161129,2016-11-29,232741,CME ,00,232 ,   92699,   16345,   20617,     949,    9399,   12887,     642,   37449,   25725,    2742,    3326,    3630,       0,   70852,   67192,   21847,   25507,   -8290,    9251,   -8625,     434,   -1404,     453,       0,   -8070,    -229,     255,   -7167,     787,     -12,   -6713,   -6937,   -1577,   -1353,  100.0,   17.6,   22.2,    1.0,   10.1,   13.9,    0.7,   40.4,   27.8,    3.0,    3.6,    3.9,    0.0,   76.4,   72.5,   23.6,   27.5,     91,      9,      7,      4,      6,     11,.,     26,     20,     13,      6,      6,      0,     57,     53,    28.7,    30.7,    40.7,    41.6,    28.7,    29.5,    40.6,    40.4,"(CONTRACTS OF AUD 100,000)",232741,CME ,232 ,F10,FutOnly
AUSTRALIAN DOLLAR - CHICAGO MERCANTILE EXCHANGE,161122,2016-11-22,232741,CME ,00,232 ,  100989,    7094,   29242,     515,   10803,   12434,     642,   45519,   25954,    2487,   10493,    2843,      12,   77565,   74129,   23424,   26860,  -12135,    4295,  -26008,     -74,   -3556,    1601,    -445,  -17795,    6765,     -51,    5709,   -1186,      -2,  -11919,  -19400,    -216,    7265,  100.0,    7.0,   29.0,    0.5,   10.7,   12.3,    0.6,   45.1,   25.7,    2.5,   10.4,    2.8,    0.0,   76.8,   73.4,   23.2,   26.6,     88,      6,      8,      4,      7,     10,.,     25,     21,     10,      7,      4,.,     56,     49,    29.0,    35.7,    43.0,    46.8,    29.0,    34.6,    43.0,    45.4,"(CONTRACTS OF AUD 100,000)",232741,CME ,232 ,F10,FutOnly
AUSTRALIAN DOLLAR - CHICAGO MERCANTILE EXCHANGE,161115,2016-11-15,232741,CME ,00,232 ,  113124,    2799,   55250,     589,   14359,   10833,    1087,   63314,   19189,    2538,    4784,    4029,      14,   89484,   93529,   23640,   19595,  -24436,   -1022,  -12243,      29,   -7559,     -22,      41,  -12113,   -4367,     254,    3500,   -5159,     -48,  -16918,  -21515,   -7518,   -2921,  100.0,    2.5,   48.8,    0.5,   12.7,    9.6,    1.0,   56.0,   17.0,    2.2,    4.2,    3.6,    0.0,   79.1,   82.7,   20.9,   17.3,     95,.,     12,      5,      9,      8,      5,     32,     17,     10,      7,      7,.,     63,     53,    35.1,    47.4,    45.7,    58.1,    35.1,    47.1,    45.7,    57.0,"(CONTRACTS OF AUD 100,000)",232741,CME ,232 ,F10,FutOnly
AUSTRALIAN DOLLAR - CHICAGO MERCANTILE EXCHANGE,161108,2016-11-08,232741,CME ,00,232 ,  137560,    3821,   67493,     560,   21918,   10855,    1046,   75427,   23556,    2284,    1284,    9188,      62,  106402,  115044,   31158,   22516,   12173,      78,    5160,      94,    2214,    3827,    -784,    7925,    3287,      47,      39,     782,      41,    9654,   12454,    2519,    -281,  100.0,    2.8,   49.1,    0.4,   15.9,    7.9,    0.8,   54.8,   17.1,    1.7,    0.9,    6.7,    0.0,   77.3,   83.6,   22.7,   16.4,    100,.,     13,      6,     10,      8,.,     37,     16,     12,      4,      9,.,     68,     54,    37.7,    45.9,    46.7,    57.4,    37.7,    45.7,    46.7,    56.5,"(CONTRACTS OF AUD 100,000)",232741,CME ,232 ,F10,FutOnly
AUSTRALIAN DOLLAR - CHICAGO MERCANTILE EXCHANGE,161101,2016-11-01,232741,CME ,00,232 ,  125387,    3743,   62333,     466,   19704,    7028,    1830,   67502,   20269,    2237,    1245,    8406,      21,   96748,  102590,   28639,   22797,     803,    -873,    2693,     -61,   -2003,    -446,      -4,    3465,   -1900,     546,     397,   -1767,      21,    1488,    -918,    -685,    1721,  100.0,    3.0,   49.7,    0.4,   15.7,    5.6,    1.5,   53.8,   16.2,    1.8,    1.0,    6.7,    0.0,   77.2,   81.8,   22.8,   18.2,     89,.,     11,      5,      8,      5,.,     35,     16,     11,.,      8,.,     63,     46,    37.5,    45.7,    46.5,    58.3,    37.5,    44.9,    46.5,    57.4,"(CONTRACTS OF AUD 100,000)",232741,CME ,232 ,F10,FutOnly
AUSTRALIAN DOLLAR - CHICAGO MERCANTILE EXCHANGE,161025,2016-10-25,232741,CME ,00,232 ,  124584,    4616,   59640,     527,   21707,    7474,    1834,   64037,   22169,    1691,     848,   10173,       0,   95260,  103508,   29324,   21076,    2148,     -94,    2044,    -164,    -811,     466,       2,    3098,     541,      51,       5,    -240,       0,    2087,    2700,      61,    -552,  100.0,    3.7,   47.9,    0.4,   17.4,    6.0,    1.5,   51.4,   17.8,    1.4,    0.7,    8.2,    0.0,   76.5,   83.1,   23.5,   16.9,     95,.,     11,      5,      8,      6,.,     36,     19,     10,.,      9,      0,     63,     50,    35.3,    44.3,    45.3,    56.6,    35.3,    43.3,    45.3,    55.6,"(CONTRACTS OF AUD 100,000)",232741,CME ,232 ,F10,FutOnly
AUSTRALIAN DOLLAR - CHICAGO MERCANTILE EXCHANGE,161018,2016-10-18,232741,CME ,00,232 ,  122436,    4710,   57596,     691,   22518,    7008,    1832,   60939,   21628,    1640,     843,   10413,       0,   93173,  100808,   29263,   21628,   10408,     800,    7723,     395,    -779,    1106,    -286,    8130,    -840,    -372,      36,    1553,     -10,    7914,    9269,    2494,    1139,  100.0,    3.8,   47.0,    0.6,   18.4,    5.7,    1.5,   49.8,   17.7,    1.3,    0.7,    8.5,    0.0,   76.1,   82.3,   23.9,   17.7,     93,.,     11,      6,      8,      7,.,     35,     19,      7,.,      7,      0,     62,     47,    33.5,    43.6,    43.8,    56.7,    33.5,    42.6,    43.8,    55.7,"(CONTRACTS OF AUD 100,000)",232741,CME ,232 ,F10,FutOnly
AUSTRALIAN DOLLAR - CHICAGO MERCANTILE EXCHANGE,161011,2016-10-11,232741,CME ,00,232 ,  112028,    3910,   49873,     296,   23297,    5902,    2118,   52809,   22468,    2012,     807,    8860,      10,   85259,   91539,   26769,   20489,    2000,    2268,   12805,    -214,   -1543,   -3148,    1068,    -640,   -4525,     240,     405,   -2545,     -91,    1493,    3590,     507,   -1590,  100.0,    3.5,   44.5,    0.3,   20.8,    5.3,    1.9,   47.1,   20.1,    1.8,    0.7,    7.9,    0.0,   76.1,   81.7,   23.9,   18.3,     88,      4,     11,      6,      9,      6,      5,     31,     17,      8,.,      7,.,     58,     50,    35.7,    40.2,    45.1,    54.3,    35.7,    39.5,    45.1,    53.4,"(CONTRACTS OF AUD 100,000)",232741,CME ,232 ,F10,FutOnly
AUSTRALIAN DOLLAR - CHICAGO MERCANTILE EXCHANGE,161004,2016-10-04,232741,CME ,00,232 ,  110028,    1642,   37068,     510,   24840,    9050,    1050,   53449,   26993,    1772,     402,   11405,     101,   83766,   87949,   26262,   22079,   11677,    -374,   17082,     269,    -119,   -1719,       0,   10057,   -5769,    -136,     402,    1394,      40,   10139,   11161,    1538,     516,  100.0,    1.5,   33.7,    0.5,   22.6,    8.2,    1.0,   48.6,   24.5,    1.6,    0.4,   10.4,    0.1,   76.1,   79.9,   23.9,   20.1,     96,      4,     10,      5,      9,      7,      6,     34,     19,      7,.,     12,.,     64,     53,    36.1,    30.0,    47.1,    44.5,    36.1,    29.6,    47.1,    43.5,"(CONTRACTS OF AUD 100,000)",232741,CME ,232 ,F10,FutOnly
AUSTRALIAN DOLLAR - CHICAGO MERCANTILE EXCHANGE,160927,2016-09-27,232741,CME ,00,232 ,   98351,    2016,   19986,     241,   24959,   10769,    1050,   43392,   32762,    1908,       0,   10011,      61,   73627,   76788,   24724,   21563,   11737,   -6304,    5257,      51,    4557,   -1616,     396,   11091,    2871,      17,     -11,    3596,      45,    9842,   10617,    1895,    1120,  100.0,    2.0,   20.3,    0.2,   25.4,   10.9,    1.1,   44.1,   33.3,    1.9,    0.0,   10.2,    0.1,   74.9,   78.1,   25.1,   21.9,     94,      5,      9,      5,      9,      7,      6,     34,     21,      8,      0,      9,.,     65,     51,    35.5,    28.3,    45.6,    42.7,    35.5,    27.3,    45.6,    41.7,"(CONTRACTS OF AUD 100,000)",232741,CME ,232 ,F10,FutOnly
AUSTRALIAN DOLLAR - CHICAGO MERCANTILE EXCHANGE,160920,2016-09-20,232741,CME ,00,232 ,   86614,    8320,   14729,     190,   20402,   12385,     654,   32301,   29891,    1891,      11,    6415,      16,   63785,   66171,   22829,   20443,  -25753,    5018,  -15478,   -8759,    4566,    -748,    -128,  -19216,    6153,   -4656,    -630,     782,       7,  -23798,  -22827,   -1955,   -2926,  100.0,    9.6,   17.0,    0.2,   23.6,   14.3,    0.8,   37.3,   34.5,    2.2,    0.0,    7.4,    0.0,   73.6,   76.4,   26.4,   23.6,     87,      7,      4,.,      7,      8,      5,     30,     22,      5,.,      7,.,     55,     46,    35.7,    29.0,    45.8,    42.1,    35.7,    28.0,    45.8,    40.8,"(CONTRACTS OF AUD 100,000)",232741,CME ,232 ,F10,FutOnly
AUSTRALIAN DOLLAR - CHICAGO MERCANTILE EXCHANGE,160913,2016-09-13,232741,CME ,00,232 ,  112367,    3302,   30207,    8949,   15836,   13133,     782,   51517,   23738,    6547,     641,    5633,       9,   87583,   88998,   24784,   23369,    3515,    1179,   -8607,    7238,   -3725,    2238,    -280,    -553,    3397,    4532,     241,   -3080,     -72,    8560,    5366,   -5045,   -1851,  100.0,    2.9,   26.9,    8.0,   14.1,   11.7,    0.7,   45.8,   21.1,    5.8,    0.6,    5.0,    0.0,   77.9,   79.2,   22.1,   20.8,     91,      5,      6,      7,      7,      8,      5,     38,     18,     13,.,      5,.,     67,     50,    28.3,    32.1,    40.7,    45.9,    26.9,    29.3,    37.8,    40.2,"(CONTRACTS OF AUD 100,000)",232741,CME ,232 ,F10,FutOnly
AUSTRALIAN DOLLAR - CHICAGO MERCANTILE EXCHANGE,160906,2016-09-06,232741,CME ,00,232 ,  108852,    2123,   38814,    1711,   19561,   10895,    1062,   52070,   20341,    2015,     400,    8713,      81,   79023,   83632,   29829,   25220,   -1188,     352,   -2662,     334,   -1790,   -2039,     305,     718,   -1322,    -419,   -3458,    1959,      81,   -3877,   -3763,    2689,    2575,  100.0,    2.0,   35.7,    1.6,   18.0,   10.0,    1.0,   47.8,   18.7,    1.9,    0.4,    8.0,    0.1,   72.6,   76.8,   27.4,   23.2,     82,.,      6,      6,      7,      8,      6,     32,     15,      6,.,     10,.,     58,     43,    32.8,    38.2,    43.8,    50.8,    32.8,    37.2,    43.8,    49.3,"(CONTRACTS OF AUD 100,000)",232741,CME ,232 ,F10,FutOnly
AUSTRALIAN DOLLAR - CHICAGO MERCANTILE EXCHANGE,160830,2016-08-30,232741,CME ,00,232 ,  110040,    1771,   41476,    1377,   21351,   12934,     757,   51352,   21663,    2434,    3858,    6754,       0,   82900,   87395,   27140,   22645,   -4412,      14,   -6899,      81,   -1901,    3431,    -758,     172,   -2104,     618,     646,    1766,    -190,   -1318,   -4055,   -3094,    -357,  100.0,    1.6,   37.7,    1.3,   19.4,   11.8,    0.7,   46.7,   19.7,    2.2,    3.5,    6.1,    0.0,   75.3,   79.4,   24.7,   20.6,     84,.,      6,      5,      8,      9,      5,     31,     16,     10,      4,      7,      0,     59,     45,    32.4,    39.6,    44.3,    53.0,    32.4,    38.6,    44.3,    51.8,"(CONTRACTS OF AUD 100,000)",232741,CME ,232 ,F10,FutOnly
AUSTRALIAN DOLLAR - CHICAGO MERCANTILE EXCHANGE,160823,2016-08-23,232741,CME ,00,232 ,  114452,    1757,   48375,    1296,   23252,    9503,    1515,   51180,   23767,    1816,    3212,    4988,     190,   84218,   91450,   30234,   23002,    2317,     417,   -1088,     296,     821,     530,    -201,    -682,     751,     -11,    2727,     579,      39,    3406,     895,   -1089,    1422,  100.0,    1.5,   42.3,    1.1,   20.3,    8.3,    1.3,   44.7,   20.8,    1.6,    2.8,    4.4,    0.2,   73.6,   79.9,   26.4,   20.1,     80,.,      6,      5,      9,      9,      6,     26,     19,      7,.,      6,.,     56,     43,    35.0,    44.9,    45.4,    56.5,    35.0,    43.9,    45.4,    55.2,"(CONTRACTS OF AUD 100,000)",232741,CME ,232 ,F10,FutOnly
AUSTRALIAN DOLLAR - CHICAGO MERCANTILE EXCHANGE,160816,2016-08-16,232741,CME ,00,232 ,  112135,    1340,   49463,    1000,   22431,    8973,    1716,   51862,   23016,    1827,     485,    4409,     151,   80812,   90555,   31323,   21580,   10076,     -81,    6944,      27,     293,     468,      93,    8127,    2965,     107,       0,     193,    -193,    8373,   10604,    1703,    -528,  100.0,    1.2,   44.1,    0.9,   20.0,    8.0,    1.5,   46.2,   20.5,    1.6,    0.4,    3.9,    0.1,   72.1,   80.8,   27.9,   19.2,     84,.,      5,      5,      9,     11,      7,     28,     19,      8,.,      8,.,     56,     49,    35.1,    46.4,    45.6,    57.2,    35.1,    45.5,    45.6,    56.2,"(CONTRACTS OF AUD 100,000)",232741,CME ,232 ,F10,FutOnly
AUSTRALIAN DOLLAR - CHICAGO MERCANTILE EXCHANGE,160809,2016-08-09,232741,CME ,00,232 ,  102059,    1421,   42519,     973,   22138,    8505,    1623,   43735,   20051,    1720,     485,    4216,     344,   72439,   79951,   29620,   22108,    2947,     -34,    4453,       9,    1538,     130,    -291,     -79,     787,    -131,     -33,   -1307,     199,    1178,    3849,    1769,    -902,  100.0,    1.4,   41.7,    1.0,   21.7,    8.3,    1.6,   42.9,   19.6,    1.7,    0.5,    4.1,    0.3,   71.0,   78.3,   29.0,   21.7,     80,.,      6,      5,      9,     10,      7,     26,     18,      8,.,      7,.,     55,     46,    35.3,    42.2,    44.9,    53.4,    35.3,    41.1,    44.6,    52.2,"(CONTRACTS OF AUD 100,000)",232741,CME ,232 ,F10,FutOnly
AUSTRALIAN DOLLAR - CHICAGO MERCANTILE EXCHANGE,160802,2016-08-02,232741,CME ,00,232 ,   99112,    1455,   38066,     964,   20600,    8375,    1914,   43814,   19264,    1851,     518,    5523,     145,   71261,   76102,   27851,   23010,    3592,    -191,    -197,     411,    3164,   -1199,     471,   -2423,    4880,    -282,    -882,   -1292,     145,     413,    2937,    3179,     655,  100.0,    1.5,   38.4,    1.0,   20.8,    8.4,    1.9,   44.2,   19.4,    1.9,    0.5,    5.6,    0.1,   71.9,   76.8,   28.1,   23.2,     86,.,      5,      5,     11,      9,      8,     28,     20,     10,.,      8,.,     60,     50,    36.4,    38.6,    46.0,    49.9,    36.4,    37.6,    45.7,    48.7,"(CONTRACTS OF AUD 100,000)",232741,CME ,232 ,F10,FutOnly
AUSTRALIAN DOLLAR - CHICAGO MERCANTILE EXCHANGE,160726,2016-07-26,232741,CME ,00,232 ,   95520,    1646,   38263,     553,   17436,    9574,    1443,   46237,   14384,    2133,    1400,    6815,       0,   70848,   73165,   24672,   22355,   -3998,   -1185,   -1342,     349,    -260,     996,     107,    -276,   -4490,    -584,   -3322,    1309,       0,   -5171,   -3655,    1173,    -343,  100.0,    1.7,   40.1,    0.6,   18.3,   10.0,    1.5,   48.4,   15.1,    2.2,    1.5,    7.1,    0.0,   74.2,   76.6,   25.8,   23.4,     80,.,      5,.,     10,     10,      5,     27,     15,      7,.,      8,      0,     53,     42,    37.8,    39.0,    48.2,    49.5,    37.8,    38.8,    47.6,    48.6,"(CONTRACTS OF AUD 100,000)",232741,CME ,232 ,F10,FutOnly
AUSTRALIAN DOLLAR - CHICAGO MERCANTILE EXCHANGE,160719,2016-07-19,232741,CME ,00,232 ,   99518,    2831,   39605,     204,   17696,    8578,    1336,   46513,   18874,    2717,    4722,    5506,       0,   76019,   76820,   23499,   22698,    9775,    -333,    7853,     -85,     707,    1413,      13,   10119,   -2071,     797,    3566,    -268,       0,   14784,    7652,   -5009,    2123,  100.0,    2.8,   39.8,    0.2,   17.8,    8.6,    1.3,   46.7,   19.0,    2.7,    4.7,    5.5,    0.0,   76.4,   77.2,   23.6,   22.8,     89,      4,      5,.,     10,     10,      4,     30,     20,      8,.,      7,      0,     57,     47,    36.2,    38.9,    46.7,    48.3,    36.2,    38.7,    46.4,    47.8,"(CONTRACTS OF AUD 100,000)",232741,CME ,232 ,F10,FutOnly
AUSTRALIAN DOLLAR - CHICAGO MERCANTILE EXCHANGE,160712,2016-07-12,232741,CME ,00,232 ,   89743,    3164,   31752,     289,   16989,    7165,    1323,   36394,   20945,    1920,    1156,    5774,       0,   61235,   69168,   28508,   20575,   16754,   -1879,   18012,    -342,    4132,    -898,     -91,   11795,   -2144,    -221,   -1557,    1396,       0,   11837,   15712,    4917,    1042,  100.0,    3.5,   35.4,    0.3,   18.9,    8.0,    1.5,   40.6,   23.3,    2.1,    1.3,    6.4,    0.0,   68.2,   77.1,   31.8,   22.9,     84,      4,      5,      4,     10,      8,      5,     28,     19,      7,.,      9,      0,     52,     48,    27.7,    35.3,    38.6,    47.4,    27.7,    35.0,    38.0,    46.8,"(CONTRACTS OF AUD 100,000)",232741,CME ,232 ,F10,FutOnly
AUSTRALIAN DOLLAR - CHICAGO MERCANTILE EXCHANGE,160705,2016-07-05,232741,CME ,00,232 ,   72989,    5043,   13740,     631,   12857,    8063,    1414,   24599,   23089,    2141,    2713,    4378,       0,   49398,   53456,   23591,   19533,    2713,      -3,    2399,     165,    -817,     163,     234,    2753,   -3841,     298,   -1173,    2230,       0,    1457,    1648,    1256,    1065,  100.0,    6.9,   18.8,    0.9,   17.6,   11.0,    1.9,   33.7,   31.6,    2.9,    3.7,    6.0,    0.0,   67.7,   73.2,   32.3,   26.8,     80,      4,      5,      4,      8,      8,.,     26,     19,      8,.,      7,      0,     49,     46,    23.3,    23.4,    33.6,    36.8,    23.3,    23.3,    32.9,    36.2,"(CONTRACTS OF AUD 100,000)",232741,CME ,232 ,F10,FutOnly
AUSTRALIAN DOLLAR - CHICAGO MERCANTILE EXCHANGE,160628,2016-06-28,232741,CME ,00,232 ,   70276,    5046,   11341,     466,   13674,    7900,    1180,   21846,   26930,    1843,    3886,    2148,       0,   47941,   51808,   22335,   18468,   -8649,   -2528,    5885,    -339,  -11491,    -643,    -253,    3409,    2615,     141,    1548,  -13952,      -1,   -9514,   -6547,     865,   -2102,  100.0,    7.2,   16.1,    0.7,   19.5,   11.2,    1.7,   31.1,   38.3,    2.6,    5.5,    3.1,    0.0,   68.2,   73.7,   31.8,   26.3,     78,.,      6,.,      7,      8,      4,     22,     23,      7,      4,      5,      0,     45,     47,    23.9,    23.5,    35.6,    37.3,    23.9,    23.4,    35.3,    36.7,"(CONTRACTS OF AUD 100,000)",232741,CME ,232 ,F10,FutOnly
AUSTRALIAN DOLLAR - CHICAGO MERCANTILE EXCHANGE,160621,2016-06-21,232741,CME ,00,232 ,   78925,    7574,    5456,     805,   25165,    8543,    1433,   18437,   24315,    1702,    2338,   16100,       1,   57455,   58355,   21470,   20570,    -210,    -817,    2550,     507,      54,     653,     308,   -1614,    1598,       3,    1645,   -1793,    -127,     -41,    3699,    -169,   -3909,  100.0,    9.6,    6.9,    1.0,   31.9,   10.8,    1.8,   23.4,   30.8,    2.2,    3.0,   20.4,    0.0,   72.8,   73.9,   27.2,   26.1,     80,      5,      4,.,      9,      9,      5,     22,     18,      6,      4,      9,.,     46,     48,    34.7,    28.8,    43.8,    40.7,    34.4,    28.8,    43.1,    40.2,"(CONTRACTS OF AUD 100,000)",232741,CME ,232 ,F10,FutOnly
AUSTRALIAN DOLLAR - CHICAGO MERCANTILE EXCHANGE,160614,2016-06-14,232741,CME ,00,232 ,   79135,    8391,    2906,     298,   25111,    7890,    1125,   20051,   22717,    1699,     693,   17893,     128,   57496,   54656,   21639,   24479,  -40241,  -34118,  -14830,   -1565,    3332,    1029,      -5,    1145,   -1289,   -6007,    -328,  -14045,   -1450,  -38996,  -38162,   -1245,   -2079,  100.0,   10.6,    3.7,    0.4,   31.7,   10.0,    1.4,   25.3,   28.7,    2.1,    0.9,   22.6,    0.2,   72.7,   69.1,   27.3,   30.9,     73,      4,      4,.,      7,      9,.,     24,     14,      5,.,      9,.,     41,     43,    36.9,    31.6,    45.9,    41.3,    36.7,    31.6,    45.2,    41.3,"(CONTRACTS OF AUD 100,000)",232741,CME ,232 ,F10,FutOnly
AUSTRALIAN DOLLAR - CHICAGO MERCANTILE EXCHANGE,160607,2016-06-07,232741,CME ,00,232 ,  119376,   42509,   17736,    1863,   21779,    6861,    1130,   18906,   24006,    7706,    1021,   31938,    1578,   96492,   92818,   22884,   26558,    4729,    6625,   -4058,     583,    -110,   -3116,      74,   -8552,    7662,    5028,    -568,   -2907,     923,    4003,    4189,     726,     540,  100.0,   35.6,   14.9,    1.6,   18.2,    5.7,    0.9,   15.8,   20.1,    6.5,    0.9,   26.8,    1.3,   80.8,   77.8,   19.2,   22.2,     77,      6,      4,      4,      6,      8,.,     23,     21,     15,.,      7,.,     48,     53,    45.3,    42.1,    54.9,    51.3,    44.4,    40.8,    52.8,    49.5,"(CONTRACTS OF AUD 100,000)",232741,CME ,232 ,F10,FutOnly
AUSTRALIAN DOLLAR - CHICAGO MERCANTILE EXCHANGE,160531,2016-05-31,232741,CME ,00,232 ,  114647,   35884,   21794,    1280,   21889,    9977,    1056,   27458,   16344,    2678,    1589,   34845,     655,   92489,   88629,   22158,   26018,      14,   11807,   -4755,     218,   -6015,     485,       0,   -6385,   -1059,     986,    1083,    1478,      44,    1738,   -2603,   -1724,    2617,  100.0,   31.3,   19.0,    1.1,   19.1,    8.7,    0.9,   23.9,   14.3,    2.3,    1.4,   30.4,    0.6,   80.7,   77.3,   19.3,   22.7,     80,      7,      6,      5,      5,      9,      4,     26,     18,      8,.,      6,.,     49,     50,    44.2,    43.2,    54.8,    53.0,    44.0,    42.7,    53.8,    52.4,"(CONTRACTS OF AUD 100,000)",232741,CME ,232 ,F10,FutOnly
AUSTRALIAN DOLLAR - CHICAGO MERCANTILE EXCHANGE,160524,2016-05-24,232741,CME ,00,232 ,  114633,   24077,   26549,    1062,   27904,    9492,    1056,   33843,   17403,    1692,     506,   33367,     611,   90751,   91232,   23882,   23401,     514,   14524,   -6365,     -14,   -4537,    2121,     146,   -8970,    2730,    -446,    -393,    1424,     -30,     280,    -434,     234,     948,  100.0,   21.0,   23.2,    0.9,   24.3,    8.3,    0.9,   29.5,   15.2,    1.5,    0.4,   29.1,    0.5,   79.2,   79.6,   20.8,   20.4,     83,      7,      6,.,      7,      8,      4,     28,     19,     10,.,      7,.,     50,     52,    39.2,    45.4,    52.1,    55.2,    39.2,    45.0,    51.6,    54.7,"(CONTRACTS OF AUD 100,000)",232741,CME ,232 ,F10,FutOnly
AUSTRALIAN DOLLAR - CHICAGO MERCANTILE EXCHANGE,160517,2016-05-17,232741,CME ,00,232 ,  114119,    9553,   32914,    1076,   32441,    7371,     910,   42813,   14673,    2138,     899,   31943,     641,   90471,   91666,   23648,   22453,  -12649,    1667,  -16816,    -105,   -3094,     847,     301,   -9627,    2422,     164,    -470,   -1342,      73,  -11091,  -14456,   -1558,    1807,  100.0,    8.4,   28.8,    0.9,   28.4,    6.5,    0.8,   37.5,   12.9,    1.9,    0.8,   28.0,    0.6,   79.3,   80.3,   20.7,   19.7,     84,      5,      8,      4,      8,      7,      4,     29,     17,      9,.,      8,.,     53,     50,    43.7,    47.8,    52.7,    57.0,    43.7,    47.3,    52.7,    56.3,"(CONTRACTS OF AUD 100,000)",232741,CME ,232 ,F10,FutOnly
AUSTRALIAN DOLLAR - CHICAGO MERCANTILE EXCHANGE,160510,2016-05-10,232741,CME ,00,232 ,  126768,    7886,   49730,    1181,   35535,    6524,     609,   52440,   12251,    1974,    1369,   33285,     568,  101562,  106122,   25206,   20646,  -15927,    3528,  -15680,      49,    -434,    -579,    -496,  -16038,   -2795,    -451,     -20,    4468,    -240,  -14102,  -15724,   -1825,    -203,  100.0,    6.2,   39.2,    0.9,   28.0,    5.1,    0.5,   41.4,    9.7,    1.6,    1.1,   26.3,    0.4,   80.1,   83.7,   19.9,   16.3,     83,      5,      8,      4,      8,      8,      5,     31,     13,      8,.,      8,.,     55,     47,    46.9,    51.7,    56.5,    64.3,    46.9,    51.5,    56.1,    63.6,"(CONTRACTS OF AUD 100,000)",232741,CME ,232 ,F10,FutOnly
AUSTRALIAN DOLLAR - CHICAGO MERCANTILE EXCHANGE,160503,2016-05-03,232741,CME ,00,232 ,  142695,    4358,   65410,    1132,   35969,    7103,    1105,   68478,   15046,    2425,    1389,   28817,     808,  115664,  121846,   27031,   20849,  -13008,    1504,  -13284,     667,   -6910,   -3549,    -272,   -6465,    1260,     986,    1353,    2307,     -68,   -9205,  -11953,   -3803,   -1055,  100.0,    3.1,   45.8,    0.8,   25.2,    5.0,    0.8,   48.0,   10.5,    1.7,    1.0,   20.2,    0.6,   81.1,   85.4,   18.9,   14.6,     93,.,     10,      5,      8,      7,      4,     34,     19,      9,      4,      8,.,     61,     52,    46.8,    56.4,    56.4,    65.2,    46.8,    56.3,    56.4,    64.5,"(CONTRACTS OF AUD 100,000)",232741,CME ,232 ,F10,FutOnly
AUSTRALIAN DOLLAR - CHICAGO MERCANTILE EXCHANGE,160426,2016-04-26,232741,CME ,00,232 ,  155703,    2854,   78694,     465,   42879,   10652,    1377,   74943,   13786,    1439,      36,   26510,     876,  124869,  133799,   30834,   21904,   12781,    -232,   15070,     -15,     -64,     126,     -72,   13913,   -2050,     127,      -8,     -52,     -68,   13581,   13066,    -800,    -285,  100.0,    1.8,   50.5,    0.3,   27.5,    6.8,    0.9,   48.1,    8.9,    0.9,    0.0,   17.0,    0.6,   80.2,   85.9,   19.8,   14.1,     94,      4,      9,.,     11,      8,      4,     35,     17,      4,.,      8,.,     58,     47,    50.6,    58.2,    56.5,    65.6,    50.6,    58.2,    56.4,    65.6,"(CONTRACTS OF AUD 100,000)",232741,CME ,232 ,F10,FutOnly
AUSTRALIAN DOLLAR - CHICAGO MERCANTILE EXCHANGE,160419,2016-04-19,232741,CME ,00,232 ,  142922,    3086,   63624,     480,   42943,   10526,    1449,   61030,   15836,    1312,      44,   26562,     944,  111288,  120733,   31634,   22189,   10301,     295,   10022,     420,    -855,    -557,       0,    7878,   -2482,     -32,      44,    -168,      41,    7791,    7244,    2510,    3057,  100.0,    2.2,   44.5,    0.3,   30.0,    7.4,    1.0,   42.7,   11.1,    0.9,    0.0,   18.6,    0.7,   77.9,   84.5,   22.1,   15.5,     89,.,     10,.,     12,      8,      6,     31,     16,      5,.,      8,.,     56,     48,    49.9,    54.4,    56.3,    63.4,    49.9,    54.4,    56.0,    63.3,"(CONTRACTS OF AUD 100,000)",232741,CME ,232 ,F10,FutOnly
AUSTRALIAN DOLLAR - CHICAGO MERCANTILE EXCHANGE,160412,2016-04-12,232741,CME ,00,232 ,  132621,    2791,   53602,      60,   43798,   11083,    1449,   53152,   18318,    1344,       0,   26730,     903,  103497,  113489,   29124,   19132,   11561,     -64,    4551,    -244,    8511,     670,      -9,    4456,    5807,      53,   -1016,     461,     890,   12577,   12179,   -1016,    -618,  100.0,    2.1,   40.4,    0.0,   33.0,    8.4,    1.1,   40.1,   13.8,    1.0,    0.0,   20.2,    0.7,   78.0,   85.6,   22.0,   14.4,     83,      4,      8,.,     11,      9,      6,     25,     18,      6,      0,      8,.,     50,     49,    52.6,    51.9,    59.5,    60.4,    52.6,    51.9,    59.0,    60.0,"(CONTRACTS OF AUD 100,000)",232741,CME ,232 ,F10,FutOnly
AUSTRALIAN DOLLAR - CHICAGO MERCANTILE EXCHANGE,160405,2016-04-05,232741,CME ,00,232 ,  121060,    2855,   49051,     304,   35287,   10413,    1458,   48696,   12511,    1291,    1016,   26269,      13,   90920,  101310,   30140,   19750,    1395,     445,    1259,       6,   -6250,    2474,     161,    8610,   -3170,    -232,   -1149,    -816,    -122,    1469,    -440,     -74,    1835,  100.0,    2.4,   40.5,    0.3,   29.1,    8.6,    1.2,   40.2,   10.3,    1.1,    0.8,   21.7,    0.0,   75.1,   83.7,   24.9,   16.3,     88,      5,      8,.,     12,      7,      5,     30,     16,      4,.,      7,.,     56,     45,    44.5,    52.7,    52.1,    62.9,    44.5,    52.7,    51.6,    62.9,"(CONTRACTS OF AUD 100,000)",232741,CME ,232 ,F10,FutOnly
AUSTRALIAN DOLLAR - CHICAGO MERCANTILE EXCHANGE,160329,2016-03-29,232741,CME ,00,232 ,  119665,    2410,   47792,     298,   41537,    7939,    1297,   40086,   15681,    1523,    2165,   27085,     135,   89451,  101750,   30214,   17915,    7988,     -36,    5256,     -59,    2992,     375,     -10,    5509,     596,     135,     616,    1702,     120,    9267,    8115,   -1279,    -127,  100.0,    2.0,   39.9,    0.2,   34.7,    6.6,    1.1,   33.5,   13.1,    1.3,    1.8,   22.6,    0.1,   74.8,   85.0,   25.2,   15.0,     90,      4,      9,.,     12,      7,      5,     29,     16,      6,      4,      9,.,     56,     49,    45.4,    52.2,    52.6,    60.8,    45.4,    52.2,    52.4,    60.7,"(CONTRACTS OF AUD 100,000)",232741,CME ,232 ,F10,FutOnly
AUSTRALIAN DOLLAR - CHICAGO MERCANTILE EXCHANGE,160322,2016-03-22,232741,CME ,00,232 ,  111677,    2446,   42536,     357,   38545,    7564,    1307,   34577,   15085,    1388,    1549,   25383,      15,   80184,   93635,   31493,   18042,   11685,    1109,   10237,     283,    3000,     707,     199,    5418,    1305,    -152,    -768,    -125,       0,    9089,   12454,    2596,    -769,  100.0,    2.2,   38.1,    0.3,   34.5,    6.8,    1.2,   31.0,   13.5,    1.2,    1.4,   22.7,    0.0,   71.8,   83.8,   28.2,   16.2,     88,      5,     10,.,     13,      7,      6,     23,     18,      4,      4,      8,.,     53,     49,    41.4,    51.3,    48.8,    59.2,    41.4,    51.3,    48.6,    59.2,"(CONTRACTS OF AUD 100,000)",232741,CME ,232 ,F10,FutOnly
AUSTRALIAN DOLLAR - CHICAGO MERCANTILE EXCHANGE,160315,2016-03-15,232741,CME ,00,232 ,   99992,    1337,   32299,      74,   35545,    6857,    1108,   29159,   13780,    1540,    2317,   25508,      15,   71095,   81181,   28897,   18811,  -41853,  -44882,  -19700,   -1229,    6524,     670,    -204,   -3104,   -9155,   -3663,    1327,   -6028,    -198,  -45429,  -39507,    3576,   -2346,  100.0,    1.3,   32.3,    0.1,   35.5,    6.9,    1.1,   29.2,   13.8,    1.5,    2.3,   25.5,    0.0,   71.1,   81.2,   28.9,   18.8,     83,      4,      9,.,     11,      6,      5,     21,     18,      4,      7,      7,.,     49,     46,    43.2,    49.4,    50.3,    58.2,    43.2,    49.4,    50.0,    58.2,"(CONTRACTS OF AUD 100,000)",232741,CME ,232 ,F10,FutOnly
AUSTRALIAN DOLLAR - CHICAGO MERCANTILE EXCHANGE,160308,2016-03-08,232741,CME ,00,232 ,  141845,   46219,   51999,    1303,   29021,    6187,    1312,   32263,   22935,    5203,     990,   31536,     213,  116524,  120688,   25321,   21157,   18934,   -1022,   20679,     768,    4099,    -484,       3,    3992,   -8417,    2946,    -211,    5488,     203,   10778,   21186,    8156,   -2252,  100.0,   32.6,   36.7,    0.9,   20.5,    4.4,    0.9,   22.7,   16.2,    3.7,    0.7,   22.2,    0.2,   82.1,   85.1,   17.9,   14.9,     95,      9,      8,      7,     10,      5,      6,     23,     24,     13,.,     11,.,     63,     60,    49.6,    47.3,    59.3,    57.3,    49.6,    46.6,    59.3,    56.4,"(CONTRACTS OF AUD 100,000)",232741,CME ,232 ,F10,FutOnly
AUSTRALIAN DOLLAR - CHICAGO MERCANTILE EXCHANGE,160301,2016-03-01,232741,CME ,00,232 ,  122911,   47241,   31320,     535,   24922,    6671,    1309,   28271,   31352,    2257,    1201,   26048,      10,  105746,   99502,   17165,   23409,    3385,    -428,    9293,      75,    2496,    -169,      -1,    2236,   -1828,     -58,     711,   -3543,      10,    5041,    3779,   -1656,    -394,  100.0,   38.4,   25.5,    0.4,   20.3,    5.4,    1.1,   23.0,   25.5,    1.8,    1.0,   21.2,    0.0,   86.0,   81.0,   14.0,   19.0,     83,      8,      8,      6,     11,      6,      5,     14,     27,     12,.,      7,.,     49,     58,    53.1,    39.2,    64.7,    52.2,    53.1,    39.2,    64.7,    52.1,"(CONTRACTS OF AUD 100,000)",232741,CME ,232 ,F10,FutOnly
AUSTRALIAN DOLLAR - CHICAGO MERCANTILE EXCHANGE,160223,2016-02-23,232741,CME ,00,232 ,  119526,   47669,   22027,     460,   22426,    6840,    1310,   26035,   33180,    2315,     490,   29591,       0,  100705,   95723,   18821,   23803,    8079,    -671,   10876,     247,     887,   -2189,     268,    4958,   -2026,     246,       8,    1654,       0,    5943,    9076,    2136,    -997,  100.0,   39.9,   18.4,    0.4,   18.8,    5.7,    1.1,   21.8,   27.8,    1.9,    0.4,   24.8,    0.0,   84.3,   80.1,   15.7,   19.9,     83,      8,      7,      5,      9,      6,      4,     14,     26,     10,.,     11,      0,     44,     58,    53.8,    36.2,    65.1,    47.8,    53.8,    36.2,    65.1,    47.8,"(CONTRACTS OF AUD 100,000)",232741,CME ,232 ,F10,FutOnly
AUSTRALIAN DOLLAR - CHICAGO MERCANTILE EXCHANGE,160216,2016-02-16,232741,CME ,00,232 ,  111447,   48340,   11151,     213,   21539,    9029,    1042,   21077,   35206,    2069,     482,   27937,       0,   94762,   86647,   16685,   24800,   -1907,   -5214,    4265,    -261,     257,    -968,      67,    2490,    1997,     670,      23,   -7000,       0,   -1968,   -1230,      61,    -677,  100.0,   43.4,   10.0,    0.2,   19.3,    8.1,    0.9,   18.9,   31.6,    1.9,    0.4,   25.1,    0.0,   85.0,   77.7,   15.0,   22.3,     82,      9,      6,.,      8,     10,      5,     14,     24,      7,.,     10,      0,     38,     59,    55.7,    36.3,    68.1,    46.0,    55.7,    36.3,    67.8,    46.0,"(CONTRACTS OF AUD 100,000)",232741,CME ,232 ,F10,FutOnly
AUSTRALIAN DOLLAR - CHICAGO MERCANTILE EXCHANGE,160209,2016-02-09,232741,CME ,00,232 ,  113354,   53554,    6886,     474,   21282,    9997,     975,   18587,   33209,    1399,     459,   34937,       0,   96730,   87877,   16624,   25477,   -8702,  -22222,    4958,     233,    7682,   -2685,    -371,    5107,   -4872,      86,       0,    -225,      -9,   -9494,   -2885,     792,   -5817,  100.0,   47.2,    6.1,    0.4,   18.8,    8.8,    0.9,   16.4,   29.3,    1.2,    0.4,   30.8,    0.0,   85.3,   77.5,   14.7,   22.5,     80,     10,      5,.,      7,     11,      4,     14,     20,      6,.,     11,      0,     38,     55,    53.3,    38.4,    67.8,    47.9,    53.3,    38.4,    67.5,    47.9,"(CONTRACTS OF AUD 100,000)",232741,CME ,232 ,F10,FutOnly
AUSTRALIAN DOLLAR - CHICAGO MERCANTILE EXCHANGE,160202,2016-02-02,232741,CME ,00,232 ,  122056,   75776,    1928,     241,   13600,   12682,    1346,   13480,   38081,    1313,     459,   35162,       9,  106224,   90762,   15832,   31294,   -3395,  -10251,     436,      92,    7664,    2549,    -647,    -592,   -3454,     231,       0,     -96,       0,   -3503,    -889,     108,   -2506,  100.0,   62.1,    1.6,    0.2,   11.1,   10.4,    1.1,   11.0,   31.2,    1.1,    0.4,   28.8,    0.0,   87.0,   74.4,   13.0,   25.6,     84,     12,      4,.,      8,     10,      6,     11,     25,      8,.,     13,.,     41,     61,    55.6,    36.2,    71.8,    44.2,    55.6,    36.2,    71.5,    44.1,"(CONTRACTS OF AUD 100,000)",232741,CME ,232 ,F10,FutOnly
AUSTRALIAN DOLLAR - CHICAGO MERCANTILE EXCHANGE,160126,2016-01-26,232741,CME ,00,232 ,  125451,   86027,    1492,     149,    5936,   10133,    1993,   14072,   41535,    1082,     459,   35258,       9,  109727,   91651,   15724,   33800,   -7363,   -9168,      60,      -4,    3276,   -1596,      61,   -2788,   -2485,     232,    -500,     400,       9,   -8882,   -3323,    1519,   -4040,  100.0,   68.6,    1.2,    0.1,    4.7,    8.1,    1.6,   11.2,   33.1,    0.9,    0.4,   28.1,    0.0,   87.5,   73.1,   12.5,   26.9,     90,     13,.,      4,      6,     12,      5,     14,     28,      8,.,     13,.,     44,     64,    58.7,    34.5,    71.3,    42.7,    58.7,    34.5,    71.1,    42.6,"(CONTRACTS OF AUD 100,000)",232741,CME ,232 ,F10,FutOnly
AUSTRALIAN DOLLAR - CHICAGO MERCANTILE EXCHANGE,160119,2016-01-19,232741,CME ,00,232 ,  132814,   95195,    1432,     153,    2660,   11729,    1932,   16860,   44020,     850,     959,   34858,       0,  118609,   94974,   14205,   37840,   11224,   15110,       1,     -48,     470,    -822,     100,   -3698,   10627,     620,      56,    2055,       0,   12610,   12533,   -1386,   -1309,  100.0,   71.7,    1.1,    0.1,    2.0,    8.8,    1.5,   12.7,   33.1,    0.6,    0.7,   26.2,    0.0,   89.3,   71.5,   10.7,   28.5,     91,     12,.,      5,      5,     10,      5,     17,     31,     10,.,     11,      0,     45,     66,    62.3,    32.5,    73.8,    40.5,    62.3,    32.5,    73.6,    40.4,"(CONTRACTS OF AUD 100,000)",232741,CME ,232 ,F10,FutOnly
AUSTRALIAN DOLLAR - CHICAGO MERCANTILE EXCHANGE,160112,2016-01-12,232741,CME ,00,232 ,  121590,   80085,    1431,     201,    2190,   12551,    1832,   20558,   33393,     230,     903,   32803,       0,  105999,   82441,   15591,   39149,   22589,   20399,    -538,      25,    -440,   -1049,     -69,    3749,   11243,     -68,     276,    3065,     -97,   23775,   12512,   -1186,   10077,  100.0,   65.9,    1.2,    0.2,    1.8,   10.3,    1.5,   16.9,   27.5,    0.2,    0.7,   27.0,    0.0,   87.2,   67.8,   12.8,   32.2,     87,     11,.,      5,      4,     11,.,     18,     27,      6,.,     12,      0,     41,     60,    58.7,    29.4,    69.0,    36.9,    58.6,    29.4,    68.8,    36.9,"(CONTRACTS OF AUD 100,000)",232741,CME ,232 ,F10,FutOnly
AUSTRALIAN DOLLAR - CHICAGO MERCANTILE EXCHANGE,160105,2016-01-05,232741,CME ,00,232 ,   99001,   59686,    1969,     176,    2630,   13600,    1901,   16809,   22150,     298,     627,   29738,      97,   82224,   69929,   16777,   29072,     827,   -1920,     448,      88,     671,   -2096,    -344,    2546,   -1053,     146,   -1599,     664,       0,    -412,   -2147,    1239,    2974,  100.0,   60.3,    2.0,    0.2,    2.7,   13.7,    1.9,   17.0,   22.4,    0.3,    0.6,   30.0,    0.1,   83.1,   70.6,   16.9,   29.4,     85,      8,      4,.,      5,     11,.,     18,     26,      8,.,     11,.,     40,     59,    58.4,    29.2,    66.6,    37.7,    58.3,    29.1,    65.7,    37.5,"(CONTRACTS OF AUD 100,000)",232741,CME ,232 ,F10,FutOnly
NEW ZEALAND DOLLAR - CHICAGO MERCANTILE EXCHANGE,161227,2016-12-27,112741,CME ,00,112 ,   43266,   11093,     851,       0,    1103,   27489,      38,   25446,    7471,    2015,     675,    1775,       0,   40370,   39639,    2896,    3627,    1460,    6793,    -365,       0,    -522,     -70,       0,   -3864,     554,     157,    -440,     699,       0,    2124,     975,    -664,     485,  100.0,   25.6,    2.0,    0.0,    2.5,   63.5,    0.1,   58.8,   17.3,    4.7,    1.6,    4.1,    0.0,   93.3,   91.6,    6.7,    8.4,     73,     11,.,      0,      5,      6,.,     25,     17,      5,.,      6,      0,     45,     34,    31.3,    68.2,    50.9,    77.1,    31.3,    68.2,    49.6,    75.6,"(CONTRACTS OF NZD 100,000)",112741,CME ,112 ,F15,FutOnly
NEW ZEALAND DOLLAR - CHICAGO MERCANTILE EXCHANGE,161220,2016-12-20,112741,CME ,00,112 ,   41806,    4300,    1216,       0,    1625,   27559,      38,   29310,    6917,    1858,    1115,    1076,       0,   38246,   38664,    3560,    3142,  -12420,  -12877,  -10173,   -1356,     412,    2526,     -21,    3956,   -1006,   -2483,    1115,      97,       0,  -11254,  -12416,   -1166,      -4,  100.0,   10.3,    2.9,    0.0,    3.9,   65.9,    0.1,   70.1,   16.5,    4.4,    2.7,    2.6,    0.0,   91.5,   92.5,    8.5,    7.5,     70,      5,.,      0,      5,      6,.,     29,     15,      5,.,      5,      0,     44,     32,    34.0,    70.2,    52.5,    79.0,    33.3,    70.2,    50.6,    77.5,"(CONTRACTS OF NZD 100,000)",112741,CME ,112 ,F15,FutOnly
NEW ZEALAND DOLLAR - CHICAGO MERCANTILE EXCHANGE,161213,2016-12-13,112741,CME ,00,112 ,   54226,   17177,   11389,    1356,    1213,   25033,      59,   25354,    7923,    4341,       0,     979,       0,   49500,   51080,    4726,    3146,    5486,   -1096,    -130,    1050,     814,       0,       0,    1701,    1760,    2530,       0,    -265,       0,    4999,    4945,     487,     541,  100.0,   31.7,   21.0,    2.5,    2.2,   46.2,    0.1,   46.8,   14.6,    8.0,    0.0,    1.8,    0.0,   91.3,   94.2,    8.7,    5.8,     79,      9,.,      4,      6,      5,.,     31,     19,     12,      0,      4,      0,     55,     41,    38.6,    64.6,    54.6,    74.3,    38.2,    64.6,    52.4,    73.6,"(CONTRACTS OF NZD 100,000)",112741,CME ,112 ,F15,FutOnly
NEW ZEALAND DOLLAR - CHICAGO MERCANTILE EXCHANGE,161206,2016-12-06,112741,CME ,00,112 ,   48740,   18273,   11519,     306,     399,   25033,      59,   23653,    6163,    1811,       0,    1244,       0,   44501,   46135,    4239,    2605,   -1145,    1408,     -31,     190,     -95,     204,       0,   -3303,    -273,     171,       0,    -553,       0,   -1629,    -292,     484,    -853,  100.0,   37.5,   23.6,    0.6,    0.8,   51.4,    0.1,   48.5,   12.6,    3.7,    0.0,    2.6,    0.0,   91.3,   94.7,    8.7,    5.3,     68,      9,      4,.,.,      5,.,     29,     13,      6,      0,      6,      0,     44,     33,    44.6,    71.5,    60.5,    81.5,    44.6,    71.1,    60.0,    81.1,"(CONTRACTS OF NZD 100,000)",112741,CME ,112 ,F15,FutOnly
NEW ZEALAND DOLLAR - CHICAGO MERCANTILE EXCHANGE,161129,2016-11-29,112741,CME ,00,112 ,   49885,   16865,   11550,     116,     494,   24829,      59,   26956,    6436,    1640,       0,    1797,       0,   46130,   46427,    3755,    3458,    -122,    3688,       2,     -31,     102,       0,       0,   -2942,       9,     -80,    -288,    -210,       0,     449,    -310,    -571,     188,  100.0,   33.8,   23.2,    0.2,    1.0,   49.8,    0.1,   54.0,   12.9,    3.3,    0.0,    3.6,    0.0,   92.5,   93.1,    7.5,    6.9,     71,      9,      4,.,.,      4,.,     30,     14,      7,      0,      7,      0,     45,     35,    41.2,    69.1,    58.6,    78.6,    41.2,    69.1,    58.1,    78.6,"(CONTRACTS OF NZD 100,000)",112741,CME ,112 ,F15,FutOnly
NEW ZEALAND DOLLAR - CHICAGO MERCANTILE EXCHANGE,161122,2016-11-22,112741,CME ,00,112 ,   50007,   13177,   11548,     147,     392,   24829,      59,   29898,    6427,    1720,     288,    2007,       0,   45681,   46737,    4326,    3270,    1444,    6394,      11,      -5,     -83,     -27,       0,   -5181,     333,     382,     288,     463,       0,    1795,    1157,    -351,     287,  100.0,   26.4,   23.1,    0.3,    0.8,   49.7,    0.1,   59.8,   12.9,    3.4,    0.6,    4.0,    0.0,   91.3,   93.5,    8.7,    6.5,     71,      9,      4,.,.,      4,.,     28,     16,      9,.,      7,      0,     43,     39,    36.6,    69.0,    55.9,    78.6,    36.6,    69.0,    54.7,    78.6,"(CONTRACTS OF NZD 100,000)",112741,CME ,112 ,F15,FutOnly
NEW ZEALAND DOLLAR - CHICAGO MERCANTILE EXCHANGE,161115,2016-11-15,112741,CME ,00,112 ,   48563,    6783,   11537,     152,     475,   24856,      59,   35079,    6094,    1338,       0,    1544,       0,   43886,   45580,    4677,    2983,   -3550,     739,    -122,      48,    -210,    -200,       0,   -2856,   -1960,     337,    -286,    -426,       0,   -2228,   -2323,   -1322,   -1227,  100.0,   14.0,   23.8,    0.3,    1.0,   51.2,    0.1,   72.2,   12.5,    2.8,    0.0,    3.2,    0.0,   90.4,   93.9,    9.6,    6.1,     73,      8,      4,.,.,      4,.,     34,     14,      9,      0,      6,      0,     48,     37,    42.5,    70.9,    57.9,    80.5,    41.9,    70.9,    56.2,    80.5,"(CONTRACTS OF NZD 100,000)",112741,CME ,112 ,F15,FutOnly
NEW ZEALAND DOLLAR - CHICAGO MERCANTILE EXCHANGE,161108,2016-11-08,112741,CME ,00,112 ,   52113,    6044,   11659,     104,     685,   25056,      59,   37935,    8054,    1001,     286,    1970,       0,   46114,   47903,    5999,    4210,    5325,   -3851,     305,     -21,    -792,    3690,       0,    8989,      51,    -221,      67,     758,       0,    4171,    4562,    1154,     763,  100.0,   11.6,   22.4,    0.2,    1.3,   48.1,    0.1,   72.8,   15.5,    1.9,    0.5,    3.8,    0.0,   88.5,   91.9,   11.5,    8.1,     79,      8,      4,.,      4,      5,.,     36,     13,      7,.,      7,      0,     53,     35,    39.2,    66.4,    53.3,    76.5,    38.0,    66.4,    51.6,    76.4,"(CONTRACTS OF NZD 100,000)",112741,CME ,112 ,F15,FutOnly
NEW ZEALAND DOLLAR - CHICAGO MERCANTILE EXCHANGE,161101,2016-11-01,112741,CME ,00,112 ,   46788,    9895,   11354,     125,    1477,   21366,      59,   28946,    8003,    1222,     219,    1212,       0,   41943,   43341,    4845,    3447,    -469,    -693,    -102,      59,    -929,    -518,      35,     692,    -232,     242,     -11,       1,       0,    -605,    -515,     136,      46,  100.0,   21.1,   24.3,    0.3,    3.2,   45.7,    0.1,   61.9,   17.1,    2.6,    0.5,    2.6,    0.0,   89.6,   92.6,   10.4,    7.4,     79,      8,.,.,      8,      4,.,     35,     15,      8,.,      4,      0,     56,     33,    31.8,    66.0,    49.4,    77.2,    30.2,    66.0,    47.7,    77.2,"(CONTRACTS OF NZD 100,000)",112741,CME ,112 ,F15,FutOnly
NEW ZEALAND DOLLAR - CHICAGO MERCANTILE EXCHANGE,161025,2016-10-25,112741,CME ,00,112 ,   47257,   10588,   11456,      66,    2406,   21884,      24,   28254,    8235,     980,     230,    1211,       0,   42548,   43856,    4709,    3401,    -156,     275,      -8,      62,    -244,       0,     -75,     119,     352,      57,    -122,     -85,       0,      72,     303,    -228,    -459,  100.0,   22.4,   24.2,    0.1,    5.1,   46.3,    0.1,   59.8,   17.4,    2.1,    0.5,    2.6,    0.0,   90.0,   92.8,   10.0,    7.2,     82,      7,      4,.,      7,      4,.,     36,     18,      6,.,      4,      0,     54,     37,    30.4,    65.5,    49.2,    75.7,    29.5,    65.5,    47.5,    75.7,"(CONTRACTS OF NZD 100,000)",112741,CME ,112 ,F15,FutOnly
NEW ZEALAND DOLLAR - CHICAGO MERCANTILE EXCHANGE,161018,2016-10-18,112741,CME ,00,112 ,   47413,   10313,   11464,       4,    2650,   21884,      99,   28135,    7883,     923,     352,    1296,       0,   42476,   43553,    4937,    3860,     289,    3876,      10,       1,     649,     -27,      75,   -2864,     -10,    -197,    -810,     218,       0,     730,      70,    -441,     219,  100.0,   21.8,   24.2,    0.0,    5.6,   46.2,    0.2,   59.3,   16.6,    1.9,    0.7,    2.7,    0.0,   89.6,   91.9,   10.4,    8.1,     85,      7,      4,.,      9,      4,.,     38,     15,      6,.,      5,      0,     58,     37,    29.4,    65.5,    44.9,    76.4,    27.8,    65.5,    43.2,    76.4,"(CONTRACTS OF NZD 100,000)",112741,CME ,112 ,F15,FutOnly
NEW ZEALAND DOLLAR - CHICAGO MERCANTILE EXCHANGE,161011,2016-10-11,112741,CME ,00,112 ,   47124,    6437,   11454,       3,    2001,   21911,      24,   30999,    7893,    1120,    1162,    1078,       0,   41746,   43483,    5378,    3641,   -2118,    3202,   -3460,       0,     -52,    1222,     -10,   -4683,    -332,     227,     -99,      -8,       0,   -1415,   -2361,    -703,     243,  100.0,   13.7,   24.3,    0.0,    4.2,   46.5,    0.1,   65.8,   16.7,    2.4,    2.5,    2.3,    0.0,   88.6,   92.3,   11.4,    7.7,     82,      7,      4,.,      8,      4,.,     36,     17,      8,.,      4,      0,     56,     36,    26.4,    65.8,    42.2,    76.5,    24.7,    65.8,    40.3,    76.5,"(CONTRACTS OF NZD 100,000)",112741,CME ,112 ,F15,FutOnly
NEW ZEALAND DOLLAR - CHICAGO MERCANTILE EXCHANGE,161004,2016-10-04,112741,CME ,00,112 ,   49242,    3235,   14914,       3,    2053,   20689,      34,   35682,    8225,     893,    1261,    1086,       0,   43161,   45844,    6081,    3398,    -174,     591,     613,       0,    -118,     257,       0,    -898,   -1105,     -17,    -280,      74,       0,    -722,    -178,     548,       4,  100.0,    6.6,   30.3,    0.0,    4.2,   42.0,    0.1,   72.5,   16.7,    1.8,    2.6,    2.2,    0.0,   87.7,   93.1,   12.3,    6.9,     91,      5,      7,.,      8,      6,.,     41,     18,      7,.,      4,      0,     60,     41,    33.0,    64.5,    48.4,    74.3,    31.4,    64.4,    46.8,    74.2,"(CONTRACTS OF NZD 100,000)",112741,CME ,112 ,F15,FutOnly
NEW ZEALAND DOLLAR - CHICAGO MERCANTILE EXCHANGE,160927,2016-09-27,112741,CME ,00,112 ,   49416,    2644,   14301,       3,    2171,   20432,      34,   36580,    9330,     910,    1541,    1012,       0,   43883,   46022,    5533,    3394,    -110,     188,    2252,       0,    -531,    3672,       0,      30,   -5509,       1,     265,    -317,       0,     -47,      99,     -63,    -209,  100.0,    5.4,   28.9,    0.0,    4.4,   41.3,    0.1,   74.0,   18.9,    1.8,    3.1,    2.0,    0.0,   88.8,   93.1,   11.2,    6.9,     87,      4,      5,.,      8,      5,.,     41,     17,      7,.,      4,      0,     60,     37,    34.9,    64.1,    51.1,    74.6,    33.6,    64.1,    49.5,    74.5,"(CONTRACTS OF NZD 100,000)",112741,CME ,112 ,F15,FutOnly
NEW ZEALAND DOLLAR - CHICAGO MERCANTILE EXCHANGE,160920,2016-09-20,112741,CME ,00,112 ,   49526,    2456,   12049,       3,    2702,   16760,      34,   36550,   14839,     909,    1276,    1329,       0,   43930,   45923,    5596,    3603,  -12415,     985,   -5963,   -6078,     112,    -342,    -250,     278,    7903,   -6877,    -248,    -815,       0,  -12078,  -12422,    -337,       7,  100.0,    5.0,   24.3,    0.0,    5.5,   33.8,    0.1,   73.8,   30.0,    1.8,    2.6,    2.7,    0.0,   88.7,   92.7,   11.3,    7.3,     85,.,.,.,      8,      5,.,     42,     16,      7,.,      6,      0,     58,     37,    36.3,    63.0,    50.9,    73.3,    35.8,    63.0,    49.3,    73.3,"(CONTRACTS OF NZD 100,000)",112741,CME ,112 ,F15,FutOnly
NEW ZEALAND DOLLAR - CHICAGO MERCANTILE EXCHANGE,160913,2016-09-13,112741,CME ,00,112 ,   61941,    1471,   18012,    6081,    2590,   17102,     284,   36272,    6936,    7786,    1524,    2144,       0,   56008,   58345,    5933,    3596,   10002,    -683,    -565,    5773,    -409,    -130,     250,   -2040,   -1114,    6856,     466,    -303,       0,   10213,   10767,    -211,    -765,  100.0,    2.4,   29.1,    9.8,    4.2,   27.6,    0.5,   58.6,   11.2,   12.6,    2.5,    3.5,    0.0,   90.4,   94.2,    9.6,    5.8,     89,.,      7,      5,      7,      6,.,     47,     11,     10,      4,      5,      0,     70,     37,    31.2,    54.1,    47.1,    68.9,    27.9,    46.9,    38.6,    55.5,"(CONTRACTS OF NZD 100,000)",112741,CME ,112 ,F15,FutOnly
NEW ZEALAND DOLLAR - CHICAGO MERCANTILE EXCHANGE,160906,2016-09-06,112741,CME ,00,112 ,   51939,    2154,   18577,     308,    2999,   17232,      34,   38312,    8050,     930,    1058,    2447,       0,   45795,   47578,    6144,    4361,    5443,    -117,    3508,     112,     866,    -435,     -22,    4003,    1767,    -172,     294,     348,       0,    4964,    5106,     479,     337,  100.0,    4.1,   35.8,    0.6,    5.8,   33.2,    0.1,   73.8,   15.5,    1.8,    2.0,    4.7,    0.0,   88.2,   91.6,   11.8,    8.4,     92,.,      6,      4,      8,      6,.,     48,     12,      6,.,      7,      0,     67,     37,    34.3,    56.7,    48.7,    68.8,    34.3,    56.5,    48.4,    68.6,"(CONTRACTS OF NZD 100,000)",112741,CME ,112 ,F15,FutOnly
NEW ZEALAND DOLLAR - CHICAGO MERCANTILE EXCHANGE,160830,2016-08-30,112741,CME ,00,112 ,   46496,    2271,   15069,     196,    2133,   17667,      56,   34309,    6283,    1102,     764,    2099,       0,   40831,   42472,    5665,    4024,    2103,      22,     243,      58,     -30,    1940,       0,    1393,    -580,     219,     -15,     -87,       0,    1647,    1793,     456,     310,  100.0,    4.9,   32.4,    0.4,    4.6,   38.0,    0.1,   73.8,   13.5,    2.4,    1.6,    4.5,    0.0,   87.8,   91.3,   12.2,    8.7,     85,.,      6,      4,      7,      7,.,     41,     14,      5,.,      5,      0,     62,     35,    35.2,    56.9,    51.4,    69.5,    34.2,    56.5,    49.7,    69.1,"(CONTRACTS OF NZD 100,000)",112741,CME ,112 ,F15,FutOnly
NEW ZEALAND DOLLAR - CHICAGO MERCANTILE EXCHANGE,160823,2016-08-23,112741,CME ,00,112 ,   44393,    2249,   14826,     138,    2163,   15727,      56,   32916,    6863,     883,     779,    2186,       0,   39184,   40679,    5209,    3714,    1125,     196,    -180,     -13,     -82,       0,       0,    1238,    1190,      -8,    -119,     -21,       0,    1212,     968,     -87,     157,  100.0,    5.1,   33.4,    0.3,    4.9,   35.4,    0.1,   74.1,   15.5,    2.0,    1.8,    4.9,    0.0,   88.3,   91.6,   11.7,    8.4,     84,.,      5,.,      8,      6,.,     42,     13,      5,.,      5,      0,     62,     33,    38.5,    57.4,    53.7,    69.3,    36.7,    57.1,    51.9,    69.0,"(CONTRACTS OF NZD 100,000)",112741,CME ,112 ,F15,FutOnly
NEW ZEALAND DOLLAR - CHICAGO MERCANTILE EXCHANGE,160816,2016-08-16,112741,CME ,00,112 ,   43268,    2053,   15006,     151,    2245,   15727,      56,   31678,    5673,     891,     898,    2207,       0,   37972,   39711,    5296,    3557,    1793,     466,    1056,      16,    -502,     824,      22,    1818,    -279,    -308,     -99,      28,       0,    1413,    1359,     380,     434,  100.0,    4.7,   34.7,    0.3,    5.2,   36.3,    0.1,   73.2,   13.1,    2.1,    2.1,    5.1,    0.0,   87.8,   91.8,   12.2,    8.2,     81,.,      6,      4,      8,      6,.,     38,     12,      5,.,      5,      0,     61,     32,    40.1,    58.5,    54.9,    69.7,    38.2,    58.2,    53.1,    69.4,"(CONTRACTS OF NZD 100,000)",112741,CME ,112 ,F15,FutOnly
NEW ZEALAND DOLLAR - CHICAGO MERCANTILE EXCHANGE,160809,2016-08-09,112741,CME ,00,112 ,   41475,    1587,   13950,     135,    2747,   14903,      34,   29860,    5952,    1199,     997,    2179,       0,   36559,   38352,    4916,    3123,    1083,    -239,    -816,      30,     451,    1055,       0,    1643,    1146,      71,    -594,    -101,     -90,    1272,    1295,    -189,    -212,  100.0,    3.8,   33.6,    0.3,    6.6,   35.9,    0.1,   72.0,   14.4,    2.9,    2.4,    5.3,    0.0,   88.1,   92.5,   11.9,    7.5,     79,.,      7,.,      8,      5,.,     38,     11,      5,.,      5,      0,     56,     33,    35.7,    58.7,    50.9,    69.5,    33.8,    58.4,    49.0,    69.2,"(CONTRACTS OF NZD 100,000)",112741,CME ,112 ,F15,FutOnly
NEW ZEALAND DOLLAR - CHICAGO MERCANTILE EXCHANGE,160802,2016-08-02,112741,CME ,00,112 ,   40392,    1826,   14766,     105,    2296,   13848,      34,   28217,    4806,    1128,    1591,    2280,      90,   35287,   37057,    5105,    3335,     567,    -401,    5672,     -44,     323,   -5615,       0,    -244,     395,       3,     129,     117,      90,    -144,     618,     711,     -51,  100.0,    4.5,   36.6,    0.3,    5.7,   34.3,    0.1,   69.9,   11.9,    2.8,    3.9,    5.6,    0.2,   87.4,   91.7,   12.6,    8.3,     78,.,      5,.,      8,      5,.,     38,      9,      4,      4,      6,.,     57,     30,    34.8,    59.7,    49.8,    70.7,    32.7,    59.4,    47.8,    70.4,"(CONTRACTS OF NZD 100,000)",112741,CME ,112 ,F15,FutOnly
NEW ZEALAND DOLLAR - CHICAGO MERCANTILE EXCHANGE,160726,2016-07-26,112741,CME ,00,112 ,   39825,    2227,    9094,     149,    1973,   19463,      34,   28461,    4411,    1125,    1462,    2163,       0,   35431,   36439,    4394,    3386,   -1374,     130,   -1304,      28,     262,     -25,    -125,   -1401,    -650,     -31,      35,      86,       0,   -1102,   -2021,    -272,     647,  100.0,    5.6,   22.8,    0.4,    5.0,   48.9,    0.1,   71.5,   11.1,    2.8,    3.7,    5.4,    0.0,   89.0,   91.5,   11.0,    8.5,     77,.,      5,.,      7,      5,.,     40,      9,      4,.,      5,      0,     58,     28,    35.2,    60.5,    50.5,    72.2,    33.1,    60.2,    48.4,    72.0,"(CONTRACTS OF NZD 100,000)",112741,CME ,112 ,F15,FutOnly
NEW ZEALAND DOLLAR - CHICAGO MERCANTILE EXCHANGE,160719,2016-07-19,112741,CME ,00,112 ,   41199,    2097,   10398,     121,    1711,   19488,     159,   29862,    5061,    1156,    1427,    2077,       0,   36533,   38460,    4666,    2739,   -3551,     299,     113,      54,    -218,   -2359,     125,   -2992,   -1303,     122,     -55,    -134,       0,   -2665,   -3382,    -886,    -169,  100.0,    5.1,   25.2,    0.3,    4.2,   47.3,    0.4,   72.5,   12.3,    2.8,    3.5,    5.0,    0.0,   88.7,   93.4,   11.3,    6.6,     83,.,      6,.,      7,      5,.,     40,     14,      4,.,      5,      0,     60,     33,    38.7,    60.7,    53.3,    72.7,    38.2,    60.6,    51.6,    72.5,"(CONTRACTS OF NZD 100,000)",112741,CME ,112 ,F15,FutOnly
NEW ZEALAND DOLLAR - CHICAGO MERCANTILE EXCHANGE,160712,2016-07-12,112741,CME ,00,112 ,   44750,    1798,   10285,      67,    1929,   21847,      34,   32854,    6364,    1034,    1482,    2211,       0,   39198,   41842,    5552,    2908,     516,    -271,    2038,      67,     174,    -204,    -130,      -7,   -1070,    -296,     300,      44,       0,    -163,     449,     679,      67,  100.0,    4.0,   23.0,    0.1,    4.3,   48.8,    0.1,   73.4,   14.2,    2.3,    3.3,    4.9,    0.0,   87.6,   93.5,   12.4,    6.5,     84,.,      6,.,      8,      5,.,     44,     11,.,.,      6,      0,     60,     31,    37.0,    59.7,    51.4,    72.6,    35.4,    59.6,    49.5,    72.5,"(CONTRACTS OF NZD 100,000)",112741,CME ,112 ,F15,FutOnly
NEW ZEALAND DOLLAR - CHICAGO MERCANTILE EXCHANGE,160705,2016-07-05,112741,CME ,00,112 ,   44234,    2069,    8247,       0,    1755,   22051,     164,   32861,    7434,    1330,    1182,    2167,       0,   39361,   41393,    4873,    2841,     772,     -20,     666,       0,      19,     173,     140,     931,    -857,     240,    -365,      67,       0,     945,     429,    -173,     343,  100.0,    4.7,   18.6,    0.0,    4.0,   49.9,    0.4,   74.3,   16.8,    3.0,    2.7,    4.9,    0.0,   89.0,   93.6,   11.0,    6.4,     82,      4,      5,      0,      7,      7,.,     40,     12,      4,.,      6,      0,     56,     32,    38.8,    59.5,    53.5,    71.5,    36.8,    59.2,    51.5,    71.1,"(CONTRACTS OF NZD 100,000)",112741,CME ,112 ,F15,FutOnly
NEW ZEALAND DOLLAR - CHICAGO MERCANTILE EXCHANGE,160628,2016-06-28,112741,CME ,00,112 ,   43462,    2089,    7581,       0,    1736,   21878,      24,   31930,    8291,    1090,    1547,    2100,       0,   38416,   40964,    5046,    2498,    -100,     525,    1063,      -9,    -383,       3,       0,     -89,    -137,    -104,     113,    -446,       0,      53,     370,    -153,    -470,  100.0,    4.8,   17.4,    0.0,    4.0,   50.3,    0.1,   73.5,   19.1,    2.5,    3.6,    4.8,    0.0,   88.4,   94.3,   11.6,    5.7,     79,.,      5,      0,      7,      7,.,     37,     12,.,.,      5,      0,     51,     31,    40.8,    58.5,    56.3,    70.1,    38.8,    58.5,    54.2,    70.1,"(CONTRACTS OF NZD 100,000)",112741,CME ,112 ,F15,FutOnly
NEW ZEALAND DOLLAR - CHICAGO MERCANTILE EXCHANGE,160621,2016-06-21,112741,CME ,00,112 ,   43562,    1564,    6518,       9,    2119,   21875,      24,   32019,    8428,    1194,    1434,    2546,       0,   38363,   40594,    5199,    2968,    1643,     553,    2180,       9,    -497,       0,       0,    1438,    -374,      65,     137,    -224,       0,    1705,    1656,     -62,     -13,  100.0,    3.6,   15.0,    0.0,    4.9,   50.2,    0.1,   73.5,   19.3,    2.7,    3.3,    5.8,    0.0,   88.1,   93.2,   11.9,    6.8,     80,.,      5,.,      8,      7,.,     38,     12,.,.,      6,      0,     52,     33,    37.5,    58.2,    51.8,    69.7,    35.4,    58.2,    49.7,    69.6,"(CONTRACTS OF NZD 100,000)",112741,CME ,112 ,F15,FutOnly
NEW ZEALAND DOLLAR - CHICAGO MERCANTILE EXCHANGE,160614,2016-06-14,112741,CME ,00,112 ,   41919,    1011,    4338,       0,    2616,   21875,      24,   30581,    8802,    1129,    1297,    2770,       0,   36658,   38938,    5261,    2981,  -15831,  -15794,  -12316,   -1604,     223,    1389,       0,    4202,    -893,   -3212,      57,    1380,    -157,  -16285,  -15413,     454,    -418,  100.0,    2.4,   10.3,    0.0,    6.2,   52.2,    0.1,   73.0,   21.0,    2.7,    3.1,    6.6,    0.0,   87.4,   92.9,   12.6,    7.1,     79,.,      4,      0,      8,      7,.,     37,     13,.,.,      7,      0,     49,     33,    38.4,    57.7,    52.8,    69.0,    36.2,    57.7,    50.6,    69.0,"(CONTRACTS OF NZD 100,000)",112741,CME ,112 ,F15,FutOnly
NEW ZEALAND DOLLAR - CHICAGO MERCANTILE EXCHANGE,160607,2016-06-07,112741,CME ,00,112 ,   57750,   16805,   16654,    1604,    2393,   20486,      24,   26379,    9695,    4341,    1240,    1390,     157,   52943,   54351,    4807,    3399,   13146,   -2176,    5234,    1513,     553,     291,       0,    8803,    2941,    2997,     -13,     174,     157,   11834,   13307,    1312,    -161,  100.0,   29.1,   28.8,    2.8,    4.1,   35.5,    0.0,   45.7,   16.8,    7.5,    2.1,    2.4,    0.3,   91.7,   94.1,    8.3,    5.9,     76,      5,      5,      4,      6,      6,.,     32,     15,      7,.,      5,.,     50,     39,    48.2,    59.0,    62.1,    70.5,    43.8,    53.9,    54.9,    65.2,"(CONTRACTS OF NZD 100,000)",112741,CME ,112 ,F15,FutOnly
NEW ZEALAND DOLLAR - CHICAGO MERCANTILE EXCHANGE,160531,2016-05-31,112741,CME ,00,112 ,   44604,   18981,   11420,      91,    1840,   20195,      24,   17576,    6754,    1344,    1253,    1216,       0,   41109,   41044,    3495,    3560,    2415,     263,    2312,      57,     181,     -26,       0,    1871,     138,     138,    -119,      99,       0,    2391,    2718,      24,    -303,  100.0,   42.6,   25.6,    0.2,    4.1,   45.3,    0.1,   39.4,   15.1,    3.0,    2.8,    2.7,    0.0,   92.2,   92.0,    7.8,    8.0,     73,      5,      5,.,      4,      7,.,     30,     17,      8,.,      4,      0,     47,     38,    49.1,    60.7,    62.8,    71.6,    47.8,    60.7,    60.8,    71.5,"(CONTRACTS OF NZD 100,000)",112741,CME ,112 ,F15,FutOnly
NEW ZEALAND DOLLAR - CHICAGO MERCANTILE EXCHANGE,160524,2016-05-24,112741,CME ,00,112 ,   42189,   18718,    9108,      34,    1659,   20221,      24,   15705,    6616,    1206,    1372,    1117,       0,   38718,   38326,    3471,    3863,   -1797,    1542,   -1657,       0,    -183,     586,       0,   -2974,    -992,     -31,     128,      47,       0,   -1518,   -2047,    -279,     250,  100.0,   44.4,   21.6,    0.1,    3.9,   47.9,    0.1,   37.2,   15.7,    2.9,    3.3,    2.6,    0.0,   91.8,   90.8,    8.2,    9.2,     68,      4,      5,.,      4,      7,.,     25,     17,      6,.,      4,      0,     41,     35,    51.0,    59.6,    64.2,    70.3,    50.4,    59.6,    62.9,    70.2,"(CONTRACTS OF NZD 100,000)",112741,CME ,112 ,F15,FutOnly
NEW ZEALAND DOLLAR - CHICAGO MERCANTILE EXCHANGE,160517,2016-05-17,112741,CME ,00,112 ,   43986,   17176,   10765,      34,    1842,   19635,      24,   18679,    7608,    1237,    1244,    1070,       0,   40236,   40373,    3750,    3613,   -1433,     131,   -2920,       3,      62,       6,       0,   -1329,    1206,    -162,    -273,      99,       0,   -1568,   -1768,     135,     335,  100.0,   39.0,   24.5,    0.1,    4.2,   44.6,    0.1,   42.5,   17.3,    2.8,    2.8,    2.4,    0.0,   91.5,   91.8,    8.5,    8.2,     71,      5,      5,.,      4,      7,.,     27,     18,      6,.,      4,      0,     42,     37,    51.2,    59.4,    64.7,    69.7,    51.2,    59.4,    63.1,    69.6,"(CONTRACTS OF NZD 100,000)",112741,CME ,112 ,F15,FutOnly
NEW ZEALAND DOLLAR - CHICAGO MERCANTILE EXCHANGE,160510,2016-05-10,112741,CME ,00,112 ,   45419,   17045,   13685,      31,    1780,   19629,      24,   20008,    6402,    1399,    1517,     971,       0,   41804,   42141,    3615,    3278,    8841,    9734,     -52,       0,    -167,   10142,      24,    -343,   -1619,     265,     133,    -120,       0,    9646,    8640,    -805,     201,  100.0,   37.5,   30.1,    0.1,    3.9,   43.2,    0.1,   44.1,   14.1,    3.1,    3.3,    2.1,    0.0,   92.0,   92.8,    8.0,    7.2,     69,      4,      5,.,      4,      7,.,     27,     16,      7,.,.,      0,     42,     36,    52.6,    63.3,    65.9,    73.3,    52.2,    63.3,    63.9,    73.0,"(CONTRACTS OF NZD 100,000)",112741,CME ,112 ,F15,FutOnly
NEW ZEALAND DOLLAR - CHICAGO MERCANTILE EXCHANGE,160503,2016-05-03,112741,CME ,00,112 ,   36578,    7311,   13737,      31,    1947,    9487,       0,   20351,    8021,    1134,    1384,    1091,       0,   32158,   33501,    4420,    3077,    2789,    1044,    3039,      31,     302,    -514,       0,    1337,    -470,       8,      46,      28,       0,    2768,    2122,      21,     667,  100.0,   20.0,   37.6,    0.1,    5.3,   25.9,    0.0,   55.6,   21.9,    3.1,    3.8,    3.0,    0.0,   87.9,   91.6,   12.1,    8.4,     67,      4,      6,.,      4,      5,      0,     24,     18,      6,.,      4,      0,     38,     36,    42.1,    54.3,    57.2,    65.3,    41.0,    54.3,    54.9,    65.3,"(CONTRACTS OF NZD 100,000)",112741,CME ,112 ,F15,FutOnly
NEW ZEALAND DOLLAR - CHICAGO MERCANTILE EXCHANGE,160426,2016-04-26,112741,CME ,00,112 ,   33789,    6267,   10698,       0,    1645,   10001,       0,   19014,    8491,    1126,    1338,    1063,       0,   29390,   31379,    4399,    2410,    2476,     -10,    3557,     -21,    -299,       0,       0,    2260,      41,     -44,      39,    -227,       0,    1925,    3306,     551,    -830,  100.0,   18.5,   31.7,    0.0,    4.9,   29.6,    0.0,   56.3,   25.1,    3.3,    4.0,    3.1,    0.0,   87.0,   92.9,   13.0,    7.1,     65,.,      6,      0,      4,      4,      0,     23,     19,      4,.,      4,      0,     35,     34,    43.0,    52.5,    58.7,    66.8,    43.0,    52.5,    58.5,    66.8,"(CONTRACTS OF NZD 100,000)",112741,CME ,112 ,F15,FutOnly
NEW ZEALAND DOLLAR - CHICAGO MERCANTILE EXCHANGE,160419,2016-04-19,112741,CME ,00,112 ,   31313,    6277,    7141,      21,    1944,   10001,       0,   16754,    8450,    1170,    1299,    1290,       0,   27465,   28073,    3848,    3240,    1738,     282,    2105,      17,      97,     214,       0,    1026,    -278,      29,    -172,     118,       0,    1279,    2205,     459,    -467,  100.0,   20.0,   22.8,    0.1,    6.2,   31.9,    0.0,   53.5,   27.0,    3.7,    4.1,    4.1,    0.0,   87.7,   89.7,   12.3,   10.3,     68,.,      6,.,      6,      4,      0,     24,     18,      5,.,      5,      0,     40,     34,    42.2,    47.8,    59.9,    62.0,    42.2,    47.8,    58.5,    62.0,"(CONTRACTS OF NZD 100,000)",112741,CME ,112 ,F15,FutOnly
NEW ZEALAND DOLLAR - CHICAGO MERCANTILE EXCHANGE,160412,2016-04-12,112741,CME ,00,112 ,   29575,    5995,    5036,       4,    1847,    9787,       0,   15728,    8728,    1141,    1471,    1172,       0,   26186,   25868,    3389,    3707,    1266,     689,     951,      -2,    -225,    1150,       0,     428,   -1159,      37,     102,    -156,       0,    1029,     821,     237,     445,  100.0,   20.3,   17.0,    0.0,    6.2,   33.1,    0.0,   53.2,   29.5,    3.9,    5.0,    4.0,    0.0,   88.5,   87.5,   11.5,   12.5,     65,.,      6,.,      5,.,      0,     19,     21,      5,.,      5,      0,     34,     38,    42.2,    42.5,    61.5,    58.0,    42.2,    42.4,    58.7,    58.0,"(CONTRACTS OF NZD 100,000)",112741,CME ,112 ,F15,FutOnly
NEW ZEALAND DOLLAR - CHICAGO MERCANTILE EXCHANGE,160405,2016-04-05,112741,CME ,00,112 ,   28309,    5306,    4085,       6,    2072,    8637,       0,   15300,    9887,    1104,    1369,    1328,       0,   25157,   25047,    3152,    3262,      61,    -101,    1729,       5,     183,   -1539,       0,     313,     411,    -165,    -251,    -350,       0,     -16,      91,      77,     -30,  100.0,   18.7,   14.4,    0.0,    7.3,   30.5,    0.0,   54.0,   34.9,    3.9,    4.8,    4.7,    0.0,   88.9,   88.5,   11.1,   11.5,     66,.,      6,.,      5,.,      0,     20,     21,      5,.,      6,      0,     37,     37,    40.7,    39.0,    61.2,    53.8,    40.7,    39.0,    59.1,    53.8,"(CONTRACTS OF NZD 100,000)",112741,CME ,112 ,F15,FutOnly
NEW ZEALAND DOLLAR - CHICAGO MERCANTILE EXCHANGE,160329,2016-03-29,112741,CME ,00,112 ,   28248,    5407,    2356,       1,    1889,   10176,       0,   14987,    9476,    1269,    1620,    1678,       0,   25173,   24956,    3075,    3292,    1085,     130,     532,      -2,      92,       0,       0,    1103,    -115,      67,     220,     475,       0,    1610,     957,    -525,     128,  100.0,   19.1,    8.3,    0.0,    6.7,   36.0,    0.0,   53.1,   33.5,    4.5,    5.7,    5.9,    0.0,   89.1,   88.3,   10.9,   11.7,     68,      4,      5,.,      4,      4,      0,     22,     20,      4,.,      6,      0,     35,     38,    39.7,    42.9,    59.4,    56.3,    39.7,    42.9,    57.1,    56.3,"(CONTRACTS OF NZD 100,000)",112741,CME ,112 ,F15,FutOnly
NEW ZEALAND DOLLAR - CHICAGO MERCANTILE EXCHANGE,160322,2016-03-22,112741,CME ,00,112 ,   27163,    5277,    1824,       3,    1797,   10176,       0,   13884,    9591,    1202,    1400,    1203,       0,   23563,   23999,    3600,    3164,   -1288,    -262,     207,       3,     -62,    -290,       0,   -1471,    -227,    -399,    -404,     122,       0,   -2595,    -584,    1307,    -704,  100.0,   19.4,    6.7,    0.0,    6.6,   37.5,    0.0,   51.1,   35.3,    4.4,    5.2,    4.4,    0.0,   86.7,   88.4,   13.3,   11.6,     63,.,      5,.,      4,      4,      0,     19,     21,.,.,      5,      0,     30,     37,    45.3,    44.0,    65.5,    57.7,    44.5,    44.0,    62.2,    57.6,"(CONTRACTS OF NZD 100,000)",112741,CME ,112 ,F15,FutOnly
NEW ZEALAND DOLLAR - CHICAGO MERCANTILE EXCHANGE,160315,2016-03-15,112741,CME ,00,112 ,   28451,    5539,    1617,       0,    1859,   10466,       0,   15355,    9818,    1601,    1804,    1081,       0,   26158,   24583,    2293,    3868,   -6506,   -5790,   -2338,    -130,     261,    -359,       0,    1874,   -2229,   -1918,     -52,    -131,       0,   -5755,   -7105,    -751,     599,  100.0,   19.5,    5.7,    0.0,    6.5,   36.8,    0.0,   54.0,   34.5,    5.6,    6.3,    3.8,    0.0,   91.9,   86.4,    8.1,   13.6,     64,      4,.,      0,      4,      5,      0,     17,     22,      6,      5,      4,      0,     33,     37,    48.8,    40.9,    67.4,    54.8,    46.9,    40.9,    64.2,    54.8,"(CONTRACTS OF NZD 100,000)",112741,CME ,112 ,F15,FutOnly
NEW ZEALAND DOLLAR - CHICAGO MERCANTILE EXCHANGE,160308,2016-03-08,112741,CME ,00,112 ,   34957,   11329,    3955,     130,    1598,   10825,       0,   13481,   12047,    3519,    1856,    1212,       0,   31913,   31688,    3044,    3269,    3484,   -3262,     144,     -34,     319,       1,       0,    3129,    2081,    2211,     375,    -161,       0,    2738,    4242,     746,    -758,  100.0,   32.4,   11.3,    0.4,    4.6,   31.0,    0.0,   38.6,   34.5,   10.1,    5.3,    3.5,    0.0,   91.3,   90.6,    8.7,    9.4,     68,      9,.,      4,      4,      4,      0,     19,     20,      8,      5,      4,      0,     43,     37,    38.5,    44.5,    56.2,    59.5,    35.8,    42.4,    50.6,    56.4,"(CONTRACTS OF NZD 100,000)",112741,CME ,112 ,F15,FutOnly
NEW ZEALAND DOLLAR - CHICAGO MERCANTILE EXCHANGE,160301,2016-03-01,112741,CME ,00,112 ,   31473,   14591,    3811,     164,    1279,   10824,       0,   10352,    9966,    1308,    1481,    1373,       0,   29175,   27446,    2298,    4027,   -1145,   -2045,     102,      20,     -73,   -3096,       0,    1427,    1251,      97,     -16,     287,       0,    -590,   -1339,    -555,     194,  100.0,   46.4,   12.1,    0.5,    4.1,   34.4,    0.0,   32.9,   31.7,    4.2,    4.7,    4.4,    0.0,   92.7,   87.2,    7.3,   12.8,     62,      9,.,.,.,      4,      0,     15,     20,      6,.,      5,      0,     34,     37,    41.9,    42.0,    61.7,    55.7,    41.7,    42.0,    59.7,    55.5,"(CONTRACTS OF NZD 100,000)",112741,CME ,112 ,F15,FutOnly
NEW ZEALAND DOLLAR - CHICAGO MERCANTILE EXCHANGE,160223,2016-02-23,112741,CME ,00,112 ,   32618,   16636,    3709,     144,    1352,   13920,       0,    8925,    8715,    1211,    1497,    1086,       0,   29765,   28785,    2853,    3833,    -978,   -2448,     -11,       2,    -250,    -856,      -1,    1561,     248,    -169,      80,     131,       0,   -1225,    -656,     247,    -322,  100.0,   51.0,   11.4,    0.4,    4.1,   42.7,    0.0,   27.4,   26.7,    3.7,    4.6,    3.3,    0.0,   91.3,   88.2,    8.7,   11.8,     57,      9,.,.,.,.,      0,     15,     18,      4,.,      4,      0,     31,     33,    43.9,    52.6,    60.1,    65.7,    43.7,    52.6,    58.8,    65.2,"(CONTRACTS OF NZD 100,000)",112741,CME ,112 ,F15,FutOnly
NEW ZEALAND DOLLAR - CHICAGO MERCANTILE EXCHANGE,160216,2016-02-16,112741,CME ,00,112 ,   33596,   19084,    3720,     142,    1602,   14776,       1,    7364,    8467,    1380,    1417,     955,       0,   30990,   29441,    2606,    4155,      52,     641,     179,      30,     383,    1369,       0,    -624,   -2034,     -18,    -122,      75,       0,     290,    -399,    -238,     451,  100.0,   56.8,   11.1,    0.4,    4.8,   44.0,    0.0,   21.9,   25.2,    4.1,    4.2,    2.8,    0.0,   92.2,   87.6,    7.8,   12.4,     62,      9,.,.,.,      4,.,     15,     23,      7,.,.,      0,     33,     40,    48.4,    50.8,    65.7,    62.7,    48.3,    50.8,    65.0,    61.9,"(CONTRACTS OF NZD 100,000)",112741,CME ,112 ,F15,FutOnly
NEW ZEALAND DOLLAR - CHICAGO MERCANTILE EXCHANGE,160209,2016-02-09,112741,CME ,00,112 ,   33544,   18443,    3541,     112,    1219,   13407,       1,    7988,   10501,    1398,    1539,     880,       0,   30700,   29840,    2844,    3704,    2565,    2127,    1932,      35,      78,    3675,       0,     114,   -2354,     287,    -410,    -101,       0,    2231,    3474,     334,    -909,  100.0,   55.0,   10.6,    0.3,    3.6,   40.0,    0.0,   23.8,   31.3,    4.2,    4.6,    2.6,    0.0,   91.5,   89.0,    8.5,   11.0,     58,      9,.,.,.,.,.,     18,     16,      6,.,.,      0,     35,     33,    44.9,    52.8,    62.2,    66.1,    44.8,    52.8,    62.1,    65.9,"(CONTRACTS OF NZD 100,000)",112741,CME ,112 ,F15,FutOnly
NEW ZEALAND DOLLAR - CHICAGO MERCANTILE EXCHANGE,160202,2016-02-02,112741,CME ,00,112 ,   30979,   16316,    1609,      77,    1141,    9732,       1,    7874,   12855,    1111,    1949,     981,       0,   28469,   26366,    2510,    4613,     542,    2782,     -69,     -20,    -293,     266,       0,   -2196,     766,     407,    -250,     -92,       0,     430,    1258,     112,    -716,  100.0,   52.7,    5.2,    0.2,    3.7,   31.4,    0.0,   25.4,   41.5,    3.6,    6.3,    3.2,    0.0,   91.9,   85.1,    8.1,   14.9,     69,      9,.,.,.,      5,.,     13,     27,      6,      5,      5,      0,     34,     45,    44.5,    44.0,    60.9,    57.2,    44.5,    44.0,    60.8,    57.0,"(CONTRACTS OF NZD 100,000)",112741,CME ,112 ,F15,FutOnly
NEW ZEALAND DOLLAR - CHICAGO MERCANTILE EXCHANGE,160126,2016-01-26,112741,CME ,00,112 ,   30437,   13534,    1678,      97,    1434,    9466,       1,   10070,   12089,     704,    2199,    1073,       0,   28039,   25108,    2398,    5329,    2323,    2332,    -324,      31,    -747,    1740,       0,     395,     805,     184,     164,      41,       0,    2359,    2477,     -36,    -154,  100.0,   44.5,    5.5,    0.3,    4.7,   31.1,    0.0,   33.1,   39.7,    2.3,    7.2,    3.5,    0.0,   92.1,   82.5,    7.9,   17.5,     64,      9,.,.,      4,      4,.,     13,     24,      5,      4,      4,      0,     33,     40,    38.9,    41.4,    58.4,    54.8,    38.8,    41.4,    58.3,    54.3,"(CONTRACTS OF NZD 100,000)",112741,CME ,112 ,F15,FutOnly
NEW ZEALAND DOLLAR - CHICAGO MERCANTILE EXCHANGE,160119,2016-01-19,112741,CME ,00,112 ,   28114,   11202,    2002,      66,    2181,    7726,       1,    9675,   11284,     520,    2035,    1032,       0,   25680,   22631,    2434,    5483,    2680,    5497,    -870,       5,     206,     175,       0,   -3286,    1960,     324,     291,     255,       0,    3037,    1849,    -357,     831,  100.0,   39.8,    7.1,    0.2,    7.8,   27.5,    0.0,   34.4,   40.1,    1.8,    7.2,    3.7,    0.0,   91.3,   80.5,    8.7,   19.5,     65,      7,.,.,      5,.,.,     14,     26,      4,      4,      4,      0,     34,     39,    33.9,    37.6,    52.7,    51.4,    33.9,    37.3,    52.7,    50.6,"(CONTRACTS OF NZD 100,000)",112741,CME ,112 ,F15,FutOnly
NEW ZEALAND DOLLAR - CHICAGO MERCANTILE EXCHANGE,160112,2016-01-12,112741,CME ,00,112 ,   25434,    5705,    2872,      61,    1975,    7551,       1,   12961,    9324,     196,    1744,     777,       0,   22643,   20782,    2791,    4652,     506,     -67,    -127,      10,     689,     528,       0,    -530,     -24,      63,     383,    -120,       0,     548,     330,     -42,     176,  100.0,   22.4,   11.3,    0.2,    7.8,   29.7,    0.0,   51.0,   36.7,    0.8,    6.9,    3.1,    0.0,   89.0,   81.7,   11.0,   18.3,     66,      5,.,.,      5,.,.,     19,     24,.,      4,.,      0,     35,     36,    32.2,    40.4,    47.5,    54.2,    32.2,    40.2,    47.5,    54.0,"(CONTRACTS OF NZD 100,000)",112741,CME ,112 ,F15,FutOnly
NEW ZEALAND DOLLAR - CHICAGO MERCANTILE EXCHANGE,160105,2016-01-05,112741,CME ,00,112 ,   24928,    5772,    2999,      51,    1286,    7023,       1,   13491,    9348,     133,    1361,     897,       0,   22095,   20452,    2833,    4476,     341,   -1084,    -269,      -1,     102,    -127,       0,    2082,     751,       8,     -90,    -278,       0,    1017,      84,    -676,     257,  100.0,   23.2,   12.0,    0.2,    5.2,   28.2,    0.0,   54.1,   37.5,    0.5,    5.5,    3.6,    0.0,   88.6,   82.0,   11.4,   18.0,     58,      4,.,.,      4,.,.,     21,     17,.,.,      4,      0,     33,     29,    38.6,    37.9,    53.7,    52.0,    38.6,    37.7,    53.7,    51.8,"(CONTRACTS OF NZD 100,000)",112741,CME ,112 ,F15,FutOnly
