CANADIAN DOLLAR - CHICAGO MERCANTILE EXCHANGE,171226,2017-12-26,090741,CME ,00,090 ,  116559,    3487,   53162,     176,   35304,    9414,    1917,   30763,   24114,    4757,    6290,    2287,     405,   83099,   96232,   33460,   20327,  -38463,  -12676,  -28751,   -8150,    3143,    -362,     214,  -19694,    3175,   -2352,    -180,      -6,      11,  -39684,  -36221,    1221,   -2242,  100.0,    3.0,   45.6,    0.2,   30.3,    8.1,    1.6,   26.4,   20.7,    4.1,    5.4,    2.0,    0.3,   71.3,   82.6,   28.7,   17.4,     84,.,      7,      5,     14,      6,      4,     27,     17,     15,      6,      4,.,     59,     51,    24.0,    48.3,    36.4,    58.9,    23.0,    47.5,    34.9,    58.0,"(CONTRACTS OF CAD 100,000)",090741,CME ,090 ,F10,FutOnly
CANADIAN DOLLAR - CHICAGO MERCANTILE EXCHANGE,171219,2017-12-19,090741,CME ,00,090 ,  155022,   16163,   81913,    8326,   32161,    9776,    1703,   50457,   20939,    7109,    6470,    2293,     394,  122783,  132453,   32239,   22569,    5747,    -656,    1126,    6001,   -1900,    -228,     -12,    7161,    3624,   -1390,     534,   -1240,    -494,    9244,    7387,   -3497,   -1640,  100.0,   10.4,   52.8,    5.4,   20.7,    6.3,    1.1,   32.5,   13.5,    4.6,    4.2,    1.5,    0.3,   79.2,   85.4,   20.8,   14.6,     90,      4,      8,      7,     14,      7,      5,     27,     19,     17,      7,      4,.,     63,     58,    23.1,    51.0,    38.2,    61.6,    22.1,    46.6,    36.0,    57.1,"(CONTRACTS OF CAD 100,000)",090741,CME ,090 ,F10,FutOnly
CANADIAN DOLLAR - CHICAGO MERCANTILE EXCHANGE,171212,2017-12-12,090741,CME ,00,090 ,  149275,   16819,   80787,    2325,   34061,   10004,    1715,   43296,   17315,    8499,    5936,    3533,     888,  113539,  125066,   35736,   24209,    2176,    1480,    -573,     940,   -2053,     -38,    1295,    -219,   -5063,    3548,   -1676,    1094,    -191,    3124,    1012,    -948,    1164,  100.0,   11.3,   54.1,    1.6,   22.8,    6.7,    1.1,   29.0,   11.6,    5.7,    4.0,    2.4,    0.6,   76.1,   83.8,   23.9,   16.2,     86,      4,      8,.,     16,      7,      5,     26,     15,     17,      5,      4,.,     62,     51,    21.8,    49.7,    35.2,    61.3,    21.5,    48.6,    34.1,    59.4,"(CONTRACTS OF CAD 100,000)",090741,CME ,090 ,F10,FutOnly
CANADIAN DOLLAR - CHICAGO MERCANTILE EXCHANGE,171205,2017-12-05,090741,CME ,00,090 ,  147099,   15339,   81360,    1385,   36114,   10042,     420,   43515,   22378,    4951,    7612,    2439,    1079,  110415,  124054,   36684,   23045,    1842,    5568,   -2349,    -245,   -5397,       0,     -89,    -179,    1440,     852,    1501,    -125,     660,    2671,     144,    -829,    1698,  100.0,   10.4,   55.3,    0.9,   24.6,    6.8,    0.3,   29.6,   15.2,    3.4,    5.2,    1.7,    0.7,   75.1,   84.3,   24.9,   15.7,     86,      6,      7,      5,     14,      7,      4,     28,     12,     14,      7,      4,.,     65,     47,    21.3,    51.4,    35.3,    63.8,    21.1,    51.3,    35.1,    62.7,"(CONTRACTS OF CAD 100,000)",090741,CME ,090 ,F10,FutOnly
CANADIAN DOLLAR - CHICAGO MERCANTILE EXCHANGE,171128,2017-11-28,090741,CME ,00,090 ,  145257,    9771,   83709,    1630,   41511,   10042,     509,   43694,   20938,    4099,    6111,    2564,     419,  107744,  123910,   37513,   21347,    1661,    1534,    2788,    -458,    2261,      27,     -36,   -1680,   -1314,      41,     291,      10,     -14,    1939,    1044,    -278,     617,  100.0,    6.7,   57.6,    1.1,   28.6,    6.9,    0.4,   30.1,   14.4,    2.8,    4.2,    1.8,    0.3,   74.2,   85.3,   25.8,   14.7,     89,      5,      7,      6,     17,      7,      5,     27,     16,     10,      6,      4,.,     63,     50,    24.3,    52.8,    34.7,    64.4,    24.1,    52.7,    34.3,    63.6,"(CONTRACTS OF CAD 100,000)",090741,CME ,090 ,F10,FutOnly
CANADIAN DOLLAR - CHICAGO MERCANTILE EXCHANGE,171121,2017-11-21,090741,CME ,00,090 ,  143596,    8237,   80921,    2088,   39250,   10015,     545,   45374,   22252,    4058,    5820,    2554,     433,  105805,  122866,   37791,   20730,    -245,    -859,    4944,    1169,    3848,      98,      55,   -7428,     487,     423,     160,   -3377,   -1440,   -4072,    2359,    3827,   -2604,  100.0,    5.7,   56.4,    1.5,   27.3,    7.0,    0.4,   31.6,   15.5,    2.8,    4.1,    1.8,    0.3,   73.7,   85.6,   26.3,   14.4,     92,      4,      8,      5,     16,      7,      5,     30,     17,     12,      6,      4,.,     64,     53,    23.9,    51.3,    34.4,    63.2,    23.6,    51.0,    33.9,    62.4,"(CONTRACTS OF CAD 100,000)",090741,CME ,090 ,F10,FutOnly
CANADIAN DOLLAR - CHICAGO MERCANTILE EXCHANGE,171114,2017-11-14,090741,CME ,00,090 ,  143841,    9096,   75977,     919,   35402,    9917,     490,   52802,   21765,    3635,    5660,    5931,    1873,  109877,  120507,   33964,   23334,   -3865,    4169,   -2150,     115,   -2307,    -496,      16,   -3613,   -1032,    -722,     218,    1723,    -735,   -2859,   -3281,   -1006,    -584,  100.0,    6.3,   52.8,    0.6,   24.6,    6.9,    0.3,   36.7,   15.1,    2.5,    3.9,    4.1,    1.3,   76.4,   83.8,   23.6,   16.2,     94,      6,      7,      4,     14,      7,      5,     32,     16,     12,      6,      6,      4,     66,     53,    21.3,    50.0,    34.7,    61.8,    21.1,    49.6,    34.2,    61.0,"(CONTRACTS OF CAD 100,000)",090741,CME ,090 ,F10,FutOnly
CANADIAN DOLLAR - CHICAGO MERCANTILE EXCHANGE,171107,2017-11-07,090741,CME ,00,090 ,  147706,    4927,   78127,     804,   37709,   10413,     474,   56415,   22797,    4357,    5442,    4208,    2608,  112736,  123788,   34970,   23918,   -9836,    3519,   -7498,    -549,   -1701,   -4425,    -123,   -9859,    2785,     695,   -1028,   -2818,    1052,   -7994,  -10881,   -1842,    1045,  100.0,    3.3,   52.9,    0.5,   25.5,    7.0,    0.3,   38.2,   15.4,    2.9,    3.7,    2.8,    1.8,   76.3,   83.8,   23.7,   16.2,     91,      4,      7,.,     15,      7,      5,     30,     17,     14,      5,      6,.,     63,     53,    23.1,    49.4,    36.3,    60.6,    22.8,    49.2,    35.5,    60.0,"(CONTRACTS OF CAD 100,000)",090741,CME ,090 ,F10,FutOnly
CANADIAN DOLLAR - CHICAGO MERCANTILE EXCHANGE,171031,2017-10-31,090741,CME ,00,090 ,  157542,    1408,   85625,    1353,   39410,   14838,     597,   66274,   20012,    3662,    6470,    7026,    1556,  120730,  134669,   36812,   22873,  -15131,     234,  -17528,    -162,   -2951,     236,     -50,  -12832,    3154,    1366,    1279,   -3549,     606,  -12510,  -15927,   -2621,     796,  100.0,    0.9,   54.4,    0.9,   25.0,    9.4,    0.4,   42.1,   12.7,    2.3,    4.1,    4.5,    1.0,   76.6,   85.5,   23.4,   14.5,     98,      4,      8,.,     16,      7,      5,     33,     17,     14,      8,      5,      4,     69,     55,    24.4,    50.8,    37.5,    63.6,    24.1,    50.8,    36.8,    62.4,"(CONTRACTS OF CAD 100,000)",090741,CME ,090 ,F10,FutOnly
CANADIAN DOLLAR - CHICAGO MERCANTILE EXCHANGE,171024,2017-10-24,090741,CME ,00,090 ,  172673,    1174,  103153,    1515,   42361,   14602,     647,   79106,   16858,    2296,    5191,   10575,     950,  133240,  150596,   39433,   22077,   -1674,     -56,   -6102,      38,   -2480,    1028,     -34,    2516,    2512,      44,    -290,   -1041,     243,     -19,   -3312,   -1655,    1638,  100.0,    0.7,   59.7,    0.9,   24.5,    8.5,    0.4,   45.8,    9.8,    1.3,    3.0,    6.1,    0.6,   77.2,   87.2,   22.8,   12.8,     98,.,     10,      4,     17,      9,      5,     33,     14,     12,      6,      6,      4,     68,     55,    27.0,    55.3,    37.6,    67.2,    26.8,    55.1,    37.3,    66.4,"(CONTRACTS OF CAD 100,000)",090741,CME ,090 ,F10,FutOnly
CANADIAN DOLLAR - CHICAGO MERCANTILE EXCHANGE,171017,2017-10-17,090741,CME ,00,090 ,  174347,    1230,  109255,    1477,   44841,   13574,     681,   76590,   14346,    2252,    5481,   11616,     707,  133259,  153908,   41088,   20439,   -1470,      46,    -763,     898,    2690,    1351,     -25,   -4762,   -2446,     270,    1046,     384,     303,     466,     -28,   -1936,   -1442,  100.0,    0.7,   62.7,    0.8,   25.7,    7.8,    0.4,   43.9,    8.2,    1.3,    3.1,    6.7,    0.4,   76.4,   88.3,   23.6,   11.7,     96,      4,     10,      4,     18,      8,      6,     35,     10,     12,      7,      4,      4,     73,     49,    28.5,    59.8,    38.8,    71.2,    28.3,    59.6,    38.6,    70.7,"(CONTRACTS OF CAD 100,000)",090741,CME ,090 ,F10,FutOnly
CANADIAN DOLLAR - CHICAGO MERCANTILE EXCHANGE,171010,2017-10-10,090741,CME ,00,090 ,  175817,    1184,  110018,     579,   42151,   12223,     706,   81352,   16792,    1982,    4435,   11232,     404,  132793,  153936,   43024,   21881,   -1446,     247,      33,    -186,   -1547,    1408,      72,     -88,   -2585,    -549,    -541,   -1570,     -10,   -2602,   -3387,    1156,    1941,  100.0,    0.7,   62.6,    0.3,   24.0,    7.0,    0.4,   46.3,    9.6,    1.1,    2.5,    6.4,    0.2,   75.5,   87.6,   24.5,   12.4,     94,.,     11,      4,     17,      6,      6,     36,     12,     12,      5,      4,.,     72,     47,    27.2,    59.0,    37.7,    70.4,    27.0,    59.0,    37.4,    70.1,"(CONTRACTS OF CAD 100,000)",090741,CME ,090 ,F10,FutOnly
CANADIAN DOLLAR - CHICAGO MERCANTILE EXCHANGE,171003,2017-10-03,090741,CME ,00,090 ,  177263,     937,  109985,     765,   43698,   10815,     634,   81440,   19377,    2531,    4976,   12802,     414,  135395,  157323,   41868,   19940,   -4650,    -731,     151,     420,   -3240,     893,    -114,    -263,   -6643,     453,     266,    1334,      -7,   -3216,   -3513,   -1434,   -1137,  100.0,    0.5,   62.0,    0.4,   24.7,    6.1,    0.4,   45.9,   10.9,    1.4,    2.8,    7.2,    0.2,   76.4,   88.8,   23.6,   11.2,    101,.,     11,      4,     17,      5,      6,     39,     16,     11,      6,      4,.,     74,     51,    27.7,    59.7,    38.3,    71.1,    27.6,    59.7,    38.0,    70.8,"(CONTRACTS OF CAD 100,000)",090741,CME ,090 ,F10,FutOnly
CANADIAN DOLLAR - CHICAGO MERCANTILE EXCHANGE,170926,2017-09-26,090741,CME ,00,090 ,  181913,    1668,  109834,     345,   46938,    9922,     748,   81703,   26020,    2078,    4710,   11468,     421,  138611,  160836,   43302,   21077, -117256,  -36507,  -23727,  -78850,     920,    2364,     104,    1839,   -8182,   -2567,     199,   -2904,    -193, -115055, -113955,   -2201,   -3301,  100.0,    0.9,   60.4,    0.2,   25.8,    5.5,    0.4,   44.9,   14.3,    1.1,    2.6,    6.3,    0.2,   76.2,   88.4,   23.8,   11.6,    107,.,     11,.,     20,      6,      6,     37,     21,     12,      5,      4,.,     75,     55,    27.7,    56.2,    38.2,    67.7,    27.5,    56.2,    37.9,    67.5,"(CONTRACTS OF CAD 100,000)",090741,CME ,090 ,F10,FutOnly
CANADIAN DOLLAR - CHICAGO MERCANTILE EXCHANGE,170919,2017-09-19,090741,CME ,00,090 ,  299169,   38175,  133561,   79195,   46018,    7558,     644,   79864,   34202,    4645,    4511,   14372,     614,  253666,  274791,   45503,   24378,   71238,    2006,    7028,   68708,    1693,     663,    -169,    8936,    2058,   -8242,       6,     445,    -414,   72524,   70077,   -1286,    1161,  100.0,   12.8,   44.6,   26.5,   15.4,    2.5,    0.2,   26.7,   11.4,    1.6,    1.5,    4.8,    0.2,   84.8,   91.9,   15.2,    8.1,    105,      5,     10,      6,     18,      4,      6,     38,     19,     12,      5,      6,      4,     78,     55,    39.9,    57.1,    53.6,    72.6,    19.9,    40.4,    30.1,    50.9,"(CONTRACTS OF CAD 100,000)",090741,CME ,090 ,F10,FutOnly
CANADIAN DOLLAR - CHICAGO MERCANTILE EXCHANGE,170912,2017-09-12,090741,CME ,00,090 ,  227931,   36169,  126533,   10487,   44325,    6895,     813,   70928,   32144,   12887,    4505,   13927,    1028,  181142,  204714,   46789,   23217,   24578,   13228,    2253,    9390,   -8427,    2460,    -611,   -1293,      98,    8162,      50,    4613,     -98,   20401,   26267,    4177,   -1689,  100.0,   15.9,   55.5,    4.6,   19.4,    3.0,    0.4,   31.1,   14.1,    5.7,    2.0,    6.1,    0.5,   79.5,   89.8,   20.5,   10.2,    109,      6,     10,      7,     17,      4,      7,     37,     21,     17,      5,      7,      4,     81,     63,    26.4,    50.3,    39.9,    63.0,    24.2,    50.1,    36.9,    62.5,"(CONTRACTS OF CAD 100,000)",090741,CME ,090 ,F10,FutOnly
CANADIAN DOLLAR - CHICAGO MERCANTILE EXCHANGE,170905,2017-09-05,090741,CME ,00,090 ,  203353,   22941,  124280,    1097,   52752,    4435,    1424,   72221,   32046,    4725,    4455,    9314,    1126,  160741,  178447,   42612,   24906,   11555,    2221,    5477,      49,    3598,    -128,      55,    3366,    6093,     325,     395,     335,     196,   10205,   12402,    1350,    -847,  100.0,   11.3,   61.1,    0.5,   25.9,    2.2,    0.7,   35.5,   15.8,    2.3,    2.2,    4.6,    0.6,   79.0,   87.8,   21.0,   12.2,    103,      6,      7,      5,     17,      4,      7,     37,     21,     15,      6,      5,      4,     81,     53,    26.7,    54.6,    39.5,    69.0,    26.5,    54.4,    39.1,    68.8,"(CONTRACTS OF CAD 100,000)",090741,CME ,090 ,F10,FutOnly
CANADIAN DOLLAR - CHICAGO MERCANTILE EXCHANGE,170829,2017-08-29,090741,CME ,00,090 ,  191798,   20720,  118803,    1048,   49154,    4563,    1369,   68855,   25953,    4400,    4060,    8979,     930,  150536,  166045,   41262,   25753,    4838,    -673,     941,     -14,    2600,     -70,      22,    3083,    3019,     261,    -660,     762,     -64,    4555,    4857,     283,     -19,  100.0,   10.8,   61.9,    0.5,   25.6,    2.4,    0.7,   35.9,   13.5,    2.3,    2.1,    4.7,    0.5,   78.5,   86.6,   21.5,   13.4,     99,      5,      8,      4,     16,      4,      7,     34,     22,     14,      5,      4,      4,     73,     55,    28.4,    55.4,    41.4,    68.8,    28.3,    55.3,    40.9,    68.5,"(CONTRACTS OF CAD 100,000)",090741,CME ,090 ,F10,FutOnly
CANADIAN DOLLAR - CHICAGO MERCANTILE EXCHANGE,170822,2017-08-22,090741,CME ,00,090 ,  186960,   21393,  117862,    1062,   46554,    4633,    1347,   65772,   22934,    4139,    4720,    8217,     994,  145981,  161188,   40979,   25772,   -5066,    3127,    -688,      57,     224,    -201,      29,   -7214,   -5975,   -1319,    -205,     243,     -76,   -5377,   -7930,     311,    2864,  100.0,   11.4,   63.0,    0.6,   24.9,    2.5,    0.7,   35.2,   12.3,    2.2,    2.5,    4.4,    0.5,   78.1,   86.2,   21.9,   13.8,     93,      5,      8,      4,     16,      4,      6,     33,     16,     19,      6,      4,      4,     75,     51,    29.0,    56.6,    41.6,    69.5,    28.8,    56.5,    41.1,    69.3,"(CONTRACTS OF CAD 100,000)",090741,CME ,090 ,F10,FutOnly
CANADIAN DOLLAR - CHICAGO MERCANTILE EXCHANGE,170815,2017-08-15,090741,CME ,00,090 ,  192026,   18266,  118550,    1005,   46330,    4834,    1318,   72986,   28909,    5458,    4925,    7974,    1070,  151358,  169118,   40668,   22908,  -13937,   -6751,   -5661,       1,    3300,    -904,      -2,   -6490,   -8269,     215,      24,     513,    -225,   -9928,  -14332,   -4009,     395,  100.0,    9.5,   61.7,    0.5,   24.1,    2.5,    0.7,   38.0,   15.1,    2.8,    2.6,    4.2,    0.6,   78.8,   88.1,   21.2,   11.9,    103,      6,      8,.,     15,      4,      5,     35,     23,     20,      7,      4,      4,     78,     57,    27.0,    55.9,    39.5,    69.1,    26.9,    55.7,    39.0,    69.0,"(CONTRACTS OF CAD 100,000)",090741,CME ,090 ,F10,FutOnly
CANADIAN DOLLAR - CHICAGO MERCANTILE EXCHANGE,170808,2017-08-08,090741,CME ,00,090 ,  205963,   25017,  124211,    1004,   43030,    5738,    1320,   79476,   37178,    5243,    4901,    7461,    1295,  161286,  183450,   44677,   22513,   15341,    7221,   19646,    -164,   -1479,     -26,      -9,   11946,   -6708,   -1854,   -1654,    4440,     382,   14389,   15707,     952,    -366,  100.0,   12.1,   60.3,    0.5,   20.9,    2.8,    0.6,   38.6,   18.1,    2.5,    2.4,    3.6,    0.6,   78.3,   89.1,   21.7,   10.9,    109,      7,      8,.,     15,      5,      4,     40,     22,     17,      6,      5,      4,     81,     56,    23.3,    52.5,    36.6,    69.1,    23.2,    52.4,    36.4,    68.7,"(CONTRACTS OF CAD 100,000)",090741,CME ,090 ,F10,FutOnly
CANADIAN DOLLAR - CHICAGO MERCANTILE EXCHANGE,170801,2017-08-01,090741,CME ,00,090 ,  190622,   17796,  104565,    1168,   44509,    5764,    1329,   67530,   43886,    7097,    6555,    3021,     913,  146897,  167743,   43725,   22879,   13292,   -1339,   16340,       6,    5089,     410,     -22,   10596,   -2555,    1853,   -5504,     590,     190,   10869,   16812,    2423,   -3520,  100.0,    9.3,   54.9,    0.6,   23.3,    3.0,    0.7,   35.4,   23.0,    3.7,    3.4,    1.6,    0.5,   77.1,   88.0,   22.9,   12.0,    105,      5,      9,      4,     14,      5,      5,     33,     22,     19,      9,      6,      4,     76,     61,    23.7,    49.6,    36.6,    63.3,    23.6,    49.5,    36.3,    63.1,"(CONTRACTS OF CAD 100,000)",090741,CME ,090 ,F10,FutOnly
CANADIAN DOLLAR - CHICAGO MERCANTILE EXCHANGE,170725,2017-07-25,090741,CME ,00,090 ,  177330,   19135,   88225,    1162,   39420,    5354,    1351,   56934,   46441,    5244,   12059,    2431,     723,  136028,  150931,   41302,   26399,    7808,   -1141,   15706,      29,    2081,    -764,      46,    7353,   -8155,    -174,   -2177,     -52,     155,    6172,    6791,    1636,    1017,  100.0,   10.8,   49.8,    0.7,   22.2,    3.0,    0.8,   32.1,   26.2,    3.0,    6.8,    1.4,    0.4,   76.7,   85.1,   23.3,   14.9,    103,      5,      9,      4,     13,      4,      5,     30,     26,     19,      9,      5,.,     73,     61,    24.4,    45.1,    36.8,    58.5,    24.2,    45.0,    36.4,    58.2,"(CONTRACTS OF CAD 100,000)",090741,CME ,090 ,F10,FutOnly
CANADIAN DOLLAR - CHICAGO MERCANTILE EXCHANGE,170718,2017-07-18,090741,CME ,00,090 ,  169522,   20276,   72519,    1133,   37339,    6118,    1305,   49581,   54596,    5418,   14236,    2483,     568,  129856,  144140,   39666,   25382,    8457,   -4032,   12863,      38,    2608,   -6886,     843,   11618,    1170,   -1148,   -1725,     371,      58,    8260,    7309,     197,    1148,  100.0,   12.0,   42.8,    0.7,   22.0,    3.6,    0.8,   29.2,   32.2,    3.2,    8.4,    1.5,    0.3,   76.6,   85.0,   23.4,   15.0,     97,      6,      8,      4,     12,      5,      5,     27,     24,     16,      9,      5,      4,     67,     59,    25.5,    42.0,    39.5,    58.3,    25.3,    41.6,    39.1,    58.0,"(CONTRACTS OF CAD 100,000)",090741,CME ,090 ,F10,FutOnly
CANADIAN DOLLAR - CHICAGO MERCANTILE EXCHANGE,170711,2017-07-11,090741,CME ,00,090 ,  161065,   24308,   59656,    1095,   34731,   13004,     462,   37963,   53426,    6566,   15961,    2112,     510,  121596,  136831,   39469,   24234,   15986,    -400,   38902,     397,   -3540,   -4117,     -27,   14649,  -15722,    -123,     108,     -90,     -39,   11025,   19181,    4961,   -3195,  100.0,   15.1,   37.0,    0.7,   21.6,    8.1,    0.3,   23.6,   33.2,    4.1,    9.9,    1.3,    0.3,   75.5,   85.0,   24.5,   15.0,     91,      6,      7,      4,     11,      5,.,     24,     24,     16,      7,      5,      5,     63,     56,    28.8,    39.7,    40.3,    54.4,    28.7,    39.3,    39.7,    54.0,"(CONTRACTS OF CAD 100,000)",090741,CME ,090 ,F10,FutOnly
CANADIAN DOLLAR - CHICAGO MERCANTILE EXCHANGE,170703,2017-07-03,090741,CME ,00,090 ,  145079,   24708,   20754,     698,   38271,   17121,     489,   23314,   69148,    6689,   15853,    2202,     549,  110571,  117650,   34508,   27429,    1281,  -11723,   10716,      29,    3922,  -11438,      23,    4747,    4412,     194,     615,    -567,     103,   -2090,    3472,    3371,   -2191,  100.0,   17.0,   14.3,    0.5,   26.4,   11.8,    0.3,   16.1,   47.7,    4.6,   10.9,    1.5,    0.4,   76.2,   81.1,   23.8,   18.9,     92,      7,      6,.,     12,      7,      4,     22,     23,     15,      9,      4,      4,     62,     56,    32.9,    35.4,    45.5,    49.6,    32.7,    35.3,    44.8,    49.5,"(CONTRACTS OF CAD 100,000)",090741,CME ,090 ,F10,FutOnly
CANADIAN DOLLAR - CHICAGO MERCANTILE EXCHANGE,170627,2017-06-27,090741,CME ,00,090 ,  143798,   36431,   10038,     669,   34349,   28559,     466,   18567,   64736,    6495,   15238,    2769,     446,  112661,  114178,   31137,   29620,  -75698,  -30201,   -3169,  -37199,    2830,    -871,      -6,   -1507,  -32603,    -311,  -12416,    -249,      13,  -78797,  -74395,    3099,   -1303,  100.0,   25.3,    7.0,    0.5,   23.9,   19.9,    0.3,   12.9,   45.0,    4.5,   10.6,    1.9,    0.3,   78.3,   79.4,   21.7,   20.6,     97,      8,      5,.,     10,      8,.,     17,     30,     13,     11,      5,      6,     59,     63,    40.3,    26.4,    53.2,    39.6,    40.0,    26.4,    52.5,    39.5,"(CONTRACTS OF CAD 100,000)",090741,CME ,090 ,F10,FutOnly
CANADIAN DOLLAR - CHICAGO MERCANTILE EXCHANGE,170620,2017-06-20,090741,CME ,00,090 ,  219496,   66632,   13207,   37868,   31519,   29430,     472,   20074,   97339,    6806,   27654,    3018,     433,  191458,  188573,   28038,   30923,   15381,   -9343,    1382,   33181,   -1354,   -8579,    -257,    1940,    3472,   -8918,   -1155,     426,      12,   14106,   20719,    1275,   -5338,  100.0,   30.4,    6.0,   17.3,   14.4,   13.4,    0.2,    9.1,   44.3,    3.1,   12.6,    1.4,    0.2,   87.2,   85.9,   12.8,   14.1,    105,     12,      4,      9,     10,      7,.,     21,     34,     18,     11,      5,      6,     68,     73,    45.6,    37.6,    60.5,    52.0,    35.2,    29.4,    46.7,    40.9,"(CONTRACTS OF CAD 100,000)",090741,CME ,090 ,F10,FutOnly
CANADIAN DOLLAR - CHICAGO MERCANTILE EXCHANGE,170613,2017-06-13,090741,CME ,00,090 ,  204115,   75975,   11825,    4687,   32873,   38009,     729,   18134,   93867,   15724,   28809,    2592,     421,  177352,  167854,   26763,   36261,   -6818,  -10494,      50,    3296,    1581,   -3806,       2,   -1218,   -4655,    -197,    -362,    -243,    -322,   -7714,   -5875,     896,    -943,  100.0,   37.2,    5.8,    2.3,   16.1,   18.6,    0.4,    8.9,   46.0,    7.7,   14.1,    1.3,    0.2,   86.9,   82.2,   13.1,   17.8,    108,     13,.,      7,     12,     10,      5,     18,     37,     19,     10,      4,      4,     69,     74,    41.7,    29.8,    57.3,    44.2,    41.2,    28.9,    55.3,    40.8,"(CONTRACTS OF CAD 100,000)",090741,CME ,090 ,F10,FutOnly
CANADIAN DOLLAR - CHICAGO MERCANTILE EXCHANGE,170606,2017-06-06,090741,CME ,00,090 ,  210933,   86469,   11775,    1391,   31292,   41815,     727,   19352,   98522,   15921,   29171,    2835,     743,  185066,  173729,   25867,   37204,   10660,   -1695,     762,     747,     951,    -145,      23,    1027,    1006,   10742,     700,    -790,       7,   12502,   12352,   -1842,   -1692,  100.0,   41.0,    5.6,    0.7,   14.8,   19.8,    0.3,    9.2,   46.7,    7.5,   13.8,    1.3,    0.4,   87.7,   82.4,   12.3,   17.6,    118,     10,      4,      7,     12,     13,      5,     21,     43,     24,     10,      4,      4,     72,     86,    43.0,    28.6,    60.4,    40.3,    42.7,    28.6,    59.4,    39.7,"(CONTRACTS OF CAD 100,000)",090741,CME ,090 ,F10,FutOnly
CANADIAN DOLLAR - CHICAGO MERCANTILE EXCHANGE,170530,2017-05-30,090741,CME ,00,090 ,  200273,   88164,   11013,     644,   30341,   41960,     704,   18325,   97516,    5179,   28471,    3625,     736,  172564,  161377,   27709,   38896,   -8031,   -1378,    -761,     243,     627,    2670,    -112,   -7071,   -6903,     266,    -826,   -1846,      62,   -8189,   -6381,     158,   -1650,  100.0,   44.0,    5.5,    0.3,   15.1,   21.0,    0.4,    9.2,   48.7,    2.6,   14.2,    1.8,    0.4,   86.2,   80.6,   13.8,   19.4,    106,     10,.,      6,     11,     13,      4,     18,     38,     20,      9,      5,      5,     61,     80,    46.5,    30.2,    63.9,    43.0,    46.2,    30.2,    63.6,    43.0,"(CONTRACTS OF CAD 100,000)",090741,CME ,090 ,F10,FutOnly
CANADIAN DOLLAR - CHICAGO MERCANTILE EXCHANGE,170523,2017-05-23,090741,CME ,00,090 ,  208304,   89542,   11774,     401,   29714,   39290,     816,   25396,  104419,    4913,   29297,    5471,     674,  180753,  167758,   27551,   40546,  -11179,    1158,     138,     125,    2002,    -624,      40,   -9782,  -10386,    -808,   -1092,     847,     588,   -7769,  -10080,   -3410,   -1099,  100.0,   43.0,    5.7,    0.2,   14.3,   18.9,    0.4,   12.2,   50.1,    2.4,   14.1,    2.6,    0.3,   86.8,   80.5,   13.2,   19.5,    112,      9,      4,      7,     11,     12,      4,     23,     37,     18,     10,      6,      5,     62,     84,    45.9,    29.1,    61.6,    41.7,    45.6,    29.1,    61.4,    41.7,"(CONTRACTS OF CAD 100,000)",090741,CME ,090 ,F10,FutOnly
CANADIAN DOLLAR - CHICAGO MERCANTILE EXCHANGE,170516,2017-05-16,090741,CME ,00,090 ,  219483,   88384,   11636,     276,   27712,   39914,     776,   35178,  114805,    5721,   30389,    4624,      86,  188522,  177838,   30961,   41645,    4537,    9890,     697,    -234,    1629,    -188,       0,   -7384,    6531,    -521,    1157,     629,     -57,    4480,    6857,      57,   -2320,  100.0,   40.3,    5.3,    0.1,   12.6,   18.2,    0.4,   16.0,   52.3,    2.6,   13.8,    2.1,    0.0,   85.9,   81.0,   14.1,   19.0,    117,     10,.,      5,      9,     13,      4,     22,     43,     17,     11,      6,.,     60,     86,    44.4,    27.0,    59.0,    38.6,    44.2,    27.0,    58.7,    38.6,"(CONTRACTS OF CAD 100,000)",090741,CME ,090 ,F10,FutOnly
CANADIAN DOLLAR - CHICAGO MERCANTILE EXCHANGE,170509,2017-05-09,090741,CME ,00,090 ,  214946,   78494,   10939,     510,   26083,   40102,     776,   42562,  108274,    6242,   29232,    3995,     143,  184042,  170981,   30904,   43965,   22254,   12915,   -1691,       4,     825,   13154,      84,    2054,    9844,    1037,    4393,    -415,   -1261,   20051,   20756,    2203,    1498,  100.0,   36.5,    5.1,    0.2,   12.1,   18.7,    0.4,   19.8,   50.4,    2.9,   13.6,    1.9,    0.1,   85.6,   79.5,   14.4,   20.5,    115,     10,.,      5,      8,     14,      4,     23,     42,     16,     12,      5,      4,     58,     86,    42.5,    27.9,    58.1,    39.0,    42.3,    27.9,    57.9,    38.8,"(CONTRACTS OF CAD 100,000)",090741,CME ,090 ,F10,FutOnly
CANADIAN DOLLAR - CHICAGO MERCANTILE EXCHANGE,170502,2017-05-02,090741,CME ,00,090 ,  192692,   65579,   12630,     506,   25258,   26948,     692,   40508,   98430,    5205,   24839,    4410,    1404,  163991,  150225,   28701,   42467,   27188,   10901,    -926,     364,   -1141,    7515,     167,   13666,   14303,    1166,    2038,     909,      76,   27237,   23574,     -49,    3614,  100.0,   34.0,    6.6,    0.3,   13.1,   14.0,    0.4,   21.0,   51.1,    2.7,   12.9,    2.3,    0.7,   85.1,   78.0,   14.9,   22.0,    122,     10,.,      5,     10,     13,      4,     24,     44,     15,     13,      6,      4,     63,     87,    41.2,    22.9,    56.6,    34.3,    40.4,    22.9,    55.7,    34.1,"(CONTRACTS OF CAD 100,000)",090741,CME ,090 ,F10,FutOnly
CANADIAN DOLLAR - CHICAGO MERCANTILE EXCHANGE,170425,2017-04-25,090741,CME ,00,090 ,  165504,   54678,   13556,     142,   26399,   19433,     525,   26842,   84127,    4039,   22801,    3501,    1328,  136754,  126651,   28750,   38853,   28890,   16122,   -2671,      31,     882,    5719,    -498,    6292,   20811,     389,    2190,     439,    -180,   25228,   24040,    3662,    4850,  100.0,   33.0,    8.2,    0.1,   16.0,   11.7,    0.3,   16.2,   50.8,    2.4,   13.8,    2.1,    0.8,   82.6,   76.5,   17.4,   23.5,    111,     10,.,      4,     10,     13,.,     21,     40,     15,     11,      4,.,     57,     79,    41.7,    21.5,    55.7,    35.2,    40.7,    21.5,    54.7,    35.2,"(CONTRACTS OF CAD 100,000)",090741,CME ,090 ,F10,FutOnly
CANADIAN DOLLAR - CHICAGO MERCANTILE EXCHANGE,170418,2017-04-18,090741,CME ,00,090 ,  136614,   38556,   16227,     111,   25517,   13714,    1023,   20550,   63316,    3650,   20611,    3062,    1508,  111526,  102611,   25088,   34003,   10202,    3766,    1489,     -10,     331,    4249,     338,    6505,    3182,     264,     950,     -22,    -142,   12002,    9348,   -1800,     854,  100.0,   28.2,   11.9,    0.1,   18.7,   10.0,    0.7,   15.0,   46.3,    2.7,   15.1,    2.2,    1.1,   81.6,   75.1,   18.4,   24.9,     94,      7,.,      4,      9,      8,      4,     20,     34,     15,      9,      4,.,     53,     67,    41.6,    23.6,    54.5,    38.1,    40.4,    23.6,    52.8,    38.1,"(CONTRACTS OF CAD 100,000)",090741,CME ,090 ,F10,FutOnly
CANADIAN DOLLAR - CHICAGO MERCANTILE EXCHANGE,170411,2017-04-11,090741,CME ,00,090 ,  126412,   34790,   14738,     121,   25186,    9465,     685,   14045,   60134,    3386,   19661,    3084,    1650,   99524,   93263,   26888,   33149,   -7276,    3753,     139,       5,    -286,    -528,    -337,  -10666,   -6513,    -578,   -1971,     -44,    1569,   -8511,   -6287,    1235,    -989,  100.0,   27.5,   11.7,    0.1,   19.9,    7.5,    0.5,   11.1,   47.6,    2.7,   15.6,    2.4,    1.3,   78.7,   73.8,   21.3,   26.2,     82,      7,.,      5,      8,      8,      4,     18,     26,     13,      9,      4,.,     50,     57,    41.6,    27.4,    53.8,    42.6,    40.1,    27.4,    51.8,    42.6,"(CONTRACTS OF CAD 100,000)",090741,CME ,090 ,F10,FutOnly
CANADIAN DOLLAR - CHICAGO MERCANTILE EXCHANGE,170404,2017-04-04,090741,CME ,00,090 ,  133688,   31037,   14599,     116,   25472,    9993,    1022,   24711,   66647,    3964,   21632,    3128,      81,  108035,   99550,   25653,   34138,   11989,    6531,    -197,       6,   -2262,    1108,     186,    6554,    9561,     -61,      68,     158,     -14,   11008,   10747,     981,    1242,  100.0,   23.2,   10.9,    0.1,   19.1,    7.5,    0.8,   18.5,   49.9,    3.0,   16.2,    2.3,    0.1,   80.8,   74.5,   19.2,   25.5,     94,      7,.,      5,      9,      8,      4,     20,     34,     14,      9,      4,.,     52,     67,    36.9,    26.2,    52.2,    41.1,    36.7,    26.2,    51.3,    41.1,"(CONTRACTS OF CAD 100,000)",090741,CME ,090 ,F10,FutOnly
CANADIAN DOLLAR - CHICAGO MERCANTILE EXCHANGE,170328,2017-03-28,090741,CME ,00,090 ,  121699,   24506,   14796,     110,   27734,    8885,     836,   18157,   57086,    4025,   21564,    2970,      95,   97027,   88803,   24672,   32896,    2576,    6492,      62,       4,    1124,   -1050,      37,   -4060,    4073,    -588,    -317,      -9,     -26,    2666,    2503,     -90,      73,  100.0,   20.1,   12.2,    0.1,   22.8,    7.3,    0.7,   14.9,   46.9,    3.3,   17.7,    2.4,    0.1,   79.7,   73.0,   20.3,   27.0,     90,      7,.,      4,     10,      7,      4,     22,     28,     16,     10,.,.,     55,     62,    37.3,    26.5,    49.3,    42.9,    36.8,    26.5,    48.7,    42.9,"(CONTRACTS OF CAD 100,000)",090741,CME ,090 ,F10,FutOnly
CANADIAN DOLLAR - CHICAGO MERCANTILE EXCHANGE,170321,2017-03-21,090741,CME ,00,090 ,  119123,   18014,   14734,     106,   26610,    9935,     799,   22217,   53013,    4613,   21881,    2979,     121,   94361,   86300,   24762,   32823,  -57256,    8303,  -18269,  -24240,    1690,    -621,   -1216,  -40358,     592,    1168,   10558,    -898,  -11764,  -55859,  -55248,   -1397,   -2008,  100.0,   15.1,   12.4,    0.1,   22.3,    8.3,    0.7,   18.7,   44.5,    3.9,   18.4,    2.5,    0.1,   79.2,   72.4,   20.8,   27.6,     88,      6,.,      4,      9,      9,      4,     21,     27,     15,     10,.,      4,     53,     62,    36.1,    26.4,    49.3,    39.8,    35.7,    26.4,    47.5,    39.8,"(CONTRACTS OF CAD 100,000)",090741,CME ,090 ,F10,FutOnly
CANADIAN DOLLAR - CHICAGO MERCANTILE EXCHANGE,170314,2017-03-14,090741,CME ,00,090 ,  176379,    9711,   33003,   24346,   24920,   10556,    2015,   62575,   52421,    3445,   11323,    3877,   11885,  150220,  141548,   26159,   34831,   28778,    4172,  -16729,   15879,   -2941,    2123,      17,   10549,   17777,   -5404,     314,    1012,   10342,   32928,   25017,   -4150,    3761,  100.0,    5.5,   18.7,   13.8,   14.1,    6.0,    1.1,   35.5,   29.7,    2.0,    6.4,    2.2,    6.7,   85.2,   80.3,   14.8,   19.7,    102,      7,      8,      7,      9,      9,.,     22,     30,     13,     12,      4,      5,     60,     70,    36.0,    35.3,    56.5,    45.2,    31.7,    20.3,    40.4,    28.9,"(CONTRACTS OF CAD 100,000)",090741,CME ,090 ,F10,FutOnly
CANADIAN DOLLAR - CHICAGO MERCANTILE EXCHANGE,170307,2017-03-07,090741,CME ,00,090 ,  147601,    5539,   49732,    8467,   27861,    8433,    1998,   52026,   34644,    8849,   11009,    2865,    1543,  117292,  116531,   30309,   31070,   12159,    2874,  -20336,    8139,   -5530,     614,     229,     648,   10434,    5685,    1807,     791,    1236,   15088,    6792,   -2929,    5367,  100.0,    3.8,   33.7,    5.7,   18.9,    5.7,    1.4,   35.2,   23.5,    6.0,    7.5,    1.9,    1.0,   79.5,   79.0,   20.5,   21.0,     92,.,      9,      5,     10,      6,.,     24,     25,     16,     10,.,      4,     58,     62,    27.1,    36.7,    42.0,    46.0,    26.3,    33.1,    38.5,    41.5,"(CONTRACTS OF CAD 100,000)",090741,CME ,090 ,F10,FutOnly
CANADIAN DOLLAR - CHICAGO MERCANTILE EXCHANGE,170228,2017-02-28,090741,CME ,00,090 ,  135442,    2665,   70068,     328,   33391,    7819,    1769,   51378,   24210,    3164,    9202,    2074,     307,  102204,  109739,   33238,   25703,    3920,    -217,   -1339,     -34,   -1350,    1588,    -272,    6145,    2808,     482,   -1149,     -29,      50,    3655,    3254,     265,     666,  100.0,    2.0,   51.7,    0.2,   24.7,    5.8,    1.3,   37.9,   17.9,    2.3,    6.8,    1.5,    0.2,   75.5,   81.0,   24.5,   19.0,     87,.,     10,      4,     12,      6,      4,     25,     23,     16,      7,.,.,     57,     57,    29.9,    45.4,    41.4,    54.3,    29.7,    45.3,    40.8,    54.1,"(CONTRACTS OF CAD 100,000)",090741,CME ,090 ,F10,FutOnly
CANADIAN DOLLAR - CHICAGO MERCANTILE EXCHANGE,170221,2017-02-21,090741,CME ,00,090 ,  131522,    2882,   71407,     362,   34741,    6231,    2041,   45233,   21402,    2682,   10351,    2103,     257,   98549,  106485,   32973,   25037,    6466,     -15,    3005,      96,   -1100,      27,      46,    5387,    1548,     196,    1218,      -7,      50,    5878,    4961,     588,    1505,  100.0,    2.2,   54.3,    0.3,   26.4,    4.7,    1.6,   34.4,   16.3,    2.0,    7.9,    1.6,    0.2,   74.9,   81.0,   25.1,   19.0,     87,.,     10,      5,     12,      5,      5,     25,     19,     12,      9,      4,.,     59,     53,    30.3,    47.4,    41.7,    58.5,    30.0,    47.3,    40.7,    58.3,"(CONTRACTS OF CAD 100,000)",090741,CME ,090 ,F10,FutOnly
CANADIAN DOLLAR - CHICAGO MERCANTILE EXCHANGE,170214,2017-02-14,090741,CME ,00,090 ,  125056,    2897,   68402,     266,   35841,    6204,    1995,   39846,   19854,    2486,    9133,    2110,     207,   92671,  101524,   32385,   23532,    6632,     361,    7172,      35,    1078,      -3,     323,    4789,   -1326,     -53,    1166,      16,      46,    7745,    6210,   -1113,     422,  100.0,    2.3,   54.7,    0.2,   28.7,    5.0,    1.6,   31.9,   15.9,    2.0,    7.3,    1.7,    0.2,   74.1,   81.2,   25.9,   18.8,     82,.,     10,      4,     12,      5,      5,     24,     15,      8,      9,      4,      4,     54,     49,    30.4,    48.3,    41.5,    60.0,    30.1,    48.2,    40.2,    59.9,"(CONTRACTS OF CAD 100,000)",090741,CME ,090 ,F10,FutOnly
CANADIAN DOLLAR - CHICAGO MERCANTILE EXCHANGE,170207,2017-02-07,090741,CME ,00,090 ,  118424,    2536,   61230,     231,   34763,    6207,    1672,   35057,   21180,    2539,    7967,    2094,     161,   84926,   95314,   33498,   23110,    4150,     796,   10065,     197,     298,   -1055,     510,     702,   -3986,     500,    -542,     141,    -137,    2324,    6235,    1826,   -2085,  100.0,    2.1,   51.7,    0.2,   29.4,    5.2,    1.4,   29.6,   17.9,    2.1,    6.7,    1.8,    0.1,   71.7,   80.5,   28.3,   19.5,     85,.,     10,      4,     12,      5,      5,     24,     18,     11,      9,      4,      4,     55,     54,    27.1,    47.1,    38.3,    58.9,    26.8,    47.1,    37.1,    58.8,"(CONTRACTS OF CAD 100,000)",090741,CME ,090 ,F10,FutOnly
CANADIAN DOLLAR - CHICAGO MERCANTILE EXCHANGE,170131,2017-01-31,090741,CME ,00,090 ,  114274,    1740,   51165,      34,   34465,    7262,    1162,   34355,   25166,    2039,    8509,    1953,     298,   82602,   89079,   31672,   25195,   14700,    1223,   12899,      34,    3450,     254,     313,    5576,    2777,    -194,     -81,     192,    -175,   10146,   16100,    4554,   -1400,  100.0,    1.5,   44.8,    0.0,   30.2,    6.4,    1.0,   30.1,   22.0,    1.8,    7.4,    1.7,    0.3,   72.3,   78.0,   27.7,   22.0,     88,.,     12,.,     11,      7,      5,     23,     19,      7,     10,.,.,     51,     53,    25.0,    39.6,    37.6,    51.3,    24.6,    39.6,    36.7,    51.3,"(CONTRACTS OF CAD 100,000)",090741,CME ,090 ,F10,FutOnly
CANADIAN DOLLAR - CHICAGO MERCANTILE EXCHANGE,170124,2017-01-24,090741,CME ,00,090 ,   99574,     517,   38266,       0,   31015,    7008,     849,   28779,   22389,    2233,    8590,    1761,     473,   72456,   72979,   27118,   26595,    -733,    -796,   12865,    -162,     317,    -420,     368,    1133,  -11035,      99,     824,      -9,      21,    1804,    1727,   -2537,   -2460,  100.0,    0.5,   38.4,    0.0,   31.1,    7.0,    0.9,   28.9,   22.5,    2.2,    8.6,    1.8,    0.5,   72.8,   73.3,   27.2,   26.7,     83,.,     12,      0,     10,      7,      4,     22,     18,      7,      9,.,.,     46,     51,    28.0,    32.2,    40.1,    45.0,    27.6,    32.2,    39.6,    45.0,"(CONTRACTS OF CAD 100,000)",090741,CME ,090 ,F10,FutOnly
CANADIAN DOLLAR - CHICAGO MERCANTILE EXCHANGE,170117,2017-01-17,090741,CME ,00,090 ,  100307,    1313,   25401,     162,   30698,    7428,     481,   27646,   33424,    2134,    7766,    1770,     452,   70652,   71252,   29655,   29055,    9675,   -5828,   13624,       0,     973,   -2708,       0,   10887,    1067,    -127,    1544,    -417,    -112,    7337,   11327,    2338,   -1652,  100.0,    1.3,   25.3,    0.2,   30.6,    7.4,    0.5,   27.6,   33.3,    2.1,    7.7,    1.8,    0.5,   70.4,   71.0,   29.6,   29.0,     88,      5,     10,.,     10,      7,.,     23,     22,      9,      8,.,.,     53,     51,    28.0,    26.2,    37.5,    39.3,    27.5,    26.2,    37.0,    39.3,"(CONTRACTS OF CAD 100,000)",090741,CME ,090 ,F10,FutOnly
CANADIAN DOLLAR - CHICAGO MERCANTILE EXCHANGE,170110,2017-01-10,090741,CME ,00,090 ,   90632,    7141,   11777,     162,   29725,   10136,     481,   16759,   32357,    2261,    6222,    2187,     564,   63315,   59925,   27317,   30707,   -8119,  -11040,    4675,     159,    1318,   -3805,       8,   -2588,   -3651,     228,    1049,   -1570,      25,  -10841,   -3931,    2722,   -4188,  100.0,    7.9,   13.0,    0.2,   32.8,   11.2,    0.5,   18.5,   35.7,    2.5,    6.9,    2.4,    0.6,   69.9,   66.1,   30.1,   33.9,     82,      4,      9,.,      9,      9,.,     18,     21,      8,      9,.,      4,     44,     55,    30.5,    20.1,    40.9,    33.7,    30.0,    20.1,    40.4,    33.7,"(CONTRACTS OF CAD 100,000)",090741,CME ,090 ,F10,FutOnly
CANADIAN DOLLAR - CHICAGO MERCANTILE EXCHANGE,170103,2017-01-03,090741,CME ,00,090 ,   98751,   18181,    7102,       3,   28407,   13941,     473,   19347,   36008,    2033,    5173,    3757,     539,   74156,   63856,   24595,   34895,    5539,   10339,   -2201,       3,    2163,    3128,      15,   -6109,    2197,      92,    -305,    -265,       3,    6201,    2972,    -662,    2567,  100.0,   18.4,    7.2,    0.0,   28.8,   14.1,    0.5,   19.6,   36.5,    2.1,    5.2,    3.8,    0.5,   75.1,   64.7,   24.9,   35.3,     85,      6,      5,.,      7,     12,.,     17,     27,      9,      7,      4,.,     44,     55,    36.8,    16.8,    48.2,    29.0,    36.3,    16.8,    47.8,    29.0,"(CONTRACTS OF CAD 100,000)",090741,CME ,090 ,F10,FutOnly
SWISS FRANC - CHICAGO MERCANTILE EXCHANGE,171226,2017-12-26,092741,CME ,00,092 ,   81655,   33904,    3777,       0,     621,    8240,     655,   39301,   44046,     150,     480,    2176,       0,   75111,   59044,    6544,   22611,    2783,     594,     236,     -42,       0,   -1307,     -20,    1577,    3074,    -107,     480,     496,       0,    2482,    2330,     301,     453,  100.0,   41.5,    4.6,    0.0,    0.8,   10.1,    0.8,   48.1,   53.9,    0.2,    0.6,    2.7,    0.0,   92.0,   72.3,    8.0,   27.7,     51,      6,      4,      0,.,      8,.,     12,     17,.,.,.,      0,     22,     32,    63.2,    38.5,    76.9,    48.9,    63.2,    38.5,    76.8,    48.9,"(CONTRACTS OF CHF 125,000)",092741,CME ,092 ,F10,FutOnly
SWISS FRANC - CHICAGO MERCANTILE EXCHANGE,171219,2017-12-19,092741,CME ,00,092 ,   78872,   33310,    3541,      42,     621,    9547,     675,   37724,   40972,     257,       0,    1680,       0,   72629,   56714,    6243,   22158,  -16243,  -16796,   -2473,   -8218,    -421,     693,       0,   12894,    -321,   -4072,       0,       0,       0,  -16613,  -14391,     370,   -1852,  100.0,   42.2,    4.5,    0.1,    0.8,   12.1,    0.9,   47.8,   51.9,    0.3,    0.0,    2.1,    0.0,   92.1,   71.9,    7.9,   28.1,     48,      5,      4,.,.,      8,.,     13,     16,.,      0,.,      0,     21,     31,    64.1,    36.9,    76.2,    48.2,    64.1,    36.9,    76.1,    48.2,"(CONTRACTS OF CHF 125,000)",092741,CME ,092 ,F10,FutOnly
SWISS FRANC - CHICAGO MERCANTILE EXCHANGE,171212,2017-12-12,092741,CME ,00,092 ,   95115,   50106,    6014,    8260,    1042,    8854,     675,   24830,   41293,    4329,       0,    1680,       0,   89242,   71105,    5873,   24010,   14337,    5875,     742,    8092,       0,    1347,     675,   -2661,    -820,    2779,       0,       0,       0,   14760,   12815,    -423,    1522,  100.0,   52.7,    6.3,    8.7,    1.1,    9.3,    0.7,   26.1,   43.4,    4.6,    0.0,    1.8,    0.0,   93.8,   74.8,    6.2,   25.2,     52,      6,      6,      4,.,      7,.,     14,     15,      7,      0,.,      0,     28,     36,    52.7,    38.3,    73.3,    48.8,    52.3,    30.6,    66.3,    40.9,"(CONTRACTS OF CHF 125,000)",092741,CME ,092 ,F10,FutOnly
SWISS FRANC - CHICAGO MERCANTILE EXCHANGE,171205,2017-12-05,092741,CME ,00,092 ,   80778,   44231,    5272,     168,    1042,    7507,       0,   27491,   42113,    1550,       0,    1680,       0,   74482,   58290,    6296,   22488,    1234,    -212,    1211,     168,      35,     629,       0,     347,    -598,     677,       0,       0,       0,    1015,    2087,     219,    -853,  100.0,   54.8,    6.5,    0.2,    1.3,    9.3,    0.0,   34.0,   52.1,    1.9,    0.0,    2.1,    0.0,   92.2,   72.2,    7.8,   27.8,     48,      6,      5,.,.,      6,      0,     12,     16,      5,      0,.,      0,     25,     30,    60.7,    37.4,    75.0,    49.9,    60.7,    37.3,    75.0,    49.7,"(CONTRACTS OF CHF 125,000)",092741,CME ,092 ,F10,FutOnly
SWISS FRANC - CHICAGO MERCANTILE EXCHANGE,171128,2017-11-28,092741,CME ,00,092 ,   79544,   44443,    4061,       0,    1007,    6878,       0,   27144,   42711,     873,       0,    1680,       0,   73467,   56203,    6077,   23341,   -3362,    -391,     439,      -3,       0,   -1470,       0,   -2715,   -1212,    -170,       0,       0,       0,   -3279,   -2416,     -83,    -946,  100.0,   55.9,    5.1,    0.0,    1.3,    8.6,    0.0,   34.1,   53.7,    1.1,    0.0,    2.1,    0.0,   92.4,   70.7,    7.6,   29.3,     52,      7,      4,      0,.,      7,      0,     13,     18,      4,      0,.,      0,     25,     31,    61.9,    37.1,    74.1,    47.9,    61.9,    37.0,    74.1,    47.7,"(CONTRACTS OF CHF 125,000)",092741,CME ,092 ,F10,FutOnly
SWISS FRANC - CHICAGO MERCANTILE EXCHANGE,171121,2017-11-21,092741,CME ,00,092 ,   82906,   44834,    3622,       3,    1007,    8348,       0,   29859,   43923,    1043,       0,    1680,       0,   76746,   58619,    6160,   24287,    1245,    1071,     275,       3,     421,     770,       0,    1032,    2068,    -106,    -612,       0,       0,    1809,    3010,    -564,   -1765,  100.0,   54.1,    4.4,    0.0,    1.2,   10.1,    0.0,   36.0,   53.0,    1.3,    0.0,    2.0,    0.0,   92.6,   70.7,    7.4,   29.3,     53,      7,      4,.,.,      7,      0,     13,     19,      5,      0,.,      0,     27,     32,    59.3,    35.6,    74.4,    47.0,    59.3,    35.6,    74.4,    47.0,"(CONTRACTS OF CHF 125,000)",092741,CME ,092 ,F10,FutOnly
SWISS FRANC - CHICAGO MERCANTILE EXCHANGE,171114,2017-11-14,092741,CME ,00,092 ,   81661,   43763,    3347,       0,     586,    7578,       0,   28827,   41855,    1149,     612,    1680,       0,   74937,   55609,    6724,   26052,    2545,    1751,      66,       0,       0,     483,       0,    -118,    1830,     116,     612,       0,       0,    2361,    2495,     184,      50,  100.0,   53.6,    4.1,    0.0,    0.7,    9.3,    0.0,   35.3,   51.3,    1.4,    0.7,    2.1,    0.0,   91.8,   68.1,    8.2,   31.9,     49,      6,.,      0,.,      6,      0,     13,     18,.,.,.,      0,     23,     29,    60.4,    35.2,    74.1,    46.6,    60.4,    35.2,    74.1,    46.5,"(CONTRACTS OF CHF 125,000)",092741,CME ,092 ,F10,FutOnly
SWISS FRANC - CHICAGO MERCANTILE EXCHANGE,171107,2017-11-07,092741,CME ,00,092 ,   79116,   42012,    3281,       0,     586,    7095,       0,   28945,   40025,    1033,       0,    1680,       0,   72576,   53114,    6540,   26002,    4399,    6554,     -26,       0,      10,     383,       0,    -984,    2910,    -224,       0,       0,       0,    5356,    3043,    -957,    1356,  100.0,   53.1,    4.1,    0.0,    0.7,    9.0,    0.0,   36.6,   50.6,    1.3,    0.0,    2.1,    0.0,   91.7,   67.1,    8.3,   32.9,     50,      6,.,      0,.,      6,      0,     11,     22,      4,      0,.,      0,     21,     33,    60.7,    33.6,    76.3,    43.7,    60.7,    33.6,    76.3,    43.7,"(CONTRACTS OF CHF 125,000)",092741,CME ,092 ,F10,FutOnly
SWISS FRANC - CHICAGO MERCANTILE EXCHANGE,171031,2017-10-31,092741,CME ,00,092 ,   74717,   35458,    3307,       0,     576,    6712,       0,   29929,   37115,    1257,       0,    1680,       0,   67220,   50071,    7497,   24646,   10825,   13307,    -302,       0,       0,    1597,       0,   -1952,    6571,     -53,       0,       0,       0,   11302,    7813,    -477,    3012,  100.0,   47.5,    4.4,    0.0,    0.8,    9.0,    0.0,   40.1,   49.7,    1.7,    0.0,    2.2,    0.0,   90.0,   67.0,   10.0,   33.0,     48,      6,.,      0,.,      6,      0,      9,     22,      4,      0,.,      0,     20,     32,    57.2,    31.4,    74.5,    41.8,    57.2,    31.3,    74.5,    41.7,"(CONTRACTS OF CHF 125,000)",092741,CME ,092 ,F10,FutOnly
SWISS FRANC - CHICAGO MERCANTILE EXCHANGE,171024,2017-10-24,092741,CME ,00,092 ,   63892,   22151,    3609,       0,     576,    5115,       0,   31881,   30544,    1310,       0,    1680,       0,   55918,   42258,    7974,   21634,    8724,    7953,     -32,       0,       0,     858,       0,      91,    5912,     428,       0,       0,       0,    8472,    7166,     252,    1558,  100.0,   34.7,    5.6,    0.0,    0.9,    8.0,    0.0,   49.9,   47.8,    2.1,    0.0,    2.6,    0.0,   87.5,   66.1,   12.5,   33.9,     45,      6,.,      0,.,      6,      0,     10,     18,      4,      0,.,      0,     20,     29,    54.1,    32.2,    71.0,    43.0,    54.1,    32.2,    71.0,    43.0,"(CONTRACTS OF CHF 125,000)",092741,CME ,092 ,F10,FutOnly
SWISS FRANC - CHICAGO MERCANTILE EXCHANGE,171017,2017-10-17,092741,CME ,00,092 ,   55168,   14198,    3641,       0,     576,    4257,       0,   31790,   24632,     882,       0,    1680,       0,   47446,   35092,    7722,   20076,    6129,    3438,      58,       0,       0,    1270,       0,    3840,    4665,    -137,       0,       0,       0,    7141,    5856,   -1012,     273,  100.0,   25.7,    6.6,    0.0,    1.0,    7.7,    0.0,   57.6,   44.6,    1.6,    0.0,    3.0,    0.0,   86.0,   63.6,   14.0,   36.4,     42,      4,.,      0,.,      5,      0,     12,     16,.,      0,.,      0,     18,     27,    55.6,    34.1,    69.8,    44.1,    55.6,    34.1,    69.8,    44.1,"(CONTRACTS OF CHF 125,000)",092741,CME ,092 ,F10,FutOnly
SWISS FRANC - CHICAGO MERCANTILE EXCHANGE,171010,2017-10-10,092741,CME ,00,092 ,   49039,   10760,    3583,       0,     576,    2987,       0,   27950,   19967,    1019,       0,    1680,       0,   40305,   29236,    8734,   19803,    4468,    3385,     553,       0,       0,    -581,       0,     900,    2408,    -306,       0,    -936,       0,    3979,    1138,     489,    3330,  100.0,   21.9,    7.3,    0.0,    1.2,    6.1,    0.0,   57.0,   40.7,    2.1,    0.0,    3.4,    0.0,   82.2,   59.6,   17.8,   40.4,     35,      4,.,      0,.,.,      0,     12,     11,.,      0,.,      0,     18,     20,    51.4,    37.0,    65.7,    46.7,    51.4,    37.0,    65.7,    46.5,"(CONTRACTS OF CHF 125,000)",092741,CME ,092 ,F10,FutOnly
SWISS FRANC - CHICAGO MERCANTILE EXCHANGE,171003,2017-10-03,092741,CME ,00,092 ,   44571,    7375,    3030,       0,     576,    3568,       0,   27050,   17559,    1325,       0,    2616,       0,   36326,   28098,    8245,   16473,    4806,    4242,    -231,     -19,    -700,     -17,       0,    2779,    4110,      53,       0,      33,       0,    6355,    3929,   -1549,     877,  100.0,   16.5,    6.8,    0.0,    1.3,    8.0,    0.0,   60.7,   39.4,    3.0,    0.0,    5.9,    0.0,   81.5,   63.0,   18.5,   37.0,     38,      4,.,      0,.,      4,      0,     12,     12,      7,      0,.,      0,     22,     23,    50.7,    33.3,    65.4,    45.5,    50.7,    33.3,    65.4,    44.5,"(CONTRACTS OF CHF 125,000)",092741,CME ,092 ,F10,FutOnly
SWISS FRANC - CHICAGO MERCANTILE EXCHANGE,170926,2017-09-26,092741,CME ,00,092 ,   39765,    3133,    3261,      19,    1276,    3585,       0,   24271,   13449,    1272,       0,    2583,       0,   29971,   24169,    9794,   15596,    4314,    3133,    -443,      -1,    -423,      18,       0,    2274,    2014,     293,       0,     578,       0,    5276,    2459,    -962,    1855,  100.0,    7.9,    8.2,    0.0,    3.2,    9.0,    0.0,   61.0,   33.8,    3.2,    0.0,    6.5,    0.0,   75.4,   60.8,   24.6,   39.2,     36,.,.,.,.,      4,      0,     10,     12,      5,      0,.,      0,     20,     22,    45.5,    31.3,    60.6,    42.2,    45.5,    31.2,    60.6,    41.4,"(CONTRACTS OF CHF 125,000)",092741,CME ,092 ,F10,FutOnly
SWISS FRANC - CHICAGO MERCANTILE EXCHANGE,170919,2017-09-19,092741,CME ,00,092 ,   35451,       0,    3704,      20,    1699,    3567,       0,   21997,   11435,     979,       0,    2005,       0,   24695,   21710,   10756,   13741,   -8625,   -6261,   -4455,     -15,   -1445,     610,       0,    1729,    -330,   -1990,       0,    -893,       0,   -7982,   -7073,    -643,   -1552,  100.0,    0.0,   10.4,    0.1,    4.8,   10.1,    0.0,   62.0,   32.3,    2.8,    0.0,    5.7,    0.0,   69.7,   61.2,   30.3,   38.8,     34,      0,.,.,.,      4,      0,     13,     10,      5,      0,.,      0,     19,     21,    43.6,    33.7,    56.1,    44.6,    43.6,    33.7,    56.1,    44.0,"(CONTRACTS OF CHF 125,000)",092741,CME ,092 ,F10,FutOnly
SWISS FRANC - CHICAGO MERCANTILE EXCHANGE,170912,2017-09-12,092741,CME ,00,092 ,   44076,    6261,    8159,      35,    3144,    2957,       0,   20268,   11765,    2969,       0,    2898,       0,   32677,   28783,   11399,   15293,    2057,    -305,     678,      -8,     206,    -295,       0,    1524,     542,    1129,       0,     142,       0,    2546,    2188,    -489,    -131,  100.0,   14.2,   18.5,    0.1,    7.1,    6.7,    0.0,   46.0,   26.7,    6.7,    0.0,    6.6,    0.0,   74.1,   65.3,   25.9,   34.7,     40,.,      5,.,      4,.,      0,     13,     11,     10,      0,.,      0,     25,     27,    44.1,    28.0,    55.6,    42.7,    44.1,    27.9,    55.1,    42.6,"(CONTRACTS OF CHF 125,000)",092741,CME ,092 ,F10,FutOnly
SWISS FRANC - CHICAGO MERCANTILE EXCHANGE,170905,2017-09-05,092741,CME ,00,092 ,   42019,    6566,    7481,      43,    2938,    3252,       0,   18744,   11223,    1840,       0,    2756,       0,   30131,   26595,   11888,   15424,     -48,    1306,      35,      22,    -849,    -325,       0,     335,    -566,      25,       0,      37,       0,     839,    -772,    -887,     724,  100.0,   15.6,   17.8,    0.1,    7.0,    7.7,    0.0,   44.6,   26.7,    4.4,    0.0,    6.6,    0.0,   71.7,   63.3,   28.3,   36.7,     37,.,      5,.,      4,.,      0,     11,     10,      8,      0,.,      0,     23,     24,    45.7,    29.6,    56.1,    43.9,    45.7,    29.6,    56.0,    43.8,"(CONTRACTS OF CHF 125,000)",092741,CME ,092 ,F10,FutOnly
SWISS FRANC - CHICAGO MERCANTILE EXCHANGE,170829,2017-08-29,092741,CME ,00,092 ,   42067,    5260,    7446,      21,    3787,    3577,       0,   18409,   11789,    1815,       0,    2719,       0,   29292,   27367,   12775,   14700,    1647,    -394,     260,     -30,     595,      87,       0,      92,     665,      90,       0,     107,       0,     353,    1179,    1294,     468,  100.0,   12.5,   17.7,    0.0,    9.0,    8.5,    0.0,   43.8,   28.0,    4.3,    0.0,    6.5,    0.0,   69.6,   65.1,   30.4,   34.9,     37,.,      4,.,      4,.,      0,     13,      9,      7,      0,.,      0,     25,     20,    39.7,    31.8,    51.8,    46.8,    39.7,    31.7,    51.4,    46.8,"(CONTRACTS OF CHF 125,000)",092741,CME ,092 ,F10,FutOnly
SWISS FRANC - CHICAGO MERCANTILE EXCHANGE,170822,2017-08-22,092741,CME ,00,092 ,   40420,    5654,    7186,      51,    3192,    3490,       0,   18317,   11124,    1725,       0,    2612,       0,   28939,   26188,   11481,   14232,    1040,     699,     340,      34,     411,      96,       0,    -356,     992,     376,       0,    -234,       0,    1164,    1604,    -124,    -564,  100.0,   14.0,   17.8,    0.1,    7.9,    8.6,    0.0,   45.3,   27.5,    4.3,    0.0,    6.5,    0.0,   71.6,   64.8,   28.4,   35.2,     38,.,      5,.,      4,.,      0,     12,     10,      8,      0,.,      0,     24,     23,    42.0,    30.3,    53.4,    45.5,    41.9,    30.3,    53.1,    45.2,"(CONTRACTS OF CHF 125,000)",092741,CME ,092 ,F10,FutOnly
SWISS FRANC - CHICAGO MERCANTILE EXCHANGE,170815,2017-08-15,092741,CME ,00,092 ,   39380,    4955,    6846,      17,    2781,    3394,       0,   18673,   10132,    1349,       0,    2846,       0,   27775,   24584,   11605,   14796,   -3742,     531,   -2196,     -63,    -716,     207,       0,   -3053,   -2816,     140,       0,     422,       0,   -3161,   -4306,    -581,     564,  100.0,   12.6,   17.4,    0.0,    7.1,    8.6,    0.0,   47.4,   25.7,    3.4,    0.0,    7.2,    0.0,   70.5,   62.4,   29.5,   37.6,     40,.,      5,.,.,.,      0,     12,     12,      8,      0,.,      0,     23,     26,    41.5,    27.9,    53.1,    40.0,    41.3,    27.9,    52.7,    39.8,"(CONTRACTS OF CHF 125,000)",092741,CME ,092 ,F10,FutOnly
SWISS FRANC - CHICAGO MERCANTILE EXCHANGE,170808,2017-08-08,092741,CME ,00,092 ,   43122,    4424,    9042,      80,    3497,    3187,       0,   21726,   12948,    1209,       0,    2424,       0,   30936,   28890,   12186,   14232,    3310,    2595,   -1326,       0,     -74,     186,       0,    2569,    3620,      16,       0,     460,       0,    5106,    2956,   -1796,     354,  100.0,   10.3,   21.0,    0.2,    8.1,    7.4,    0.0,   50.4,   30.0,    2.8,    0.0,    5.6,    0.0,   71.7,   67.0,   28.3,   33.0,     46,.,      7,.,.,.,      0,     14,     14,      7,      0,.,      0,     25,     30,    38.2,    27.2,    54.0,    40.4,    38.2,    27.2,    53.9,    40.2,"(CONTRACTS OF CHF 125,000)",092741,CME ,092 ,F10,FutOnly
SWISS FRANC - CHICAGO MERCANTILE EXCHANGE,170801,2017-08-01,092741,CME ,00,092 ,   39812,    1829,   10368,      80,    3571,    3001,       0,   19157,    9328,    1193,       0,    1964,       0,   25830,   25934,   13982,   13878,   -5193,   -1051,   -1646,      13,   -1456,      14,       0,     660,   -4348,     278,       0,     404,       0,   -1556,   -5285,   -3637,      92,  100.0,    4.6,   26.0,    0.2,    9.0,    7.5,    0.0,   48.1,   23.4,    3.0,    0.0,    4.9,    0.0,   64.9,   65.1,   35.1,   34.9,     36,.,      5,.,.,.,      0,     12,     10,      8,      0,.,      0,     23,     23,    38.7,    33.4,    53.3,    46.5,    38.7,    33.4,    52.5,    46.2,"(CONTRACTS OF CHF 125,000)",092741,CME ,092 ,F10,FutOnly
SWISS FRANC - CHICAGO MERCANTILE EXCHANGE,170725,2017-07-25,092741,CME ,00,092 ,   45005,    2880,   12014,      67,    5027,    2987,       0,   18497,   13676,     915,       0,    1560,       0,   27386,   31219,   17619,   13786,    1822,    -824,    2777,       1,     531,       0,       0,     746,    -947,     -83,       0,       0,       0,     371,    1748,    1451,      74,  100.0,    6.4,   26.7,    0.1,   11.2,    6.6,    0.0,   41.1,   30.4,    2.0,    0.0,    3.5,    0.0,   60.9,   69.4,   39.1,   30.6,     37,.,      5,.,.,.,      0,     11,     11,      6,      0,.,      0,     23,     22,    35.7,    38.2,    46.9,    51.8,    35.6,    38.2,    46.8,    51.8,"(CONTRACTS OF CHF 125,000)",092741,CME ,092 ,F10,FutOnly
SWISS FRANC - CHICAGO MERCANTILE EXCHANGE,170718,2017-07-18,092741,CME ,00,092 ,   43183,    3704,    9237,      66,    4496,    2987,       0,   17751,   14623,     998,       0,    1560,       0,   27015,   29471,   16168,   13712,    5240,     375,    -295,      46,    1889,      52,       0,    2467,    7188,    -162,       0,       0,       0,    4615,    6829,     625,   -1589,  100.0,    8.6,   21.4,    0.2,   10.4,    6.9,    0.0,   41.1,   33.9,    2.3,    0.0,    3.6,    0.0,   62.6,   68.2,   37.4,   31.8,     41,      4,      5,.,.,.,      0,     13,     12,      7,      0,.,      0,     27,     23,    35.5,    33.7,    45.5,    49.2,    35.4,    33.7,    45.4,    49.2,"(CONTRACTS OF CHF 125,000)",092741,CME ,092 ,F10,FutOnly
SWISS FRANC - CHICAGO MERCANTILE EXCHANGE,170711,2017-07-11,092741,CME ,00,092 ,   37943,    3329,    9532,      20,    2607,    2935,       0,   15284,    7435,    1160,       0,    1560,       0,   22400,   22642,   15543,   15301,    -548,    1392,    -197,       1,      63,      -5,       0,    -344,   -1063,     421,       0,       0,       0,    1533,    -843,   -2081,     295,  100.0,    8.8,   25.1,    0.1,    6.9,    7.7,    0.0,   40.3,   19.6,    3.1,    0.0,    4.1,    0.0,   59.0,   59.7,   41.0,   40.3,     33,      4,      5,.,.,.,      0,     10,      7,      6,      0,.,      0,     22,     18,    33.6,    36.0,    44.1,    47.6,    33.5,    36.0,    44.0,    47.6,"(CONTRACTS OF CHF 125,000)",092741,CME ,092 ,F10,FutOnly
SWISS FRANC - CHICAGO MERCANTILE EXCHANGE,170703,2017-07-03,092741,CME ,00,092 ,   38491,    1937,    9729,      19,    2544,    2940,       0,   15628,    8498,     739,       0,    1560,       0,   20867,   23485,   17624,   15006,    1127,    -610,    4825,      19,     672,     -10,       0,   -1518,   -5103,    -237,       0,       0,       0,   -1674,    -506,    2801,    1633,  100.0,    5.0,   25.3,    0.0,    6.6,    7.6,    0.0,   40.6,   22.1,    1.9,    0.0,    4.1,    0.0,   54.2,   61.0,   45.8,   39.0,     31,.,      5,.,.,.,      0,     10,      6,      4,      0,.,      0,     19,     17,    32.3,    38.5,    42.1,    50.1,    32.2,    38.5,    42.0,    50.1,"(CONTRACTS OF CHF 125,000)",092741,CME ,092 ,F10,FutOnly
SWISS FRANC - CHICAGO MERCANTILE EXCHANGE,170627,2017-06-27,092741,CME ,00,092 ,   37364,    2547,    4904,       0,    1872,    2950,       0,   17146,   13601,     976,       0,    1560,       0,   22541,   23991,   14823,   13373,    2313,     428,      73,       0,      19,     -53,       0,     362,    1673,    -302,       0,      39,       0,     507,    1430,    1806,     883,  100.0,    6.8,   13.1,    0.0,    5.0,    7.9,    0.0,   45.9,   36.4,    2.6,    0.0,    4.2,    0.0,   60.3,   64.2,   39.7,   35.8,     37,.,      4,      0,.,.,      0,     13,     10,      4,      0,.,      0,     20,     21,    34.5,    34.3,    44.1,    46.5,    34.4,    34.3,    44.0,    46.5,"(CONTRACTS OF CHF 125,000)",092741,CME ,092 ,F10,FutOnly
SWISS FRANC - CHICAGO MERCANTILE EXCHANGE,170620,2017-06-20,092741,CME ,00,092 ,   35051,    2119,    4831,       0,    1853,    3003,       0,   16784,   11928,    1278,       0,    1521,       0,   22034,   22561,   13017,   12490,  -20087,  -10448,   -6083,    -951,   -1178,     123,       0,    2700,   -8607,   -2464,   -6424,       0,       0,  -18765,  -17982,   -1322,   -2105,  100.0,    6.0,   13.8,    0.0,    5.3,    8.6,    0.0,   47.9,   34.0,    3.6,    0.0,    4.3,    0.0,   62.9,   64.4,   37.1,   35.6,     35,.,      4,      0,.,.,      0,     12,      9,      7,      0,.,      0,     21,     21,    37.0,    37.0,    47.2,    48.3,    36.9,    37.0,    47.1,    48.0,"(CONTRACTS OF CHF 125,000)",092741,CME ,092 ,F10,FutOnly
SWISS FRANC - CHICAGO MERCANTILE EXCHANGE,170613,2017-06-13,092741,CME ,00,092 ,   55138,   12567,   10914,     951,    3031,    2880,       0,   14084,   20535,    3742,    6424,    1521,       0,   40799,   40543,   14339,   14595,    3410,   -1251,     537,     670,    -125,    -319,       0,    1891,    -702,    2077,      38,      39,       0,    3300,    2302,     110,    1108,  100.0,   22.8,   19.8,    1.7,    5.5,    5.2,    0.0,   25.5,   37.2,    6.8,   11.7,    2.8,    0.0,   74.0,   73.5,   26.0,   26.5,     43,.,      7,      5,      4,.,      0,     12,     12,     10,.,.,      0,     30,     28,    49.7,    33.3,    60.1,    48.4,    46.5,    32.8,    55.1,    45.8,"(CONTRACTS OF CHF 125,000)",092741,CME ,092 ,F10,FutOnly
SWISS FRANC - CHICAGO MERCANTILE EXCHANGE,170606,2017-06-06,092741,CME ,00,092 ,   51728,   13818,   10377,     281,    3156,    3199,       0,   12193,   21237,    1665,    6386,    1482,       0,   37499,   38241,   14229,   13487,   -2675,   -2389,     221,      84,      55,     -28,       0,   -1312,   -3522,     893,     -20,       0,       0,   -2689,   -2352,      14,    -323,  100.0,   26.7,   20.1,    0.5,    6.1,    6.2,    0.0,   23.6,   41.1,    3.2,   12.3,    2.9,    0.0,   72.5,   73.9,   27.5,   26.1,     43,      4,      6,      5,      4,.,      0,     10,     14,      8,.,.,      0,     25,     31,    49.7,    36.1,    58.9,    51.0,    49.5,    36.1,    58.4,    50.6,"(CONTRACTS OF CHF 125,000)",092741,CME ,092 ,F10,FutOnly
SWISS FRANC - CHICAGO MERCANTILE EXCHANGE,170530,2017-05-30,092741,CME ,00,092 ,   54403,   16207,   10156,     197,    3101,    3227,       0,   13505,   24759,     772,    6406,    1482,       0,   40188,   40593,   14215,   13810,    3225,     -66,    1490,     -15,     510,       4,       0,    2107,    1504,    -663,      19,       0,       0,    1892,    2320,    1333,     905,  100.0,   29.8,   18.7,    0.4,    5.7,    5.9,    0.0,   24.8,   45.5,    1.4,   11.8,    2.7,    0.0,   73.9,   74.6,   26.1,   25.4,     42,      4,      5,.,      4,.,      0,      8,     16,      9,.,.,      0,     26,     28,    48.2,    39.9,    60.2,    54.1,    48.2,    39.9,    60.1,    53.7,"(CONTRACTS OF CHF 125,000)",092741,CME ,092 ,F10,FutOnly
SWISS FRANC - CHICAGO MERCANTILE EXCHANGE,170523,2017-05-23,092741,CME ,00,092 ,   51178,   16273,    8666,     212,    2591,    3223,       0,   11398,   23255,    1435,    6387,    1482,       0,   38296,   38273,   12882,   12905,    2250,   -3596,    6801,       4,     743,    -152,       0,     821,     264,     237,    -179,       0,       0,   -1970,    7154,    4220,   -4904,  100.0,   31.8,   16.9,    0.4,    5.1,    6.3,    0.0,   22.3,   45.4,    2.8,   12.5,    2.9,    0.0,   74.8,   74.8,   25.2,   25.2,     43,      4,      5,.,      4,.,      0,      7,     18,     10,.,.,      0,     26,     30,    51.7,    37.8,    62.6,    50.4,    51.7,    37.8,    62.5,    50.3,"(CONTRACTS OF CHF 125,000)",092741,CME ,092 ,F10,FutOnly
SWISS FRANC - CHICAGO MERCANTILE EXCHANGE,170516,2017-05-16,092741,CME ,00,092 ,   48928,   19869,    1865,     208,    1848,    3375,       0,   10577,   22991,    1198,    6566,    1482,       0,   40266,   31119,    8662,   17809,     518,    3476,    -913,      66,    -456,     531,       0,   -3908,    1799,      56,     329,       0,       0,    -437,    1539,     955,   -1021,  100.0,   40.6,    3.8,    0.4,    3.8,    6.9,    0.0,   21.6,   47.0,    2.4,   13.4,    3.0,    0.0,   82.3,   63.6,   17.7,   36.4,     41,      5,.,.,.,.,      0,      5,     20,      9,.,.,      0,     22,     29,    60.6,    32.0,    72.6,    42.3,    60.6,    32.0,    72.5,    42.1,"(CONTRACTS OF CHF 125,000)",092741,CME ,092 ,F10,FutOnly
SWISS FRANC - CHICAGO MERCANTILE EXCHANGE,170509,2017-05-09,092741,CME ,00,092 ,   48410,   16393,    2778,     142,    2304,    2844,       0,   14485,   21192,    1142,    6237,    1482,       0,   40703,   29580,    7707,   18830,    5067,    -186,    1479,     142,       0,     282,       0,    6023,    1509,      75,      51,       0,       0,    6105,    3487,   -1038,    1580,  100.0,   33.9,    5.7,    0.3,    4.8,    5.9,    0.0,   29.9,   43.8,    2.4,   12.9,    3.1,    0.0,   84.1,   61.1,   15.9,   38.9,     43,      4,.,.,      4,.,      0,      9,     19,      9,.,.,      0,     27,     26,    55.0,    29.0,    70.2,    39.5,    55.0,    29.0,    70.1,    39.2,"(CONTRACTS OF CHF 125,000)",092741,CME ,092 ,F10,FutOnly
SWISS FRANC - CHICAGO MERCANTILE EXCHANGE,170502,2017-05-02,092741,CME ,00,092 ,   43343,   16579,    1299,       0,    2304,    2562,       0,    8462,   19683,    1067,    6186,    1482,       0,   34598,   26093,    8745,   17250,   -3539,   -3709,     370,       0,       0,     335,       0,     -26,   -4267,     710,      48,       0,       0,   -2977,   -2852,    -562,    -687,  100.0,   38.3,    3.0,    0.0,    5.3,    5.9,    0.0,   19.5,   45.4,    2.5,   14.3,    3.4,    0.0,   79.8,   60.2,   20.2,   39.8,     35,      5,.,      0,      4,.,      0,      4,     16,      6,.,.,      0,     19,     22,    57.9,    31.7,    71.1,    44.4,    57.9,    31.7,    70.9,    44.4,"(CONTRACTS OF CHF 125,000)",092741,CME ,092 ,F10,FutOnly
SWISS FRANC - CHICAGO MERCANTILE EXCHANGE,170425,2017-04-25,092741,CME ,00,092 ,   46882,   20288,     929,       0,    2304,    2227,       0,    8488,   23950,     357,    6138,    1482,       0,   37575,   28945,    9307,   17937,   -1553,   -3727,     479,       0,      65,   -2091,       0,     499,    1423,     167,     372,     190,       0,   -2624,     168,    1071,   -1721,  100.0,   43.3,    2.0,    0.0,    4.9,    4.8,    0.0,   18.1,   51.1,    0.8,   13.1,    3.2,    0.0,   80.1,   61.7,   19.9,   38.3,     37,      5,.,      0,      4,.,      0,      5,     17,      5,.,.,      0,     19,     23,    58.5,    31.8,    72.9,    45.1,    58.5,    31.8,    72.8,    44.7,"(CONTRACTS OF CHF 125,000)",092741,CME ,092 ,F10,FutOnly
SWISS FRANC - CHICAGO MERCANTILE EXCHANGE,170418,2017-04-18,092741,CME ,00,092 ,   48435,   24015,     450,       0,    2239,    4318,       0,    7989,   22527,     190,    5766,    1292,       0,   40199,   28777,    8236,   19658,    1667,    1947,     -10,       0,       0,     715,       0,   -1274,     635,     -75,     135,      76,       0,     733,    1341,     934,     326,  100.0,   49.6,    0.9,    0.0,    4.6,    8.9,    0.0,   16.5,   46.5,    0.4,   11.9,    2.7,    0.0,   83.0,   59.4,   17.0,   40.6,     36,      5,.,      0,      4,.,      0,      5,     16,      5,.,.,      0,     19,     22,    61.2,    26.8,    76.8,    41.6,    61.2,    26.8,    76.7,    41.6,"(CONTRACTS OF CHF 125,000)",092741,CME ,092 ,F10,FutOnly
SWISS FRANC - CHICAGO MERCANTILE EXCHANGE,170411,2017-04-11,092741,CME ,00,092 ,   46768,   22068,     460,       0,    2239,    3603,       0,    9263,   21892,     265,    5631,    1216,       0,   39466,   27436,    7302,   19332,    7758,    6273,    -349,    -103,       0,    1375,       0,    2053,    2948,      75,     -38,      76,       0,    8260,    4022,    -502,    3736,  100.0,   47.2,    1.0,    0.0,    4.8,    7.7,    0.0,   19.8,   46.8,    0.6,   12.0,    2.6,    0.0,   84.4,   58.7,   15.6,   41.3,     42,      5,.,      0,      4,.,      0,      9,     18,      6,.,.,      0,     23,     25,    55.2,    25.4,    72.0,    38.9,    55.2,    25.4,    71.8,    38.9,"(CONTRACTS OF CHF 125,000)",092741,CME ,092 ,F10,FutOnly
SWISS FRANC - CHICAGO MERCANTILE EXCHANGE,170404,2017-04-04,092741,CME ,00,092 ,   39010,   15795,     809,     103,    2239,    2228,       0,    7210,   18944,     190,    5669,    1140,       0,   31206,   23414,    7804,   15596,   -3114,    2078,   -2667,     103,    -532,     410,       0,   -1794,   -2403,    -350,     197,     228,       0,    -298,   -4679,   -2816,    1565,  100.0,   40.5,    2.1,    0.3,    5.7,    5.7,    0.0,   18.5,   48.6,    0.5,   14.5,    2.9,    0.0,   80.0,   60.0,   20.0,   40.0,     38,      4,.,.,      4,.,      0,      7,     16,      5,.,.,      0,     21,     23,    55.6,    28.5,    69.5,    42.0,    55.6,    28.5,    69.3,    42.0,"(CONTRACTS OF CHF 125,000)",092741,CME ,092 ,F10,FutOnly
SWISS FRANC - CHICAGO MERCANTILE EXCHANGE,170328,2017-03-28,092741,CME ,00,092 ,   42124,   13717,    3476,       0,    2771,    1818,       0,    9004,   21347,     540,    5472,     912,       0,   31504,   28093,   10620,   14031,    -489,   -3743,    3476,       0,     793,      31,       0,     143,    -631,    -775,     209,     493,       0,   -3373,    2594,    2884,   -3083,  100.0,   32.6,    8.3,    0.0,    6.6,    4.3,    0.0,   21.4,   50.7,    1.3,   13.0,    2.2,    0.0,   74.8,   66.7,   25.2,   33.3,     41,.,.,      0,      4,.,      0,      9,     18,      6,.,.,      0,     20,     27,    49.8,    29.9,    62.0,    43.8,    49.8,    29.9,    61.8,    43.8,"(CONTRACTS OF CHF 125,000)",092741,CME ,092 ,F10,FutOnly
SWISS FRANC - CHICAGO MERCANTILE EXCHANGE,170321,2017-03-21,092741,CME ,00,092 ,   42613,   17460,       0,       0,    1978,    1787,       0,    8861,   21978,    1315,    5263,     419,       0,   34877,   25499,    7736,   17114,   -3010,    2495,    -413,       0,       0,   -1651,       0,   -6690,     312,     590,    -331,     419,       0,   -3936,    -743,     926,   -2267,  100.0,   41.0,    0.0,    0.0,    4.6,    4.2,    0.0,   20.8,   51.6,    3.1,   12.4,    1.0,    0.0,   81.8,   59.8,   18.2,   40.2,     40,      4,      0,      0,.,.,      0,     11,     18,     11,.,.,      0,     26,     25,    51.5,    30.7,    66.0,    42.5,    51.5,    30.4,    65.8,    42.2,"(CONTRACTS OF CHF 125,000)",092741,CME ,092 ,F10,FutOnly
SWISS FRANC - CHICAGO MERCANTILE EXCHANGE,170314,2017-03-14,092741,CME ,00,092 ,   45623,   14965,     413,       0,    1978,    3438,       0,   15551,   21666,     725,    5594,       0,       0,   38813,   26242,    6810,   19381,  -10885,  -16614,   -8009,    -751,     264,   -1083,       0,    1752,     256,    -606,    5594,       0,       0,  -10361,  -10193,    -524,    -692,  100.0,   32.8,    0.9,    0.0,    4.3,    7.5,    0.0,   34.1,   47.5,    1.6,   12.3,    0.0,    0.0,   85.1,   57.5,   14.9,   42.5,     42,.,.,      0,.,      4,      0,     13,     17,      7,.,      0,      0,     25,     24,    51.8,    26.8,    69.0,    39.1,    51.8,    26.7,    68.8,    39.0,"(CONTRACTS OF CHF 125,000)",092741,CME ,092 ,F10,FutOnly
SWISS FRANC - CHICAGO MERCANTILE EXCHANGE,170307,2017-03-07,092741,CME ,00,092 ,   56508,   31579,    8422,     751,    1714,    4521,       0,   13799,   21410,    1331,       0,       0,       0,   49174,   36435,    7334,   20073,    9907,    3698,   -1600,     711,       0,    1600,       0,    6058,    5709,     507,       0,       0,       0,   10974,    6927,   -1067,    2980,  100.0,   55.9,   14.9,    1.3,    3.0,    8.0,    0.0,   24.4,   37.9,    2.4,    0.0,    0.0,    0.0,   87.0,   64.5,   13.0,   35.5,     49,      6,      4,.,.,      4,      0,     13,     19,     10,      0,      0,      0,     27,     34,    51.8,    26.0,    69.5,    37.2,    51.8,    25.4,    68.7,    36.4,"(CONTRACTS OF CHF 125,000)",092741,CME ,092 ,F10,FutOnly
SWISS FRANC - CHICAGO MERCANTILE EXCHANGE,170228,2017-02-28,092741,CME ,00,092 ,   46601,   27881,   10022,      40,    1714,    2921,       0,    7741,   15701,     824,       0,       0,       0,   38200,   29508,    8401,   17093,   -1797,     436,   -3237,      17,      10,    1417,       0,   -2950,      26,     197,       0,       0,       0,   -2290,   -1580,     493,    -217,  100.0,   59.8,   21.5,    0.1,    3.7,    6.3,    0.0,   16.6,   33.7,    1.8,    0.0,    0.0,    0.0,   82.0,   63.3,   18.0,   36.7,     40,      5,.,.,.,      4,      0,     10,     16,     11,      0,      0,      0,     22,     30,    59.5,    32.7,    72.8,    43.9,    59.5,    32.6,    72.3,    43.8,"(CONTRACTS OF CHF 125,000)",092741,CME ,092 ,F10,FutOnly
SWISS FRANC - CHICAGO MERCANTILE EXCHANGE,170221,2017-02-21,092741,CME ,00,092 ,   48398,   27445,   13259,      23,    1704,    1504,       0,   10691,   15675,     627,       0,       0,       0,   40490,   31088,    7908,   17310,     916,      23,    -220,       2,       9,       0,       0,     446,    -616,      68,       0,       0,       0,     548,    -766,     368,    1682,  100.0,   56.7,   27.4,    0.0,    3.5,    3.1,    0.0,   22.1,   32.4,    1.3,    0.0,    0.0,    0.0,   83.7,   64.2,   16.3,   35.8,     42,      4,      4,.,.,.,      0,     12,     18,     11,      0,      0,      0,     26,     29,    57.3,    32.6,    71.6,    45.6,    57.3,    32.6,    71.5,    45.6,"(CONTRACTS OF CHF 125,000)",092741,CME ,092 ,F10,FutOnly
SWISS FRANC - CHICAGO MERCANTILE EXCHANGE,170214,2017-02-14,092741,CME ,00,092 ,   47482,   27422,   13479,      21,    1695,    1504,       0,   10245,   16291,     559,       0,       0,       0,   39942,   31854,    7540,   15628,   -1401,      16,     106,       0,    -422,    -452,       0,     570,   -2416,      -3,    -480,       0,    -240,    -559,   -3005,    -842,    1604,  100.0,   57.8,   28.4,    0.0,    3.6,    3.2,    0.0,   21.6,   34.3,    1.2,    0.0,    0.0,    0.0,   84.1,   67.1,   15.9,   32.9,     40,      4,      4,.,.,.,      0,     10,     18,      8,      0,      0,      0,     22,     28,    59.6,    34.5,    75.4,    46.9,    59.6,    34.5,    75.3,    46.8,"(CONTRACTS OF CHF 125,000)",092741,CME ,092 ,F10,FutOnly
SWISS FRANC - CHICAGO MERCANTILE EXCHANGE,170207,2017-02-07,092741,CME ,00,092 ,   48883,   27406,   13373,      21,    2117,    1956,       0,    9675,   18707,     562,     480,       0,     240,   40501,   34859,    8382,   14024,    -675,     -56,    3409,      -6,      22,     -63,       0,     481,   -2216,    -136,    -240,       0,     240,     305,    1228,    -980,   -1903,  100.0,   56.1,   27.4,    0.0,    4.3,    4.0,    0.0,   19.8,   38.3,    1.1,    1.0,    0.0,    0.5,   82.9,   71.3,   17.1,   28.7,     46,      4,      4,.,.,.,      0,     10,     21,      8,.,      0,.,     24,     33,    57.0,    33.7,    72.2,    45.3,    57.0,    33.6,    72.0,    45.2,"(CONTRACTS OF CHF 125,000)",092741,CME ,092 ,F10,FutOnly
SWISS FRANC - CHICAGO MERCANTILE EXCHANGE,170131,2017-01-31,092741,CME ,00,092 ,   49558,   27462,    9964,      27,    2095,    2019,       0,    9194,   20923,     698,     720,       0,       0,   40196,   33631,    9362,   15927,    4065,    -132,    7494,      10,       7,      -9,       0,     252,    -927,     193,     720,       0,       0,    1050,    6761,    3015,   -2696,  100.0,   55.4,   20.1,    0.1,    4.2,    4.1,    0.0,   18.6,   42.2,    1.4,    1.5,    0.0,    0.0,   81.1,   67.9,   18.9,   32.1,     44,      4,      4,.,.,.,      0,     11,     18,      9,.,      0,      0,     25,     30,    55.6,    29.6,    68.5,    45.3,    55.6,    29.6,    68.4,    45.2,"(CONTRACTS OF CHF 125,000)",092741,CME ,092 ,F10,FutOnly
SWISS FRANC - CHICAGO MERCANTILE EXCHANGE,170124,2017-01-24,092741,CME ,00,092 ,   45493,   27594,    2470,      17,    2088,    2028,       0,    8942,   21850,     505,       0,       0,       0,   39146,   26870,    6347,   18623,    -220,   -1826,     928,       0,       0,      99,       0,    1286,   -1313,      37,       0,       0,       0,    -503,    -249,     283,      29,  100.0,   60.7,    5.4,    0.0,    4.6,    4.5,    0.0,   19.7,   48.0,    1.1,    0.0,    0.0,    0.0,   86.0,   59.1,   14.0,   40.9,     44,      4,.,.,.,.,      0,     11,     21,     10,      0,      0,      0,     25,     30,    60.7,    23.4,    73.4,    35.1,    60.7,    23.4,    73.2,    34.9,"(CONTRACTS OF CHF 125,000)",092741,CME ,092 ,F10,FutOnly
SWISS FRANC - CHICAGO MERCANTILE EXCHANGE,170117,2017-01-17,092741,CME ,00,092 ,   45713,   29420,    1542,      17,    2088,    1929,       0,    7656,   23163,     468,       0,       0,       0,   39649,   27119,    6064,   18594,   -4540,   -4787,     996,      17,       0,    -660,       0,     185,   -2606,     -43,       0,       0,       0,   -4628,   -2296,      88,   -2244,  100.0,   64.4,    3.4,    0.0,    4.6,    4.2,    0.0,   16.7,   50.7,    1.0,    0.0,    0.0,    0.0,   86.7,   59.3,   13.3,   40.7,     44,      5,.,.,.,      4,      0,     10,     19,      8,      0,      0,      0,     23,     30,    60.6,    25.7,    73.8,    36.1,    60.6,    25.5,    73.7,    36.0,"(CONTRACTS OF CHF 125,000)",092741,CME ,092 ,F10,FutOnly
SWISS FRANC - CHICAGO MERCANTILE EXCHANGE,170110,2017-01-10,092741,CME ,00,092 ,   50253,   34207,     546,       0,    2088,    2589,       0,    7471,   25769,     511,       0,       0,       0,   44277,   29415,    5976,   20838,   -3202,   -1591,    -512,       0,     310,   -1454,       0,   -1369,     550,     153,       0,       0,       0,   -2497,   -1263,    -705,   -1939,  100.0,   68.1,    1.1,    0.0,    4.2,    5.2,    0.0,   14.9,   51.3,    1.0,    0.0,    0.0,    0.0,   88.1,   58.5,   11.9,   41.5,     44,      6,.,      0,.,.,      0,      9,     22,      9,      0,      0,      0,     23,     30,    59.9,    24.2,    74.3,    37.0,    59.9,    24.2,    74.1,    36.9,"(CONTRACTS OF CHF 125,000)",092741,CME ,092 ,F10,FutOnly
SWISS FRANC - CHICAGO MERCANTILE EXCHANGE,170103,2017-01-03,092741,CME ,00,092 ,   53455,   35798,    1058,       0,    1778,    4043,       0,    8840,   25219,     358,       0,       0,       0,   46774,   30678,    6681,   22777,   -1150,    -138,     -47,       0,      43,    -434,       0,   -2156,    1308,      64,       0,       0,       0,   -2187,     891,    1037,   -2041,  100.0,   67.0,    2.0,    0.0,    3.3,    7.6,    0.0,   16.5,   47.2,    0.7,    0.0,    0.0,    0.0,   87.5,   57.4,   12.5,   42.6,     44,      7,.,      0,.,.,      0,      9,     21,      7,      0,      0,      0,     21,     30,    57.2,    27.0,    71.9,    38.9,    57.2,    27.0,    71.7,    38.9,"(CONTRACTS OF CHF 125,000)",092741,CME ,092 ,F10,FutOnly
BRITISH POUND STERLING - CHICAGO MERCANTILE EXCHANGE,171226,2017-12-26,096742,CME ,00,096 ,  190393,   46479,   35639,    1321,   31309,   70005,    5294,   64870,   39998,    6512,    1725,    7932,      18,  157528,  166719,   32865,   23674,    6610,     175,    1491,     998,    1294,   -1167,     -80,    3928,    7670,   -1447,    -150,       0,       0,    4718,    7465,    1892,    -855,  100.0,   24.4,   18.7,    0.7,   16.4,   36.8,    2.8,   34.1,   21.0,    3.4,    0.9,    4.2,    0.0,   82.7,   87.6,   17.3,   12.4,    119,      6,     11,      4,     19,     20,      7,     34,     24,     14,      4,.,.,     77,     68,    33.0,    40.1,    41.3,    54.0,    32.5,    39.6,    40.8,    52.7,"(CONTRACTS OF GBP 62,500)",096742,CME ,096 ,F10,FutOnly
BRITISH POUND STERLING - CHICAGO MERCANTILE EXCHANGE,171219,2017-12-19,096742,CME ,00,096 ,  183783,   46304,   34148,     323,   30015,   71172,    5374,   60942,   32328,    7959,    1875,    7932,      18,  152810,  159254,   30973,   24529,  -24319,    4867,    7464,  -17103,    2653,    1596,    -155,   -6178,   -7704,   -2936,    -319,    -443,    -500,  -19671,  -19781,   -4648,   -4538,  100.0,   25.2,   18.6,    0.2,   16.3,   38.7,    2.9,   33.2,   17.6,    4.3,    1.0,    4.3,    0.0,   83.1,   86.7,   16.9,   13.3,    120,      8,      8,      4,     19,     20,      7,     34,     26,     16,      4,.,.,     80,     68,    34.2,    41.3,    42.7,    53.3,    33.7,    41.0,    42.2,    51.9,"(CONTRACTS OF GBP 62,500)",096742,CME ,096 ,F10,FutOnly
BRITISH POUND STERLING - CHICAGO MERCANTILE EXCHANGE,171212,2017-12-12,096742,CME ,00,096 ,  208102,   41437,   26684,   17426,   27362,   69576,    5529,   67120,   40032,   10895,    2194,    8375,     518,  172481,  179035,   35621,   29067,    5409,    4076,    4841,   13556,    1776,   -1955,     860,  -11113,  -12535,   -3149,     189,     443,    -347,    5848,    1714,    -439,    3695,  100.0,   19.9,   12.8,    8.4,   13.1,   33.4,    2.7,   32.3,   19.2,    5.2,    1.1,    4.0,    0.2,   82.9,   86.0,   17.1,   14.0,    125,      9,      8,     10,     16,     21,      7,     34,     30,     23,      4,.,.,     88,     79,    30.5,    27.2,    39.1,    42.2,    23.6,    26.4,    31.9,    40.4,"(CONTRACTS OF GBP 62,500)",096742,CME ,096 ,F10,FutOnly
BRITISH POUND STERLING - CHICAGO MERCANTILE EXCHANGE,171205,2017-12-05,096742,CME ,00,096 ,  202693,   37361,   21843,    3870,   25586,   71531,    4669,   78233,   52567,   14044,    2005,    7932,     865,  166633,  177321,   36060,   25372,   24463,   -5882,    4343,   -2098,    5731,    1138,     597,   18483,   16589,    2383,     702,   -1046,     238,   20154,   22144,    4309,    2319,  100.0,   18.4,   10.8,    1.9,   12.6,   35.3,    2.3,   38.6,   25.9,    6.9,    1.0,    3.9,    0.4,   82.2,   87.5,   17.8,   12.5,    128,      7,     10,      6,     15,     23,      7,     36,     29,     24,      5,.,.,     88,     80,    25.3,    29.9,    33.4,    41.7,    23.4,    29.7,    31.5,    40.3,"(CONTRACTS OF GBP 62,500)",096742,CME ,096 ,F10,FutOnly
BRITISH POUND STERLING - CHICAGO MERCANTILE EXCHANGE,171128,2017-11-28,096742,CME ,00,096 ,  178230,   43243,   17500,    5968,   19855,   70393,    4072,   59750,   35978,   11661,    1303,    8978,     627,  146479,  155177,   31751,   23053,    2391,   -8370,      39,     476,    1978,   -2844,     458,    7458,    3978,    1277,    -514,     634,    -231,    2532,    3787,    -141,   -1396,  100.0,   24.3,    9.8,    3.3,   11.1,   39.5,    2.3,   33.5,   20.2,    6.5,    0.7,    5.0,    0.4,   82.2,   87.1,   17.8,   12.9,    125,      7,     10,      6,     12,     21,      7,     38,     30,     20,.,.,.,     81,     79,    32.1,    31.1,    41.7,    42.1,    29.7,    30.7,    38.8,    39.9,"(CONTRACTS OF GBP 62,500)",096742,CME ,096 ,F10,FutOnly
BRITISH POUND STERLING - CHICAGO MERCANTILE EXCHANGE,171121,2017-11-21,096742,CME ,00,096 ,  175839,   51613,   17461,    5492,   17877,   73237,    3614,   52292,   32000,   10384,    1817,    8344,     858,  143947,  151390,   31892,   24449,    -888,   10951,    2236,    3707,    2157,    -170,     193,    2483,   -1024,    -954,  -16435,     -60,   -3729,   -1627,     199,     739,   -1087,  100.0,   29.4,    9.9,    3.1,   10.2,   41.6,    2.1,   29.7,   18.2,    5.9,    1.0,    4.7,    0.5,   81.9,   86.1,   18.1,   13.9,    114,      6,     10,      7,     13,     21,      9,     29,     27,     21,      4,.,.,     77,     76,    37.1,    32.0,    46.9,    43.1,    34.8,    31.8,    44.1,    41.8,"(CONTRACTS OF GBP 62,500)",096742,CME ,096 ,F10,FutOnly
BRITISH POUND STERLING - CHICAGO MERCANTILE EXCHANGE,171114,2017-11-14,096742,CME ,00,096 ,  176727,   40662,   15225,    1785,   15720,   73407,    3421,   49809,   33024,   11338,   18252,    8404,    4587,  145574,  151191,   31153,   25536,   -1241,   -4622,    3163,    -608,   -1237,    -773,     139,    3710,   -2079,    1039,     -70,    -618,     410,   -1239,     673,      -2,   -1914,  100.0,   23.0,    8.6,    1.0,    8.9,   41.5,    1.9,   28.2,   18.7,    6.4,   10.3,    4.8,    2.6,   82.4,   85.6,   17.6,   14.4,    113,      5,     10,      6,     11,     21,      8,     32,     27,     22,.,.,.,     74,     78,    41.1,    32.0,    50.4,    43.0,    38.6,    31.8,    47.5,    41.8,"(CONTRACTS OF GBP 62,500)",096742,CME ,096 ,F10,FutOnly
BRITISH POUND STERLING - CHICAGO MERCANTILE EXCHANGE,171107,2017-11-07,096742,CME ,00,096 ,  177968,   45284,   12062,    2393,   16957,   74180,    3282,   46099,   35103,   10299,   18322,    9022,    4177,  146813,  150518,   31155,   27450,   -7155,    2309,   -1667,    1505,   -1431,   -3032,     221,  -12427,   -3995,    -255,    3013,    -668,     -89,   -7154,   -7980,      -1,     825,  100.0,   25.4,    6.8,    1.3,    9.5,   41.7,    1.8,   25.9,   19.7,    5.8,   10.3,    5.1,    2.3,   82.5,   84.6,   17.5,   15.4,    121,      7,     10,      7,     11,     23,      9,     32,     29,     24,      4,      4,.,     80,     83,    42.8,    31.8,    52.4,    42.2,    40.2,    31.6,    49.4,    40.9,"(CONTRACTS OF GBP 62,500)",096742,CME ,096 ,F10,FutOnly
BRITISH POUND STERLING - CHICAGO MERCANTILE EXCHANGE,171031,2017-10-31,096742,CME ,00,096 ,  185123,   42975,   13729,     888,   18388,   77212,    3061,   58526,   39098,   10554,   15309,    9690,    4266,  153967,  158498,   31156,   26625,   -2941,   -3021,   -1587,     -15,   -1334,    -657,    -250,   -1709,    -598,     493,    2366,    -792,     674,   -2796,   -2732,    -145,    -209,  100.0,   23.2,    7.4,    0.5,    9.9,   41.7,    1.7,   31.6,   21.1,    5.7,    8.3,    5.2,    2.3,   83.2,   85.6,   16.8,   14.4,    118,      8,      7,      5,     13,     22,      9,     35,     25,     25,.,      4,.,     79,     80,    36.9,    31.0,    46.9,    41.7,    34.7,    30.8,    44.1,    41.1,"(CONTRACTS OF GBP 62,500)",096742,CME ,096 ,F10,FutOnly
BRITISH POUND STERLING - CHICAGO MERCANTILE EXCHANGE,171024,2017-10-24,096742,CME ,00,096 ,  188064,   45996,   15316,     903,   19722,   77869,    3311,   60235,   39696,   10061,   12943,   10482,    3592,  156763,  161230,   31301,   26834,    1591,    3430,     339,     375,      19,    -642,     222,     799,    1416,    1849,   -5539,   -1505,    1138,    2293,    3192,    -702,   -1601,  100.0,   24.5,    8.1,    0.5,   10.5,   41.4,    1.8,   32.0,   21.1,    5.3,    6.9,    5.6,    1.9,   83.4,   85.7,   16.6,   14.3,    120,      8,      8,      5,     12,     22,      9,     35,     28,     23,.,      6,.,     78,     81,    36.7,    30.3,    46.5,    42.7,    34.5,    30.1,    43.8,    41.5,"(CONTRACTS OF GBP 62,500)",096742,CME ,096 ,F10,FutOnly
BRITISH POUND STERLING - CHICAGO MERCANTILE EXCHANGE,171017,2017-10-17,096742,CME ,00,096 ,  186473,   42566,   14977,     528,   19703,   78511,    3089,   59436,   38280,    8212,   18482,   11987,    2454,  154470,  158038,   32003,   28435,    4903,    8664,   -1355,     201,    -130,     284,      30,   -4371,    3310,   -1070,    1882,    2947,     381,    5587,    4728,    -684,     175,  100.0,   22.8,    8.0,    0.3,   10.6,   42.1,    1.7,   31.9,   20.5,    4.4,    9.9,    6.4,    1.3,   82.8,   84.8,   17.2,   15.2,    120,      8,      8,      4,     13,     23,      9,     33,     26,     20,.,      7,.,     75,     79,    33.5,    30.2,    44.5,    41.8,    32.1,    29.3,    42.8,    40.5,"(CONTRACTS OF GBP 62,500)",096742,CME ,096 ,F10,FutOnly
BRITISH POUND STERLING - CHICAGO MERCANTILE EXCHANGE,171010,2017-10-10,096742,CME ,00,096 ,  181570,   33902,   16332,     327,   19833,   78227,    3059,   63807,   34970,    9282,   16600,    9040,    2073,  148883,  153310,   32687,   28260,    6703,   13384,    -612,       8,   -1264,    7183,   -1298,   -1660,    -682,   -1143,    1316,   -1098,    1779,   11122,    4137,   -4419,    2566,  100.0,   18.7,    9.0,    0.2,   10.9,   43.1,    1.7,   35.1,   19.3,    5.1,    9.1,    5.0,    1.1,   82.0,   84.4,   18.0,   15.6,    114,      7,      9,      5,     13,     22,      9,     32,     24,     21,.,      4,.,     76,     75,    28.4,    30.5,    39.9,    42.6,    27.2,    29.7,    38.3,    41.3,"(CONTRACTS OF GBP 62,500)",096742,CME ,096 ,F10,FutOnly
BRITISH POUND STERLING - CHICAGO MERCANTILE EXCHANGE,171003,2017-10-03,096742,CME ,00,096 ,  174867,   20518,   16944,     319,   21097,   71044,    4357,   65467,   35652,   10425,   15284,   10138,     294,  137761,  149173,   37106,   25694,  -20642,  -12881,     207,     -78,     868,     153,   -1557,   -2465,  -14960,   -4364,   -1776,       3,    -184,  -22437,  -20780,    1795,     138,  100.0,   11.7,    9.7,    0.2,   12.1,   40.6,    2.5,   37.4,   20.4,    6.0,    8.7,    5.8,    0.2,   78.8,   85.3,   21.2,   14.7,    121,      5,      9,      4,     14,     20,      8,     40,     27,     20,.,      4,.,     83,     71,    26.2,    32.2,    37.1,    43.5,    25.9,    32.0,    36.5,    41.8,"(CONTRACTS OF GBP 62,500)",096742,CME ,096 ,F10,FutOnly
BRITISH POUND STERLING - CHICAGO MERCANTILE EXCHANGE,170926,2017-09-26,096742,CME ,00,096 ,  195509,   33399,   16737,     397,   20229,   70891,    5914,   67932,   50612,   14789,   17060,   10135,     478,  160198,  169953,   35311,   25556,   -7073,  -13364,    3882,     -34,     557,    3635,     138,    4548,  -13938,    1073,   -3217,     384,     478,   -9821,   -4382,    2748,   -2691,  100.0,   17.1,    8.6,    0.2,   10.3,   36.3,    3.0,   34.7,   25.9,    7.6,    8.7,    5.2,    0.2,   81.9,   86.9,   18.1,   13.1,    128,      5,     10,      5,     15,     19,      8,     40,     30,     20,.,      5,.,     86,     77,    27.3,    30.4,    39.7,    43.1,    27.1,    30.2,    39.2,    41.8,"(CONTRACTS OF GBP 62,500)",096742,CME ,096 ,F10,FutOnly
BRITISH POUND STERLING - CHICAGO MERCANTILE EXCHANGE,170919,2017-09-19,096742,CME ,00,096 ,  202582,   46763,   12855,     431,   19672,   67256,    5776,   63384,   64550,   13716,   20277,    9751,       0,  170019,  174335,   32563,   28247,  -71138,  -35234,    -608,  -25444,   -2097,   -2822,    1683,    9344,  -23795,  -12563,   -3225,   -1287,   -3255,  -70791,  -68091,    -347,   -3047,  100.0,   23.1,    6.3,    0.2,    9.7,   33.2,    2.9,   31.3,   31.9,    6.8,   10.0,    4.8,    0.0,   83.9,   86.1,   16.1,   13.9,    125,      7,      8,      4,     15,     20,     10,     38,     30,     19,      4,.,      0,     86,     72,    32.7,    31.0,    44.6,    44.5,    32.7,    30.0,    44.2,    43.2,"(CONTRACTS OF GBP 62,500)",096742,CME ,096 ,F10,FutOnly
BRITISH POUND STERLING - CHICAGO MERCANTILE EXCHANGE,170912,2017-09-12,096742,CME ,00,096 ,  273720,   81997,   13463,   25875,   21769,   70078,    4093,   54040,   88345,   26279,   23502,   11038,    3255,  240810,  242426,   32910,   31294,   54672,   -1587,    7527,   21861,    1918,   -1997,     562,   12689,    6625,   16481,   -1158,     641,    -542,   50224,   51158,    4448,    3514,  100.0,   30.0,    4.9,    9.5,    8.0,   25.6,    1.5,   19.7,   32.3,    9.6,    8.6,    4.0,    1.2,   88.0,   88.6,   12.0,   11.4,    127,      7,      8,      8,     15,     19,      9,     33,     33,     27,.,      6,.,     84,     89,    41.9,    33.9,    52.7,    50.7,    37.0,    29.1,    44.5,    40.8,"(CONTRACTS OF GBP 62,500)",096742,CME ,096 ,F10,FutOnly
BRITISH POUND STERLING - CHICAGO MERCANTILE EXCHANGE,170905,2017-09-05,096742,CME ,00,096 ,  219048,   83584,    5936,    4014,   19851,   72075,    3531,   41351,   81720,    9798,   24660,   10397,    3797,  190586,  191268,   28462,   27780,   -4983,   -4990,    -944,     902,    2021,   -2928,     614,   -8081,   -2915,    2149,     809,    -186,    -163,   -6739,   -3471,    1756,   -1512,  100.0,   38.2,    2.7,    1.8,    9.1,   32.9,    1.6,   18.9,   37.3,    4.5,   11.3,    4.7,    1.7,   87.0,   87.3,   13.0,   12.7,    118,      9,      6,      6,     15,     20,      9,     29,     30,     19,      4,      5,.,     74,     80,    48.2,    40.0,    57.2,    51.0,    46.3,    39.1,    55.0,    49.6,"(CONTRACTS OF GBP 62,500)",096742,CME ,096 ,F10,FutOnly
BRITISH POUND STERLING - CHICAGO MERCANTILE EXCHANGE,170829,2017-08-29,096742,CME ,00,096 ,  224031,   88574,    6880,    3112,   17830,   75003,    2917,   49432,   84635,    7649,   23851,   10583,    3960,  197325,  194739,   26706,   29292,    7537,    9947,     500,     406,    -295,     107,     308,     390,    5099,     532,   -1413,    -570,     -27,    9848,    6355,   -2311,    1182,  100.0,   39.5,    3.1,    1.4,    8.0,   33.5,    1.3,   22.1,   37.8,    3.4,   10.6,    4.7,    1.8,   88.1,   86.9,   11.9,   13.1,    121,      9,      6,      7,     13,     21,     10,     31,     33,     18,.,      5,.,     74,     84,    46.8,    39.0,    57.7,    50.7,    44.9,    38.2,    55.6,    49.7,"(CONTRACTS OF GBP 62,500)",096742,CME ,096 ,F10,FutOnly
BRITISH POUND STERLING - CHICAGO MERCANTILE EXCHANGE,170822,2017-08-22,096742,CME ,00,096 ,  216494,   78627,    6380,    2706,   18125,   74896,    2609,   49042,   79536,    7117,   25264,   11153,    3987,  187477,  188384,   29017,   28110,    3235,    6326,   -9727,    1080,   -1709,    3115,      43,   -3083,    9834,     321,    -514,     120,    1364,    3828,    6150,    -593,   -2915,  100.0,   36.3,    2.9,    1.2,    8.4,   34.6,    1.2,   22.7,   36.7,    3.3,   11.7,    5.2,    1.8,   86.6,   87.0,   13.4,   13.0,    117,      8,      6,      7,     13,     21,     10,     30,     31,     17,.,      5,.,     69,     85,    47.3,    39.1,    56.8,    51.3,    45.4,    38.2,    54.5,    49.9,"(CONTRACTS OF GBP 62,500)",096742,CME ,096 ,F10,FutOnly
BRITISH POUND STERLING - CHICAGO MERCANTILE EXCHANGE,170815,2017-08-15,096742,CME ,00,096 ,  213259,   72301,   16107,    1626,   19834,   71781,    2566,   52125,   69702,    6796,   25778,   11033,    2623,  183649,  182234,   29610,   31025,    5168,    3924,  -12609,     194,    1939,    4354,    -385,    4180,    9748,   -1051,   -1940,     773,     681,    7542,    1705,   -2374,    3463,  100.0,   33.9,    7.6,    0.8,    9.3,   33.7,    1.2,   24.4,   32.7,    3.2,   12.1,    5.2,    1.2,   86.1,   85.5,   13.9,   14.5,    112,      7,      8,      7,     13,     21,     10,     31,     24,     18,.,      5,.,     70,     80,    46.2,    38.2,    55.2,    52.0,    45.0,    37.3,    53.6,    50.7,"(CONTRACTS OF GBP 62,500)",096742,CME ,096 ,F10,FutOnly
BRITISH POUND STERLING - CHICAGO MERCANTILE EXCHANGE,170808,2017-08-08,096742,CME ,00,096 ,  208091,   68377,   28716,    1432,   17895,   67427,    2951,   47945,   59954,    7847,   27718,   10260,    1942,  176107,  180529,   31984,   27562,   -9339,     181,       6,     648,   -3430,    1121,   -3094,      50,   -4675,   -3817,    1592,      18,       0,   -7870,   -9793,   -1469,     454,  100.0,   32.9,   13.8,    0.7,    8.6,   32.4,    1.4,   23.0,   28.8,    3.8,   13.3,    4.9,    0.9,   84.6,   86.8,   15.4,   13.2,    116,      8,     10,      6,     12,     20,      9,     34,     22,     18,      5,      5,.,     71,     80,    47.4,    41.1,    54.5,    55.0,    46.5,    40.2,    53.2,    53.3,"(CONTRACTS OF GBP 62,500)",096742,CME ,096 ,F10,FutOnly
BRITISH POUND STERLING - CHICAGO MERCANTILE EXCHANGE,170801,2017-08-01,096742,CME ,00,096 ,  217430,   68196,   28710,     784,   21325,   66306,    6045,   47895,   64629,   11664,   26126,   10242,    1942,  183977,  190322,   33453,   27108,   16730,    -344,    1202,    -169,     615,   -1859,    1885,    8649,   11201,    3590,     344,      26,       0,   14570,   15876,    2160,     854,  100.0,   31.4,   13.2,    0.4,    9.8,   30.5,    2.8,   22.0,   29.7,    5.4,   12.0,    4.7,    0.9,   84.6,   87.5,   15.4,   12.5,    122,      7,      9,      4,     14,     21,      8,     35,     27,     22,      5,      4,.,     78,     80,    44.3,    39.6,    51.0,    52.9,    43.3,    38.8,    49.4,    49.8,"(CONTRACTS OF GBP 62,500)",096742,CME ,096 ,F10,FutOnly
BRITISH POUND STERLING - CHICAGO MERCANTILE EXCHANGE,170725,2017-07-25,096742,CME ,00,096 ,  200700,   68540,   27508,     953,   20710,   68165,    4160,   39246,   53428,    8074,   25782,   10216,    1942,  169407,  174446,   31293,   26254,     515,      13,   -7068,      86,     723,    -493,     -98,     582,   11373,     175,    -425,    -550,       0,    1056,    3425,    -541,   -2910,  100.0,   34.2,   13.7,    0.5,   10.3,   34.0,    2.1,   19.6,   26.6,    4.0,   12.8,    5.1,    1.0,   84.4,   86.9,   15.6,   13.1,    120,      7,      9,      5,     14,     20,      9,     32,     27,     21,      7,      4,.,     77,     80,    47.2,    41.6,    53.9,    53.9,    46.2,    40.7,    52.6,    51.1,"(CONTRACTS OF GBP 62,500)",096742,CME ,096 ,F10,FutOnly
BRITISH POUND STERLING - CHICAGO MERCANTILE EXCHANGE,170718,2017-07-18,096742,CME ,00,096 ,  200185,   68527,   34576,     867,   19987,   68658,    4258,   38664,   42055,    7899,   26207,   10766,    1942,  168351,  171021,   31834,   29164,    6537,   -1785,    7737,     367,    2091,   -1061,    1070,    2377,   -2975,     266,    -558,     -50,       0,    3828,    5354,    2709,    1183,  100.0,   34.2,   17.3,    0.4,   10.0,   34.3,    2.1,   19.3,   21.0,    3.9,   13.1,    5.4,    1.0,   84.1,   85.4,   15.9,   14.6,    115,      7,      9,      4,     14,     20,      8,     28,     25,     18,      7,      5,.,     72,     75,    46.8,    40.5,    53.7,    53.1,    45.9,    39.6,    52.5,    50.4,"(CONTRACTS OF GBP 62,500)",096742,CME ,096 ,F10,FutOnly
BRITISH POUND STERLING - CHICAGO MERCANTILE EXCHANGE,170711,2017-07-11,096742,CME ,00,096 ,  193648,   70312,   26839,     500,   17896,   69719,    3188,   36287,   45030,    7633,   26765,   10816,    1942,  164523,  165667,   29125,   27981,   -7731,    2063,    2895,     -27,   -3987,     890,    -951,   -2809,  -11362,      34,    -725,     247,     -19,   -6421,   -8293,   -1310,     562,  100.0,   36.3,   13.9,    0.3,    9.2,   36.0,    1.6,   18.7,   23.3,    3.9,   13.8,    5.6,    1.0,   85.0,   85.6,   15.0,   14.4,    113,      7,      9,.,     13,     20,      9,     23,     30,     20,      5,      6,.,     66,     81,    49.4,    39.3,    57.0,    52.1,    48.4,    38.4,    55.8,    49.7,"(CONTRACTS OF GBP 62,500)",096742,CME ,096 ,F10,FutOnly
BRITISH POUND STERLING - CHICAGO MERCANTILE EXCHANGE,170703,2017-07-03,096742,CME ,00,096 ,  201379,   68249,   23944,     527,   21883,   68829,    4139,   39096,   56392,    7599,   27490,   10569,    1961,  170944,  173960,   30435,   27419,   13580,   -5234,   16752,      40,    3415,   -3947,    2065,    -492,    -866,    1336,    7268,      95,     -95,    8303,   15380,    5277,   -1800,  100.0,   33.9,   11.9,    0.3,   10.9,   34.2,    2.1,   19.4,   28.0,    3.8,   13.7,    5.2,    1.0,   84.9,   86.4,   15.1,   13.6,    112,      7,      9,.,     15,     19,      6,     24,     28,     17,      5,      5,.,     66,     75,    47.6,    37.2,    55.6,    49.6,    46.6,    36.3,    54.4,    47.0,"(CONTRACTS OF GBP 62,500)",096742,CME ,096 ,F10,FutOnly
BRITISH POUND STERLING - CHICAGO MERCANTILE EXCHANGE,170627,2017-06-27,096742,CME ,00,096 ,  187799,   73483,    7192,     487,   18468,   72776,    2074,   39588,   57258,    6263,   20222,   10474,    2056,  162641,  158580,   25158,   29219,   -6901,    2507,    -277,      19,   -1423,   -2418,       7,   -6560,   -3472,   -1533,   -1468,    -166,    1140,   -7311,   -6700,     410,    -201,  100.0,   39.1,    3.8,    0.3,    9.8,   38.8,    1.1,   21.1,   30.5,    3.3,   10.8,    5.6,    1.1,   86.6,   84.4,   13.4,   15.6,    112,     10,      6,.,     13,     22,      7,     29,     23,     16,      5,      4,.,     68,     73,    50.6,    40.5,    58.2,    51.8,    49.6,    39.5,    56.9,    49.9,"(CONTRACTS OF GBP 62,500)",096742,CME ,096 ,F10,FutOnly
BRITISH POUND STERLING - CHICAGO MERCANTILE EXCHANGE,170620,2017-06-20,096742,CME ,00,096 ,  194700,   70976,    7469,     468,   19891,   75194,    2067,   46148,   60730,    7796,   21690,   10640,     916,  169952,  165280,   24748,   29420,  -74893,  -58994,  -51182,   -7141,    -685,    2183,   -4167,   11454,    6204,  -17482,    5748,      97,   -1668,  -72935,  -73156,   -1958,   -1737,  100.0,   36.5,    3.8,    0.2,   10.2,   38.6,    1.1,   23.7,   31.2,    4.0,   11.1,    5.5,    0.5,   87.3,   84.9,   12.7,   15.1,    117,      9,      7,.,     13,     23,      6,     29,     25,     18,      5,      6,.,     65,     81,    48.9,    37.9,    57.1,    49.2,    47.9,    36.9,    55.9,    47.3,"(CONTRACTS OF GBP 62,500)",096742,CME ,096 ,F10,FutOnly
BRITISH POUND STERLING - CHICAGO MERCANTILE EXCHANGE,170613,2017-06-13,096742,CME ,00,096 ,  269593,  129970,   58651,    7609,   20576,   73011,    6234,   34694,   54526,   25278,   15942,   10543,    2584,  242887,  238436,   26706,   31157,   21420,     829,  -11458,    5023,    -397,     876,    4015,   -5628,    4810,   17303,     167,   -1676,    1637,   22949,   20530,   -1529,     890,  100.0,   48.2,   21.8,    2.8,    7.6,   27.1,    2.3,   12.9,   20.2,    9.4,    5.9,    3.9,    1.0,   90.1,   88.4,    9.9,   11.6,    124,      8,      9,      7,     14,     23,      9,     21,     36,     24,      5,      6,.,     75,     92,    57.0,    40.2,    63.5,    54.1,    54.0,    37.3,    58.8,    48.3,"(CONTRACTS OF GBP 62,500)",096742,CME ,096 ,F10,FutOnly
BRITISH POUND STERLING - CHICAGO MERCANTILE EXCHANGE,170606,2017-06-06,096742,CME ,00,096 ,  248173,  129141,   70109,    2586,   20973,   72135,    2219,   40322,   49716,    7975,   15775,   12219,     947,  219938,  217906,   28235,   30267,   -5866,    -659,   -8095,     303,   -2209,     552,     281,   -4764,     711,     379,   -1036,     -54,     164,   -7541,   -5759,    1675,    -107,  100.0,   52.0,   28.3,    1.0,    8.5,   29.1,    0.9,   16.2,   20.0,    3.2,    6.4,    4.9,    0.4,   88.6,   87.8,   11.4,   12.2,    124,      7,      9,      8,     14,     22,      8,     29,     32,     22,.,      8,      4,     80,     86,    58.7,    39.0,    65.4,    54.0,    58.4,    38.1,    64.9,    52.5,"(CONTRACTS OF GBP 62,500)",096742,CME ,096 ,F10,FutOnly
BRITISH POUND STERLING - CHICAGO MERCANTILE EXCHANGE,170530,2017-05-30,096742,CME ,00,096 ,  254039,  129800,   78204,    2283,   23182,   71583,    1938,   45086,   49005,    7596,   16811,   12273,     783,  227479,  223665,   26560,   30374,   -2218,    3821,   -6207,     905,    2150,    1879,   -1070,   -4396,    1218,    -785,      50,    -467,      20,     695,   -4507,   -2913,    2289,  100.0,   51.1,   30.8,    0.9,    9.1,   28.2,    0.8,   17.7,   19.3,    3.0,    6.6,    4.8,    0.3,   89.5,   88.0,   10.5,   12.0,    124,      8,      8,      8,     14,     21,      7,     26,     35,     24,      4,      8,.,     75,     91,    58.2,    39.1,    65.0,    54.7,    57.9,    38.8,    64.5,    53.7,"(CONTRACTS OF GBP 62,500)",096742,CME ,096 ,F10,FutOnly
BRITISH POUND STERLING - CHICAGO MERCANTILE EXCHANGE,170523,2017-05-23,096742,CME ,00,096 ,  256257,  125979,   84411,    1378,   21032,   69704,    3008,   49482,   47787,    8381,   16761,   12740,     763,  226784,  228172,   29473,   28085,     222,     513,    6474,      66,     710,   -2674,     894,    1203,   -4589,     700,   -3005,     608,      84,    1165,    1563,    -943,   -1341,  100.0,   49.2,   32.9,    0.5,    8.2,   27.2,    1.2,   19.3,   18.6,    3.3,    6.5,    5.0,    0.3,   88.5,   89.0,   11.5,   11.0,    127,      8,      9,      8,     14,     22,      9,     26,     35,     21,      5,      8,.,     76,     92,    57.1,    40.6,    62.6,    53.9,    56.8,    40.5,    62.1,    53.0,"(CONTRACTS OF GBP 62,500)",096742,CME ,096 ,F10,FutOnly
BRITISH POUND STERLING - CHICAGO MERCANTILE EXCHANGE,170516,2017-05-16,096742,CME ,00,096 ,  256035,  125466,   77937,    1312,   20322,   72378,    2114,   48279,   52376,    7681,   19766,   12132,     679,  225619,  226609,   30416,   29426,   -1190,    -747,    8303,     -96,    2170,   -3574,     -98,    1119,   -5486,     -51,   -2661,   -1280,     320,     -44,   -1962,   -1146,     772,  100.0,   49.0,   30.4,    0.5,    7.9,   28.3,    0.8,   18.9,   20.5,    3.0,    7.7,    4.7,    0.3,   88.1,   88.5,   11.9,   11.5,    125,      8,      9,      8,     14,     22,      8,     25,     34,     20,      6,      7,.,     73,     90,    59.0,    38.0,    64.8,    53.1,    58.7,    37.9,    64.3,    52.3,"(CONTRACTS OF GBP 62,500)",096742,CME ,096 ,F10,FutOnly
BRITISH POUND STERLING - CHICAGO MERCANTILE EXCHANGE,170509,2017-05-09,096742,CME ,00,096 ,  257225,  126213,   69634,    1408,   18152,   75952,    2212,   47160,   57862,    7732,   22427,   13412,     359,  225663,  228571,   31562,   28654,  -10005,     -29,    7937,     581,     460,   -5062,    -278,   -6759,   -7908,   -1927,    -654,   -1873,   -1066,   -9672,   -9596,    -333,    -409,  100.0,   49.1,   27.1,    0.5,    7.1,   29.5,    0.9,   18.3,   22.5,    3.0,    8.7,    5.2,    0.1,   87.7,   88.9,   12.3,   11.1,    124,      7,     10,      7,     13,     22,      9,     26,     33,     21,      4,      9,.,     72,     91,    59.9,    35.9,    65.1,    51.6,    59.8,    35.8,    64.8,    50.8,"(CONTRACTS OF GBP 62,500)",096742,CME ,096 ,F10,FutOnly
BRITISH POUND STERLING - CHICAGO MERCANTILE EXCHANGE,170502,2017-05-02,096742,CME ,00,096 ,  267230,  126242,   61697,     827,   17692,   81014,    2490,   53919,   65770,    9659,   23081,   15285,    1425,  235335,  238167,   31895,   29063,    5519,   -1355,   13225,     458,    1436,   -5111,     300,    1832,   -5604,    2345,   -3205,     129,       0,    1811,    5742,    3708,    -223,  100.0,   47.2,   23.1,    0.3,    6.6,   30.3,    0.9,   20.2,   24.6,    3.6,    8.6,    5.7,    0.5,   88.1,   89.1,   11.9,   10.9,    123,      8,      9,      8,     11,     23,      9,     28,     32,     23,      5,      7,.,     75,     90,    58.0,    32.9,    63.9,    50.4,    57.4,    32.3,    62.9,    49.6,"(CONTRACTS OF GBP 62,500)",096742,CME ,096 ,F10,FutOnly
BRITISH POUND STERLING - CHICAGO MERCANTILE EXCHANGE,170425,2017-04-25,096742,CME ,00,096 ,  261711,  127597,   48472,     369,   16256,   86125,    2190,   52087,   71374,    7314,   26286,   15156,    1425,  233524,  232425,   28187,   29286,     361,   -6395,   19087,     -86,    2238,    1440,    -781,    6145,  -13110,      30,    -477,   -1283,     -66,     608,    5231,    -247,   -4870,  100.0,   48.8,   18.5,    0.1,    6.2,   32.9,    0.8,   19.9,   27.3,    2.8,   10.0,    5.8,    0.5,   89.2,   88.8,   10.8,   11.2,    131,      8,      8,      7,     11,     23,      7,     31,     36,     19,      7,      7,.,     75,     91,    59.6,    32.9,    65.3,    49.7,    59.1,    32.3,    64.6,    48.9,"(CONTRACTS OF GBP 62,500)",096742,CME ,096 ,F10,FutOnly
BRITISH POUND STERLING - CHICAGO MERCANTILE EXCHANGE,170418,2017-04-18,096742,CME ,00,096 ,  261350,  133992,   29385,     455,   14018,   84685,    2971,   45942,   84484,    7284,   26763,   16439,    1491,  232916,  227194,   28434,   34156,   17162,   -7356,   11679,      62,    3481,   -7873,     338,   15496,    2720,    3181,    -750,    5152,       0,   14452,   15259,    2710,    1903,  100.0,   51.3,   11.2,    0.2,    5.4,   32.4,    1.1,   17.6,   32.3,    2.8,   10.2,    6.3,    0.6,   89.1,   86.9,   10.9,   13.1,    131,      9,      7,      7,     10,     24,      8,     29,     40,     21,      5,      7,.,     74,     95,    61.1,    33.0,    66.4,    47.2,    60.6,    32.3,    65.7,    46.4,"(CONTRACTS OF GBP 62,500)",096742,CME ,096 ,F10,FutOnly
BRITISH POUND STERLING - CHICAGO MERCANTILE EXCHANGE,170411,2017-04-11,096742,CME ,00,096 ,  244188,  141348,   17706,     393,   10537,   92558,    2633,   30446,   81764,    4103,   27513,   11287,    1491,  218464,  211935,   25724,   32253,    2414,    5326,   -3455,    -109,    -153,    7512,   -2587,     -54,    1726,   -1038,      -9,      -3,     142,    1518,    2188,     896,     226,  100.0,   57.9,    7.3,    0.2,    4.3,   37.9,    1.1,   12.5,   33.5,    1.7,   11.3,    4.6,    0.6,   89.5,   86.8,   10.5,   13.2,    125,     12,      5,      6,      8,     25,      9,     22,     43,     20,      5,      5,.,     64,     98,    66.7,    37.2,    72.8,    51.1,    66.1,    36.4,    72.2,    50.3,"(CONTRACTS OF GBP 62,500)",096742,CME ,096 ,F10,FutOnly
BRITISH POUND STERLING - CHICAGO MERCANTILE EXCHANGE,170404,2017-04-04,096742,CME ,00,096 ,  241774,  136022,   21161,     502,   10690,   85046,    5220,   30500,   80038,    5141,   27522,   11290,    1349,  216946,  209747,   24828,   32027,   -5211,    -380,   -1618,     131,     202,    1603,    -301,   -4683,   -3424,    -670,    1340,    -150,      51,   -4310,   -4378,    -901,    -833,  100.0,   56.3,    8.8,    0.2,    4.4,   35.2,    2.2,   12.6,   33.1,    2.1,   11.4,    4.7,    0.6,   89.7,   86.8,   10.3,   13.2,    121,     10,      6,      6,      8,     24,     10,     22,     42,     22,      4,      5,.,     65,     96,    66.8,    34.1,    72.1,    48.5,    66.3,    33.3,    71.5,    47.5,"(CONTRACTS OF GBP 62,500)",096742,CME ,096 ,F10,FutOnly
BRITISH POUND STERLING - CHICAGO MERCANTILE EXCHANGE,170328,2017-03-28,096742,CME ,00,096 ,  246985,  136402,   22779,     371,   10488,   83443,    5521,   35183,   83462,    5811,   26182,   11440,    1298,  221256,  214125,   25729,   32860,   -5495,   -9528,   17520,     -14,     109,   -5118,    1136,    4439,  -12929,    -592,   -1031,    -588,       0,   -5481,    -585,     -14,   -4910,  100.0,   55.2,    9.2,    0.2,    4.2,   33.8,    2.2,   14.2,   33.8,    2.4,   10.6,    4.6,    0.5,   89.6,   86.7,   10.4,   13.3,    118,      9,      6,      4,      8,     25,     10,     20,     42,     20,.,      5,.,     61,     92,    65.2,    34.4,    71.0,    49.0,    64.6,    33.7,    70.5,    48.2,"(CONTRACTS OF GBP 62,500)",096742,CME ,096 ,F10,FutOnly
BRITISH POUND STERLING - CHICAGO MERCANTILE EXCHANGE,170321,2017-03-21,096742,CME ,00,096 ,  252480,  145930,    5259,     385,   10379,   88561,    4385,   30744,   96391,    6403,   27213,   12028,    1298,  226737,  214710,   25743,   37770,   -7465,   -1719,    1683,    -196,      96,   -5022,    2111,   -6545,   -5731,    2662,   -3266,     611,       0,   -6857,   -3882,    -608,   -3583,  100.0,   57.8,    2.1,    0.2,    4.1,   35.1,    1.7,   12.2,   38.2,    2.5,   10.8,    4.8,    0.5,   89.8,   85.0,   10.2,   15.0,    126,     10,      5,      4,      7,     27,      9,     24,     43,     21,      4,      6,.,     65,     96,    67.1,    34.7,    73.3,    46.2,    66.6,    33.9,    72.7,    45.3,"(CONTRACTS OF GBP 62,500)",096742,CME ,096 ,F10,FutOnly
BRITISH POUND STERLING - CHICAGO MERCANTILE EXCHANGE,170314,2017-03-14,096742,CME ,00,096 ,  259945,  147649,    3576,     581,   10283,   93583,    2274,   37289,  102122,    3741,   30479,   11417,    1298,  233594,  218592,   26351,   41353,   -2567,  -15947,   -4873,    -588,     706,    1470,    -666,     -27,    4450,   -1991,   19742,    -675,   -1257,     -28,   -4130,   -2539,    1563,  100.0,   56.8,    1.4,    0.2,    4.0,   36.0,    0.9,   14.3,   39.3,    1.4,   11.7,    4.4,    0.5,   89.9,   84.1,   10.1,   15.9,    123,     10,      4,      4,      7,     28,      8,     23,     42,     15,      5,      4,.,     59,     92,    65.8,    34.4,    72.0,    46.3,    65.3,    33.6,    71.4,    45.5,"(CONTRACTS OF GBP 62,500)",096742,CME ,096 ,F10,FutOnly
BRITISH POUND STERLING - CHICAGO MERCANTILE EXCHANGE,170307,2017-03-07,096742,CME ,00,096 ,  262512,  163596,    8449,    1169,    9577,   92113,    2940,   37316,   97672,    5732,   10737,   12092,    2555,  233622,  222722,   28890,   39790,   35630,   31865,    2173,     266,    -128,    7561,    -788,    8628,   21311,   -1208,   -7324,     247,    1465,   32776,   31027,    2854,    4603,  100.0,   62.3,    3.2,    0.4,    3.6,   35.1,    1.1,   14.2,   37.2,    2.2,    4.1,    4.6,    1.0,   89.0,   84.8,   11.0,   15.2,    126,     11,      5,      6,      7,     27,     10,     20,     43,     17,      6,      7,.,     62,     99,    60.4,    32.3,    68.8,    43.3,    60.4,    31.6,    67.7,    42.5,"(CONTRACTS OF GBP 62,500)",096742,CME ,096 ,F10,FutOnly
BRITISH POUND STERLING - CHICAGO MERCANTILE EXCHANGE,170228,2017-02-28,096742,CME ,00,096 ,  226882,  131731,    6276,     903,    9705,   84552,    3728,   28688,   76361,    6940,   18061,   11845,    1090,  200846,  191695,   26036,   35187,   13169,    4831,     -84,    -159,    -283,    8097,    -737,    4080,    2730,    2937,    1850,    -916,     535,   13054,   12403,     115,     766,  100.0,   58.1,    2.8,    0.4,    4.3,   37.3,    1.6,   12.6,   33.7,    3.1,    8.0,    5.2,    0.5,   88.5,   84.5,   11.5,   15.5,    122,     11,      6,      6,      7,     25,     11,     16,     46,     22,      6,      5,.,     65,     99,    60.8,    33.7,    67.1,    45.2,    60.5,    32.8,    66.5,    44.1,"(CONTRACTS OF GBP 62,500)",096742,CME ,096 ,F10,FutOnly
BRITISH POUND STERLING - CHICAGO MERCANTILE EXCHANGE,170221,2017-02-21,096742,CME ,00,096 ,  213713,  126900,    6360,    1062,    9988,   76455,    4465,   24608,   73631,    4003,   16211,   12761,     555,  187792,  179292,   25921,   34421,    1669,     725,   -1507,      12,    -678,    4021,     602,     257,   -3356,     591,    -343,     402,      14,    1180,     779,     489,     890,  100.0,   59.4,    3.0,    0.5,    4.7,   35.8,    2.1,   11.5,   34.5,    1.9,    7.6,    6.0,    0.3,   87.9,   83.9,   12.1,   16.1,    122,     12,      6,      7,      8,     25,     11,     15,     44,     22,      4,      7,.,     63,    101,    63.8,    32.6,    69.9,    44.5,    63.5,    31.6,    69.3,    43.3,"(CONTRACTS OF GBP 62,500)",096742,CME ,096 ,F10,FutOnly
BRITISH POUND STERLING - CHICAGO MERCANTILE EXCHANGE,170214,2017-02-14,096742,CME ,00,096 ,  212044,  126175,    7867,    1050,   10666,   72434,    3863,   24351,   76987,    3412,   16554,   12359,     541,  186612,  178513,   25432,   33531,    1031,    -599,    1282,      54,    1098,    3599,    -257,    -594,   -1673,   -1230,     743,    -119,     488,    -297,    2144,    1328,   -1113,  100.0,   59.5,    3.7,    0.5,    5.0,   34.2,    1.8,   11.5,   36.3,    1.6,    7.8,    5.8,    0.3,   88.0,   84.2,   12.0,   15.8,    124,     11,      7,      6,      8,     25,     11,     16,     45,     16,      6,      6,.,     61,     98,    64.0,    31.2,    69.6,    42.5,    63.7,    30.2,    69.3,    41.3,"(CONTRACTS OF GBP 62,500)",096742,CME ,096 ,F10,FutOnly
BRITISH POUND STERLING - CHICAGO MERCANTILE EXCHANGE,170207,2017-02-07,096742,CME ,00,096 ,  211013,  126774,    6585,     996,    9568,   68835,    4120,   24945,   78660,    4642,   15811,   12478,      53,  186909,  176369,   24104,   34644,    -897,    3496,     526,     219,     214,     331,   -2179,   -2666,   -1938,    -618,     592,     180,      51,    -891,   -3428,      -6,    2531,  100.0,   60.1,    3.1,    0.5,    4.5,   32.6,    2.0,   11.8,   37.3,    2.2,    7.5,    5.9,    0.0,   88.6,   83.6,   11.4,   16.4,    121,     11,      7,      5,      6,     26,     11,     17,     42,     19,      6,      6,.,     61,     97,    64.0,    32.3,    69.7,    42.4,    63.9,    31.3,    69.5,    41.2,"(CONTRACTS OF GBP 62,500)",096742,CME ,096 ,F10,FutOnly
BRITISH POUND STERLING - CHICAGO MERCANTILE EXCHANGE,170131,2017-01-31,096742,CME ,00,096 ,  211910,  123278,    6059,     777,    9354,   68504,    6299,   27611,   80598,    5260,   15219,   12298,       2,  187800,  179797,   24110,   32113,  -11771,  -16083,   -1091,     378,    -236,    1115,     785,    -930,  -12358,     487,    3742,     677,       0,  -11857,  -10007,      86,   -1764,  100.0,   58.2,    2.9,    0.4,    4.4,   32.3,    3.0,   13.0,   38.0,    2.5,    7.2,    5.8,    0.0,   88.6,   84.8,   11.4,   15.2,    126,     11,      6,      6,      6,     25,      9,     20,     48,     18,      4,      6,.,     62,     98,    63.5,    33.7,    69.2,    43.8,    63.5,    32.8,    69.0,    42.6,"(CONTRACTS OF GBP 62,500)",096742,CME ,096 ,F10,FutOnly
BRITISH POUND STERLING - CHICAGO MERCANTILE EXCHANGE,170124,2017-01-24,096742,CME ,00,096 ,  223681,  139361,    7150,     399,    9590,   67389,    5514,   28541,   92956,    4773,   11477,   11621,       2,  199657,  189804,   24024,   33877,   -5101,  -11077,    1553,     -50,     295,   -2582,    1242,   -1290,   -2970,    1484,    5927,   -1062,     -90,   -3559,   -2475,   -1542,   -2626,  100.0,   62.3,    3.2,    0.2,    4.3,   30.1,    2.5,   12.8,   41.6,    2.1,    5.1,    5.2,    0.0,   89.3,   84.9,   10.7,   15.1,    123,      8,      8,.,      7,     26,      9,     16,     48,     16,      5,      5,.,     55,     97,    63.2,    33.9,    70.3,    43.7,    63.2,    32.9,    70.2,    42.6,"(CONTRACTS OF GBP 62,500)",096742,CME ,096 ,F10,FutOnly
BRITISH POUND STERLING - CHICAGO MERCANTILE EXCHANGE,170117,2017-01-17,096742,CME ,00,096 ,  228782,  150438,    5597,     449,    9295,   69971,    4272,   29831,   95926,    3289,    5550,   12683,      92,  203216,  192279,   25566,   36503,     732,   -1850,    1704,     -16,    -432,   -6977,     949,    2511,    4750,      49,   -1768,     275,       0,    -557,     734,    1289,      -2,  100.0,   65.8,    2.4,    0.2,    4.1,   30.6,    1.9,   13.0,   41.9,    1.4,    2.4,    5.5,    0.0,   88.8,   84.0,   11.2,   16.0,    124,      9,      6,      5,      6,     25,      8,     17,     49,     13,      5,      7,.,     54,     98,    66.3,    33.8,    71.6,    44.5,    66.2,    32.9,    71.6,    43.4,"(CONTRACTS OF GBP 62,500)",096742,CME ,096 ,F10,FutOnly
BRITISH POUND STERLING - CHICAGO MERCANTILE EXCHANGE,170110,2017-01-10,096742,CME ,00,096 ,  228050,  152288,    3893,     465,    9727,   76948,    3323,   27320,   91176,    3240,    7318,   12408,      92,  203773,  191545,   24277,   36505,    2654,    5563,    -939,     160,     304,   -5817,    -414,   -7057,    9326,    -320,    3044,     226,       0,    1280,    2222,    1374,     432,  100.0,   66.8,    1.7,    0.2,    4.3,   33.7,    1.5,   12.0,   40.0,    1.4,    3.2,    5.4,    0.0,   89.4,   84.0,   10.6,   16.0,    128,      9,      5,      5,      7,     25,     10,     19,     49,     13,      7,      7,.,     56,    102,    66.9,    33.2,    72.2,    43.8,    66.9,    32.3,    72.2,    42.6,"(CONTRACTS OF GBP 62,500)",096742,CME ,096 ,F10,FutOnly
BRITISH POUND STERLING - CHICAGO MERCANTILE EXCHANGE,170103,2017-01-03,096742,CME ,00,096 ,  225396,  146725,    4832,     305,    9423,   82765,    3737,   34377,   81850,    3560,    4274,   12182,      92,  202493,  189323,   22903,   36073,   12904,    4964,    1584,       0,     382,    3138,     134,    3085,   10402,    -442,    1394,     -86,      90,    9607,   14820,    3297,   -1916,  100.0,   65.1,    2.1,    0.1,    4.2,   36.7,    1.7,   15.3,   36.3,    1.6,    1.9,    5.4,    0.0,   89.8,   84.0,   10.2,   16.0,    124,      7,      6,.,      7,     24,      8,     18,     50,     14,      5,      7,.,     48,    103,    65.4,    30.7,    72.3,    42.0,    65.3,    29.8,    72.3,    40.8,"(CONTRACTS OF GBP 62,500)",096742,CME ,096 ,F10,FutOnly
JAPANESE YEN - CHICAGO MERCANTILE EXCHANGE,171226,2017-12-26,097741,CME ,00,097 ,  232428,  119800,    9083,     673,   20487,   34210,   11119,   56214,  136422,    4556,     782,    1166,      32,  213663,  197261,   18765,   35167,    9004,   -1539,   -1515,    -253,    -643,    3018,     127,    8834,   11035,     178,      96,      38,       0,    6800,   12628,    2204,   -3624,  100.0,   51.5,    3.9,    0.3,    8.8,   14.7,    4.8,   24.2,   58.7,    2.0,    0.3,    0.5,    0.0,   91.9,   84.9,    8.1,   15.1,    110,     10,      5,      4,     13,     22,     10,     24,     33,     15,.,.,.,     62,     78,    55.0,    40.7,    66.2,    51.8,    54.5,    40.3,    65.3,    51.4,"(CONTRACTS OF JPY 12,500,000)",097741,CME ,097 ,F10,FutOnly
JAPANESE YEN - CHICAGO MERCANTILE EXCHANGE,171219,2017-12-19,097741,CME ,00,097 ,  223424,  121339,   10598,     926,   21130,   31192,   10992,   47380,  125387,    4378,     686,    1128,      32,  206863,  184633,   16561,   38791,  -27157,  -17565,   -2533,   -6987,     671,   -1813,     -81,   11145,     841,  -13500,    -328,      30,       0,  -26645,  -24043,    -512,   -3114,  100.0,   54.3,    4.7,    0.4,    9.5,   14.0,    4.9,   21.2,   56.1,    2.0,    0.3,    0.5,    0.0,   92.6,   82.6,    7.4,   17.4,    113,     10,      6,      5,     15,     21,      9,     22,     36,     17,.,.,.,     61,     84,    55.8,    39.6,    67.1,    49.9,    55.5,    39.6,    66.3,    49.9,"(CONTRACTS OF JPY 12,500,000)",097741,CME ,097 ,F10,FutOnly
JAPANESE YEN - CHICAGO MERCANTILE EXCHANGE,171212,2017-12-12,097741,CME ,00,097 ,  250581,  138904,   13131,    7913,   20459,   33005,   11073,   36235,  124546,   17878,    1014,    1098,      32,  233508,  208676,   17073,   41905,   12504,    3555,   -1106,     714,     371,    1697,    3290,    -976,   -3913,    6646,     799,       0,    -759,   13640,    6569,   -1136,    5935,  100.0,   55.4,    5.2,    3.2,    8.2,   13.2,    4.4,   14.5,   49.7,    7.1,    0.4,    0.4,    0.0,   93.2,   83.3,    6.8,   16.7,    121,     12,      7,      4,     14,     21,      9,     21,     41,     20,.,.,.,     64,     91,    45.8,    34.7,    61.7,    44.9,    42.7,    34.7,    57.0,    42.8,"(CONTRACTS OF JPY 12,500,000)",097741,CME ,097 ,F10,FutOnly
JAPANESE YEN - CHICAGO MERCANTILE EXCHANGE,171205,2017-12-05,097741,CME ,00,097 ,  238077,  135349,   14237,    7199,   20088,   31308,    7783,   37211,  128459,   11232,     215,    1098,     791,  219868,  202107,   18209,   35970,   -6459,   -4631,   -4520,    -212,   -1337,   -4549,     241,   -3730,    2332,    3843,      -5,    -400,    -156,   -5987,   -3421,    -472,   -3038,  100.0,   56.9,    6.0,    3.0,    8.4,   13.2,    3.3,   15.6,   54.0,    4.7,    0.1,    0.5,    0.3,   92.4,   84.9,    7.6,   15.1,    120,     12,      7,      7,     13,     19,      9,     22,     43,     19,.,.,.,     65,     93,    48.2,    36.1,    63.5,    46.8,    45.3,    36.1,    60.5,    46.2,"(CONTRACTS OF JPY 12,500,000)",097741,CME ,097 ,F10,FutOnly
JAPANESE YEN - CHICAGO MERCANTILE EXCHANGE,171128,2017-11-28,097741,CME ,00,097 ,  244536,  139980,   18757,    7411,   21425,   35857,    7542,   40941,  126127,    7389,     220,    1498,     947,  225855,  205528,   18681,   39008,  -16483,  -19467,    4333,   -1771,    2017,   -2591,    -246,    2124,  -11517,   -1399,    -401,   -2100,     640,  -18503,  -14651,    2020,   -1832,  100.0,   57.2,    7.7,    3.0,    8.8,   14.7,    3.1,   16.7,   51.6,    3.0,    0.1,    0.6,    0.4,   92.4,   84.0,    7.6,   16.0,    117,     11,      8,      8,     14,     21,      9,     24,     33,     17,.,.,.,     64,     90,    47.7,    37.0,    64.1,    47.7,    44.8,    37.0,    61.2,    46.7,"(CONTRACTS OF JPY 12,500,000)",097741,CME ,097 ,F10,FutOnly
JAPANESE YEN - CHICAGO MERCANTILE EXCHANGE,171121,2017-11-21,097741,CME ,00,097 ,  261019,  159447,   14424,    9182,   19408,   38448,    7788,   38817,  137644,    8788,     621,    3598,     307,  244358,  220179,   16661,   40840,  -22609,    2256,    -735,    8601,    1091,    4931,    1108,   -1679,  -16414,   -1594,  -23255,   -7600,   -8440,  -21912,  -20143,    -697,   -2466,  100.0,   61.1,    5.5,    3.5,    7.4,   14.7,    3.0,   14.9,   52.7,    3.4,    0.2,    1.4,    0.1,   93.6,   84.4,    6.4,   15.6,    126,     12,      7,      7,     13,     23,      9,     21,     43,     18,.,      4,.,     63,     99,    48.3,    37.5,    66.0,    48.8,    44.9,    37.5,    62.6,    47.4,"(CONTRACTS OF JPY 12,500,000)",097741,CME ,097 ,F10,FutOnly
JAPANESE YEN - CHICAGO MERCANTILE EXCHANGE,171114,2017-11-14,097741,CME ,00,097 ,  283628,  157191,   15159,     581,   18317,   33517,    6680,   40496,  154058,   10382,   23876,   11198,    8747,  266270,  240322,   17358,   43306,   -4308,   -4205,    1727,     -10,     359,   -3360,     160,   -1953,     421,     677,    3026,      51,   -1673,   -3619,   -2007,    -689,   -2301,  100.0,   55.4,    5.3,    0.2,    6.5,   11.8,    2.4,   14.3,   54.3,    3.7,    8.4,    3.9,    3.1,   93.9,   84.7,    6.1,   15.3,    124,     12,      7,      6,     11,     21,      8,     23,     41,     18,.,      5,.,     68,     91,    45.9,    38.8,    67.5,    49.2,    42.9,    38.5,    64.4,    48.6,"(CONTRACTS OF JPY 12,500,000)",097741,CME ,097 ,F10,FutOnly
JAPANESE YEN - CHICAGO MERCANTILE EXCHANGE,171107,2017-11-07,097741,CME ,00,097 ,  287936,  161396,   13432,     591,   17958,   36877,    6520,   42449,  153637,    9705,   20850,   11147,   10420,  269889,  242329,   18047,   45607,   10230,   15672,    1420,     -91,    -632,   -3642,    1775,   -6684,   10447,    -293,   -2322,      -3,    1020,    8445,   10633,    1785,    -403,  100.0,   56.1,    4.7,    0.2,    6.2,   12.8,    2.3,   14.7,   53.4,    3.4,    7.2,    3.9,    3.6,   93.7,   84.2,    6.3,   15.8,    127,     12,      6,      7,     11,     22,      8,     26,     41,     18,.,      6,.,     66,     97,    45.4,    39.2,    67.5,    49.6,    41.8,    38.5,    63.8,    47.8,"(CONTRACTS OF JPY 12,500,000)",097741,CME ,097 ,F10,FutOnly
JAPANESE YEN - CHICAGO MERCANTILE EXCHANGE,171031,2017-10-31,097741,CME ,00,097 ,  277706,  145724,   12012,     682,   18590,   40519,    4745,   49133,  143190,    9998,   23172,   11150,    9400,  261444,  231696,   16262,   46010,   -4524,     173,    1021,       0,     -80,    -313,     162,   -7133,   -6683,    -462,    1733,    1055,    1978,   -3629,   -3242,    -895,   -1282,  100.0,   52.5,    4.3,    0.2,    6.7,   14.6,    1.7,   17.7,   51.6,    3.6,    8.3,    4.0,    3.4,   94.1,   83.4,    5.9,   16.6,    125,     13,      6,      6,     11,     22,      8,     25,     37,     17,.,      7,      4,     67,     93,    44.1,    38.4,    64.6,    49.2,    40.9,    37.9,    61.3,    48.2,"(CONTRACTS OF JPY 12,500,000)",097741,CME ,097 ,F10,FutOnly
JAPANESE YEN - CHICAGO MERCANTILE EXCHANGE,171024,2017-10-24,097741,CME ,00,097 ,  282230,  145551,   10991,     682,   18670,   40832,    4583,   56266,  149873,   10460,   21439,   10095,    7422,  265073,  234938,   17157,   47292,   25143,   21964,    -821,    -487,    -349,   -5064,     746,    1001,   14850,    -619,    1883,    7000,     131,   24270,   15736,     873,    9407,  100.0,   51.6,    3.9,    0.2,    6.6,   14.5,    1.6,   19.9,   53.1,    3.7,    7.6,    3.6,    2.6,   93.9,   83.2,    6.1,   16.8,    127,     12,      6,      6,     11,     21,      8,     24,     45,     17,      4,      4,.,     66,     95,    44.3,    38.1,    63.7,    48.0,    41.7,    37.7,    60.2,    47.0,"(CONTRACTS OF JPY 12,500,000)",097741,CME ,097 ,F10,FutOnly
JAPANESE YEN - CHICAGO MERCANTILE EXCHANGE,171017,2017-10-17,097741,CME ,00,097 ,  257087,  123587,   11812,    1169,   19019,   45896,    3837,   55265,  135023,   11079,   19556,    3095,    7291,  240803,  219202,   16284,   37885,    2963,    2320,     754,      20,    -116,   -1165,     -39,     383,    6115,    -369,    2791,       0,     162,    5152,    5478,   -2189,   -2515,  100.0,   48.1,    4.6,    0.5,    7.4,   17.9,    1.5,   21.5,   52.5,    4.3,    7.6,    1.2,    2.8,   93.7,   85.3,    6.3,   14.7,    123,     11,      8,      7,     12,     20,      8,     27,     38,     18,.,.,.,     68,     91,    43.1,    42.3,    59.9,    53.7,    40.4,    41.9,    56.3,    52.6,"(CONTRACTS OF JPY 12,500,000)",097741,CME ,097 ,F10,FutOnly
JAPANESE YEN - CHICAGO MERCANTILE EXCHANGE,171010,2017-10-10,097741,CME ,00,097 ,  254124,  121267,   11058,    1149,   19135,   47061,    3876,   54882,  128908,   11448,   16765,    3095,    7129,  235651,  213724,   18473,   40400,    7235,    5685,     340,     661,     378,   -7961,     650,   -5188,    8583,     -16,    -276,    -500,    3769,    5663,    5526,    1572,    1709,  100.0,   47.7,    4.4,    0.5,    7.5,   18.5,    1.5,   21.6,   50.7,    4.5,    6.6,    1.2,    2.8,   92.7,   84.1,    7.3,   15.9,    116,     11,      8,      6,     12,     20,      8,     27,     32,     17,.,.,.,     67,     82,    43.2,    42.2,    58.6,    53.7,    40.4,    41.9,    55.3,    52.6,"(CONTRACTS OF JPY 12,500,000)",097741,CME ,097 ,F10,FutOnly
JAPANESE YEN - CHICAGO MERCANTILE EXCHANGE,171003,2017-10-03,097741,CME ,00,097 ,  246889,  115582,   10718,     488,   18757,   55022,    3226,   60070,  120325,   11464,   17041,    3595,    3360,  229988,  208198,   16901,   38691,   39792,   21280,     607,      16,   -2886,    3398,    -451,   15941,   27851,    4352,     239,      16,    1458,   39949,   37247,    -157,    2545,  100.0,   46.8,    4.3,    0.2,    7.6,   22.3,    1.3,   24.3,   48.7,    4.6,    6.9,    1.5,    1.4,   93.2,   84.3,    6.8,   15.7,    121,     11,      6,      5,     11,     21,      7,     26,     40,     16,.,      4,.,     64,     87,    43.9,    40.4,    58.5,    50.2,    42.5,    40.1,    55.9,    49.9,"(CONTRACTS OF JPY 12,500,000)",097741,CME ,097 ,F10,FutOnly
JAPANESE YEN - CHICAGO MERCANTILE EXCHANGE,170926,2017-09-26,097741,CME ,00,097 ,  207097,   94302,   10111,     472,   21643,   51624,    3677,   44129,   92474,    7112,   16802,    3579,    1902,  190039,  170951,   17058,   36146,   21745,   25391,   -1640,    -212,     248,    1916,     252,   -2369,   15525,    1394,   -4166,     -99,    1752,   22290,   18888,    -545,    2857,  100.0,   45.5,    4.9,    0.2,   10.5,   24.9,    1.8,   21.3,   44.7,    3.4,    8.1,    1.7,    0.9,   91.8,   82.5,    8.2,   17.5,    115,     11,      6,      5,     15,     18,      7,     24,     35,     15,.,      4,.,     63,     80,    45.4,    40.8,    57.1,    50.6,    44.5,    40.5,    56.2,    50.2,"(CONTRACTS OF JPY 12,500,000)",097741,CME ,097 ,F10,FutOnly
JAPANESE YEN - CHICAGO MERCANTILE EXCHANGE,170919,2017-09-19,097741,CME ,00,097 ,  185352,   68911,   11751,     684,   21395,   49708,    3425,   46498,   76949,    5718,   20968,    3678,     150,  167749,  152063,   17603,   33289,  -15092,    5164,   -6638,   -1995,    -519,    4006,   -1257,    4819,   -7437,   -3933,  -11554,    2498,      88,   -9187,  -14668,   -5905,    -424,  100.0,   37.2,    6.3,    0.4,   11.5,   26.8,    1.8,   25.1,   41.5,    3.1,   11.3,    2.0,    0.1,   90.5,   82.0,    9.5,   18.0,    113,     11,      7,      6,     14,     16,      6,     26,     31,     18,      4,      4,.,     67,     77,    46.7,    45.2,    57.1,    55.1,    46.6,    45.0,    56.7,    54.7,"(CONTRACTS OF JPY 12,500,000)",097741,CME ,097 ,F10,FutOnly
JAPANESE YEN - CHICAGO MERCANTILE EXCHANGE,170912,2017-09-12,097741,CME ,00,097 ,  200444,   63747,   18389,    2679,   21914,   45702,    4682,   41679,   84386,    9651,   32522,    1180,      62,  176936,  166731,   23508,   33713,  -12756,   -8815,   -1351,    1054,   -4456,     360,     312,   -2326,  -17914,    4974,   -1020,   -2630,    -570,  -10847,  -15765,   -1909,    3009,  100.0,   31.8,    9.2,    1.3,   10.9,   22.8,    2.3,   20.8,   42.1,    4.8,   16.2,    0.6,    0.0,   88.3,   83.2,   11.7,   16.8,    108,     10,      7,      6,     16,     12,      9,     27,     29,     22,.,.,.,     75,     71,    40.7,    42.4,    52.0,    54.0,    40.3,    41.7,    50.9,    52.4,"(CONTRACTS OF JPY 12,500,000)",097741,CME ,097 ,F10,FutOnly
JAPANESE YEN - CHICAGO MERCANTILE EXCHANGE,170905,2017-09-05,097741,CME ,00,097 ,  213200,   72562,   19740,    1625,   26370,   45342,    4370,   44005,  102300,    4677,   33542,    3810,     632,  187783,  182496,   25417,   30704,    3310,   -3181,   -7933,    1060,   -1585,    -494,     277,    6208,    8072,    -603,   -2020,    1170,     520,     676,    2069,    2634,    1241,  100.0,   34.0,    9.3,    0.8,   12.4,   21.3,    2.0,   20.6,   48.0,    2.2,   15.7,    1.8,    0.3,   88.1,   85.6,   11.9,   14.4,    116,     11,      7,      4,     15,     15,      8,     34,     26,     15,      4,      4,.,     74,     72,    42.0,    43.6,    52.7,    57.9,    41.6,    43.1,    52.0,    57.4,"(CONTRACTS OF JPY 12,500,000)",097741,CME ,097 ,F10,FutOnly
JAPANESE YEN - CHICAGO MERCANTILE EXCHANGE,170829,2017-08-29,097741,CME ,00,097 ,  209890,   75743,   27673,     565,   27955,   45836,    4093,   37797,   94228,    5280,   35562,    2640,     112,  187107,  180427,   22783,   29463,   -5567,   -6138,    1025,     152,     250,    -899,    -111,     857,    -665,   -1034,    -258,   -2725,    -233,   -6515,   -4490,     948,   -1077,  100.0,   36.1,   13.2,    0.3,   13.3,   21.8,    2.0,   18.0,   44.9,    2.5,   16.9,    1.3,    0.1,   89.1,   86.0,   10.9,   14.0,    115,     10,      7,.,     16,     15,      9,     29,     30,     22,      6,.,.,     79,     72,    43.9,    46.4,    54.5,    59.0,    43.8,    46.2,    54.3,    58.6,"(CONTRACTS OF JPY 12,500,000)",097741,CME ,097 ,F10,FutOnly
JAPANESE YEN - CHICAGO MERCANTILE EXCHANGE,170822,2017-08-22,097741,CME ,00,097 ,  215457,   81881,   26648,     413,   27705,   46735,    4204,   36940,   94893,    6314,   35820,    5365,     345,  193622,  184917,   21835,   30540,     367,   -4076,     972,     -19,     863,    2521,     600,    1645,   -2670,    -151,     195,     780,    -121,   -1064,    1912,    1431,   -1545,  100.0,   38.0,   12.4,    0.2,   12.9,   21.7,    2.0,   17.1,   44.0,    2.9,   16.6,    2.5,    0.2,   89.9,   85.8,   10.1,   14.2,    118,     10,      7,      4,     15,     15,      9,     29,     33,     20,      6,.,.,     75,     78,    45.1,    46.3,    55.4,    57.9,    44.9,    46.1,    55.1,    57.6,"(CONTRACTS OF JPY 12,500,000)",097741,CME ,097 ,F10,FutOnly
JAPANESE YEN - CHICAGO MERCANTILE EXCHANGE,170815,2017-08-15,097741,CME ,00,097 ,  215090,   85957,   25676,     432,   26842,   44214,    3604,   35295,   97563,    6465,   35625,    4585,     466,  194686,  183005,   20404,   32085,  -17737,  -20514,   -3710,      12,    3780,   -4079,     -46,     323,   -6797,    -265,   -1250,    -400,    -105,  -18065,  -15390,     328,   -2347,  100.0,   40.0,   11.9,    0.2,   12.5,   20.6,    1.7,   16.4,   45.4,    3.0,   16.6,    2.1,    0.2,   90.5,   85.1,    9.5,   14.9,    114,      9,      7,.,     15,     15,      8,     27,     33,     19,      6,.,.,     71,     75,    46.8,    46.4,    57.0,    57.3,    46.5,    46.4,    56.7,    57.2,"(CONTRACTS OF JPY 12,500,000)",097741,CME ,097 ,F10,FutOnly
JAPANESE YEN - CHICAGO MERCANTILE EXCHANGE,170808,2017-08-08,097741,CME ,00,097 ,  232827,  106471,   29386,     420,   23062,   48293,    3650,   34972,  104360,    6730,   36875,    4985,     571,  212751,  198395,   20076,   34432,  -10049,   -3639,    3363,       7,   -1310,   -2770,    -446,   -2795,  -10587,   -1486,    -230,     400,    -434,  -10333,  -11953,     284,    1904,  100.0,   45.7,   12.6,    0.2,    9.9,   20.7,    1.6,   15.0,   44.8,    2.9,   15.8,    2.1,    0.2,   91.4,   85.2,    8.6,   14.8,    119,      9,      7,.,     14,     15,      7,     29,     35,     14,      6,.,.,     69,     76,    50.7,    46.9,    61.7,    58.1,    50.4,    46.9,    61.4,    57.8,"(CONTRACTS OF JPY 12,500,000)",097741,CME ,097 ,F10,FutOnly
JAPANESE YEN - CHICAGO MERCANTILE EXCHANGE,170801,2017-08-01,097741,CME ,00,097 ,  242876,  110110,   26023,     413,   24372,   51063,    4096,   37767,  114947,    8216,   37105,    4585,    1005,  223084,  210348,   19792,   32528,    7736,   -5550,   11706,       9,    2078,   -6512,     -48,    9613,    4873,    1971,     315,     628,     186,    8574,   12813,    -838,   -5077,  100.0,   45.3,   10.7,    0.2,   10.0,   21.0,    1.7,   15.5,   47.3,    3.4,   15.3,    1.9,    0.4,   91.9,   86.6,    8.1,   13.4,    125,      8,      7,.,     16,     14,      9,     34,     38,     19,      6,.,.,     78,     79,    50.7,    43.5,    61.4,    55.2,    50.2,    43.5,    60.9,    54.7,"(CONTRACTS OF JPY 12,500,000)",097741,CME ,097 ,F10,FutOnly
JAPANESE YEN - CHICAGO MERCANTILE EXCHANGE,170725,2017-07-25,097741,CME ,00,097 ,  235140,  115660,   14317,     404,   22294,   57575,    4144,   28154,  110074,    6245,   36790,    3957,     819,  214510,  197535,   20630,   37605,  -14931,   -7122,    -377,       0,    -461,   -1511,    -236,   -9915,  -10722,     535,     420,    -716,    -321,  -17100,  -13348,    2169,   -1583,  100.0,   49.2,    6.1,    0.2,    9.5,   24.5,    1.8,   12.0,   46.8,    2.7,   15.6,    1.7,    0.3,   91.2,   84.0,    8.8,   16.0,    113,     10,      6,.,     13,     17,      9,     25,     33,     15,      6,.,.,     65,     77,    53.1,    46.6,    64.1,    56.8,    52.7,    46.5,    63.7,    56.7,"(CONTRACTS OF JPY 12,500,000)",097741,CME ,097 ,F10,FutOnly
JAPANESE YEN - CHICAGO MERCANTILE EXCHANGE,170718,2017-07-18,097741,CME ,00,097 ,  250071,  122782,   14694,     404,   22755,   59086,    4380,   38069,  120796,    5710,   36370,    4673,    1140,  231610,  210883,   18461,   39188,   10285,   14704,     552,       6,     382,     338,   -1047,   -3252,   11189,    -779,    -435,    -380,     594,   10173,   10473,     112,    -188,  100.0,   49.1,    5.9,    0.2,    9.1,   23.6,    1.8,   15.2,   48.3,    2.3,   14.5,    1.9,    0.5,   92.6,   84.3,    7.4,   15.7,    118,      9,      6,.,     15,     17,      8,     29,     32,     17,      6,      4,.,     68,     80,    49.0,    44.9,    62.6,    56.4,    48.5,    44.8,    62.1,    56.2,"(CONTRACTS OF JPY 12,500,000)",097741,CME ,097 ,F10,FutOnly
JAPANESE YEN - CHICAGO MERCANTILE EXCHANGE,170711,2017-07-11,097741,CME ,00,097 ,  239786,  108078,   14142,     398,   22373,   58748,    5427,   41321,  109607,    6489,   36805,    5053,     546,  221437,  200410,   18349,   39376,   32189,   29768,    1886,      -1,     573,   -6172,     832,   -1315,   31391,    1947,    -961,    3080,     402,   31245,   33365,     944,   -1176,  100.0,   45.1,    5.9,    0.2,    9.3,   24.5,    2.3,   17.2,   45.7,    2.7,   15.3,    2.1,    0.2,   92.3,   83.6,    7.7,   16.4,    127,     10,      6,.,     15,     19,      9,     24,     42,     17,      6,      5,.,     68,     90,    46.5,    40.9,    60.2,    51.8,    46.2,    40.5,    59.9,    51.4,"(CONTRACTS OF JPY 12,500,000)",097741,CME ,097 ,F10,FutOnly
JAPANESE YEN - CHICAGO MERCANTILE EXCHANGE,170703,2017-07-03,097741,CME ,00,097 ,  207597,   78310,   12256,     399,   21800,   64920,    4595,   42636,   78216,    4542,   37766,    1973,     144,  190192,  167045,   17405,   40552,   23892,   15532,     487,      -8,     -68,    4811,     679,    4951,   17647,     442,    2517,   -2500,      25,   24070,   21583,    -178,    2309,  100.0,   37.7,    5.9,    0.2,   10.5,   31.3,    2.2,   20.5,   37.7,    2.2,   18.2,    1.0,    0.1,   91.6,   80.5,    8.4,   19.5,    120,      9,      6,.,     13,     20,      8,     24,     38,     14,      6,      4,.,     63,     85,    44.9,    38.0,    58.1,    47.6,    44.8,    37.7,    57.8,    47.3,"(CONTRACTS OF JPY 12,500,000)",097741,CME ,097 ,F10,FutOnly
JAPANESE YEN - CHICAGO MERCANTILE EXCHANGE,170627,2017-06-27,097741,CME ,00,097 ,  183705,   62778,   11769,     407,   21868,   60109,    3916,   37685,   60569,    4100,   35249,    4473,     119,  166122,  145462,   17583,   38243,   11865,   14468,   -2812,     -47,    -142,    1071,     104,   -3942,    9576,      21,     -21,     -79,     -19,   10422,    7815,    1443,    4050,  100.0,   34.2,    6.4,    0.2,   11.9,   32.7,    2.1,   20.5,   33.0,    2.2,   19.2,    2.4,    0.1,   90.4,   79.2,    9.6,   20.8,    115,     12,      4,      5,     12,     19,      8,     24,     35,     12,      5,      4,.,     64,     79,    42.9,    39.8,    55.7,    49.4,    42.8,    39.7,    55.6,    48.7,"(CONTRACTS OF JPY 12,500,000)",097741,CME ,097 ,F10,FutOnly
JAPANESE YEN - CHICAGO MERCANTILE EXCHANGE,170620,2017-06-20,097741,CME ,00,097 ,  171840,   48310,   14581,     454,   22010,   59038,    3812,   41627,   50993,    4079,   35270,    4552,     138,  155700,  137647,   16140,   34193,  -38777,  -35670,  -30273,   -3025,   -2682,      60,     496,   12132,    -603,   -5731,    3039,     -75,      58,  -31383,  -39093,   -7394,     316,  100.0,   28.1,    8.5,    0.3,   12.8,   34.4,    2.2,   24.2,   29.7,    2.4,   20.5,    2.6,    0.1,   90.6,   80.1,    9.4,   19.9,    111,     10,      5,      5,     12,     19,      8,     24,     32,     11,      4,      5,.,     59,     79,    44.4,    42.1,    55.1,    51.1,    44.3,    42.0,    54.9,    50.5,"(CONTRACTS OF JPY 12,500,000)",097741,CME ,097 ,F10,FutOnly
JAPANESE YEN - CHICAGO MERCANTILE EXCHANGE,170613,2017-06-13,097741,CME ,00,097 ,  210617,   83980,   44854,    3479,   24692,   58978,    3316,   29495,   51596,    9810,   32231,    4627,      80,  187083,  176740,   23534,   33877,  -14932,    1487,    4760,    1597,   -2542,     378,    -165,   -5147,  -12342,   -7936,    2049,     -17,   -1192,  -11849,  -14917,   -3083,     -15,  100.0,   39.9,   21.3,    1.7,   11.7,   28.0,    1.6,   14.0,   24.5,    4.7,   15.3,    2.2,    0.0,   88.8,   83.9,   11.2,   16.1,    117,      7,     10,      4,     15,     17,      9,     22,     36,     19,      5,      5,.,     67,     84,    51.5,    37.2,    60.5,    51.2,    51.5,    36.4,    60.4,    49.7,"(CONTRACTS OF JPY 12,500,000)",097741,CME ,097 ,F10,FutOnly
JAPANESE YEN - CHICAGO MERCANTILE EXCHANGE,170606,2017-06-06,097741,CME ,00,097 ,  225549,   82493,   40094,    1882,   27234,   58600,    3481,   34642,   63938,   17746,   30182,    4644,    1272,  198932,  191657,   26617,   33892,   11822,     248,    4156,     416,    1695,    2884,    -233,   -3215,   -1707,   10684,     329,    1198,   -2787,    7137,   14611,    4685,   -2789,  100.0,   36.6,   17.8,    0.8,   12.1,   26.0,    1.5,   15.4,   28.3,    7.9,   13.4,    2.1,    0.6,   88.2,   85.0,   11.8,   15.0,    126,      7,      9,      5,     15,     17,     10,     30,     35,     25,      5,      5,.,     80,     88,    47.6,    35.6,    57.3,    49.0,    47.0,    35.4,    55.3,    46.6,"(CONTRACTS OF JPY 12,500,000)",097741,CME ,097 ,F10,FutOnly
JAPANESE YEN - CHICAGO MERCANTILE EXCHANGE,170530,2017-05-30,097741,CME ,00,097 ,  213727,   82245,   35938,    1466,   25539,   55716,    3714,   37857,   65645,    7062,   29853,    3446,    4059,  191795,  177046,   21932,   36681,    2429,    1298,    3133,     -47,    -658,   -2609,    -116,     543,    4278,    1043,     567,    -620,    -404,    2226,    4658,     203,   -2229,  100.0,   38.5,   16.8,    0.7,   11.9,   26.1,    1.7,   17.7,   30.7,    3.3,   14.0,    1.6,    1.9,   89.7,   82.8,   10.3,   17.2,    120,      8,      8,      4,     14,     18,     10,     32,     32,     21,      5,.,.,     76,     82,    51.3,    37.1,    60.6,    49.0,    49.3,    37.0,    58.6,    48.3,"(CONTRACTS OF JPY 12,500,000)",097741,CME ,097 ,F10,FutOnly
JAPANESE YEN - CHICAGO MERCANTILE EXCHANGE,170523,2017-05-23,097741,CME ,00,097 ,  211298,   80947,   32805,    1513,   26197,   58325,    3830,   37314,   61367,    6019,   29286,    4066,    4463,  189569,  172388,   21729,   38910,  -11212,  -14237,    1509,     264,    1384,   -5333,     162,       5,   -2493,    -486,    1705,     343,    -649,  -11852,   -6683,     640,   -4529,  100.0,   38.3,   15.5,    0.7,   12.4,   27.6,    1.8,   17.7,   29.0,    2.8,   13.9,    1.9,    2.1,   89.7,   81.6,   10.3,   18.4,    119,      9,      7,      5,     14,     19,      9,     27,     33,     16,      6,      4,.,     69,     83,    50.2,    35.0,    59.4,    47.2,    47.9,    34.9,    57.1,    46.6,"(CONTRACTS OF JPY 12,500,000)",097741,CME ,097 ,F10,FutOnly
JAPANESE YEN - CHICAGO MERCANTILE EXCHANGE,170516,2017-05-16,097741,CME ,00,097 ,  222510,   95184,   31296,    1249,   24813,   63658,    3668,   37309,   63860,    6505,   27581,    3723,    5112,  201421,  179071,   21089,   43439,   19370,   15300,   -9737,     347,    -301,    3773,     -37,     -99,   22148,     643,     906,   -1142,    3658,   20417,   19653,   -1047,    -283,  100.0,   42.8,   14.1,    0.6,   11.2,   28.6,    1.6,   16.8,   28.7,    2.9,   12.4,    1.7,    2.3,   90.5,   80.5,    9.5,   19.5,    121,      9,      7,.,     14,     20,      9,     25,     35,     16,      6,      5,.,     69,     83,    51.1,    30.4,    62.7,    45.3,    48.6,    30.4,    60.3,    44.9,"(CONTRACTS OF JPY 12,500,000)",097741,CME ,097 ,F10,FutOnly
JAPANESE YEN - CHICAGO MERCANTILE EXCHANGE,170509,2017-05-09,097741,CME ,00,097 ,  203140,   79884,   41033,     902,   25114,   59885,    3705,   37408,   41712,    5862,   26675,    4865,    1454,  181004,  159418,   22136,   43722,    6295,    7723,  -23180,     -59,    -525,    4251,    -140,    -548,   16572,   -1686,    3832,    2889,     178,    8775,   -1175,   -2480,    7470,  100.0,   39.3,   20.2,    0.4,   12.4,   29.5,    1.8,   18.4,   20.5,    2.9,   13.1,    2.4,    0.7,   89.1,   78.5,   10.9,   21.5,    123,      8,      8,.,     14,     19,      9,     28,     34,     18,      6,      6,.,     71,     85,    48.1,    30.2,    59.2,    45.2,    47.3,    30.1,    58.4,    44.8,"(CONTRACTS OF JPY 12,500,000)",097741,CME ,097 ,F10,FutOnly
JAPANESE YEN - CHICAGO MERCANTILE EXCHANGE,170502,2017-05-02,097741,CME ,00,097 ,  196845,   72161,   64213,     961,   25639,   55634,    3845,   37956,   25140,    7548,   22843,    1976,    1276,  172229,  160593,   24616,   36252,   -7334,    1687,  -13901,     -62,      69,     138,    -101,   -9247,    1620,    2130,     437,     386,     100,   -4987,   -9690,   -2347,    2356,  100.0,   36.7,   32.6,    0.5,   13.0,   28.3,    2.0,   19.3,   12.8,    3.8,   11.6,    1.0,    0.6,   87.5,   81.6,   12.5,   18.4,    119,      8,     11,.,     15,     19,      9,     31,     28,     19,.,      4,.,     71,     81,    48.3,    35.6,    57.0,    49.3,    47.6,    35.5,    56.3,    48.7,"(CONTRACTS OF JPY 12,500,000)",097741,CME ,097 ,F10,FutOnly
JAPANESE YEN - CHICAGO MERCANTILE EXCHANGE,170425,2017-04-25,097741,CME ,00,097 ,  204179,   70474,   78114,    1023,   25570,   55496,    3946,   47203,   23520,    5418,   22406,    1590,    1176,  177216,  170283,   26963,   33896,     562,    1057,    7559,    -630,     788,    4754,   -1073,    1219,   -7690,     752,     374,    -453,    -269,    2218,    2950,   -1656,   -2388,  100.0,   34.5,   38.3,    0.5,   12.5,   27.2,    1.9,   23.1,   11.5,    2.7,   11.0,    0.8,    0.6,   86.8,   83.4,   13.2,   16.6,    118,      7,     12,.,     15,     19,      9,     27,     32,     14,.,.,.,     66,     80,    47.0,    41.6,    57.0,    54.2,    46.4,    41.6,    56.4,    53.7,"(CONTRACTS OF JPY 12,500,000)",097741,CME ,097 ,F10,FutOnly
JAPANESE YEN - CHICAGO MERCANTILE EXCHANGE,170418,2017-04-18,097741,CME ,00,097 ,  203617,   69417,   70555,    1653,   24782,   50742,    5019,   45984,   31210,    4666,   22032,    2043,    1445,  174998,  167333,   28619,   36284,    5236,   -1023,    8874,     141,      22,   -1573,    -159,    6546,   -1525,      15,   -2140,     599,      57,    3459,    6429,    1777,   -1193,  100.0,   34.1,   34.7,    0.8,   12.2,   24.9,    2.5,   22.6,   15.3,    2.3,   10.8,    1.0,    0.7,   85.9,   82.2,   14.1,   17.8,    115,      6,     12,.,     13,     17,      5,     28,     31,     16,      4,      4,.,     65,     76,    47.0,    38.2,    57.1,    52.2,    46.3,    38.1,    56.4,    51.4,"(CONTRACTS OF JPY 12,500,000)",097741,CME ,097 ,F10,FutOnly
JAPANESE YEN - CHICAGO MERCANTILE EXCHANGE,170411,2017-04-11,097741,CME ,00,097 ,  198381,   70440,   61681,    1512,   24760,   52315,    5178,   39438,   32735,    4651,   24172,    1444,    1388,  171539,  160904,   26842,   37477,    4013,   -1629,    6238,    -217,   -2460,    1342,     928,    3936,   -4484,    1235,    -498,      24,    -217,    1078,    4849,    2935,    -836,  100.0,   35.5,   31.1,    0.8,   12.5,   26.4,    2.6,   19.9,   16.5,    2.3,   12.2,    0.7,    0.7,   86.5,   81.1,   13.5,   18.9,    120,      6,     13,      4,     16,     17,      6,     29,     31,     15,      5,.,.,     72,     76,    48.0,    35.6,    56.1,    50.2,    47.3,    35.5,    55.5,    49.5,"(CONTRACTS OF JPY 12,500,000)",097741,CME ,097 ,F10,FutOnly
JAPANESE YEN - CHICAGO MERCANTILE EXCHANGE,170404,2017-04-04,097741,CME ,00,097 ,  194368,   72069,   55443,    1729,   27220,   50973,    4250,   35502,   37219,    3416,   24670,    1420,    1605,  170461,  156055,   23907,   38313,   -3174,   -1316,   15838,    -437,    1517,   -1701,   -1098,   -3481,  -12608,     225,    1036,    -531,      51,   -3503,    -261,     329,   -2913,  100.0,   37.1,   28.5,    0.9,   14.0,   26.2,    2.2,   18.3,   19.1,    1.8,   12.7,    0.7,    0.8,   87.7,   80.3,   12.3,   19.7,    123,      7,     13,.,     16,     16,      6,     31,     30,     15,      7,.,.,     70,     78,    51.1,    34.5,    59.4,    46.9,    50.3,    34.3,    58.5,    46.3,"(CONTRACTS OF JPY 12,500,000)",097741,CME ,097 ,F10,FutOnly
JAPANESE YEN - CHICAGO MERCANTILE EXCHANGE,170328,2017-03-28,097741,CME ,00,097 ,  197542,   73385,   39605,    2166,   25703,   52674,    5348,   38983,   49827,    3191,   23634,    1951,    1554,  173964,  156316,   23578,   41226,    5916,  -10554,   20278,    1492,    1157,   -2519,     168,    8165,  -13809,     108,     337,      -5,     240,    1113,    5953,    4803,     -37,  100.0,   37.1,   20.0,    1.1,   13.0,   26.7,    2.7,   19.7,   25.2,    1.6,   12.0,    1.0,    0.8,   88.1,   79.1,   11.9,   20.9,    125,      7,     12,.,     14,     17,      5,     34,     31,     17,      6,      4,.,     70,     81,    50.1,    30.8,    58.4,    45.4,    49.3,    30.8,    57.6,    45.2,"(CONTRACTS OF JPY 12,500,000)",097741,CME ,097 ,F10,FutOnly
JAPANESE YEN - CHICAGO MERCANTILE EXCHANGE,170321,2017-03-21,097741,CME ,00,097 ,  191626,   83939,   19327,     674,   24546,   55193,    5180,   30818,   63636,    3083,   23297,    1956,    1314,  172851,  150363,   18775,   41263,  -11021,  -12443,    6126,     674,    1746,   -7168,     714,   -5035,   -5020,      48,     995,   -2718,     -89,  -13390,   -7433,    2369,   -3588,  100.0,   43.8,   10.1,    0.4,   12.8,   28.8,    2.7,   16.1,   33.2,    1.6,   12.2,    1.0,    0.7,   90.2,   78.5,    9.8,   21.5,    116,      9,      7,.,     14,     18,      5,     31,     28,     16,      4,      5,.,     66,     74,    53.7,    37.0,    64.5,    48.7,    53.0,    37.0,    63.9,    48.3,"(CONTRACTS OF JPY 12,500,000)",097741,CME ,097 ,F10,FutOnly
JAPANESE YEN - CHICAGO MERCANTILE EXCHANGE,170314,2017-03-14,097741,CME ,00,097 ,  202647,   96382,   13201,       0,   22800,   62361,    4466,   35853,   68656,    3035,   22302,    4674,    1403,  186241,  157796,   16406,   44851,  -15335,    -795,  -18916,   -4669,    -102,   -4399,     920,    7102,   13360,   -3965,  -15537,    2325,    1374,  -15672,  -13970,     337,   -1365,  100.0,   47.6,    6.5,    0.0,   11.3,   30.8,    2.2,   17.7,   33.9,    1.5,   11.0,    2.3,    0.7,   91.9,   77.9,    8.1,   22.1,    125,      8,      7,      0,     12,     22,      5,     26,     37,     16,      5,      8,.,     62,     86,    54.8,    36.8,    65.1,    46.9,    54.1,    36.8,    64.5,    46.3,"(CONTRACTS OF JPY 12,500,000)",097741,CME ,097 ,F10,FutOnly
JAPANESE YEN - CHICAGO MERCANTILE EXCHANGE,170307,2017-03-07,097741,CME ,00,097 ,  217982,   97177,   32117,    4669,   22902,   66760,    3546,   28751,   55296,    7000,   37839,    2349,      29,  201913,  171766,   16069,   46216,   13380,   16344,  -10655,    1337,   -2219,   14043,      94,    -261,    3439,     290,     763,     896,    -107,   16241,    9337,   -2861,    4043,  100.0,   44.6,   14.7,    2.1,   10.5,   30.6,    1.6,   13.2,   25.4,    3.2,   17.4,    1.1,    0.0,   92.6,   78.8,    7.4,   21.2,    121,     10,      8,      4,     12,     22,      5,     25,     32,     19,      6,      5,.,     67,     83,    48.6,    34.0,    64.5,    50.0,    48.6,    32.3,    64.1,    48.2,"(CONTRACTS OF JPY 12,500,000)",097741,CME ,097 ,F10,FutOnly
JAPANESE YEN - CHICAGO MERCANTILE EXCHANGE,170228,2017-02-28,097741,CME ,00,097 ,  204602,   80833,   42772,    3332,   25121,   52717,    3452,   29012,   51857,    6710,   37076,    1453,     136,  185672,  162429,   18930,   42173,    -621,   -2179,    7044,    -106,     476,   -2357,    -128,    2688,   -2069,    2300,     218,    -679,   -5535,   -2266,   -1530,    1645,     909,  100.0,   39.5,   20.9,    1.6,   12.3,   25.8,    1.7,   14.2,   25.3,    3.3,   18.1,    0.7,    0.1,   90.7,   79.4,    9.3,   20.6,    121,      9,      7,      4,     14,     20,      6,     28,     37,     20,.,      4,.,     68,     85,    50.4,    37.4,    62.5,    50.1,    50.4,    36.1,    62.2,    48.5,"(CONTRACTS OF JPY 12,500,000)",097741,CME ,097 ,F10,FutOnly
JAPANESE YEN - CHICAGO MERCANTILE EXCHANGE,170221,2017-02-21,097741,CME ,00,097 ,  205223,   83012,   35728,    3438,   24645,   55074,    3580,   26324,   53926,    4410,   36858,    2132,    5671,  187938,  163959,   17285,   41264,     946,   -3312,    1601,     681,    1892,     847,    -506,    3449,    -709,    -754,     193,     726,     -58,    1585,    1828,    -639,    -882,  100.0,   40.4,   17.4,    1.7,   12.0,   26.8,    1.7,   12.8,   26.3,    2.1,   18.0,    1.0,    2.8,   91.6,   79.9,    8.4,   20.1,    123,     11,      8,      4,     15,     19,      6,     23,     39,     14,      4,      4,.,     65,     85,    52.4,    35.9,    64.0,    48.4,    49.6,    34.7,    60.9,    46.4,"(CONTRACTS OF JPY 12,500,000)",097741,CME ,097 ,F10,FutOnly
JAPANESE YEN - CHICAGO MERCANTILE EXCHANGE,170214,2017-02-14,097741,CME ,00,097 ,  204277,   86324,   34127,    2757,   22753,   54227,    4086,   22875,   54635,    5164,   36665,    1406,    5729,  186353,  162131,   17924,   42146,    2645,    4250,    2126,     500,   -1146,    4842,    -160,   -2192,   -5072,     -15,     661,    -583,    -497,    1401,    1141,    1244,    1504,  100.0,   42.3,   16.7,    1.3,   11.1,   26.5,    2.0,   11.2,   26.7,    2.5,   17.9,    0.7,    2.8,   91.2,   79.4,    8.8,   20.6,    119,     11,      7,      4,     12,     20,      5,     24,     39,     13,.,.,.,     62,     82,    53.0,    34.3,    65.0,    46.2,    50.3,    33.4,    61.9,    44.4,"(CONTRACTS OF JPY 12,500,000)",097741,CME ,097 ,F10,FutOnly
JAPANESE YEN - CHICAGO MERCANTILE EXCHANGE,170207,2017-02-07,097741,CME ,00,097 ,  201632,   82074,   32001,    2257,   23899,   49385,    4246,   25067,   59707,    5179,   36004,    1989,    6226,  184952,  160990,   16680,   40642,   -2862,    3046,     -69,     290,   -1633,    3575,    -710,   -4051,   -5151,     487,    1313,    -541,    -943,   -2201,   -3062,    -661,     200,  100.0,   40.7,   15.9,    1.1,   11.9,   24.5,    2.1,   12.4,   29.6,    2.6,   17.9,    1.0,    3.1,   91.7,   79.8,    8.3,   20.2,    116,     11,      6,      4,     14,     18,      6,     22,     38,     14,.,      4,.,     64,     79,    53.2,    34.3,    65.4,    46.0,    50.2,    33.6,    62.0,    44.1,"(CONTRACTS OF JPY 12,500,000)",097741,CME ,097 ,F10,FutOnly
JAPANESE YEN - CHICAGO MERCANTILE EXCHANGE,170131,2017-01-31,097741,CME ,00,097 ,  204494,   79028,   32070,    1967,   25532,   45810,    4956,   29118,   64858,    4692,   34691,    2530,    7169,  187153,  164052,   17341,   40442,    7729,   -1533,   19766,     813,     593,    -573,   -1075,    4940,   -6834,    -113,    1793,    -654,    -328,    5090,   11002,    2639,   -3273,  100.0,   38.6,   15.7,    1.0,   12.5,   22.4,    2.4,   14.2,   31.7,    2.3,   17.0,    1.2,    3.5,   91.5,   80.2,    8.5,   19.8,    122,     10,      7,      4,     12,     20,      6,     23,     41,     11,.,      6,.,     58,     88,    53.6,    32.0,    65.6,    45.8,    50.1,    31.4,    61.8,    43.5,"(CONTRACTS OF JPY 12,500,000)",097741,CME ,097 ,F10,FutOnly
JAPANESE YEN - CHICAGO MERCANTILE EXCHANGE,170124,2017-01-24,097741,CME ,00,097 ,  196765,   80561,   12304,    1154,   24939,   46383,    6031,   24178,   71692,    4805,   32898,    3184,    7497,  182063,  153050,   14702,   43715,  -14987,  -14080,   -5900,     179,    1278,   -3296,     260,   -1602,   -2997,   -1210,    1156,    -685,    -424,  -14443,  -14073,    -544,    -914,  100.0,   40.9,    6.3,    0.6,   12.7,   23.6,    3.1,   12.3,   36.4,    2.4,   16.7,    1.6,    3.8,   92.5,   77.8,    7.5,   22.2,    116,      9,      8,.,     12,     22,      6,     19,     40,     13,.,      4,.,     54,     87,    55.7,    29.9,    68.5,    39.6,    52.0,    28.4,    64.6,    36.4,"(CONTRACTS OF JPY 12,500,000)",097741,CME ,097 ,F10,FutOnly
JAPANESE YEN - CHICAGO MERCANTILE EXCHANGE,170117,2017-01-17,097741,CME ,00,097 ,  211752,   94641,   18204,     975,   23661,   49679,    5771,   25780,   74689,    6015,   31742,    3869,    7921,  196506,  167123,   15246,   44629,    2264,      33,    8013,     212,    2318,   -1352,    -509,     338,   -4776,    1494,     220,    -610,      76,    4182,    2548,   -1918,    -284,  100.0,   44.7,    8.6,    0.5,   11.2,   23.5,    2.7,   12.2,   35.3,    2.8,   15.0,    1.8,    3.7,   92.8,   78.9,    7.2,   21.1,    123,     10,      9,.,     10,     21,      6,     22,     43,     16,.,      5,.,     56,     94,    52.8,    30.7,    67.9,    42.7,    49.1,    30.1,    63.9,    40.1,"(CONTRACTS OF JPY 12,500,000)",097741,CME ,097 ,F10,FutOnly
JAPANESE YEN - CHICAGO MERCANTILE EXCHANGE,170110,2017-01-10,097741,CME ,00,097 ,  209488,   94608,   10191,     763,   21343,   51031,    6280,   25442,   79465,    4521,   31522,    4479,    7845,  192324,  164575,   17164,   44913,  -10632,  -17571,    6506,     756,     178,   -2327,    -938,   -1511,  -20332,    2232,   -1106,   -4407,    7641,  -10319,  -10869,    -313,     237,  100.0,   45.2,    4.9,    0.4,   10.2,   24.4,    3.0,   12.1,   37.9,    2.2,   15.0,    2.1,    3.7,   91.8,   78.6,    8.2,   21.4,    127,     10,      9,.,     10,     23,      7,     24,     40,     10,      4,      7,.,     59,     90,    53.1,    32.2,    68.4,    42.1,    49.4,    31.2,    64.4,    39.0,"(CONTRACTS OF JPY 12,500,000)",097741,CME ,097 ,F10,FutOnly
JAPANESE YEN - CHICAGO MERCANTILE EXCHANGE,170103,2017-01-03,097741,CME ,00,097 ,  220120,  112179,    3685,       7,   21165,   53358,    7218,   26953,   99797,    2289,   32628,    8886,     204,  202643,  175444,   17477,   44676,     777,    3491,     506,       0,     237,    3191,    -979,   -3416,    4890,     703,     209,   -8445,      35,     280,     -99,     497,     876,  100.0,   51.0,    1.7,    0.0,    9.6,   24.2,    3.3,   12.2,   45.3,    1.0,   14.8,    4.0,    0.1,   92.1,   79.7,    7.9,   20.3,    137,     13,      8,.,     11,     24,      8,     26,     42,     11,.,     10,.,     62,     98,    47.2,    36.8,    65.0,    46.6,    47.2,    36.8,    65.0,    45.2,"(CONTRACTS OF JPY 12,500,000)",097741,CME ,097 ,F10,FutOnly
EURO FX - CHICAGO MERCANTILE EXCHANGE,171226,2017-12-26,099741,CME ,00,099 ,  497744,   42077,  219797,    6325,  229430,  105292,   23873,   77098,   76535,   12798,   21316,    7561,     221,  413138,  452402,   84606,   45342,   12122,   -1112,    4032,       6,   -3963,     607,     247,    9646,    6738,       8,    2010,     931,    -492,    6350,   12077,    5772,      45,  100.0,    8.5,   44.2,    1.3,   46.1,   21.2,    4.8,   15.5,   15.4,    2.6,    4.3,    1.5,    0.0,   83.0,   90.9,   17.0,    9.1,    250,     18,     16,     11,     75,     29,     37,     44,     32,     19,     25,     11,.,    183,    136,    22.5,    41.9,    30.5,    57.3,    21.9,    41.8,    29.5,    56.0,"(CONTRACTS OF EUR 125,000)",099741,CME ,099 ,F10,FutOnly
EURO FX - CHICAGO MERCANTILE EXCHANGE,171219,2017-12-19,099741,CME ,00,099 ,  485622,   43189,  215765,    6319,  233393,  104685,   23626,   67452,   69797,   12790,   19306,    6630,     713,  406788,  440325,   78834,   45297,  -20122,    1730,   -2122,    -555,    -147,   -1310,    1002,   -3468,   13994,  -16975,     683,     132,    -864,  -18594,   -6698,   -1528,  -13424,  100.0,    8.9,   44.4,    1.3,   48.1,   21.6,    4.9,   13.9,   14.4,    2.6,    4.0,    1.4,    0.1,   83.8,   90.7,   16.2,    9.3,    252,     20,     16,     11,     73,     29,     38,     45,     34,     21,     23,     12,.,    184,    141,    24.1,    42.2,    32.2,    56.9,    23.6,    42.1,    31.1,    55.5,"(CONTRACTS OF EUR 125,000)",099741,CME ,099 ,F10,FutOnly
EURO FX - CHICAGO MERCANTILE EXCHANGE,171212,2017-12-12,099741,CME ,00,099 ,  505744,   41459,  217887,    6874,  233540,  105995,   22624,   70920,   55803,   29765,   18623,    6498,    1577,  425382,  447023,   80362,   58721,    6620,    3094,   -4145,   -4495,   -1675,    6045,    2353,   -8634,  -16200,   12213,    2596,    -106,     626,    6078,   -3709,     542,   10329,  100.0,    8.2,   43.1,    1.4,   46.2,   21.0,    4.5,   14.0,   11.0,    5.9,    3.7,    1.3,    0.3,   84.1,   88.4,   15.9,   11.6,    246,     16,     20,     13,     70,     32,     38,     40,     33,     31,     22,     11,      8,    178,    158,    23.4,    33.0,    32.8,    48.2,    22.9,    32.3,    32.2,    47.5,"(CONTRACTS OF EUR 125,000)",099741,CME ,099 ,F10,FutOnly
EURO FX - CHICAGO MERCANTILE EXCHANGE,171205,2017-12-05,099741,CME ,00,099 ,  499124,   38365,  222032,   11369,  235215,   99950,   20271,   79554,   72003,   17552,   16027,    6604,     951,  419304,  450732,   79820,   48392,    3563,    2093,   -3028,    5916,   -4270,    1867,    -100,   -1270,   -1892,    2290,   -1095,   -2221,     -79,    3485,    2753,      78,     810,  100.0,    7.7,   44.5,    2.3,   47.1,   20.0,    4.1,   15.9,   14.4,    3.5,    3.2,    1.3,    0.2,   84.0,   90.3,   16.0,    9.7,    246,     16,     20,     13,     72,     32,     36,     43,     32,     23,     20,     10,.,    177,    144,    23.5,    34.7,    32.8,    49.6,    23.0,    33.1,    32.2,    48.0,"(CONTRACTS OF EUR 125,000)",099741,CME ,099 ,F10,FutOnly
EURO FX - CHICAGO MERCANTILE EXCHANGE,171128,2017-11-28,099741,CME ,00,099 ,  495561,   36272,  225060,    5453,  239485,   98083,   20371,   80824,   73895,   15262,   17122,    8825,    1030,  415819,  447979,   79742,   47582,   30254,   -2287,   18232,    1589,    9007,   -2985,    1483,   13689,   16353,    -447,     421,    -248,     337,   23792,   34314,    6462,   -4060,  100.0,    7.3,   45.4,    1.1,   48.3,   19.8,    4.1,   16.3,   14.9,    3.1,    3.5,    1.8,    0.2,   83.9,   90.4,   16.1,    9.6,    248,     17,     19,     15,     72,     32,     37,     45,     30,     23,     19,     13,      7,    185,    145,    23.4,    34.0,    32.7,    48.4,    23.0,    33.5,    32.1,    47.9,"(CONTRACTS OF EUR 125,000)",099741,CME ,099 ,F10,FutOnly
EURO FX - CHICAGO MERCANTILE EXCHANGE,171121,2017-11-21,099741,CME ,00,099 ,  465307,   38559,  206828,    3864,  230478,  101068,   18888,   67135,   57542,   15709,   16701,    9073,     693,  392027,  413665,   73280,   51642,   -2535,     -47,   58527,     313,    7384,    5468,    1978,  -12193,  -17930,     817,     190,  -46692,    -942,   -2500,    1539,     -35,   -4074,  100.0,    8.3,   44.4,    0.8,   49.5,   21.7,    4.1,   14.4,   12.4,    3.4,    3.6,    1.9,    0.1,   84.3,   88.9,   15.7,   11.1,    244,     15,     19,     12,     72,     32,     37,     40,     32,     21,     19,     15,      5,    174,    145,    25.0,    34.1,    34.5,    48.2,    24.5,    33.8,    33.8,    47.9,"(CONTRACTS OF EUR 125,000)",099741,CME ,099 ,F10,FutOnly
EURO FX - CHICAGO MERCANTILE EXCHANGE,171114,2017-11-14,099741,CME ,00,099 ,  467842,   38606,  148301,    3551,  223094,   95600,   16910,   79328,   75472,   14892,   16511,   55765,    1635,  394527,  412126,   73315,   55716,   21340,    1078,   12114,    -433,    4354,   -4638,    -135,   17197,   17897,   -2386,    -231,    1251,    -609,   18835,   23061,    2505,   -1721,  100.0,    8.3,   31.7,    0.8,   47.7,   20.4,    3.6,   17.0,   16.1,    3.2,    3.5,   11.9,    0.3,   84.3,   88.1,   15.7,   11.9,    250,     16,     18,     11,     70,     30,     38,     47,     34,     22,     19,     14,      7,    179,    149,    24.1,    32.4,    32.9,    45.4,    23.7,    32.2,    32.3,    45.1,"(CONTRACTS OF EUR 125,000)",099741,CME ,099 ,F10,FutOnly
EURO FX - CHICAGO MERCANTILE EXCHANGE,171107,2017-11-07,099741,CME ,00,099 ,  446502,   37528,  136187,    3984,  218740,  100238,   17045,   62131,   57575,   17278,   16742,   54514,    2244,  375692,  389065,   70810,   57437,    6118,   -2854,   12126,     790,    4359,   -1910,     898,    3013,   -1600,    -373,     190,   -1570,    -295,    5728,    8066,     390,   -1948,  100.0,    8.4,   30.5,    0.9,   49.0,   22.4,    3.8,   13.9,   12.9,    3.9,    3.7,   12.2,    0.5,   84.1,   87.1,   15.9,   12.9,    239,     16,     12,     10,     63,     34,     37,     40,     38,     23,     22,     12,      6,    167,    148,    25.1,    32.2,    34.7,    45.7,    24.6,    31.8,    34.0,    45.3,"(CONTRACTS OF EUR 125,000)",099741,CME ,099 ,F10,FutOnly
EURO FX - CHICAGO MERCANTILE EXCHANGE,171031,2017-10-31,099741,CME ,00,099 ,  440384,   40382,  124061,    3194,  214381,  102148,   16147,   59118,   59175,   17651,   16552,   56084,    2539,  369964,  380999,   70420,   59385,   -4634,    1754,  -10752,      21,    6211,    3218,     492,   -9999,     217,    -784,     813,   -4963,     338,   -1154,  -12213,   -3480,    7579,  100.0,    9.2,   28.2,    0.7,   48.7,   23.2,    3.7,   13.4,   13.4,    4.0,    3.8,   12.7,    0.6,   84.0,   86.5,   16.0,   13.5,    238,     17,     14,     11,     63,     33,     37,     36,     43,     18,     20,     10,      6,    163,    147,    24.7,    31.2,    35.1,    44.4,    24.3,    30.8,    34.4,    43.9,"(CONTRACTS OF EUR 125,000)",099741,CME ,099 ,F10,FutOnly
EURO FX - CHICAGO MERCANTILE EXCHANGE,171024,2017-10-24,099741,CME ,00,099 ,  445018,   38628,  134813,    3173,  208170,   98930,   15655,   69117,   58958,   18435,   15739,   61047,    2201,  371118,  393212,   73900,   51806,   -1320,    -953,   -2419,     262,    1467,    1625,     -88,   -1314,    3861,    1358,   -2552,   -4963,      -6,   -1826,    -370,     506,    -950,  100.0,    8.7,   30.3,    0.7,   46.8,   22.2,    3.5,   15.5,   13.2,    4.1,    3.5,   13.7,    0.5,   83.4,   88.4,   16.6,   11.6,    238,     15,     15,     11,     65,     33,     40,     39,     42,     23,     17,     11,.,    167,    148,    23.7,    35.1,    34.2,    48.1,    23.2,    34.6,    33.6,    47.5,"(CONTRACTS OF EUR 125,000)",099741,CME ,099 ,F10,FutOnly
EURO FX - CHICAGO MERCANTILE EXCHANGE,171017,2017-10-17,099741,CME ,00,099 ,  446338,   39581,  137232,    2911,  206703,   97305,   15743,   70431,   55097,   17077,   18291,   66010,    2207,  372944,  393582,   73394,   52756,   -4410,    3806,    3605,     931,    1626,   -1319,    -188,  -10170,   -2697,   -1933,   -1030,   -3084,    1888,   -5070,   -2797,     660,   -1613,  100.0,    8.9,   30.7,    0.7,   46.3,   21.8,    3.5,   15.8,   12.3,    3.8,    4.1,   14.8,    0.5,   83.6,   88.2,   16.4,   11.8,    239,     16,     16,     11,     63,     34,     39,     37,     37,     21,     18,     16,      5,    165,    150,    24.3,    36.2,    34.8,    49.0,    23.8,    35.7,    33.9,    48.4,"(CONTRACTS OF EUR 125,000)",099741,CME ,099 ,F10,FutOnly
EURO FX - CHICAGO MERCANTILE EXCHANGE,171010,2017-10-10,099741,CME ,00,099 ,  450748,   35775,  133627,    1980,  205077,   98624,   15931,   80601,   57794,   19010,   19321,   69094,     319,  378014,  396379,   72734,   54369,   12085,   -1437,    7466,     292,    4499,   -2754,    -598,   11462,    6964,    1064,   -2203,     535,      36,   13115,   13005,   -1030,    -920,  100.0,    7.9,   29.6,    0.4,   45.5,   21.9,    3.5,   17.9,   12.8,    4.2,    4.3,   15.3,    0.1,   83.9,   87.9,   16.1,   12.1,    245,     14,     17,     11,     64,     34,     40,     43,     38,     25,     19,     14,      5,    174,    152,    24.0,    35.2,    34.3,    47.7,    23.5,    35.1,    33.6,    47.6,"(CONTRACTS OF EUR 125,000)",099741,CME ,099 ,F10,FutOnly
EURO FX - CHICAGO MERCANTILE EXCHANGE,171003,2017-10-03,099741,CME ,00,099 ,  438663,   37212,  126161,    1688,  200578,  101378,   16529,   69139,   50830,   17946,   21524,   68559,     283,  364899,  383374,   73764,   55289,    9552,    2959,    3907,    -150,    4040,    5222,    -186,    -873,     551,    4685,    1213,   -4315,    -282,   11406,    9432,   -1854,     120,  100.0,    8.5,   28.8,    0.4,   45.7,   23.1,    3.8,   15.8,   11.6,    4.1,    4.9,   15.6,    0.1,   83.2,   87.4,   16.8,   12.6,    243,     16,     15,     10,     60,     35,     39,     41,     39,     19,     23,     13,      4,    169,    146,    24.2,    34.9,    34.8,    47.9,    23.7,    34.9,    34.0,    47.7,"(CONTRACTS OF EUR 125,000)",099741,CME ,099 ,F10,FutOnly
EURO FX - CHICAGO MERCANTILE EXCHANGE,170926,2017-09-26,099741,CME ,00,099 ,  429111,   34253,  122254,    1838,  196538,   96156,   16715,   70012,   50279,   13261,   20311,   72874,     565,  353493,  373942,   75618,   55169,   -1997,    3050,   18240,     387,    2129,    3280,   -1198,   -8280,  -26854,    2519,     524,   -1379,      30,    -839,   -4975,   -1158,    2978,  100.0,    8.0,   28.5,    0.4,   45.8,   22.4,    3.9,   16.3,   11.7,    3.1,    4.7,   17.0,    0.1,   82.4,   87.1,   17.6,   12.9,    239,     15,     16,      9,     60,     34,     38,     38,     39,     22,     22,     14,      5,    167,    146,    25.2,    35.5,    36.0,    48.2,    24.7,    35.5,    35.2,    48.1,"(CONTRACTS OF EUR 125,000)",099741,CME ,099 ,F10,FutOnly
EURO FX - CHICAGO MERCANTILE EXCHANGE,170919,2017-09-19,099741,CME ,00,099 ,  431108,   31203,  104014,    1451,  194409,   92876,   17913,   78292,   77133,   10742,   19787,   74253,     535,  354332,  378917,   76776,   52191,  -56317,  -14505,  -48048,   -7936,    4462,   -1520,     330,   -6350,   15545,  -16153,     387,   12475,   -4590,  -44355,  -49897,  -11962,   -6420,  100.0,    7.2,   24.1,    0.3,   45.1,   21.5,    4.2,   18.2,   17.9,    2.5,    4.6,   17.2,    0.1,   82.2,   87.9,   17.8,   12.1,    245,     13,     18,      9,     61,     36,     41,     40,     39,     16,     20,     18,      6,    168,    149,    27.1,    32.7,    37.9,    47.7,    26.7,    32.7,    37.2,    47.5,"(CONTRACTS OF EUR 125,000)",099741,CME ,099 ,F10,FutOnly
EURO FX - CHICAGO MERCANTILE EXCHANGE,170912,2017-09-12,099741,CME ,00,099 ,  487425,   45708,  152062,    9387,  189947,   94396,   17583,   84642,   61588,   26895,   19400,   61778,    5125,  398687,  428814,   88738,   58611,   22437,    7364,  -13078,    5500,  -14633,     523,    2085,    2665,    9668,    9813,   -1052,    2999,     968,   12710,   18478,    9727,    3959,  100.0,    9.4,   31.2,    1.9,   39.0,   19.4,    3.6,   17.4,   12.6,    5.5,    4.0,   12.7,    1.1,   81.8,   88.0,   18.2,   12.0,    245,     16,     15,     12,     61,     37,     39,     38,     39,     28,     18,     17,      9,    178,    155,    24.0,    35.7,    34.5,    47.9,    23.6,    34.3,    33.4,    45.8,"(CONTRACTS OF EUR 125,000)",099741,CME ,099 ,F10,FutOnly
EURO FX - CHICAGO MERCANTILE EXCHANGE,170905,2017-09-05,099741,CME ,00,099 ,  464988,   38344,  165140,    3887,  204580,   93873,   15498,   81977,   51920,   17082,   20452,   58779,    4157,  385977,  410336,   79011,   54652,   -4319,   -1385,   -2445,   -1013,    5284,    1278,   -1070,    -512,     237,    1238,   -3384,   -1949,     -25,    -867,   -3749,   -3452,    -570,  100.0,    8.2,   35.5,    0.8,   44.0,   20.2,    3.3,   17.6,   11.2,    3.7,    4.4,   12.6,    0.9,   83.0,   88.2,   17.0,   11.8,    247,     14,     18,     11,     66,     34,     39,     38,     39,     26,     22,     15,      6,    176,    153,    25.1,    37.2,    34.8,    50.2,    24.7,    36.4,    34.3,    49.4,"(CONTRACTS OF EUR 125,000)",099741,CME ,099 ,F10,FutOnly
EURO FX - CHICAGO MERCANTILE EXCHANGE,170829,2017-08-29,099741,CME ,00,099 ,  469307,   39729,  167585,    4900,  199296,   92595,   16568,   82489,   51683,   15844,   23836,   60728,    4182,  386844,  414085,   82463,   55222,    4862,   -3862,     878,    -287,    -144,    -220,   -1151,    1988,   -4974,    2191,     390,    3379,     809,     -66,     625,    4928,    4237,  100.0,    8.5,   35.7,    1.0,   42.5,   19.7,    3.5,   17.6,   11.0,    3.4,    5.1,   12.9,    0.9,   82.4,   88.2,   17.6,   11.8,    252,     16,     16,     13,     64,     35,     44,     48,     36,     21,     21,     15,      4,    184,    150,    23.1,    37.5,    32.7,    50.8,    22.8,    36.6,    32.2,    49.7,"(CONTRACTS OF EUR 125,000)",099741,CME ,099 ,F10,FutOnly
EURO FX - CHICAGO MERCANTILE EXCHANGE,170822,2017-08-22,099741,CME ,00,099 ,  464445,   43591,  166707,    5187,  199440,   92815,   17719,   80501,   56657,   13653,   23446,   57349,    3373,  386910,  413460,   77535,   50985,    2297,   -4469,    5265,     683,   -2563,    1877,      83,   10307,   -4177,   -2851,    -207,    1551,    -348,     635,    2083,    1662,     214,  100.0,    9.4,   35.9,    1.1,   42.9,   20.0,    3.8,   17.3,   12.2,    2.9,    5.0,   12.3,    0.7,   83.3,   89.0,   16.7,   11.0,    258,     17,     17,     11,     64,     36,     43,     45,     40,     23,     22,     16,      6,    185,    156,    22.9,    37.2,    32.9,    50.6,    22.5,    36.5,    32.4,    49.8,"(CONTRACTS OF EUR 125,000)",099741,CME ,099 ,F10,FutOnly
EURO FX - CHICAGO MERCANTILE EXCHANGE,170815,2017-08-15,099741,CME ,00,099 ,  462148,   48060,  161442,    4504,  202003,   90938,   17636,   70194,   60834,   16504,   23653,   55798,    3721,  386275,  411377,   75873,   50771,     996,    1162,   -5045,     740,   17968,    4515,     -15,  -13274,    2699,    -700,    -901,    -217,    -378,    4602,    1599,   -3606,    -603,  100.0,   10.4,   34.9,    1.0,   43.7,   19.7,    3.8,   15.2,   13.2,    3.6,    5.1,   12.1,    0.8,   83.6,   89.0,   16.4,   11.0,    255,     17,     17,     11,     63,     36,     43,     44,     41,     23,     22,     14,      8,    183,    157,    22.5,    36.0,    32.8,    49.2,    22.1,    35.2,    32.3,    48.3,"(CONTRACTS OF EUR 125,000)",099741,CME ,099 ,F10,FutOnly
EURO FX - CHICAGO MERCANTILE EXCHANGE,170808,2017-08-08,099741,CME ,00,099 ,  461152,   46898,  166487,    3764,  184035,   86423,   17651,   83468,   58135,   17204,   24554,   56015,    4099,  381673,  409778,   79479,   51374,    3898,    1582,   14786,     558,   -5136,    2950,    -161,   10475,   -8161,   -2568,    -637,   -1110,     609,    4722,    6903,    -824,   -3005,  100.0,   10.2,   36.1,    0.8,   39.9,   18.7,    3.8,   18.1,   12.6,    3.7,    5.3,   12.1,    0.9,   82.8,   88.9,   17.2,   11.1,    261,     19,     17,     11,     64,     36,     44,     43,     40,     24,     25,     16,      6,    186,    160,    20.5,    36.0,    30.3,    48.5,    20.1,    35.3,    29.8,    47.7,"(CONTRACTS OF EUR 125,000)",099741,CME ,099 ,F10,FutOnly
EURO FX - CHICAGO MERCANTILE EXCHANGE,170801,2017-08-01,099741,CME ,00,099 ,  457254,   45316,  151701,    3206,  189171,   83473,   17812,   72993,   66296,   19772,   25191,   57125,    3490,  376951,  402875,   80303,   54379,    8168,      89,    3507,     307,     415,    2277,     992,    4705,   -1640,    5508,   -5041,   -2745,     555,    7530,    8761,     638,    -593,  100.0,    9.9,   33.2,    0.7,   41.4,   18.3,    3.9,   16.0,   14.5,    4.3,    5.5,   12.5,    0.8,   82.4,   88.1,   17.6,   11.9,    260,     17,     18,     12,     64,     35,     44,     47,     40,     24,     24,     14,      5,    187,    158,    18.7,    34.0,    28.5,    47.2,    18.3,    33.3,    28.0,    46.0,"(CONTRACTS OF EUR 125,000)",099741,CME ,099 ,F10,FutOnly
EURO FX - CHICAGO MERCANTILE EXCHANGE,170725,2017-07-25,099741,CME ,00,099 ,  449086,   45227,  148194,    2899,  188756,   81196,   16820,   68288,   67936,   14264,   30232,   59870,    2935,  369421,  394114,   79665,   54972,    2827,    9782,    2073,    -189,     -83,    2110,    1781,   -9366,   -3259,    1269,     190,   -2839,     823,    4207,    1769,   -1380,    1058,  100.0,   10.1,   33.0,    0.6,   42.0,   18.1,    3.7,   15.2,   15.1,    3.2,    6.7,   13.3,    0.7,   82.3,   87.8,   17.7,   12.2,    259,     15,     18,     12,     60,     34,     40,     48,     40,     19,     29,     14,.,    183,    150,    20.6,    34.3,    30.5,    47.6,    20.2,    33.6,    30.0,    46.5,"(CONTRACTS OF EUR 125,000)",099741,CME ,099 ,F10,FutOnly
EURO FX - CHICAGO MERCANTILE EXCHANGE,170718,2017-07-18,099741,CME ,00,099 ,  446259,   35445,  146121,    3088,  188839,   79086,   15039,   77654,   71195,   12995,   30042,   62709,    2112,  365214,  392345,   81045,   53914,    9360,   -4167,    6936,    1169,    6807,    1896,     -88,    4981,   -1188,      -2,   -1493,    1398,     939,    8146,   11060,    1214,   -1700,  100.0,    7.9,   32.7,    0.7,   42.3,   17.7,    3.4,   17.4,   16.0,    2.9,    6.7,   14.1,    0.5,   81.8,   87.9,   18.2,   12.1,    247,     13,     18,     11,     55,     33,     38,     45,     34,     21,     33,     15,      6,    177,    146,    22.7,    33.8,    33.4,    47.3,    22.4,    33.4,    33.0,    46.6,"(CONTRACTS OF EUR 125,000)",099741,CME ,099 ,F10,FutOnly
EURO FX - CHICAGO MERCANTILE EXCHANGE,170711,2017-07-11,099741,CME ,00,099 ,  436899,   39612,  139185,    1919,  182032,   77190,   15127,   72673,   72383,   12997,   31535,   61311,    1173,  357068,  381285,   79831,   55614,   14403,    1142,   11995,     501,    3849,    6697,    2769,    4356,   -2547,    -243,   -1177,   -6335,      11,   11208,   12848,    3195,    1555,  100.0,    9.1,   31.9,    0.4,   41.7,   17.7,    3.5,   16.6,   16.6,    3.0,    7.2,   14.0,    0.3,   81.7,   87.3,   18.3,   12.7,    248,     14,     17,     10,     52,     33,     38,     41,     39,     28,     35,     16,      5,    181,    148,    21.6,    33.0,    31.5,    45.9,    21.3,    32.9,    31.2,    45.3,"(CONTRACTS OF EUR 125,000)",099741,CME ,099 ,F10,FutOnly
EURO FX - CHICAGO MERCANTILE EXCHANGE,170703,2017-07-03,099741,CME ,00,099 ,  422496,   38470,  127190,    1418,  178183,   70493,   12358,   68317,   74930,   13240,   32712,   67646,    1162,  345860,  368437,   76636,   54059,   21936,    4942,   28421,    -149,    5213,    2274,    1047,    1361,    -173,    2178,    1027,  -12212,      16,   15635,   21402,    6301,     534,  100.0,    9.1,   30.1,    0.3,   42.2,   16.7,    2.9,   16.2,   17.7,    3.1,    7.7,   16.0,    0.3,   81.9,   87.2,   18.1,   12.8,    250,     14,     18,      9,     54,     31,     35,     42,     36,     21,     35,     19,      5,    175,    145,    22.8,    31.3,    31.8,    44.1,    22.5,    31.3,    31.4,    43.7,"(CONTRACTS OF EUR 125,000)",099741,CME ,099 ,F10,FutOnly
EURO FX - CHICAGO MERCANTILE EXCHANGE,170627,2017-06-27,099741,CME ,00,099 ,  400560,   33528,   98769,    1567,  172970,   68219,   11311,   66956,   75103,   11062,   31685,   79858,    1146,  330225,  347035,   70335,   53525,   21291,     358,   14301,      82,    6286,   -2150,     661,    7501,     673,    1320,     956,    3784,     -37,   17127,   18634,    4164,    2657,  100.0,    8.4,   24.7,    0.4,   43.2,   17.0,    2.8,   16.7,   18.7,    2.8,    7.9,   19.9,    0.3,   82.4,   86.6,   17.6,   13.4,    247,     13,     16,     10,     54,     30,     35,     42,     39,     24,     32,     20,      5,    171,    150,    24.5,    28.0,    32.9,    41.1,    24.2,    28.0,    32.5,    40.9,"(CONTRACTS OF EUR 125,000)",099741,CME ,099 ,F10,FutOnly
EURO FX - CHICAGO MERCANTILE EXCHANGE,170620,2017-06-20,099741,CME ,00,099 ,  379269,   33170,   84468,    1485,  166684,   70369,   10650,   59455,   74430,    9742,   30729,   76074,    1183,  313098,  328401,   66171,   50868,  -95031,  -47233,  -82115,  -18589,   -1978,     984,    -292,   -2241,   22735,  -13640,     506,   11878,   -3405,  -86872,  -82444,   -8159,  -12587,  100.0,    8.7,   22.3,    0.4,   43.9,   18.6,    2.8,   15.7,   19.6,    2.6,    8.1,   20.1,    0.3,   82.6,   86.6,   17.4,   13.4,    242,     13,     15,      9,     52,     31,     38,     38,     41,     22,     34,     18,      5,    167,    149,    25.4,    27.8,    34.4,    38.9,    25.1,    27.8,    33.9,    38.6,"(CONTRACTS OF EUR 125,000)",099741,CME ,099 ,F10,FutOnly
EURO FX - CHICAGO MERCANTILE EXCHANGE,170613,2017-06-13,099741,CME ,00,099 ,  474300,   80403,  166583,   20074,  168662,   69385,   10942,   61696,   51695,   23382,   30223,   64196,    4588,  399970,  410845,   74330,   63455,   27122,    8100,   -1975,   16719,   -4181,     461,     524,   -3003,   -2894,    3703,     305,    -492,    1548,   23715,   17594,    3407,    9528,  100.0,   17.0,   35.1,    4.2,   35.6,   14.6,    2.3,   13.0,   10.9,    4.9,    6.4,   13.5,    1.0,   84.3,   86.6,   15.7,   13.4,    236,     15,     15,     16,     51,     33,     36,     38,     38,     31,     28,     15,      6,    175,    150,    25.0,    45.0,    35.0,    52.2,    23.7,    42.1,    32.9,    48.6,"(CONTRACTS OF EUR 125,000)",099741,CME ,099 ,F10,FutOnly
EURO FX - CHICAGO MERCANTILE EXCHANGE,170606,2017-06-06,099741,CME ,00,099 ,  447178,   72303,  168558,    3355,  172843,   68924,   10418,   64699,   54589,   19679,   29918,   64688,    3040,  376255,  393251,   70923,   53927,   -6102,    -129,    1161,     791,   -1580,   -2562,    -327,   -6791,  -11255,    5425,     224,     605,    -597,   -2984,   -6759,   -3118,     657,  100.0,   16.2,   37.7,    0.8,   38.7,   15.4,    2.3,   14.5,   12.2,    4.4,    6.7,   14.5,    0.7,   84.1,   87.9,   15.9,   12.1,    250,     13,     22,     13,     54,     31,     36,     38,     38,     32,     34,     19,      7,    179,    159,    25.0,    44.9,    34.9,    51.8,    24.8,    44.4,    34.7,    51.0,"(CONTRACTS OF EUR 125,000)",099741,CME ,099 ,F10,FutOnly
EURO FX - CHICAGO MERCANTILE EXCHANGE,170530,2017-05-30,099741,CME ,00,099 ,  453280,   72432,  167397,    2564,  174423,   71486,   10745,   71490,   65844,   14254,   29694,   64083,    3637,  379239,  400010,   74041,   53270,    3920,   -4028,    7990,     -19,     609,   -3746,     106,    2008,   -8980,    2134,   -1589,    5782,    -419,   -1198,    2848,    5118,    1072,  100.0,   16.0,   36.9,    0.6,   38.5,   15.8,    2.4,   15.8,   14.5,    3.1,    6.6,   14.1,    0.8,   83.7,   88.2,   16.3,   11.8,    254,     13,     22,     13,     53,     30,     34,     41,     39,     29,     35,     20,      8,    177,    161,    24.7,    43.1,    34.2,    50.6,    24.4,    42.6,    33.9,    49.7,"(CONTRACTS OF EUR 125,000)",099741,CME ,099 ,F10,FutOnly
EURO FX - CHICAGO MERCANTILE EXCHANGE,170523,2017-05-23,099741,CME ,00,099 ,  449360,   76460,  159407,    2583,  173814,   75232,   10639,   69482,   74824,   12120,   31283,   58301,    4056,  380437,  397162,   68923,   52198,   17701,    -297,   27790,     279,    2169,     844,   -1429,   14320,  -13776,    1349,   -1331,    4381,     415,   15475,   19853,    2226,   -2152,  100.0,   17.0,   35.5,    0.6,   38.7,   16.7,    2.4,   15.5,   16.7,    2.7,    7.0,   13.0,    0.9,   84.7,   88.4,   15.3,   11.6,    266,     14,     21,     12,     54,     30,     34,     45,     45,     28,     35,     22,     10,    183,    167,    25.4,    41.1,    34.7,    49.4,    25.1,    40.6,    34.4,    48.7,"(CONTRACTS OF EUR 125,000)",099741,CME ,099 ,F10,FutOnly
EURO FX - CHICAGO MERCANTILE EXCHANGE,170516,2017-05-16,099741,CME ,00,099 ,  431659,   76757,  131617,    2304,  171645,   74388,   12068,   55162,   88600,   10771,   32614,   53920,    3641,  364962,  377309,   66697,   54350,   13358,   -3110,   21526,    -888,    4686,   -3972,    3500,    5254,  -12149,     228,    3090,    6062,    -518,   12242,   13789,    1116,    -431,  100.0,   17.8,   30.5,    0.5,   39.8,   17.2,    2.8,   12.8,   20.5,    2.5,    7.6,   12.5,    0.8,   84.5,   87.4,   15.5,   12.6,    257,     14,     19,     11,     53,     28,     33,     39,     48,     27,     32,     24,      9,    170,    167,    28.2,    37.6,    38.1,    47.3,    27.9,    37.1,    37.7,    46.7,"(CONTRACTS OF EUR 125,000)",099741,CME ,099 ,F10,FutOnly
EURO FX - CHICAGO MERCANTILE EXCHANGE,170509,2017-05-09,099741,CME ,00,099 ,  418301,   79867,  110091,    3192,  166959,   78360,    8568,   49908,  100749,   10543,   29524,   47858,    4159,  352720,  363520,   65581,   54781,    8365,    1944,   20168,     610,     779,   -7089,     764,   -2187,   -4350,    -141,   -2895,   -1113,    1200,      74,   10049,    8291,   -1684,  100.0,   19.1,   26.3,    0.8,   39.9,   18.7,    2.0,   11.9,   24.1,    2.5,    7.1,   11.4,    1.0,   84.3,   86.9,   15.7,   13.1,    250,     16,     18,     11,     50,     30,     31,     31,     54,     22,     29,     22,     10,    155,    169,    29.4,    36.5,    39.4,    46.0,    29.1,    36.0,    39.0,    45.5,"(CONTRACTS OF EUR 125,000)",099741,CME ,099 ,F10,FutOnly
EURO FX - CHICAGO MERCANTILE EXCHANGE,170502,2017-05-02,099741,CME ,00,099 ,  409936,   77923,   89923,    2582,  166180,   85449,    7804,   52095,  105099,   10684,   32419,   48971,    2959,  352646,  353471,   57290,   56465,   -1070,   -2396,   26168,    -461,    -381,   -9510,     -63,    1752,  -26549,    2945,    1289,    3874,      77,    2762,   -3519,   -3832,    2449,  100.0,   19.0,   21.9,    0.6,   40.5,   20.8,    1.9,   12.7,   25.6,    2.6,    7.9,   11.9,    0.7,   86.0,   86.2,   14.0,   13.8,    261,     15,     18,     11,     53,     30,     31,     38,     48,     21,     34,     25,     11,    165,    170,    30.9,    33.7,    40.7,    45.0,    30.6,    33.5,    40.3,    44.8,"(CONTRACTS OF EUR 125,000)",099741,CME ,099 ,F10,FutOnly
EURO FX - CHICAGO MERCANTILE EXCHANGE,170425,2017-04-25,099741,CME ,00,099 ,  411006,   80319,   63755,    3043,  166561,   94959,    7867,   50343,  131648,    7739,   31130,   45097,    2882,  349884,  356990,   61122,   54016,  -19583,  -24993,    8795,     537,    1995,  -13309,     426,   -4005,  -19020,    1052,      25,    2361,     559,  -24404,  -18599,    4821,    -984,  100.0,   19.5,   15.5,    0.7,   40.5,   23.1,    1.9,   12.2,   32.0,    1.9,    7.6,   11.0,    0.7,   85.1,   86.9,   14.9,   13.1,    258,     15,     17,     11,     52,     36,     33,     31,     52,     20,     31,     24,     12,    157,    177,    31.4,    33.5,    41.2,    44.6,    31.1,    33.3,    40.8,    44.3,"(CONTRACTS OF EUR 125,000)",099741,CME ,099 ,F10,FutOnly
EURO FX - CHICAGO MERCANTILE EXCHANGE,170418,2017-04-18,099741,CME ,00,099 ,  430589,  105312,   54960,    2506,  164566,  108268,    7441,   54348,  150668,    6687,   31105,   42736,    2323,  374288,  375589,   56301,   55000,   10257,    7008,   -6449,     -73,     -74,     842,      38,    5691,   13864,     197,     156,    2945,      99,   13042,   11463,   -2785,   -1206,  100.0,   24.5,   12.8,    0.6,   38.2,   25.1,    1.7,   12.6,   35.0,    1.6,    7.2,    9.9,    0.5,   86.9,   87.2,   13.1,   12.8,    250,     18,     14,     12,     49,     37,     31,     28,     54,     21,     28,     22,      8,    153,    169,    30.8,    33.4,    42.6,    45.8,    30.5,    33.2,    42.2,    45.6,"(CONTRACTS OF EUR 125,000)",099741,CME ,099 ,F10,FutOnly
EURO FX - CHICAGO MERCANTILE EXCHANGE,170411,2017-04-11,099741,CME ,00,099 ,  420332,   98304,   61409,    2579,  164640,  107426,    7403,   48657,  136804,    6490,   30949,   39791,    2224,  361246,  364126,   59086,   56206,   22738,   20593,  -10058,      33,    2641,   10743,    -872,   -1496,   19298,      38,    2041,    2368,    -427,   22551,   21123,     187,    1615,  100.0,   23.4,   14.6,    0.6,   39.2,   25.6,    1.8,   11.6,   32.5,    1.5,    7.4,    9.5,    0.5,   85.9,   86.6,   14.1,   13.4,    245,     19,     13,     11,     50,     36,     30,     24,     54,     22,     29,     20,      7,    149,    166,    30.4,    32.9,    41.8,    45.3,    30.1,    32.6,    41.5,    45.0,"(CONTRACTS OF EUR 125,000)",099741,CME ,099 ,F10,FutOnly
EURO FX - CHICAGO MERCANTILE EXCHANGE,170404,2017-04-04,099741,CME ,00,099 ,  397594,   77711,   71467,    2546,  161999,   96683,    8275,   50153,  117506,    6452,   28908,   37423,    2651,  338695,  343003,   58899,   54591,  -11259,   -2859,  -10826,     500,     266,    6061,   -2104,   -5596,    1838,     -73,   -1445,   -4390,      73,  -11238,   -8921,     -21,   -2338,  100.0,   19.5,   18.0,    0.6,   40.7,   24.3,    2.1,   12.6,   29.6,    1.6,    7.3,    9.4,    0.7,   85.2,   86.3,   14.8,   13.7,    236,     15,     18,     10,     50,     33,     34,     27,     49,     21,     27,     17,      7,    148,    160,    31.9,    33.6,    42.2,    44.6,    31.6,    33.2,    41.7,    44.2,"(CONTRACTS OF EUR 125,000)",099741,CME ,099 ,F10,FutOnly
EURO FX - CHICAGO MERCANTILE EXCHANGE,170328,2017-03-28,099741,CME ,00,099 ,  408853,   80570,   82293,    2046,  161733,   90622,   10379,   55749,  115668,    6525,   30353,   41813,    2578,  349933,  351924,   58920,   56929,    2136,    1340,   16491,     276,   -2047,   -5945,     937,    2816,   -6168,    -352,     -52,   -3898,     775,    3693,    2116,   -1557,      20,  100.0,   19.7,   20.1,    0.5,   39.6,   22.2,    2.5,   13.6,   28.3,    1.6,    7.4,   10.2,    0.6,   85.6,   86.1,   14.4,   13.9,    241,     14,     18,     10,     50,     32,     34,     30,     47,     21,     29,     21,      9,    154,    161,    32.1,    30.8,    42.1,    42.9,    31.9,    30.4,    41.7,    42.5,"(CONTRACTS OF EUR 125,000)",099741,CME ,099 ,F10,FutOnly
EURO FX - CHICAGO MERCANTILE EXCHANGE,170321,2017-03-21,099741,CME ,00,099 ,  406717,   79230,   65802,    1770,  163780,   96567,    9442,   52933,  121836,    6877,   30405,   45711,    1803,  346240,  349808,   60477,   56909,   25243,     423,   32029,     639,    8705,   -8811,     785,    9293,   -9538,     923,    1315,    6210,     155,   22238,   22392,    3005,    2851,  100.0,   19.5,   16.2,    0.4,   40.3,   23.7,    2.3,   13.0,   30.0,    1.7,    7.5,   11.2,    0.4,   85.1,   86.0,   14.9,   14.0,    246,     13,     17,      8,     51,     34,     34,     31,     48,     20,     29,     23,      8,    152,    164,    32.7,    28.3,    42.8,    40.8,    32.4,    28.1,    42.4,    40.6,"(CONTRACTS OF EUR 125,000)",099741,CME ,099 ,F10,FutOnly
EURO FX - CHICAGO MERCANTILE EXCHANGE,170314,2017-03-14,099741,CME ,00,099 ,  381474,   78807,   33773,    1131,  155075,  105378,    8657,   43640,  131374,    5954,   29090,   39501,    1648,  324002,  327416,   57472,   54058,  -53835,  -32223,  -42600,   -4005,    4581,    1982,    -184,    3207,   -9649,   -4098,  -20767,   15749,     207,  -53282,  -42598,    -553,  -11237,  100.0,   20.7,    8.9,    0.3,   40.7,   27.6,    2.3,   11.4,   34.4,    1.6,    7.6,   10.4,    0.4,   84.9,   85.8,   15.1,   14.2,    238,     14,     14,      6,     48,     34,     31,     25,     53,     17,     29,     21,      9,    140,    161,    35.1,    27.3,    45.8,    39.1,    34.9,    27.2,    45.4,    38.9,"(CONTRACTS OF EUR 125,000)",099741,CME ,099 ,F10,FutOnly
EURO FX - CHICAGO MERCANTILE EXCHANGE,170307,2017-03-07,099741,CME ,00,099 ,  435309,  111030,   76373,    5136,  150494,  103396,    8841,   40433,  141023,   10052,   49857,   23752,    1441,  377284,  370014,   58025,   65295,    3674,    1184,   -4374,    3080,    2971,    -756,   -1236,   -6993,    1741,    1729,    1090,    1731,     -49,    1776,    1866,    1898,    1808,  100.0,   25.5,   17.5,    1.2,   34.6,   23.8,    2.0,    9.3,   32.4,    2.3,   11.5,    5.5,    0.3,   86.7,   85.0,   13.3,   15.0,    241,     16,     16,     14,     46,     34,     31,     25,     54,     24,     28,     22,     10,    150,    170,    39.3,    28.6,    50.7,    41.5,    39.1,    28.3,    50.4,    41.0,"(CONTRACTS OF EUR 125,000)",099741,CME ,099 ,F10,FutOnly
EURO FX - CHICAGO MERCANTILE EXCHANGE,170228,2017-02-28,099741,CME ,00,099 ,  431635,  109846,   80747,    2056,  147523,  104152,   10077,   47426,  139282,    8323,   48767,   22021,    1490,  375508,  368148,   56127,   63487,   14506,   -4922,   11246,     137,    9956,    6751,    -914,    5744,   -5999,    1804,    2008,    -574,       3,   13816,   12454,     690,    2052,  100.0,   25.4,   18.7,    0.5,   34.2,   24.1,    2.3,   11.0,   32.3,    1.9,   11.3,    5.1,    0.3,   87.0,   85.3,   13.0,   14.7,    247,     17,     13,     12,     50,     35,     31,     31,     53,     25,     27,     20,     10,    155,    170,    38.8,    28.6,    50.3,    41.4,    38.5,    28.6,    49.9,    41.3,"(CONTRACTS OF EUR 125,000)",099741,CME ,099 ,F10,FutOnly
EURO FX - CHICAGO MERCANTILE EXCHANGE,170221,2017-02-21,099741,CME ,00,099 ,  417129,  114768,   69501,    1919,  137567,   97401,   10991,   41682,  145281,    6519,   46759,   22595,    1487,  361692,  355694,   55437,   61435,   10779,    3996,   -2819,     134,    7167,    5511,   -1732,    -771,   12792,      -5,     562,     147,    -247,    9104,   13781,    1675,   -3002,  100.0,   27.5,   16.7,    0.5,   33.0,   23.4,    2.6,   10.0,   34.8,    1.6,   11.2,    5.4,    0.4,   86.7,   85.3,   13.3,   14.7,    247,     20,     11,     11,     48,     35,     32,     26,     61,     21,     26,     19,     10,    147,    174,    38.6,    27.8,    50.5,    40.2,    38.2,    27.7,    50.0,    40.1,"(CONTRACTS OF EUR 125,000)",099741,CME ,099 ,F10,FutOnly
EURO FX - CHICAGO MERCANTILE EXCHANGE,170214,2017-02-14,099741,CME ,00,099 ,  406350,  110772,   72320,    1785,  130400,   91890,   12723,   42453,  132489,    6524,   46197,   22448,    1734,  352588,  341913,   53762,   64437,   -2828,    1557,  -19561,     -87,   -8623,    3656,    -445,      23,    3477,    1107,    2851,    1465,     679,   -2938,   -9709,     110,    6881,  100.0,   27.3,   17.8,    0.4,   32.1,   22.6,    3.1,   10.4,   32.6,    1.6,   11.4,    5.5,    0.4,   86.8,   84.1,   13.2,   15.9,    235,     19,     11,     11,     45,     34,     33,     25,     57,     16,     26,     17,      8,    139,    164,    39.3,    29.1,    51.5,    40.5,    38.8,    29.1,    51.0,    40.5,"(CONTRACTS OF EUR 125,000)",099741,CME ,099 ,F10,FutOnly
EURO FX - CHICAGO MERCANTILE EXCHANGE,170207,2017-02-07,099741,CME ,00,099 ,  409178,  109215,   91881,    1872,  139023,   88234,   13168,   42430,  129012,    5417,   43346,   20983,    1055,  355526,  351622,   53652,   57556,    3637,    2870,    3222,     300,     -72,    3922,    -684,   -2857,    -235,     221,    3375,      68,    -673,    2480,    6141,    1157,   -2504,  100.0,   26.7,   22.5,    0.5,   34.0,   21.6,    3.2,   10.4,   31.5,    1.3,   10.6,    5.1,    0.3,   86.9,   85.9,   13.1,   14.1,    234,     18,     12,      9,     44,     34,     29,     24,     59,     20,     25,     17,      8,    136,    164,    38.8,    31.5,    51.2,    43.2,    38.5,    31.5,    50.6,    43.2,"(CONTRACTS OF EUR 125,000)",099741,CME ,099 ,F10,FutOnly
EURO FX - CHICAGO MERCANTILE EXCHANGE,170131,2017-01-31,099741,CME ,00,099 ,  405541,  106345,   88659,    1572,  139095,   84312,   13852,   45287,  129247,    5196,   39971,   20915,    1728,  353046,  345481,   52495,   60060,   -8906,   -1012,    3382,     -38,   -9807,   -2556,      99,    5647,   -9045,     -79,   -5704,   -2303,     773,  -10121,   -9767,    1215,     861,  100.0,   26.2,   21.9,    0.4,   34.3,   20.8,    3.4,   11.2,   31.9,    1.3,    9.9,    5.2,    0.4,   87.1,   85.2,   12.9,   14.8,    234,     15,     15,      7,     45,     33,     32,     28,     56,     18,     22,     19,     10,    133,    168,    39.2,    30.9,    51.4,    42.4,    38.8,    30.8,    50.7,    42.4,"(CONTRACTS OF EUR 125,000)",099741,CME ,099 ,F10,FutOnly
EURO FX - CHICAGO MERCANTILE EXCHANGE,170124,2017-01-24,099741,CME ,00,099 ,  414447,  107357,   85277,    1610,  148902,   86868,   13753,   39640,  138292,    5275,   45675,   23218,     955,  363167,  355248,   51280,   59199,    -643,   -1484,   17260,     699,   -1155,   -2649,   -1520,    -470,  -12842,     -60,    4211,    -509,    -100,     121,     279,    -764,    -922,  100.0,   25.9,   20.6,    0.4,   35.9,   21.0,    3.3,    9.6,   33.4,    1.3,   11.0,    5.6,    0.2,   87.6,   85.7,   12.4,   14.3,    243,     16,     14,      6,     45,     31,     30,     23,     64,     16,     27,     22,      8,    130,    173,    38.5,    31.5,    50.4,    42.2,    38.1,    31.4,    49.8,    41.8,"(CONTRACTS OF EUR 125,000)",099741,CME ,099 ,F10,FutOnly
EURO FX - CHICAGO MERCANTILE EXCHANGE,170117,2017-01-17,099741,CME ,00,099 ,  415090,  108841,   68017,     911,  150057,   89517,   15273,   40110,  151134,    5335,   41464,   23727,    1055,  363046,  354969,   52044,   60121,    -122,   -9747,   10309,    -562,    3941,   -6153,    2652,    -548,   -5245,     161,    5206,   -1129,     105,    1208,     138,   -1330,    -260,  100.0,   26.2,   16.4,    0.2,   36.2,   21.6,    3.7,    9.7,   36.4,    1.3,   10.0,    5.7,    0.3,   87.5,   85.5,   12.5,   14.5,    248,     16,     13,      7,     46,     32,     32,     26,     64,     16,     26,     24,      9,    132,    180,    38.4,    30.0,    50.9,    41.4,    37.9,    30.0,    50.1,    41.2,"(CONTRACTS OF EUR 125,000)",099741,CME ,099 ,F10,FutOnly
EURO FX - CHICAGO MERCANTILE EXCHANGE,170110,2017-01-10,099741,CME ,00,099 ,  415212,  118588,   57708,    1473,  146116,   95670,   12621,   40658,  156379,    5174,   36258,   24856,     950,  361838,  354831,   53374,   60381,   -1027,   -6240,    4838,     505,    3869,   -5099,    -838,    1573,      67,   -1175,    4894,     932,   -1786,     802,   -2556,   -1829,    1529,  100.0,   28.6,   13.9,    0.4,   35.2,   23.0,    3.0,    9.8,   37.7,    1.2,    8.7,    6.0,    0.2,   87.1,   85.5,   12.9,   14.5,    241,     16,     11,     10,     44,     33,     30,     23,     64,     15,     27,     22,      8,    131,    173,    36.5,    28.5,    48.4,    41.4,    36.1,    28.4,    47.7,    41.4,"(CONTRACTS OF EUR 125,000)",099741,CME ,099 ,F10,FutOnly
EURO FX - CHICAGO MERCANTILE EXCHANGE,170103,2017-01-03,099741,CME ,00,099 ,  416239,  124828,   52870,     968,  142247,  100769,   13459,   39085,  156312,    6349,   31364,   23924,    2736,  361036,  357387,   55203,   58852,   10558,    4951,    4910,      65,    3570,     801,    -267,   -1660,   10379,    -325,    1350,   -1980,    -169,    7515,   13414,    3043,   -2856,  100.0,   30.0,   12.7,    0.2,   34.2,   24.2,    3.2,    9.4,   37.6,    1.5,    7.5,    5.7,    0.7,   86.7,   85.9,   13.3,   14.1,    241,     18,     11,      9,     44,     34,     28,     18,     69,     14,     25,     20,     10,    128,    174,    36.3,    26.1,    47.5,    39.0,    36.0,    26.1,    46.9,    39.0,"(CONTRACTS OF EUR 125,000)",099741,CME ,099 ,F10,FutOnly
AUSTRALIAN DOLLAR - CHICAGO MERCANTILE EXCHANGE,171226,2017-12-26,232741,CME ,00,232 ,  110525,   35178,    6996,     263,    6110,   33999,    2616,   40535,   39890,    2290,     429,       0,      12,   87433,   86066,   23092,   24459,    5255,     444,    1057,     131,     195,   -4845,     123,     -39,   10549,    1009,    -129,       0,       6,    1740,    8030,    3515,   -2775,  100.0,   31.8,    6.3,    0.2,    5.5,   30.8,    2.4,   36.7,   36.1,    2.1,    0.4,    0.0,    0.0,   79.1,   77.9,   20.9,   22.1,     84,      9,      7,.,      8,     14,      5,     22,     22,     10,.,      0,.,     48,     53,    32.3,    26.5,    48.2,    41.7,    32.3,    25.1,    48.2,    40.0,"(CONTRACTS OF AUD 100,000)",232741,CME ,232 ,F10,FutOnly
AUSTRALIAN DOLLAR - CHICAGO MERCANTILE EXCHANGE,171219,2017-12-19,232741,CME ,00,232 ,  105270,   34734,    5939,     132,    5915,   38844,    2493,   40574,   29341,    1281,     558,       0,       6,   85693,   78036,   19577,   27234,  -51759,   -3125,  -31800,   -4710,    -318,   -2563,    -438,  -37542,   -2733,   -4147,    -488,       0,    -499,  -51267,  -46890,    -492,   -4869,  100.0,   33.0,    5.6,    0.1,    5.6,   36.9,    2.4,   38.5,   27.9,    1.2,    0.5,    0.0,    0.0,   81.4,   74.1,   18.6,   25.9,     86,      8,      7,.,      7,     16,      4,     24,     22,      9,.,      0,.,     46,     56,    34.3,    30.2,    50.9,    41.5,    34.3,    29.7,    50.9,    40.6,"(CONTRACTS OF AUD 100,000)",232741,CME ,232 ,F10,FutOnly
AUSTRALIAN DOLLAR - CHICAGO MERCANTILE EXCHANGE,171212,2017-12-12,232741,CME ,00,232 ,  157029,   37859,   37739,    4842,    6233,   41407,    2931,   78116,   32074,    5428,    1046,       0,     505,  136960,  124926,   20069,   32103,   17602,    7716,      -7,    2869,     616,    1851,    1181,    4350,    6869,    1247,     810,       0,     497,   19286,   14507,   -1684,    3095,  100.0,   24.1,   24.0,    3.1,    4.0,   26.4,    1.9,   49.7,   20.4,    3.5,    0.7,    0.0,    0.3,   87.2,   79.6,   12.8,   20.4,     98,      9,      9,      9,      8,     15,      5,     30,     22,     18,.,      0,.,     60,     72,    37.9,    31.5,    55.1,    46.0,    37.8,    31.1,    53.5,    45.5,"(CONTRACTS OF AUD 100,000)",232741,CME ,232 ,F10,FutOnly
AUSTRALIAN DOLLAR - CHICAGO MERCANTILE EXCHANGE,171205,2017-12-05,232741,CME ,00,232 ,  139427,   30143,   37746,    1973,    5617,   39556,    1750,   73766,   25205,    4181,     236,       0,       8,  117674,  110419,   21753,   29008,    4622,    5325,   -3052,     335,   -1150,    1804,     -32,    1433,    3058,    1425,    -426,       0,      -1,    6909,    3537,   -2287,    1085,  100.0,   21.6,   27.1,    1.4,    4.0,   28.4,    1.3,   52.9,   18.1,    3.0,    0.2,    0.0,    0.0,   84.4,   79.2,   15.6,   20.8,     90,      8,      7,      8,      5,     16,      5,     32,     20,     12,.,      0,.,     54,     62,    31.6,    34.4,    49.9,    48.6,    31.1,    34.4,    48.9,    48.2,"(CONTRACTS OF AUD 100,000)",232741,CME ,232 ,F10,FutOnly
AUSTRALIAN DOLLAR - CHICAGO MERCANTILE EXCHANGE,171128,2017-11-28,232741,CME ,00,232 ,  134805,   24818,   40798,    1638,    6767,   37752,    1782,   72333,   22147,    2756,     662,       0,       9,  110765,  106882,   24040,   27923,    1830,    2701,   -2330,     -71,     164,    1456,     121,   -1106,    1817,     167,      64,       0,       0,    2040,    1160,    -210,     670,  100.0,   18.4,   30.3,    1.2,    5.0,   28.0,    1.3,   53.7,   16.4,    2.0,    0.5,    0.0,    0.0,   82.2,   79.3,   17.8,   20.7,     90,      9,      7,      6,      6,     16,      4,     31,     19,     14,.,      0,.,     57,     58,    26.7,    37.0,    47.3,    49.6,    26.2,    36.6,    45.9,    49.2,"(CONTRACTS OF AUD 100,000)",232741,CME ,232 ,F10,FutOnly
AUSTRALIAN DOLLAR - CHICAGO MERCANTILE EXCHANGE,171121,2017-11-21,232741,CME ,00,232 ,  132975,   22117,   43128,    1709,    6603,   36296,    1661,   73439,   20330,    2589,     598,       0,       9,  108725,  105722,   24250,   27253,    6878,    9909,   -6860,    1158,    2063,    7745,    -153,    3128,    4161,      89,   -6180,       0,   -1018,    8996,    5122,   -2118,    1756,  100.0,   16.6,   32.4,    1.3,    5.0,   27.3,    1.2,   55.2,   15.3,    1.9,    0.4,    0.0,    0.0,   81.8,   79.5,   18.2,   20.5,     91,      8,      8,      6,      6,     16,.,     31,     20,     16,.,      0,.,     56,     61,    26.0,    39.5,    45.4,    49.9,    25.7,    39.0,    44.5,    49.3,"(CONTRACTS OF AUD 100,000)",232741,CME ,232 ,F10,FutOnly
AUSTRALIAN DOLLAR - CHICAGO MERCANTILE EXCHANGE,171114,2017-11-14,232741,CME ,00,232 ,  126097,   12208,   49988,     551,    4540,   28551,    1814,   70311,   16169,    2500,    6778,       0,    1027,   99729,  100600,   26368,   25497,     901,    4312,    -733,    -272,    -225,    4119,     206,   -3466,    -894,    -380,    1697,       0,   -1097,     775,     949,     126,     -48,  100.0,    9.7,   39.6,    0.4,    3.6,   22.6,    1.4,   55.8,   12.8,    2.0,    5.4,    0.0,    0.8,   79.1,   79.8,   20.9,   20.2,     85,      5,      8,      4,      4,     15,.,     35,     15,     12,.,      0,.,     54,     52,    23.0,    43.7,    38.6,    55.8,    22.2,    43.3,    37.7,    55.2,"(CONTRACTS OF AUD 100,000)",232741,CME ,232 ,F10,FutOnly
AUSTRALIAN DOLLAR - CHICAGO MERCANTILE EXCHANGE,171107,2017-11-07,232741,CME ,00,232 ,  125196,    7896,   50721,     823,    4765,   24432,    1608,   73777,   17063,    2880,    5081,       0,    2124,   98954,   99651,   26242,   25545,   -6803,    3238,   -3326,     111,   -4707,   -1665,     103,   -7357,   -1543,     124,    2430,       0,   -1372,   -7430,   -7568,     627,     765,  100.0,    6.3,   40.5,    0.7,    3.8,   19.5,    1.3,   58.9,   13.6,    2.3,    4.1,    0.0,    1.7,   79.0,   79.6,   21.0,   20.4,     87,      5,      8,      4,      4,     14,.,     36,     16,     12,      4,      0,.,     56,     51,    21.3,    43.1,    36.1,    55.5,    21.3,    42.7,    34.9,    54.9,"(CONTRACTS OF AUD 100,000)",232741,CME ,232 ,F10,FutOnly
AUSTRALIAN DOLLAR - CHICAGO MERCANTILE EXCHANGE,171031,2017-10-31,232741,CME ,00,232 ,  131999,    4658,   54047,     712,    9472,   26097,    1505,   81134,   18606,    2756,    2651,       0,    3496,  106384,  107219,   25615,   24780,   -2559,    2033,  -15264,     274,   -2528,    2511,    -117,     620,    6024,    1090,    2126,   -1673,    1763,    5261,   -5392,   -7820,    2833,  100.0,    3.5,   40.9,    0.5,    7.2,   19.8,    1.1,   61.5,   14.1,    2.1,    2.0,    0.0,    2.6,   80.6,   81.2,   19.4,   18.8,     91,      4,      9,      4,      9,     13,.,     33,     18,     11,      5,      0,.,     58,     54,    23.5,    40.9,    39.2,    55.5,    23.5,    40.5,    38.1,    54.8,"(CONTRACTS OF AUD 100,000)",232741,CME ,232 ,F10,FutOnly
AUSTRALIAN DOLLAR - CHICAGO MERCANTILE EXCHANGE,171024,2017-10-24,232741,CME ,00,232 ,  134558,    2625,   69311,     438,   12000,   23586,    1622,   80514,   12582,    1666,     525,    1673,    1733,  101123,  112611,   33435,   21947,     413,    -441,   -5170,     -36,     -65,    3144,     -96,    1266,    2447,    -804,    -525,   -1199,    1581,     880,    -133,    -467,     546,  100.0,    2.0,   51.5,    0.3,    8.9,   17.5,    1.2,   59.8,    9.4,    1.2,    0.4,    1.2,    1.3,   75.2,   83.7,   24.8,   16.3,     87,      4,      9,      4,      9,     13,.,     36,     12,      8,.,.,.,     59,     45,    23.3,    46.9,    35.5,    62.3,    23.3,    46.6,    35.3,    61.4,"(CONTRACTS OF AUD 100,000)",232741,CME ,232 ,F10,FutOnly
AUSTRALIAN DOLLAR - CHICAGO MERCANTILE EXCHANGE,171017,2017-10-17,232741,CME ,00,232 ,  134145,    3066,   74481,     474,   12065,   20442,    1718,   79248,   10135,    2470,    1050,    2872,     152,  100243,  112744,   33902,   21401,   -6709,    1432,   -7598,     357,    1885,     249,       0,  -12224,    1032,     -71,     526,     222,    -274,   -8369,   -6083,    1660,    -626,  100.0,    2.3,   55.5,    0.4,    9.0,   15.2,    1.3,   59.1,    7.6,    1.8,    0.8,    2.1,    0.1,   74.7,   84.0,   25.3,   16.0,     89,      5,      9,      4,      9,     11,.,     37,     12,     11,.,.,.,     63,     46,    23.7,    49.9,    35.2,    64.5,    23.7,    49.5,    35.2,    64.0,"(CONTRACTS OF AUD 100,000)",232741,CME ,232 ,F10,FutOnly
AUSTRALIAN DOLLAR - CHICAGO MERCANTILE EXCHANGE,171010,2017-10-10,232741,CME ,00,232 ,  140854,    1634,   82079,     117,   10180,   20193,    1718,   91472,    9103,    2541,     524,    2650,     426,  108612,  118827,   32242,   22027,   -6244,    -280,   -7174,     117,   -2375,     636,     146,   -4934,   -1706,     890,    -357,     142,     426,   -6367,   -6523,     123,     279,  100.0,    1.2,   58.3,    0.1,    7.2,   14.3,    1.2,   64.9,    6.5,    1.8,    0.4,    1.9,    0.3,   77.1,   84.4,   22.9,   15.6,     87,.,     11,.,      8,     10,.,     39,     10,     12,.,.,.,     62,     45,    23.9,    51.0,    36.8,    64.9,    23.9,    50.7,    36.8,    64.5,"(CONTRACTS OF AUD 100,000)",232741,CME ,232 ,F10,FutOnly
AUSTRALIAN DOLLAR - CHICAGO MERCANTILE EXCHANGE,171003,2017-10-03,232741,CME ,00,232 ,  147098,    1914,   89253,       0,   12555,   19557,    1572,   96406,   10809,    1651,     881,    2508,       0,  114979,  125350,   32119,   21748,   -7014,     -45,   -8020,     -45,   -6541,    1938,    -169,    2100,    -165,   -1013,       9,      70,       0,   -5704,   -7404,   -1310,     390,  100.0,    1.3,   60.7,    0.0,    8.5,   13.3,    1.1,   65.5,    7.3,    1.1,    0.6,    1.7,    0.0,   78.2,   85.2,   21.8,   14.8,     92,      4,     10,      0,      9,     11,      4,     42,     11,     10,.,.,      0,     63,     43,    24.7,    51.3,    38.3,    66.0,    24.7,    51.1,    38.3,    65.7,"(CONTRACTS OF AUD 100,000)",232741,CME ,232 ,F10,FutOnly
AUSTRALIAN DOLLAR - CHICAGO MERCANTILE EXCHANGE,170926,2017-09-26,232741,CME ,00,232 ,  154112,    1959,   97273,      45,   19096,   17619,    1741,   94306,   10974,    2664,     872,    2438,       0,  120683,  132754,   33429,   21358,   -4621,      73,   -2116,      45,   -2025,    2113,    -106,   -1265,   -6251,      16,      21,     619,    -144,   -3385,   -5824,   -1236,    1203,  100.0,    1.3,   63.1,    0.0,   12.4,   11.4,    1.1,   61.2,    7.1,    1.7,    0.6,    1.6,    0.0,   78.3,   86.1,   21.7,   13.9,     93,      5,     11,.,     10,     11,      5,     40,     11,     12,.,.,      0,     65,     47,    26.2,    54.1,    40.0,    67.8,    26.2,    54.1,    40.0,    67.5,"(CONTRACTS OF AUD 100,000)",232741,CME ,232 ,F10,FutOnly
AUSTRALIAN DOLLAR - CHICAGO MERCANTILE EXCHANGE,170919,2017-09-19,232741,CME ,00,232 ,  158733,    1886,   99389,       0,   21121,   15506,    1847,   95571,   17225,    2648,     851,    1819,     144,  124068,  138578,   34665,   20155,  -28622,   -2185,    -515,   -9781,    4207,   -1032,     -45,   -2593,    -219,  -12163,     326,   -4189,    -960,  -23194,  -28904,   -5428,     282,  100.0,    1.2,   62.6,    0.0,   13.3,    9.8,    1.2,   60.2,   10.9,    1.7,    0.5,    1.1,    0.1,   78.2,   87.3,   21.8,   12.7,     94,      5,     12,      0,      9,     10,      6,     35,     16,     11,.,      5,.,     62,     50,    28.3,    50.9,    41.8,    65.5,    28.3,    50.9,    41.8,    65.1,"(CONTRACTS OF AUD 100,000)",232741,CME ,232 ,F10,FutOnly
AUSTRALIAN DOLLAR - CHICAGO MERCANTILE EXCHANGE,170912,2017-09-12,232741,CME ,00,232 ,  187355,    4071,   99904,    9781,   16914,   16538,    1892,   98164,   17444,   14811,     525,    6008,    1104,  147262,  167482,   40093,   19873,   19184,    -109,    2604,    8693,    -822,   -1730,    -512,   -1513,     999,   11880,     -54,   -2436,    1022,   18585,   20520,     599,   -1336,  100.0,    2.2,   53.3,    5.2,    9.0,    8.8,    1.0,   52.4,    9.3,    7.9,    0.3,    3.2,    0.6,   78.6,   89.4,   21.4,   10.6,    104,      7,      9,      6,      9,     11,      7,     41,     15,     21,.,      5,.,     79,     60,    21.7,    44.8,    34.2,    58.9,    21.7,    44.8,    33.4,    56.4,"(CONTRACTS OF AUD 100,000)",232741,CME ,232 ,F10,FutOnly
AUSTRALIAN DOLLAR - CHICAGO MERCANTILE EXCHANGE,170905,2017-09-05,232741,CME ,00,232 ,  168171,    4180,   97300,    1088,   17736,   18268,    2404,   99677,   16445,    2931,     579,    8444,      82,  128677,  146962,   39494,   21209,    8694,      23,    4086,     -23,    4528,     755,     -12,      53,    2200,     713,       9,     970,      -4,    5287,    8685,    3407,       9,  100.0,    2.5,   57.9,    0.6,   10.5,   10.9,    1.4,   59.3,    9.8,    1.7,    0.3,    5.0,    0.0,   76.5,   87.4,   23.5,   12.6,     95,      6,      8,      5,     10,     11,      7,     40,     12,     16,.,      6,.,     71,     53,    24.7,    51.0,    37.5,    65.1,    24.7,    51.0,    37.5,    64.7,"(CONTRACTS OF AUD 100,000)",232741,CME ,232 ,F10,FutOnly
AUSTRALIAN DOLLAR - CHICAGO MERCANTILE EXCHANGE,170829,2017-08-29,232741,CME ,00,232 ,  159477,    4157,   93214,    1111,   13208,   17513,    2416,   99624,   14245,    2218,     570,    7474,      86,  123390,  138277,   36087,   21200,    9885,    -363,    7725,    -109,    4744,    1350,      -5,    5972,    1041,    -690,     -55,    -319,       0,    9494,    8993,     391,     892,  100.0,    2.6,   58.4,    0.7,    8.3,   11.0,    1.5,   62.5,    8.9,    1.4,    0.4,    4.7,    0.1,   77.4,   86.7,   22.6,   13.3,     96,      6,      8,      5,     10,     10,      7,     42,     13,     13,.,      5,.,     71,     51,    23.3,    51.6,    36.2,    65.8,    23.3,    51.6,    36.2,    65.3,"(CONTRACTS OF AUD 100,000)",232741,CME ,232 ,F10,FutOnly
AUSTRALIAN DOLLAR - CHICAGO MERCANTILE EXCHANGE,170822,2017-08-22,232741,CME ,00,232 ,  149592,    4520,   85489,    1220,    8464,   16163,    2421,   93652,   13204,    2908,     625,    7793,      86,  113896,  129284,   35696,   20308,    -217,     568,     786,     220,     654,   -1343,     636,   -1631,   -3080,     253,      44,     807,       0,     744,   -1721,    -961,    1504,  100.0,    3.0,   57.1,    0.8,    5.7,   10.8,    1.6,   62.6,    8.8,    1.9,    0.4,    5.2,    0.1,   76.1,   86.4,   23.9,   13.6,     99,      7,      8,      4,     10,     10,      6,     41,     16,     12,.,      5,.,     72,     50,    23.4,    49.9,    36.7,    64.0,    23.4,    49.9,    36.6,    63.4,"(CONTRACTS OF AUD 100,000)",232741,CME ,232 ,F10,FutOnly
AUSTRALIAN DOLLAR - CHICAGO MERCANTILE EXCHANGE,170815,2017-08-15,232741,CME ,00,232 ,  149809,    3952,   84703,    1000,    7810,   17506,    1785,   95283,   16284,    2655,     581,    6986,      86,  113152,  131005,   36657,   18804,    -102,   -1153,    2607,     874,    1087,    3895,     393,     961,   -6535,    -685,      58,    1374,       0,    1535,    1923,   -1637,   -2025,  100.0,    2.6,   56.5,    0.7,    5.2,   11.7,    1.2,   63.6,   10.9,    1.8,    0.4,    4.7,    0.1,   75.5,   87.4,   24.5,   12.6,    101,      6,      8,      5,      9,     10,      6,     45,     16,     14,.,      5,.,     74,     53,    22.9,    49.6,    35.4,    64.1,    22.9,    49.6,    35.3,    63.6,"(CONTRACTS OF AUD 100,000)",232741,CME ,232 ,F10,FutOnly
AUSTRALIAN DOLLAR - CHICAGO MERCANTILE EXCHANGE,170808,2017-08-08,232741,CME ,00,232 ,  149911,    5105,   82096,     126,    6723,   13611,    1392,   94322,   22819,    3340,     523,    5612,      86,  111617,  129082,   38294,   20829,   10683,     -94,    8511,     -10,   -1475,     520,    -480,   12906,     184,    -196,      -2,     710,     -67,   10582,    9172,     101,    1511,  100.0,    3.4,   54.8,    0.1,    4.5,    9.1,    0.9,   62.9,   15.2,    2.2,    0.3,    3.7,    0.1,   74.5,   86.1,   25.5,   13.9,    104,      8,      7,      4,      8,     10,      5,     48,     17,     14,.,      4,.,     76,     52,    21.3,    47.9,    33.4,    61.2,    21.3,    47.9,    33.3,    61.2,"(CONTRACTS OF AUD 100,000)",232741,CME ,232 ,F10,FutOnly
AUSTRALIAN DOLLAR - CHICAGO MERCANTILE EXCHANGE,170801,2017-08-01,232741,CME ,00,232 ,  139228,    5199,   73585,     136,    8198,   13091,    1872,   81416,   22635,    3536,     525,    4902,     153,  101035,  119910,   38193,   19318,    6463,    1467,    5705,     -63,    -119,    2035,      69,    4329,      57,    1141,    -650,    1270,     -12,    6162,   10202,     301,   -3739,  100.0,    3.7,   52.9,    0.1,    5.9,    9.4,    1.3,   58.5,   16.3,    2.5,    0.4,    3.5,    0.1,   72.6,   86.1,   27.4,   13.9,    100,      9,      7,.,      6,     13,      5,     41,     18,     16,.,      4,.,     70,     56,    21.5,    46.8,    33.9,    60.0,    21.5,    46.8,    33.8,    59.9,"(CONTRACTS OF AUD 100,000)",232741,CME ,232 ,F10,FutOnly
AUSTRALIAN DOLLAR - CHICAGO MERCANTILE EXCHANGE,170725,2017-07-25,232741,CME ,00,232 ,  132765,    3732,   67880,     199,    8317,   11056,    1803,   77087,   22578,    2395,    1175,    3632,     165,   94873,  109708,   37892,   23057,   15047,     288,    8233,      82,     395,   -1698,    -299,   11964,   10302,     375,      57,    -391,       0,   12862,   16604,    2185,   -1557,  100.0,    2.8,   51.1,    0.1,    6.3,    8.3,    1.4,   58.1,   17.0,    1.8,    0.9,    2.7,    0.1,   71.5,   82.6,   28.5,   17.4,     97,      7,      7,      4,      8,     12,      6,     42,     15,     13,.,      4,.,     69,     53,    20.7,    44.6,    33.8,    57.2,    20.6,    44.6,    33.8,    57.2,"(CONTRACTS OF AUD 100,000)",232741,CME ,232 ,F10,FutOnly
AUSTRALIAN DOLLAR - CHICAGO MERCANTILE EXCHANGE,170718,2017-07-18,232741,CME ,00,232 ,  117718,    3444,   59647,     117,    7922,   12754,    2102,   65123,   12276,    2020,    1118,    4023,     165,   82011,   93104,   35707,   24614,   19588,     358,   21620,    -129,    -137,    2264,    -558,   11792,   -2765,    -651,     346,   -2827,      79,   11100,   17033,    8488,    2555,  100.0,    2.9,   50.7,    0.1,    6.7,   10.8,    1.8,   55.3,   10.4,    1.7,    0.9,    3.4,    0.1,   69.7,   79.1,   30.3,   20.9,     95,      6,      8,.,      8,     12,      6,     39,     14,     12,.,      5,.,     67,     51,    18.8,    46.3,    32.7,    56.1,    18.7,    46.3,    32.6,    56.1,"(CONTRACTS OF AUD 100,000)",232741,CME ,232 ,F10,FutOnly
AUSTRALIAN DOLLAR - CHICAGO MERCANTILE EXCHANGE,170711,2017-07-11,232741,CME ,00,232 ,   98130,    3086,   38027,     246,    8059,   10490,    2660,   53331,   15041,    2671,     772,    6850,      86,   70911,   76071,   27219,   22059,   -2605,     568,    6953,    -878,   -2029,     576,     413,     472,   -7908,    -269,      19,   -1927,    -143,   -1847,   -3183,    -758,     578,  100.0,    3.1,   38.8,    0.3,    8.2,   10.7,    2.7,   54.3,   15.3,    2.7,    0.8,    7.0,    0.1,   72.3,   77.5,   27.7,   22.5,     93,      6,      8,.,      9,     12,      6,     33,     17,     10,.,      7,.,     58,     55,    21.0,    35.5,    35.0,    47.6,    21.0,    35.5,    35.0,    47.6,"(CONTRACTS OF AUD 100,000)",232741,CME ,232 ,F10,FutOnly
AUSTRALIAN DOLLAR - CHICAGO MERCANTILE EXCHANGE,170703,2017-07-03,232741,CME ,00,232 ,  100735,    2518,   31074,    1124,   10088,    9914,    2247,   52859,   22949,    2940,     753,    8777,     229,   72758,   79254,   27977,   21481,   10782,   -2417,   22086,     663,    2708,   -2612,     -33,    6596,   -4698,     458,      58,   -2037,     112,    8145,   13939,    2637,   -3157,  100.0,    2.5,   30.8,    1.1,   10.0,    9.8,    2.2,   52.5,   22.8,    2.9,    0.7,    8.7,    0.2,   72.2,   78.7,   27.8,   21.3,     89,      4,      7,.,      9,     10,      5,     30,     20,     14,.,      8,.,     58,     54,    20.2,    29.8,    34.3,    42.4,    20.2,    29.8,    34.2,    42.2,"(CONTRACTS OF AUD 100,000)",232741,CME ,232 ,F10,FutOnly
AUSTRALIAN DOLLAR - CHICAGO MERCANTILE EXCHANGE,170627,2017-06-27,232741,CME ,00,232 ,   89953,    4935,    8988,     461,    7380,   12526,    2280,   46263,   27647,    2482,     695,   10814,     117,   64613,   65315,   25340,   24638,    7978,    -787,    5963,     -97,     -16,     631,     468,    7543,     -55,      34,       2,    1741,      26,    7173,    8711,     805,    -733,  100.0,    5.5,   10.0,    0.5,    8.2,   13.9,    2.5,   51.4,   30.7,    2.8,    0.8,   12.0,    0.1,   71.8,   72.6,   28.2,   27.4,     86,      6,      5,      5,      8,     11,      6,     26,     20,     13,.,      9,.,     55,     57,    19.8,    23.3,    33.9,    34.3,    19.8,    23.3,    33.8,    34.3,"(CONTRACTS OF AUD 100,000)",232741,CME ,232 ,F10,FutOnly
AUSTRALIAN DOLLAR - CHICAGO MERCANTILE EXCHANGE,170620,2017-06-20,232741,CME ,00,232 ,   81975,    5722,    3025,     558,    7396,   11895,    1812,   38720,   27702,    2448,     693,    9073,      91,   57440,   56604,   24535,   25371,  -52984,  -49807,  -31234,   -2267,    1756,    1222,     -96,    9011,  -10212,   -9415,   -3582,    1780,      60,  -54340,  -50162,    1356,   -2822,  100.0,    7.0,    3.7,    0.7,    9.0,   14.5,    2.2,   47.2,   33.8,    3.0,    0.8,   11.1,    0.1,   70.1,   69.1,   29.9,   30.9,     85,      7,.,      5,      8,     12,      5,     25,     20,     11,.,      9,.,     54,     54,    19.4,    25.8,    31.9,    35.4,    19.4,    25.8,    31.8,    34.9,"(CONTRACTS OF AUD 100,000)",232741,CME ,232 ,F10,FutOnly
AUSTRALIAN DOLLAR - CHICAGO MERCANTILE EXCHANGE,170613,2017-06-13,232741,CME ,00,232 ,  134959,   55529,   34259,    2825,    5640,   10673,    1908,   29709,   37914,   11863,    4275,    7293,      31,  111780,  106766,   23179,   28193,    1387,   -3442,    -259,     525,   -3669,   -1764,     363,   -2087,   -3247,    6557,     403,    -434,    -177,   -1527,    1564,    2914,    -177,  100.0,   41.1,   25.4,    2.1,    4.2,    7.9,    1.4,   22.0,   28.1,    8.8,    3.2,    5.4,    0.0,   82.8,   79.1,   17.2,   20.9,     87,      7,      6,      7,      7,     10,      6,     24,     23,     18,.,      7,.,     58,     61,    37.8,    36.8,    50.7,    51.0,    37.8,    35.9,    49.4,    46.1,"(CONTRACTS OF AUD 100,000)",232741,CME ,232 ,F10,FutOnly
AUSTRALIAN DOLLAR - CHICAGO MERCANTILE EXCHANGE,170606,2017-06-06,232741,CME ,00,232 ,  133572,   58971,   34518,    2300,    9309,   12437,    1545,   31796,   41161,    5306,    3872,    7727,     208,  113307,  105202,   20265,   28370,    4184,    2605,    -167,    1822,     -82,     469,     450,   -4260,    -702,    2706,    1171,    2078,     208,    4620,    6864,    -436,   -2680,  100.0,   44.1,   25.8,    1.7,    7.0,    9.3,    1.2,   23.8,   30.8,    4.0,    2.9,    5.8,    0.2,   84.8,   78.8,   15.2,   21.2,     91,      7,      5,      7,      6,     12,      6,     26,     25,     16,.,      8,.,     56,     66,    41.0,    39.4,    54.7,    49.4,    40.8,    38.1,    54.5,    47.9,"(CONTRACTS OF AUD 100,000)",232741,CME ,232 ,F10,FutOnly
AUSTRALIAN DOLLAR - CHICAGO MERCANTILE EXCHANGE,170530,2017-05-30,232741,CME ,00,232 ,  129388,   56366,   34685,     478,    9391,   11968,    1095,   36056,   41863,    2600,    2701,    5649,       0,  108687,   98338,   20701,   31050,    1138,   -3140,      14,     -23,   -1302,    -410,     165,    2754,    -268,    -169,     846,     623,       0,    -869,     -68,    2007,    1206,  100.0,   43.6,   26.8,    0.4,    7.3,    9.2,    0.8,   27.9,   32.4,    2.0,    2.1,    4.4,    0.0,   84.0,   76.0,   16.0,   24.0,     83,      6,      5,.,      7,     10,      6,     25,     23,     14,.,      5,      0,     47,     59,    40.7,    37.3,    56.3,    49.7,    40.3,    37.3,    56.0,    49.7,"(CONTRACTS OF AUD 100,000)",232741,CME ,232 ,F10,FutOnly
AUSTRALIAN DOLLAR - CHICAGO MERCANTILE EXCHANGE,170523,2017-05-23,232741,CME ,00,232 ,  128250,   59506,   34671,     501,   10693,   12378,     930,   33302,   42131,    2769,    1855,    5026,       0,  109556,   98406,   18694,   29844,  -10505,    1748,     -24,     -48,     462,   -7921,      23,  -10004,    3571,    -808,    -762,      -2,     -81,   -9470,   -5290,   -1035,   -5215,  100.0,   46.4,   27.0,    0.4,    8.3,    9.7,    0.7,   26.0,   32.9,    2.2,    1.4,    3.9,    0.0,   85.4,   76.7,   14.6,   23.3,     84,      8,      5,      4,      5,     11,      5,     26,     23,     12,.,      4,      0,     47,     58,    43.7,    37.5,    60.3,    49.1,    43.4,    37.5,    59.9,    49.0,"(CONTRACTS OF AUD 100,000)",232741,CME ,232 ,F10,FutOnly
AUSTRALIAN DOLLAR - CHICAGO MERCANTILE EXCHANGE,170516,2017-05-16,232741,CME ,00,232 ,  138755,   57758,   34695,     549,   10231,   20299,     907,   43306,   38560,    3577,    2617,    5028,      81,  119026,  103696,   19729,   35059,   18716,   24378,   -1037,    -304,   -4623,    2882,     -17,    3015,   15226,     737,    -939,    -843,    -496,   21751,   16148,   -3035,    2568,  100.0,   41.6,   25.0,    0.4,    7.4,   14.6,    0.7,   31.2,   27.8,    2.6,    1.9,    3.6,    0.1,   85.8,   74.7,   14.2,   25.3,     85,      8,      5,.,.,     13,      4,     27,     21,     11,      4,      4,.,     47,     56,    40.0,    35.6,    55.9,    48.2,    39.8,    35.3,    55.3,    47.9,"(CONTRACTS OF AUD 100,000)",232741,CME ,232 ,F10,FutOnly
AUSTRALIAN DOLLAR - CHICAGO MERCANTILE EXCHANGE,170509,2017-05-09,232741,CME ,00,232 ,  120039,   33380,   35732,     853,   14854,   17417,     924,   40291,   23334,    2840,    3556,    5871,     577,   97275,   87548,   22764,   32491,   12163,   16845,   -6505,     349,   -5221,    3682,       7,   -1857,    7298,    1582,    2124,    -274,     456,   14285,    6595,   -2122,    5568,  100.0,   27.8,   29.8,    0.7,   12.4,   14.5,    0.8,   33.6,   19.4,    2.4,    3.0,    4.9,    0.5,   81.0,   72.9,   19.0,   27.1,     83,      8,      5,.,.,     11,.,     27,     18,     13,      5,      6,.,     49,     54,    33.9,    38.3,    48.0,    49.8,    33.9,    37.9,    47.6,    49.4,"(CONTRACTS OF AUD 100,000)",232741,CME ,232 ,F10,FutOnly
AUSTRALIAN DOLLAR - CHICAGO MERCANTILE EXCHANGE,170502,2017-05-02,232741,CME ,00,232 ,  107876,   16535,   42237,     504,   20075,   13735,     917,   42148,   16036,    1258,    1432,    6145,     121,   82990,   80953,   24886,   26923,    -683,    5463,   -4733,     -94,   -3379,    3079,     -10,   -3182,     557,     285,    -178,   -1383,      45,   -1050,   -2254,     367,    1571,  100.0,   15.3,   39.2,    0.5,   18.6,   12.7,    0.8,   39.1,   14.9,    1.2,    1.3,    5.7,    0.1,   76.9,   75.0,   23.1,   25.0,     76,      6,      5,.,.,     11,.,     29,     15,     10,.,      5,.,     48,     44,    32.4,    41.7,    48.1,    54.3,    32.4,    41.7,    47.6,    53.7,"(CONTRACTS OF AUD 100,000)",232741,CME ,232 ,F10,FutOnly
AUSTRALIAN DOLLAR - CHICAGO MERCANTILE EXCHANGE,170425,2017-04-25,232741,CME ,00,232 ,  108559,   11072,   46970,     598,   23454,   10656,     927,   45330,   15479,     973,    1610,    7528,      76,   84040,   83207,   24519,   25352,   -5894,    1939,   -5147,      57,    2041,   -1463,       6,   -7107,     985,    -588,     571,    -935,     -14,   -3095,   -7099,   -2799,    1205,  100.0,   10.2,   43.3,    0.6,   21.6,    9.8,    0.9,   41.8,   14.3,    0.9,    1.5,    6.9,    0.1,   77.4,   76.6,   22.6,   23.4,     82,      5,      6,.,      5,      9,.,     32,     15,     10,.,      7,.,     52,     45,    33.3,    43.2,    47.3,    54.0,    33.3,    43.2,    46.7,    53.7,"(CONTRACTS OF AUD 100,000)",232741,CME ,232 ,F10,FutOnly
AUSTRALIAN DOLLAR - CHICAGO MERCANTILE EXCHANGE,170418,2017-04-18,232741,CME ,00,232 ,  114453,    9133,   52117,     541,   21413,   12119,     921,   52437,   14494,    1561,    1039,    8463,      90,   87135,   90306,   27318,   24147,   -8691,     466,   -8034,     231,   -3888,     -17,    -122,   -4740,   -1528,      41,    -176,    1117,     -19,   -8207,   -8331,    -484,    -360,  100.0,    8.0,   45.5,    0.5,   18.7,   10.6,    0.8,   45.8,   12.7,    1.4,    0.9,    7.4,    0.1,   76.1,   78.9,   23.9,   21.1,     81,      5,      6,.,      4,      9,.,     35,     13,     14,.,      7,.,     55,     45,    31.4,    43.4,    44.7,    56.7,    31.4,    43.4,    44.7,    56.2,"(CONTRACTS OF AUD 100,000)",232741,CME ,232 ,F10,FutOnly
AUSTRALIAN DOLLAR - CHICAGO MERCANTILE EXCHANGE,170411,2017-04-11,232741,CME ,00,232 ,  123144,    8667,   60151,     310,   25301,   12136,    1043,   57177,   16022,    1520,    1215,    7346,     109,   95342,   98637,   27802,   24507,  -14028,    1572,  -16243,      47,   -3585,    4271,    -760,  -11208,   -1756,     125,      75,   -1790,     109,  -13625,  -15997,    -403,    1969,  100.0,    7.0,   48.8,    0.3,   20.5,    9.9,    0.8,   46.4,   13.0,    1.2,    1.0,    6.0,    0.1,   77.4,   80.1,   22.6,   19.9,     87,      6,      6,.,      6,     11,      5,     33,     16,     14,.,      7,.,     57,     52,    33.3,    46.9,    46.4,    58.0,    33.3,    46.9,    46.4,    57.9,"(CONTRACTS OF AUD 100,000)",232741,CME ,232 ,F10,FutOnly
AUSTRALIAN DOLLAR - CHICAGO MERCANTILE EXCHANGE,170404,2017-04-04,232741,CME ,00,232 ,  137172,    7095,   76394,     263,   28886,    7865,    1803,   68385,   17778,    1395,    1140,    9136,       0,  108967,  114634,   28205,   22538,    2750,    3799,    1100,     -34,   -1620,      85,     138,    1343,    3832,     232,    -242,   -1154,       0,    3616,    4199,    -866,   -1449,  100.0,    5.2,   55.7,    0.2,   21.1,    5.7,    1.3,   49.9,   13.0,    1.0,    0.8,    6.7,    0.0,   79.4,   83.6,   20.6,   16.4,     95,      5,      8,.,      7,     10,      4,     35,     18,     11,.,      9,      0,     59,     52,    35.4,    52.5,    48.2,    61.7,    35.4,    52.5,    48.2,    61.6,"(CONTRACTS OF AUD 100,000)",232741,CME ,232 ,F10,FutOnly
AUSTRALIAN DOLLAR - CHICAGO MERCANTILE EXCHANGE,170328,2017-03-28,232741,CME ,00,232 ,  134422,    3296,   75294,     297,   30506,    7780,    1665,   67042,   13946,    1163,    1382,   10290,       0,  105351,  110435,   29071,   23987,     418,     607,   10854,     278,    3356,   -3377,     456,     945,   -6397,   -1744,     161,   -1655,    -502,    3557,   -2087,   -3139,    2505,  100.0,    2.5,   56.0,    0.2,   22.7,    5.8,    1.2,   49.9,   10.4,    0.9,    1.0,    7.7,    0.0,   78.4,   82.2,   21.6,   17.8,     93,      5,      8,.,      9,      8,      5,     31,     18,     11,      4,     10,      0,     58,     52,    37.6,    52.1,    50.1,    60.9,    37.6,    52.1,    50.1,    60.9,"(CONTRACTS OF AUD 100,000)",232741,CME ,232 ,F10,FutOnly
AUSTRALIAN DOLLAR - CHICAGO MERCANTILE EXCHANGE,170321,2017-03-21,232741,CME ,00,232 ,  134004,    2689,   64440,      19,   27150,   11157,    1209,   66097,   20343,    2907,    1221,   11945,     502,  101794,  112522,   32210,   21482,   19996,     -35,   23717,      19,    6748,   -3625,     570,    5854,   -1319,     372,     -51,    2248,      34,   13511,   22016,    6485,   -2020,  100.0,    2.0,   48.1,    0.0,   20.3,    8.3,    0.9,   49.3,   15.2,    2.2,    0.9,    8.9,    0.4,   76.0,   84.0,   24.0,   16.0,    102,      4,      8,.,     10,      9,      5,     34,     20,     11,      4,     13,.,     62,     58,    35.1,    44.1,    47.1,    56.1,    35.1,    44.1,    47.1,    55.2,"(CONTRACTS OF AUD 100,000)",232741,CME ,232 ,F10,FutOnly
AUSTRALIAN DOLLAR - CHICAGO MERCANTILE EXCHANGE,170314,2017-03-14,232741,CME ,00,232 ,  114008,    2724,   40723,       0,   20402,   14782,     639,   60243,   21662,    2535,    1272,    9697,     468,   88283,   90506,   25725,   23502,  -39357,   -1323,  -26485,  -13968,   -1941,    2224,    -751,  -10261,    5573,   -7640,     148,    3138,    -466,  -36202,  -38375,   -3155,    -982,  100.0,    2.4,   35.7,    0.0,   17.9,   13.0,    0.6,   52.8,   19.0,    2.2,    1.1,    8.5,    0.4,   77.4,   79.4,   22.6,   20.6,     90,      4,      6,      0,      7,     10,.,     32,     18,     13,      4,      9,.,     56,     50,    33.8,    38.9,    48.2,    53.7,    33.8,    38.9,    48.2,    52.8,"(CONTRACTS OF AUD 100,000)",232741,CME ,232 ,F10,FutOnly
AUSTRALIAN DOLLAR - CHICAGO MERCANTILE EXCHANGE,170307,2017-03-07,232741,CME ,00,232 ,  153365,    4047,   67208,   13968,   22343,   12558,    1390,   70504,   16089,   10175,    1124,    6559,     934,  124485,  128881,   28880,   24484,   11451,     912,   -4884,   12768,   -5952,    -953,     202,   -3310,   -4269,    7397,     -52,     -46,     223,   12188,   10438,    -737,    1013,  100.0,    2.6,   43.8,    9.1,   14.6,    8.2,    0.9,   46.0,   10.5,    6.6,    0.7,    4.3,    0.6,   81.2,   84.0,   18.8,   16.0,     98,      5,      8,      5,      8,      9,      5,     38,     18,     18,.,      8,.,     70,     57,    33.1,    47.8,    45.5,    59.1,    28.6,    43.8,    38.9,    50.5,"(CONTRACTS OF AUD 100,000)",232741,CME ,232 ,F10,FutOnly
AUSTRALIAN DOLLAR - CHICAGO MERCANTILE EXCHANGE,170228,2017-02-28,232741,CME ,00,232 ,  141914,    3135,   72092,    1200,   28295,   13511,    1188,   73814,   20358,    2778,    1176,    6605,     711,  112297,  118443,   29617,   23471,    4478,   -2377,    9676,      61,    1885,   -5239,     870,    3992,   -3722,     711,    -113,     704,     181,    5210,    3242,    -732,    1236,  100.0,    2.2,   50.8,    0.8,   19.9,    9.5,    0.8,   52.0,   14.3,    2.0,    0.8,    4.7,    0.5,   79.1,   83.5,   20.9,   16.5,     92,.,     11,      4,      9,      7,      6,     34,     19,     12,.,      6,.,     66,     49,    35.3,    49.7,    46.7,    59.7,    35.3,    49.1,    46.6,    57.6,"(CONTRACTS OF AUD 100,000)",232741,CME ,232 ,F10,FutOnly
AUSTRALIAN DOLLAR - CHICAGO MERCANTILE EXCHANGE,170221,2017-02-21,232741,CME ,00,232 ,  137436,    5512,   62416,    1139,   26410,   18750,     318,   69822,   24080,    2067,    1289,    5901,     530,  107087,  115201,   30349,   22235,    9567,    -981,    6456,     -77,    2033,      42,       1,    8326,    2673,    -146,     333,     365,      15,    9504,    9329,      63,     238,  100.0,    4.0,   45.4,    0.8,   19.2,   13.6,    0.2,   50.8,   17.5,    1.5,    0.9,    4.3,    0.4,   77.9,   83.8,   22.1,   16.2,     95,.,     10,      4,      9,      8,      4,     36,     20,      9,.,      6,.,     63,     50,    34.2,    46.3,    46.5,    58.5,    34.2,    46.1,    46.5,    57.0,"(CONTRACTS OF AUD 100,000)",232741,CME ,232 ,F10,FutOnly
AUSTRALIAN DOLLAR - CHICAGO MERCANTILE EXCHANGE,170214,2017-02-14,232741,CME ,00,232 ,  127869,    6493,   55960,    1216,   24377,   18708,     317,   61496,   21407,    2213,     956,    5536,     515,   97583,  105872,   30286,   21997,   13764,      -7,    9254,     -93,    1509,      69,      -1,   10251,    3034,     235,       6,    -996,      56,   11956,   11558,    1808,    2206,  100.0,    5.1,   43.8,    1.0,   19.1,   14.6,    0.2,   48.1,   16.7,    1.7,    0.7,    4.3,    0.4,   76.3,   82.8,   23.7,   17.2,     87,      4,      8,.,      8,      8,      4,     33,     18,     10,.,      5,.,     59,     46,    33.2,    46.0,    45.2,    59.3,    33.2,    46.0,    45.2,    57.6,"(CONTRACTS OF AUD 100,000)",232741,CME ,232 ,F10,FutOnly
AUSTRALIAN DOLLAR - CHICAGO MERCANTILE EXCHANGE,170207,2017-02-07,232741,CME ,00,232 ,  114105,    6500,   46706,    1309,   22868,   18639,     318,   51245,   18373,    1978,     950,    6532,     459,   85627,   94314,   28478,   19791,   12685,    -352,   14410,     408,    -233,    1495,       1,   10286,    -297,    -111,       3,    -691,    -163,    9839,   15052,    2846,   -2367,  100.0,    5.7,   40.9,    1.1,   20.0,   16.3,    0.3,   44.9,   16.1,    1.7,    0.8,    5.7,    0.4,   75.0,   82.7,   25.0,   17.3,     89,      4,      9,.,      8,      8,      4,     33,     18,     10,.,      6,.,     60,     47,    29.6,    44.0,    41.8,    58.9,    29.6,    44.0,    41.8,    56.6,"(CONTRACTS OF AUD 100,000)",232741,CME ,232 ,F10,FutOnly
AUSTRALIAN DOLLAR - CHICAGO MERCANTILE EXCHANGE,170131,2017-01-31,232741,CME ,00,232 ,  101420,    6852,   32296,     901,   23101,   17144,     317,   40959,   18670,    2089,     947,    7223,     622,   75788,   79262,   25632,   22158,    7041,    -249,   13331,       8,   -1354,    2451,       8,    5886,   -8191,     678,    -507,     760,     -15,    4455,    9030,    2586,   -1989,  100.0,    6.8,   31.8,    0.9,   22.8,   16.9,    0.3,   40.4,   18.4,    2.1,    0.9,    7.1,    0.6,   74.7,   78.2,   25.3,   21.8,     87,      5,      7,.,      8,      9,      4,     29,     17,      8,.,     10,.,     54,     48,    28.9,    35.3,    41.0,    50.5,    28.9,    35.2,    40.8,    48.7,"(CONTRACTS OF AUD 100,000)",232741,CME ,232 ,F10,FutOnly
AUSTRALIAN DOLLAR - CHICAGO MERCANTILE EXCHANGE,170124,2017-01-24,232741,CME ,00,232 ,   94379,    7101,   18965,     893,   24455,   14693,     309,   35073,   26861,    1411,    1454,    6463,     637,   71333,   70232,   23046,   24147,    6748,  -14622,   14758,     409,    3776,   -1021,       1,   13107,   -4125,    -127,    -119,    -354,     107,    2532,    9648,    4216,   -2900,  100.0,    7.5,   20.1,    0.9,   25.9,   15.6,    0.3,   37.2,   28.5,    1.5,    1.5,    6.8,    0.7,   75.6,   74.4,   24.4,   25.6,     86,      5,      8,.,      9,      8,      4,     25,     20,      5,.,      8,.,     49,     48,    30.9,    25.4,    42.5,    38.9,    30.9,    24.4,    42.3,    37.5,"(CONTRACTS OF AUD 100,000)",232741,CME ,232 ,F10,FutOnly
AUSTRALIAN DOLLAR - CHICAGO MERCANTILE EXCHANGE,170117,2017-01-17,232741,CME ,00,232 ,   87631,   21723,    4207,     484,   20679,   15714,     308,   21966,   30986,    1538,    1573,    6817,     530,   68801,   60584,   18830,   27047,   -9254,  -25953,    2106,      18,   10719,   -1332,      74,    4336,   -6770,     -51,     194,    -730,       0,  -10663,   -6685,    1409,   -2569,  100.0,   24.8,    4.8,    0.6,   23.6,   17.9,    0.4,   25.1,   35.4,    1.8,    1.8,    7.8,    0.6,   78.5,   69.1,   21.5,   30.9,     80,      7,      5,.,      7,     10,.,     17,     24,      7,.,      7,.,     41,     52,    40.6,    19.9,    51.8,    33.6,    40.5,    18.8,    51.3,    31.9,"(CONTRACTS OF AUD 100,000)",232741,CME ,232 ,F10,FutOnly
AUSTRALIAN DOLLAR - CHICAGO MERCANTILE EXCHANGE,170110,2017-01-10,232741,CME ,00,232 ,   96885,   47676,    2101,     466,    9960,   17046,     234,   17630,   37756,    1589,    1379,    7547,     530,   79464,   67269,   17421,   29616,   -7124,    -485,      13,      91,    5333,   -1883,      91,  -10967,   -2646,    -456,    -240,   -3102,     529,   -6104,   -7363,   -1020,     239,  100.0,   49.2,    2.2,    0.5,   10.3,   17.6,    0.2,   18.2,   39.0,    1.6,    1.4,    7.8,    0.5,   82.0,   69.4,   18.0,   30.6,     84,     10,.,.,      4,     11,.,     16,     31,      6,.,      6,.,     39,     57,    50.3,    19.1,    61.8,    31.6,    50.2,    18.2,    61.7,    30.0,"(CONTRACTS OF AUD 100,000)",232741,CME ,232 ,F10,FutOnly
AUSTRALIAN DOLLAR - CHICAGO MERCANTILE EXCHANGE,170103,2017-01-03,232741,CME ,00,232 ,  104009,   48161,    2088,     375,    4627,   18929,     143,   28597,   40402,    2045,    1619,   10649,       1,   85568,   74632,   18441,   29377,    9558,   15581,      17,     375,   -2750,    -282,      34,   -2087,    4667,    -193,     313,    3447,       0,   11273,    8065,   -1715,    1493,  100.0,   46.3,    2.0,    0.4,    4.4,   18.2,    0.1,   27.5,   38.8,    2.0,    1.6,   10.2,    0.0,   82.3,   71.8,   17.7,   28.2,     82,     10,.,.,      4,     11,.,     18,     25,      6,      5,      6,.,     42,     51,    44.5,    20.1,    56.5,    35.2,    44.5,    20.1,    56.1,    34.3,"(CONTRACTS OF AUD 100,000)",232741,CME ,232 ,F10,FutOnly
NEW ZEALAND DOLLAR - CHICAGO MERCANTILE EXCHANGE,171226,2017-12-26,112741,CME ,00,112 ,   47219,   31402,     156,       0,    1826,    6709,       8,   10827,   34727,     316,     100,     528,       0,   44479,   42444,    2740,    4775,   -1166,    -576,       0,       0,     117,     -36,       0,    -746,   -1011,    -131,     -10,     -83,       0,   -1346,   -1261,     180,      95,  100.0,   66.5,    0.3,    0.0,    3.9,   14.2,    0.0,   22.9,   73.5,    0.7,    0.2,    1.1,    0.0,   94.2,   89.9,    5.8,   10.1,     74,      8,.,      0,      7,     11,.,     16,     28,      4,.,.,      0,     35,     44,    60.0,    34.7,    74.2,    57.7,    60.0,    34.7,    74.2,    57.7,"(CONTRACTS OF NZD 100,000)",112741,CME ,112 ,F15,FutOnly
NEW ZEALAND DOLLAR - CHICAGO MERCANTILE EXCHANGE,171219,2017-12-19,112741,CME ,00,112 ,   48385,   31978,     156,       0,    1709,    6745,       8,   11573,   35738,     447,     110,     611,       0,   45825,   43705,    2560,    4680,  -25807,   -2722,   -8694,   -8538,    -248,   -1139,      -1,   -8211,    -374,   -3335,     110,      20,     -79,  -23024,  -22140,   -2783,   -3667,  100.0,   66.1,    0.3,    0.0,    3.5,   13.9,    0.0,   23.9,   73.9,    0.9,    0.2,    1.3,    0.0,   94.7,   90.3,    5.3,    9.7,     79,      8,.,      0,      7,     11,.,     20,     28,      4,.,.,      0,     38,     46,    59.6,    35.6,    74.6,    59.5,    59.6,    35.6,    74.6,    59.5,"(CONTRACTS OF NZD 100,000)",112741,CME ,112 ,F15,FutOnly
NEW ZEALAND DOLLAR - CHICAGO MERCANTILE EXCHANGE,171212,2017-12-12,112741,CME ,00,112 ,   74192,   34700,    8850,    8538,    1957,    7884,       9,   19784,   36112,    3782,       0,     591,      79,   68849,   65845,    5343,    8347,   12806,    1167,    -313,    8342,     141,    2551,     -83,    -387,   -2484,    1985,    -461,    -206,      79,   10783,    9871,    2023,    2935,  100.0,   46.8,   11.9,   11.5,    2.6,   10.6,    0.0,   26.7,   48.7,    5.1,    0.0,    0.8,    0.1,   92.8,   88.7,    7.2,   11.3,     88,      9,.,      6,      7,     13,.,     20,     27,     16,      0,.,.,     49,     63,    41.2,    36.2,    58.9,    56.2,    40.5,    29.2,    55.1,    46.8,"(CONTRACTS OF NZD 100,000)",112741,CME ,112 ,F15,FutOnly
NEW ZEALAND DOLLAR - CHICAGO MERCANTILE EXCHANGE,171205,2017-12-05,112741,CME ,00,112 ,   61386,   33533,    9163,     196,    1816,    5333,      92,   20171,   38596,    1797,     461,     797,       0,   58066,   55974,    3320,    5412,     126,    -228,      27,     173,     -48,     388,      85,    -487,   -1109,     647,      86,     104,       0,     228,     315,    -102,    -189,  100.0,   54.6,   14.9,    0.3,    3.0,    8.7,    0.1,   32.9,   62.9,    2.9,    0.8,    1.3,    0.0,   94.6,   91.2,    5.4,    8.8,     93,      9,.,.,      7,     13,.,     21,     32,     13,.,      4,      0,     47,     64,    48.0,    35.1,    66.2,    55.1,    47.4,    35.1,    65.7,    55.1,"(CONTRACTS OF NZD 100,000)",112741,CME ,112 ,F15,FutOnly
NEW ZEALAND DOLLAR - CHICAGO MERCANTILE EXCHANGE,171128,2017-11-28,112741,CME ,00,112 ,   61260,   33761,    9136,      23,    1864,    4945,       7,   20658,   39705,    1150,     375,     693,       0,   57838,   55659,    3422,    5601,    1523,      29,    -184,       8,     358,    1072,       0,     838,    1225,     354,     -86,    -297,       0,    1501,    2178,      22,    -655,  100.0,   55.1,   14.9,    0.0,    3.0,    8.1,    0.0,   33.7,   64.8,    1.9,    0.6,    1.1,    0.0,   94.4,   90.9,    5.6,    9.1,     88,     10,.,.,      7,     12,.,     20,     31,      9,.,.,      0,     44,     57,    48.0,    36.0,    66.4,    55.7,    48.0,    36.0,    66.4,    55.7,"(CONTRACTS OF NZD 100,000)",112741,CME ,112 ,F15,FutOnly
NEW ZEALAND DOLLAR - CHICAGO MERCANTILE EXCHANGE,171121,2017-11-21,112741,CME ,00,112 ,   59737,   33732,    9320,      15,    1506,    3873,       7,   19820,   38480,     796,     461,     990,       0,   56337,   53481,    3400,    6256,    6047,    4548,     198,     -22,    -404,    1331,     -10,    3851,    4433,    -418,   -1645,      44,       0,    5900,    5556,     147,     491,  100.0,   56.5,   15.6,    0.0,    2.5,    6.5,    0.0,   33.2,   64.4,    1.3,    0.8,    1.7,    0.0,   94.3,   89.5,    5.7,   10.5,     90,     10,.,.,      6,     11,.,     19,     35,      7,.,      4,      0,     41,     60,    47.5,    36.2,    65.9,    56.2,    47.5,    36.2,    65.9,    56.2,"(CONTRACTS OF NZD 100,000)",112741,CME ,112 ,F15,FutOnly
NEW ZEALAND DOLLAR - CHICAGO MERCANTILE EXCHANGE,171114,2017-11-14,112741,CME ,00,112 ,   53690,   29184,    9122,      37,    1910,    2542,      17,   15969,   34047,    1214,    2106,     946,       0,   50437,   47925,    3253,    5765,    1618,    2591,    3334,      11,     339,   -3105,      10,   -1348,     561,     541,       8,    -176,       0,    2152,    1176,    -534,     442,  100.0,   54.4,   17.0,    0.1,    3.6,    4.7,    0.0,   29.7,   63.4,    2.3,    3.9,    1.8,    0.0,   93.9,   89.3,    6.1,   10.7,     85,      8,.,.,      7,     11,.,     20,     28,      7,      4,      4,      0,     45,     52,    48.0,    38.2,    64.2,    57.7,    48.0,    38.2,    63.3,    57.6,"(CONTRACTS OF NZD 100,000)",112741,CME ,112 ,F15,FutOnly
NEW ZEALAND DOLLAR - CHICAGO MERCANTILE EXCHANGE,171107,2017-11-07,112741,CME ,00,112 ,   52072,   26593,    5788,      26,    1571,    5647,       7,   17317,   33486,     673,    2098,    1122,       0,   48285,   46749,    3787,    5323,    2462,    5169,     287,      -2,    -275,     -97,       0,   -2530,    2688,    -106,     256,     -41,       0,    2512,    2729,     -50,    -267,  100.0,   51.1,   11.1,    0.0,    3.0,   10.8,    0.0,   33.3,   64.3,    1.3,    4.0,    2.2,    0.0,   92.7,   89.8,    7.3,   10.2,     89,      8,.,.,      7,     10,.,     24,     28,      6,.,      6,      0,     45,     54,    47.1,    32.7,    62.5,    54.1,    47.1,    32.7,    62.5,    54.0,"(CONTRACTS OF NZD 100,000)",112741,CME ,112 ,F15,FutOnly
NEW ZEALAND DOLLAR - CHICAGO MERCANTILE EXCHANGE,171031,2017-10-31,112741,CME ,00,112 ,   49610,   21424,    5501,      28,    1846,    5744,       7,   19847,   30798,     779,    1842,    1163,       0,   45773,   44020,    3837,    5590,    8425,    8025,    2198,      16,     180,   -2752,       7,     349,    7810,     179,     581,     216,       0,    9337,    7674,    -912,     751,  100.0,   43.2,   11.1,    0.1,    3.7,   11.6,    0.0,   40.0,   62.1,    1.6,    3.7,    2.3,    0.0,   92.3,   88.7,    7.7,   11.3,     88,      9,.,.,      8,      8,.,     21,     31,      5,.,      5,      0,     44,     53,    40.3,    34.7,    61.6,    55.2,    40.3,    34.7,    61.2,    55.2,"(CONTRACTS OF NZD 100,000)",112741,CME ,112 ,F15,FutOnly
NEW ZEALAND DOLLAR - CHICAGO MERCANTILE EXCHANGE,171024,2017-10-24,112741,CME ,00,112 ,   41185,   13399,    3303,      12,    1666,    8496,       0,   19498,   22988,     600,    1261,     947,       0,   36436,   36346,    4749,    4839,    7428,    7541,    -868,      -2,     276,     320,       0,    -500,    6940,    -271,     105,     361,       0,    7149,    6480,     279,     948,  100.0,   32.5,    8.0,    0.0,    4.0,   20.6,    0.0,   47.3,   55.8,    1.5,    3.1,    2.3,    0.0,   88.5,   88.3,   11.5,   11.7,     81,      9,.,.,      7,      6,      0,     22,     28,      7,.,      5,      0,     45,     44,    34.3,    44.0,    55.5,    62.2,    34.3,    43.9,    55.1,    62.2,"(CONTRACTS OF NZD 100,000)",112741,CME ,112 ,F15,FutOnly
NEW ZEALAND DOLLAR - CHICAGO MERCANTILE EXCHANGE,171017,2017-10-17,112741,CME ,00,112 ,   33757,    5858,    4171,      14,    1390,    8176,       0,   19998,   16048,     871,    1156,     586,       0,   29287,   29866,    4470,    3891,   -2703,   -1634,    -325,       0,     -92,    -338,       0,    -900,   -1833,    -126,     178,    -194,       0,   -2574,   -2816,    -129,     113,  100.0,   17.4,   12.4,    0.0,    4.1,   24.2,    0.0,   59.2,   47.5,    2.6,    3.4,    1.7,    0.0,   86.8,   88.5,   13.2,   11.5,     68,      5,.,.,      6,      4,      0,     28,     16,      7,.,.,      0,     45,     31,    31.7,    51.9,    49.0,    68.5,    31.7,    51.9,    47.6,    68.1,"(CONTRACTS OF NZD 100,000)",112741,CME ,112 ,F15,FutOnly
NEW ZEALAND DOLLAR - CHICAGO MERCANTILE EXCHANGE,171010,2017-10-10,112741,CME ,00,112 ,   36460,    7492,    4496,      14,    1482,    8514,       0,   20898,   17881,     997,     978,     780,       0,   31861,   32682,    4599,    3778,    2285,    1749,    -853,      -7,    -433,     150,       0,    1834,    3319,    -479,     422,     224,       0,    3086,    2354,    -801,     -69,  100.0,   20.5,   12.3,    0.0,    4.1,   23.4,    0.0,   57.3,   49.0,    2.7,    2.7,    2.1,    0.0,   87.4,   89.6,   12.6,   10.4,     74,      5,      5,.,      6,      5,      0,     27,     19,      8,.,      4,      0,     45,     38,    36.3,    51.1,    52.8,    69.9,    36.3,    51.1,    52.0,    68.7,"(CONTRACTS OF NZD 100,000)",112741,CME ,112 ,F15,FutOnly
NEW ZEALAND DOLLAR - CHICAGO MERCANTILE EXCHANGE,171003,2017-10-03,112741,CME ,00,112 ,   34175,    5743,    5349,      21,    1915,    8364,       0,   19064,   14562,    1476,     556,     556,       0,   28775,   30328,    5400,    3847,   -1739,     104,     -11,     -47,    -200,    -163,       0,   -1235,    -714,    -392,     391,    -234,       0,   -1379,   -1561,    -360,    -178,  100.0,   16.8,   15.7,    0.1,    5.6,   24.5,    0.0,   55.8,   42.6,    4.3,    1.6,    1.6,    0.0,   84.2,   88.7,   15.8,   11.3,     70,      4,      6,.,      9,      4,      0,     25,     17,      5,.,.,      0,     42,     35,    37.9,    51.8,    52.8,    70.3,    37.9,    51.8,    51.8,    67.2,"(CONTRACTS OF NZD 100,000)",112741,CME ,112 ,F15,FutOnly
NEW ZEALAND DOLLAR - CHICAGO MERCANTILE EXCHANGE,170926,2017-09-26,112741,CME ,00,112 ,   35914,    5639,    5360,      68,    2115,    8527,       0,   20299,   15276,    1868,     165,     790,       0,   30154,   31889,    5760,    4025,   -1159,    -421,    1477,      -1,     166,      35,       0,    -739,   -2837,    -744,       0,      63,       0,   -1739,   -2007,     580,     848,  100.0,   15.7,   14.9,    0.2,    5.9,   23.7,    0.0,   56.5,   42.5,    5.2,    0.5,    2.2,    0.0,   84.0,   88.8,   16.0,   11.2,     72,      4,      6,.,     10,      5,      0,     27,     15,      4,.,      4,      0,     45,     33,    39.0,    49.0,    54.8,    69.4,    39.0,    48.9,    53.0,    66.7,"(CONTRACTS OF NZD 100,000)",112741,CME ,112 ,F15,FutOnly
NEW ZEALAND DOLLAR - CHICAGO MERCANTILE EXCHANGE,170919,2017-09-19,112741,CME ,00,112 ,   37073,    6060,    3883,      69,    1949,    8492,       0,   21038,   18113,    2612,     165,     727,       0,   31893,   33896,    5180,    3177,  -12183,     188,   -8226,   -6468,      40,     278,       0,   -2737,    3591,    -939,   -1852,    -195,       0,  -11768,  -11959,    -415,    -224,  100.0,   16.3,   10.5,    0.2,    5.3,   22.9,    0.0,   56.7,   48.9,    7.0,    0.4,    2.0,    0.0,   86.0,   91.4,   14.0,    8.6,     75,      6,.,.,     11,      5,      0,     31,     15,      6,.,.,      0,     52,     31,    38.0,    49.0,    52.0,    72.3,    38.0,    49.0,    49.6,    68.3,"(CONTRACTS OF NZD 100,000)",112741,CME ,112 ,F15,FutOnly
NEW ZEALAND DOLLAR - CHICAGO MERCANTILE EXCHANGE,170912,2017-09-12,112741,CME ,00,112 ,   49256,    5872,   12109,    6537,    1909,    8214,       0,   23775,   14522,    3551,    2017,     922,       0,   43661,   45855,    5595,    3401,    3162,    1598,    -245,    3413,    -532,   -1659,       0,   -2532,    1227,     423,     385,     -11,       0,    2755,    3148,     407,      14,  100.0,   11.9,   24.6,   13.3,    3.9,   16.7,    0.0,   48.3,   29.5,    7.2,    4.1,    1.9,    0.0,   88.6,   93.1,   11.4,    6.9,     75,      7,      4,      5,     10,      4,      0,     29,     12,     10,.,      4,      0,     59,     31,    29.2,    51.8,    47.7,    77.1,    25.9,    51.5,    36.4,    64.8,"(CONTRACTS OF NZD 100,000)",112741,CME ,112 ,F15,FutOnly
NEW ZEALAND DOLLAR - CHICAGO MERCANTILE EXCHANGE,170905,2017-09-05,112741,CME ,00,112 ,   46094,    4274,   12354,    3124,    2441,    9873,       0,   26307,   13295,    3128,    1632,     933,       0,   40906,   42707,    5188,    3387,    2362,    2674,   -3656,    1146,    -554,     850,       0,   -2256,    2058,    1732,      52,     -35,       0,    2794,    2095,    -432,     267,  100.0,    9.3,   26.8,    6.8,    5.3,   21.4,    0.0,   57.1,   28.8,    6.8,    3.5,    2.0,    0.0,   88.7,   92.7,   11.3,    7.3,     79,      5,      5,.,     12,      4,      0,     35,     10,     11,.,      4,      0,     61,     32,    28.6,    57.6,    43.4,    76.8,    23.3,    57.6,    35.8,    72.7,"(CONTRACTS OF NZD 100,000)",112741,CME ,112 ,F15,FutOnly
NEW ZEALAND DOLLAR - CHICAGO MERCANTILE EXCHANGE,170829,2017-08-29,112741,CME ,00,112 ,   43732,    1600,   16010,    1978,    2995,    9023,       0,   28563,   11237,    1396,    1580,     968,       0,   38112,   40612,    5620,    3120,    -358,     152,   -3318,     873,    -311,      11,       0,    -311,    2459,    -318,     219,     359,       0,     304,      66,    -662,    -424,  100.0,    3.7,   36.6,    4.5,    6.8,   20.6,    0.0,   65.3,   25.7,    3.2,    3.6,    2.2,    0.0,   87.1,   92.9,   12.9,    7.1,     83,.,      9,      4,     12,.,      0,     36,     11,      9,      4,      5,      0,     61,     35,    28.6,    56.9,    45.4,    75.2,    27.6,    56.9,    41.6,    71.1,"(CONTRACTS OF NZD 100,000)",112741,CME ,112 ,F15,FutOnly
NEW ZEALAND DOLLAR - CHICAGO MERCANTILE EXCHANGE,170822,2017-08-22,112741,CME ,00,112 ,   44090,    1448,   19328,    1105,    3306,    9012,       0,   28874,    8778,    1714,    1361,     609,       0,   37808,   40546,    6282,    3544,   -4323,    -294,   -3570,    -814,     938,    -259,       0,   -4879,    -106,     618,     108,    -200,     -25,   -4348,   -4356,      25,      33,  100.0,    3.3,   43.8,    2.5,    7.5,   20.4,    0.0,   65.5,   19.9,    3.9,    3.1,    1.4,    0.0,   85.8,   92.0,   14.2,    8.0,     82,.,      9,      4,     13,.,      0,     37,     10,      8,      5,.,      0,     63,     31,    30.4,    56.3,    45.7,    73.8,    29.3,    55.5,    42.4,    71.7,"(CONTRACTS OF NZD 100,000)",112741,CME ,112 ,F15,FutOnly
NEW ZEALAND DOLLAR - CHICAGO MERCANTILE EXCHANGE,170815,2017-08-15,112741,CME ,00,112 ,   48413,    1742,   22898,    1919,    2368,    9271,       0,   33753,    8884,    1096,    1253,     809,      25,   42156,   44902,    6257,    3511,   -4738,   -1789,   -8144,    1766,    -488,     435,       0,   -5119,    1088,     586,     480,      44,    -175,   -4739,   -4400,       1,    -338,  100.0,    3.6,   47.3,    4.0,    4.9,   19.1,    0.0,   69.7,   18.4,    2.3,    2.6,    1.7,    0.1,   87.1,   92.7,   12.9,    7.3,     84,      4,      9,.,     11,      4,      0,     36,     11,      5,      5,      4,.,     60,     33,    29.2,    54.1,    46.2,    74.0,    29.2,    54.1,    43.9,    70.4,"(CONTRACTS OF NZD 100,000)",112741,CME ,112 ,F15,FutOnly
NEW ZEALAND DOLLAR - CHICAGO MERCANTILE EXCHANGE,170808,2017-08-08,112741,CME ,00,112 ,   53151,    3531,   31042,     153,    2856,    8836,       0,   38872,    7796,     510,     773,     765,     200,   46895,   49302,    6256,    3849,   -1817,    2099,   -1223,      13,    -100,   -1203,       0,   -4309,     849,      91,     360,    -595,     200,   -1646,   -1868,    -171,      51,  100.0,    6.6,   58.4,    0.3,    5.4,   16.6,    0.0,   73.1,   14.7,    1.0,    1.5,    1.4,    0.4,   88.2,   92.8,   11.8,    7.2,     89,      4,      9,.,     12,.,      0,     39,     12,      4,      5,      4,.,     66,     31,    30.9,    54.1,    46.4,    74.8,    30.9,    54.0,    45.9,    74.6,"(CONTRACTS OF NZD 100,000)",112741,CME ,112 ,F15,FutOnly
NEW ZEALAND DOLLAR - CHICAGO MERCANTILE EXCHANGE,170801,2017-08-01,112741,CME ,00,112 ,   54968,    1432,   32265,     140,    2956,   10039,       0,   43181,    6947,     419,     413,    1360,       0,   48541,   51170,    6427,    3798,     365,      24,     -23,     -20,    -122,       0,       0,     304,     364,     397,      -1,     118,       0,     582,     836,    -217,    -471,  100.0,    2.6,   58.7,    0.3,    5.4,   18.3,    0.0,   78.6,   12.6,    0.8,    0.8,    2.5,    0.0,   88.3,   93.1,   11.7,    6.9,     92,.,      9,.,     12,.,      0,     46,     11,      4,.,      6,      0,     67,     32,    34.5,    58.9,    50.1,    75.8,    34.5,    58.9,    49.4,    75.7,"(CONTRACTS OF NZD 100,000)",112741,CME ,112 ,F15,FutOnly
NEW ZEALAND DOLLAR - CHICAGO MERCANTILE EXCHANGE,170725,2017-07-25,112741,CME ,00,112 ,   54603,    1408,   32288,     160,    3078,   10039,       0,   42877,    6583,      22,     414,    1242,       0,   47959,   50334,    6644,    4269,   -2893,      60,    -798,      80,    -319,       6,       0,   -2410,   -1798,    -302,    -405,    -248,       0,   -3296,   -3060,     403,     167,  100.0,    2.6,   59.1,    0.3,    5.6,   18.4,    0.0,   78.5,   12.1,    0.0,    0.8,    2.3,    0.0,   87.8,   92.2,   12.2,    7.8,     85,.,      9,.,     12,.,      0,     40,     10,.,.,      6,      0,     61,     29,    35.0,    59.5,    51.9,    76.4,    35.0,    59.4,    51.9,    76.3,"(CONTRACTS OF NZD 100,000)",112741,CME ,112 ,F15,FutOnly
NEW ZEALAND DOLLAR - CHICAGO MERCANTILE EXCHANGE,170718,2017-07-18,112741,CME ,00,112 ,   57496,    1348,   33086,      80,    3397,   10033,       0,   45287,    8381,     324,     819,    1490,       0,   51255,   53394,    6241,    4102,   -1003,      66,    5693,      80,     174,       6,       0,    -928,   -6070,    -140,    -310,      62,       0,   -1058,    -369,      55,    -634,  100.0,    2.3,   57.5,    0.1,    5.9,   17.4,    0.0,   78.8,   14.6,    0.6,    1.4,    2.6,    0.0,   89.1,   92.9,   10.9,    7.1,     93,.,     10,.,     11,.,      0,     40,     14,      5,      6,      7,      0,     63,     36,    38.3,    57.1,    55.4,    73.6,    38.3,    57.1,    55.4,    73.6,"(CONTRACTS OF NZD 100,000)",112741,CME ,112 ,F15,FutOnly
NEW ZEALAND DOLLAR - CHICAGO MERCANTILE EXCHANGE,170711,2017-07-11,112741,CME ,00,112 ,   58499,    1282,   27393,       0,    3223,   10027,       0,   46215,   14451,     464,    1129,    1428,       0,   52313,   53763,    6186,    4736,     939,       8,    2066,       0,     694,    -142,       0,     111,   -1134,     322,     307,    -386,       0,    1442,     726,    -503,     213,  100.0,    2.2,   46.8,    0.0,    5.5,   17.1,    0.0,   79.0,   24.7,    0.8,    1.9,    2.4,    0.0,   89.4,   91.9,   10.6,    8.1,     91,.,     10,      0,     10,.,      0,     32,     20,.,      6,      8,      0,     50,     44,    42.7,    48.9,    58.3,    63.8,    42.7,    48.9,    58.3,    63.8,"(CONTRACTS OF NZD 100,000)",112741,CME ,112 ,F15,FutOnly
NEW ZEALAND DOLLAR - CHICAGO MERCANTILE EXCHANGE,170703,2017-07-03,112741,CME ,00,112 ,   57560,    1274,   25327,       0,    2529,   10169,       0,   46104,   15585,     142,     822,    1814,       0,   50871,   53037,    6689,    4523,     136,     -29,    4680,       0,     -84,      12,       0,    -572,   -4118,      45,      32,    -153,       0,    -608,     466,     744,    -330,  100.0,    2.2,   44.0,    0.0,    4.4,   17.7,    0.0,   80.1,   27.1,    0.2,    1.4,    3.2,    0.0,   88.4,   92.1,   11.6,    7.9,     93,.,     10,      0,      8,      4,      0,     33,     20,      4,      5,     11,      0,     50,     47,    43.9,    48.6,    60.5,    64.1,    43.9,    48.6,    60.4,    64.1,"(CONTRACTS OF NZD 100,000)",112741,CME ,112 ,F15,FutOnly
NEW ZEALAND DOLLAR - CHICAGO MERCANTILE EXCHANGE,170627,2017-06-27,112741,CME ,00,112 ,   57424,    1303,   20647,       0,    2613,   10157,       0,   46676,   19703,      97,     790,    1967,       0,   51479,   52571,    5945,    4853,    7329,      35,    4794,       0,     702,    -130,       0,    6290,    2163,    -360,     173,     181,       0,    6840,    6648,     489,     681,  100.0,    2.3,   36.0,    0.0,    4.6,   17.7,    0.0,   81.3,   34.3,    0.2,    1.4,    3.4,    0.0,   89.6,   91.5,   10.4,    8.5,     93,.,      8,      0,      8,      4,      0,     35,     21,.,.,     12,      0,     49,     47,    45.4,    48.4,    62.0,    66.3,    45.4,    48.4,    62.0,    66.3,"(CONTRACTS OF NZD 100,000)",112741,CME ,112 ,F15,FutOnly
NEW ZEALAND DOLLAR - CHICAGO MERCANTILE EXCHANGE,170620,2017-06-20,112741,CME ,00,112 ,   50095,    1268,   15853,       0,    1911,   10287,       0,   40386,   17540,     457,     617,    1786,       0,   44639,   45923,    5456,    4172,   -3481,   -9276,    9728,   -3611,     -69,     140,       0,   10371,   -8381,    -952,     291,     366,    -173,   -3419,   -2883,     -62,    -598,  100.0,    2.5,   31.6,    0.0,    3.8,   20.5,    0.0,   80.6,   35.0,    0.9,    1.2,    3.6,    0.0,   89.1,   91.7,   10.9,    8.3,     84,.,      7,      0,      6,      5,      0,     32,     21,      4,.,      9,      0,     43,     45,    45.5,    49.7,    63.3,    66.2,    45.5,    49.7,    62.5,    66.2,"(CONTRACTS OF NZD 100,000)",112741,CME ,112 ,F15,FutOnly
NEW ZEALAND DOLLAR - CHICAGO MERCANTILE EXCHANGE,170613,2017-06-13,112741,CME ,00,112 ,   53576,   10544,    6125,    3611,    1980,   10147,       0,   30015,   25921,    1409,     326,    1420,     173,   48058,   48806,    5518,    4770,    9762,   -4143,    1111,    3530,     199,       0,       0,    8386,    4589,     668,    -136,    -450,     172,    8676,    9620,    1086,     142,  100.0,   19.7,   11.4,    6.7,    3.7,   18.9,    0.0,   56.0,   48.4,    2.6,    0.6,    2.7,    0.3,   89.7,   91.1,   10.3,    8.9,     78,      6,      5,.,      6,      4,      0,     30,     17,     11,.,      6,.,     51,     42,    31.1,    50.0,    52.2,    69.3,    30.3,    45.4,    50.6,    63.8,"(CONTRACTS OF NZD 100,000)",112741,CME ,112 ,F15,FutOnly
NEW ZEALAND DOLLAR - CHICAGO MERCANTILE EXCHANGE,170606,2017-06-06,112741,CME ,00,112 ,   43814,   14687,    5014,      81,    1781,   10147,       0,   21629,   21332,     741,     462,    1870,       1,   39382,   39186,    4432,    4628,    -389,   -3586,     906,      12,     -26,     -18,       0,    2601,   -1225,     207,    -238,      64,       1,   -1029,     -53,     640,    -336,  100.0,   33.5,   11.4,    0.2,    4.1,   23.2,    0.0,   49.4,   48.7,    1.7,    1.1,    4.3,    0.0,   89.9,   89.4,   10.1,   10.6,     77,      6,      5,.,      5,      4,      0,     26,     19,      6,.,      9,.,     45,     42,    36.8,    42.9,    61.7,    64.2,    36.7,    42.6,    61.6,    63.9,"(CONTRACTS OF NZD 100,000)",112741,CME ,112 ,F15,FutOnly
NEW ZEALAND DOLLAR - CHICAGO MERCANTILE EXCHANGE,170530,2017-05-30,112741,CME ,00,112 ,   44203,   18273,    4108,      69,    1807,   10165,       0,   19028,   22557,     534,     700,    1806,       0,   40411,   39239,    3792,    4964,      38,   -3364,    1025,     -75,     648,    -525,       0,    2827,    -228,     -22,    -519,     -22,       0,    -505,     153,     543,    -115,  100.0,   41.3,    9.3,    0.2,    4.1,   23.0,    0.0,   43.0,   51.0,    1.2,    1.6,    4.1,    0.0,   91.4,   88.8,    8.6,   11.2,     67,      6,      5,.,      6,      4,      0,     19,     19,      8,.,      7,      0,     38,     40,    44.4,    39.4,    69.8,    59.0,    44.4,    39.4,    69.8,    58.9,"(CONTRACTS OF NZD 100,000)",112741,CME ,112 ,F15,FutOnly
NEW ZEALAND DOLLAR - CHICAGO MERCANTILE EXCHANGE,170523,2017-05-23,112741,CME ,00,112 ,   44165,   21637,    3083,     144,    1159,   10690,       0,   16201,   22785,     556,    1219,    1828,       0,   40916,   39086,    3249,    5079,   -1022,   -3476,     140,     -39,    -502,    -768,       0,    2841,    -348,     149,    -182,     293,     -50,   -1259,    -623,     237,    -399,  100.0,   49.0,    7.0,    0.3,    2.6,   24.2,    0.0,   36.7,   51.6,    1.3,    2.8,    4.1,    0.0,   92.6,   88.5,    7.4,   11.5,     74,      9,.,      4,      5,      6,      0,     21,     22,      8,.,      7,      0,     40,     46,    46.9,    42.2,    70.2,    63.2,    46.9,    42.2,    69.6,    63.2,"(CONTRACTS OF NZD 100,000)",112741,CME ,112 ,F15,FutOnly
NEW ZEALAND DOLLAR - CHICAGO MERCANTILE EXCHANGE,170516,2017-05-16,112741,CME ,00,112 ,   45187,   25113,    2943,     183,    1661,   11458,       0,   13360,   23133,     407,    1401,    1535,      50,   42175,   39709,    3012,    5478,    1130,     665,    -422,     141,     157,    -487,       0,    -307,    1699,     217,     250,    -169,       0,    1123,     979,       7,     151,  100.0,   55.6,    6.5,    0.4,    3.7,   25.4,    0.0,   29.6,   51.2,    0.9,    3.1,    3.4,    0.1,   93.3,   87.9,    6.7,   12.1,     76,     10,.,      4,      6,      7,      0,     16,     24,      9,      4,      7,.,     41,     49,    50.5,    41.3,    70.3,    62.0,    50.4,    41.3,    70.0,    62.0,"(CONTRACTS OF NZD 100,000)",112741,CME ,112 ,F15,FutOnly
NEW ZEALAND DOLLAR - CHICAGO MERCANTILE EXCHANGE,170509,2017-05-09,112741,CME ,00,112 ,   44057,   24448,    3365,      42,    1504,   11945,       0,   13667,   21434,     190,    1151,    1704,      50,   41052,   38730,    3005,    5327,     689,    2261,      41,      16,    -462,    -462,       0,    -536,    1365,    -195,    -377,    -123,      50,     757,     692,     -68,      -3,  100.0,   55.5,    7.6,    0.1,    3.4,   27.1,    0.0,   31.0,   48.7,    0.4,    2.6,    3.9,    0.1,   93.2,   87.9,    6.8,   12.1,     71,     10,.,      4,      6,      7,      0,     14,     23,      6,.,      5,.,     36,     46,    50.1,    40.3,    71.0,    60.1,    50.1,    40.3,    70.8,    60.1,"(CONTRACTS OF NZD 100,000)",112741,CME ,112 ,F15,FutOnly
NEW ZEALAND DOLLAR - CHICAGO MERCANTILE EXCHANGE,170502,2017-05-02,112741,CME ,00,112 ,   43368,   22187,    3324,      26,    1966,   12407,       0,   14203,   20069,     385,    1528,    1827,       0,   40295,   38038,    3073,    5330,    -579,     506,    1452,       3,      63,   -3941,       0,   -1127,     960,      80,     246,     111,       0,    -229,   -1335,    -350,     756,  100.0,   51.2,    7.7,    0.1,    4.5,   28.6,    0.0,   32.7,   46.3,    0.9,    3.5,    4.2,    0.0,   92.9,   87.7,    7.1,   12.3,     74,      8,      4,.,      5,      8,      0,     16,     22,      6,      5,      6,      0,     36,     46,    47.2,    39.4,    66.4,    59.2,    47.1,    39.4,    66.3,    59.2,"(CONTRACTS OF NZD 100,000)",112741,CME ,112 ,F15,FutOnly
NEW ZEALAND DOLLAR - CHICAGO MERCANTILE EXCHANGE,170425,2017-04-25,112741,CME ,00,112 ,   43947,   21681,    1872,      23,    1903,   16348,       0,   15330,   19109,     305,    1282,    1716,       0,   40524,   39373,    3423,    4574,     886,     691,      83,       1,    -321,     -35,       0,     216,     730,     -93,     616,      24,       0,    1110,     710,    -224,     176,  100.0,   49.3,    4.3,    0.1,    4.3,   37.2,    0.0,   34.9,   43.5,    0.7,    2.9,    3.9,    0.0,   92.2,   89.6,    7.8,   10.4,     74,      9,.,.,      5,      8,      0,     18,     22,      5,      4,      5,      0,     39,     42,    40.5,    48.8,    63.3,    63.4,    40.4,    48.8,    63.2,    63.4,"(CONTRACTS OF NZD 100,000)",112741,CME ,112 ,F15,FutOnly
NEW ZEALAND DOLLAR - CHICAGO MERCANTILE EXCHANGE,170418,2017-04-18,112741,CME ,00,112 ,   43061,   20990,    1789,      22,    2224,   16383,       0,   15114,   18379,     398,     666,    1692,       0,   39414,   38663,    3647,    4398,    -314,   -1158,     145,      10,     298,      18,       0,     346,    -786,       0,     260,     435,       0,    -244,    -178,     -70,    -136,  100.0,   48.7,    4.2,    0.1,    5.2,   38.0,    0.0,   35.1,   42.7,    0.9,    1.5,    3.9,    0.0,   91.5,   89.8,    8.5,   10.2,     69,      9,.,.,      6,      7,      0,     19,     17,      6,.,      5,      0,     41,     36,    38.9,    50.2,    61.9,    67.0,    38.8,    50.2,    61.9,    67.0,"(CONTRACTS OF NZD 100,000)",112741,CME ,112 ,F15,FutOnly
NEW ZEALAND DOLLAR - CHICAGO MERCANTILE EXCHANGE,170411,2017-04-11,112741,CME ,00,112 ,   43375,   22148,    1644,      12,    1926,   16365,       0,   14768,   19165,     398,     406,    1257,       0,   39658,   38841,    3717,    4534,    2471,    1870,    -201,       8,     -93,     404,       0,     619,    2107,       6,     -29,     -72,       0,    2381,    2252,      90,     219,  100.0,   51.1,    3.8,    0.0,    4.4,   37.7,    0.0,   34.0,   44.2,    0.9,    0.9,    2.9,    0.0,   91.4,   89.5,    8.6,   10.5,     64,      9,      4,.,      5,      6,      0,     17,     19,      4,.,.,      0,     35,     35,    40.9,    49.4,    62.3,    65.8,    40.9,    49.4,    62.2,    65.8,"(CONTRACTS OF NZD 100,000)",112741,CME ,112 ,F15,FutOnly
NEW ZEALAND DOLLAR - CHICAGO MERCANTILE EXCHANGE,170404,2017-04-04,112741,CME ,00,112 ,   40904,   20278,    1845,       4,    2019,   15961,       0,   14149,   17058,     392,     435,    1329,       0,   37277,   36589,    3627,    4315,    2955,    2503,     -59,       2,     290,      67,       0,      37,    2745,    -100,    -157,     -28,       0,    2575,    2627,     380,     328,  100.0,   49.6,    4.5,    0.0,    4.9,   39.0,    0.0,   34.6,   41.7,    1.0,    1.1,    3.2,    0.0,   91.1,   89.5,    8.9,   10.5,     65,      9,      4,.,      4,      5,      0,     15,     23,      7,.,.,      0,     35,     39,    39.3,    52.0,    61.3,    66.0,    39.3,    52.0,    61.3,    66.0,"(CONTRACTS OF NZD 100,000)",112741,CME ,112 ,F15,FutOnly
NEW ZEALAND DOLLAR - CHICAGO MERCANTILE EXCHANGE,170328,2017-03-28,112741,CME ,00,112 ,   37949,   17775,    1904,       2,    1729,   15894,       0,   14112,   14313,     492,     592,    1357,       0,   34702,   33962,    3247,    3987,      51,    3316,     106,       1,     107,     102,       0,   -1869,    1270,   -1836,     207,     433,       0,     -74,      76,     125,     -25,  100.0,   46.8,    5.0,    0.0,    4.6,   41.9,    0.0,   37.2,   37.7,    1.3,    1.6,    3.6,    0.0,   91.4,   89.5,    8.6,   10.5,     68,      9,      4,.,      4,      5,      0,     16,     21,      7,      4,      5,      0,     36,     40,    37.2,    53.4,    58.7,    67.6,    37.2,    53.4,    58.7,    67.6,"(CONTRACTS OF NZD 100,000)",112741,CME ,112 ,F15,FutOnly
NEW ZEALAND DOLLAR - CHICAGO MERCANTILE EXCHANGE,170321,2017-03-21,112741,CME ,00,112 ,   37898,   14459,    1798,       1,    1622,   15792,       0,   15981,   13043,    2328,     385,     924,       0,   34776,   33886,    3122,    4012,    2912,    7935,   -1376,       1,      60,    -637,       0,   -3729,    5033,      29,    -419,    -265,       0,    3877,    2785,    -965,     127,  100.0,   38.2,    4.7,    0.0,    4.3,   41.7,    0.0,   42.2,   34.4,    6.1,    1.0,    2.4,    0.0,   91.8,   89.4,    8.2,   10.6,     63,      8,.,.,      4,      4,      0,     15,     23,      8,.,      4,      0,     34,     38,    38.4,    52.5,    59.9,    67.8,    38.4,    52.4,    59.6,    65.7,"(CONTRACTS OF NZD 100,000)",112741,CME ,112 ,F15,FutOnly
NEW ZEALAND DOLLAR - CHICAGO MERCANTILE EXCHANGE,170314,2017-03-14,112741,CME ,00,112 ,   34986,    6524,    3174,       0,    1562,   16429,       0,   19710,    8010,    2299,     804,    1189,       0,   30899,   31101,    4087,    3885,  -16419,   -1226,  -11705,   -2164,     -12,   -1909,       0,   -8895,     651,   -1642,    -579,     280,    -149,  -14667,  -16638,   -1752,     219,  100.0,   18.6,    9.1,    0.0,    4.5,   47.0,    0.0,   56.3,   22.9,    6.6,    2.3,    3.4,    0.0,   88.3,   88.9,   11.7,   11.1,     59,      4,      4,      0,      4,      4,      0,     18,     17,      6,.,      5,      0,     31,     34,    33.0,    57.0,    54.3,    69.0,    33.0,    57.0,    53.5,    66.7,"(CONTRACTS OF NZD 100,000)",112741,CME ,112 ,F15,FutOnly
NEW ZEALAND DOLLAR - CHICAGO MERCANTILE EXCHANGE,170307,2017-03-07,112741,CME ,00,112 ,   51405,    7750,   14879,    2164,    1574,   18338,       0,   28605,    7359,    3941,    1383,     909,     149,   45566,   47739,    5839,    3666,   -5697,      61,  -10646,    2113,     -25,     275,       0,  -11179,     207,    1731,     762,    -448,     149,   -6388,   -6619,     691,     922,  100.0,   15.1,   28.9,    4.2,    3.1,   35.7,    0.0,   55.6,   14.3,    7.7,    2.7,    1.8,    0.3,   88.6,   92.9,   11.4,    7.1,     70,      4,      7,.,      4,      4,      0,     25,     15,     11,      5,      4,.,     44,     41,    28.9,    55.6,    46.0,    71.1,    28.7,    55.6,    45.2,    68.8,"(CONTRACTS OF NZD 100,000)",112741,CME ,112 ,F15,FutOnly
NEW ZEALAND DOLLAR - CHICAGO MERCANTILE EXCHANGE,170228,2017-02-28,112741,CME ,00,112 ,   57102,    7689,   25525,      51,    1599,   18063,       0,   39784,    7152,    2210,     621,    1357,       0,   51954,   54358,    5148,    2744,    2020,    -122,    2392,      49,     575,    -106,       0,    2385,     575,    -601,    -443,     225,       0,    1843,    2534,     177,    -514,  100.0,   13.5,   44.7,    0.1,    2.8,   31.6,    0.0,   69.7,   12.5,    3.9,    1.1,    2.4,    0.0,   91.0,   95.2,    9.0,    4.8,     70,      4,      7,.,      6,.,      0,     29,     12,      4,.,      6,      0,     47,     30,    41.7,    63.8,    57.9,    78.8,    41.7,    63.7,    57.2,    78.8,"(CONTRACTS OF NZD 100,000)",112741,CME ,112 ,F15,FutOnly
NEW ZEALAND DOLLAR - CHICAGO MERCANTILE EXCHANGE,170221,2017-02-21,112741,CME ,00,112 ,   55082,    7811,   23133,       2,    1024,   18169,       0,   37399,    6577,    2811,    1064,    1132,       0,   50111,   51824,    4971,    3258,   -1232,     109,     407,     -21,      34,     -79,       0,   -1166,   -1983,     -11,    -142,      21,       0,   -1197,   -1666,     -35,     434,  100.0,   14.2,   42.0,    0.0,    1.9,   33.0,    0.0,   67.9,   11.9,    5.1,    1.9,    2.1,    0.0,   91.0,   94.1,    9.0,    5.9,     75,      5,      6,.,      5,      4,      0,     31,     14,      6,      5,      5,      0,     50,     32,    40.7,    62.7,    57.5,    79.7,    40.7,    62.7,    56.9,    77.8,"(CONTRACTS OF NZD 100,000)",112741,CME ,112 ,F15,FutOnly
NEW ZEALAND DOLLAR - CHICAGO MERCANTILE EXCHANGE,170214,2017-02-14,112741,CME ,00,112 ,   56314,    7702,   22726,      23,     990,   18248,       0,   38565,    8560,    2822,    1206,    1111,       0,   51308,   53490,    5006,    2824,    2241,     232,    3614,      23,    -999,     185,       0,    2358,   -1646,     379,     354,     158,       0,    2347,    2713,    -106,    -472,  100.0,   13.7,   40.4,    0.0,    1.8,   32.4,    0.0,   68.5,   15.2,    5.0,    2.1,    2.0,    0.0,   91.1,   95.0,    8.9,    5.0,     79,      5,      7,.,      5,      4,      0,     34,     16,      6,      4,      4,      0,     53,     34,    39.7,    60.4,    56.7,    77.4,    39.6,    60.4,    55.8,    75.5,"(CONTRACTS OF NZD 100,000)",112741,CME ,112 ,F15,FutOnly
NEW ZEALAND DOLLAR - CHICAGO MERCANTILE EXCHANGE,170207,2017-02-07,112741,CME ,00,112 ,   54073,    7470,   19112,       0,    1989,   18063,       0,   36207,   10206,    2443,     852,     953,       0,   48961,   50777,    5112,    3296,    2486,     222,    6072,      -1,     -84,    -419,       0,    1900,   -2628,     223,     464,    -360,       0,    2724,    2887,    -238,    -401,  100.0,   13.8,   35.3,    0.0,    3.7,   33.4,    0.0,   67.0,   18.9,    4.5,    1.6,    1.8,    0.0,   90.5,   93.9,    9.5,    6.1,     77,      4,      7,      0,      7,.,      0,     34,     14,      5,      4,      4,      0,     52,     30,    38.0,    57.0,    55.5,    74.8,    38.0,    57.0,    54.6,    73.2,"(CONTRACTS OF NZD 100,000)",112741,CME ,112 ,F15,FutOnly
NEW ZEALAND DOLLAR - CHICAGO MERCANTILE EXCHANGE,170131,2017-01-31,112741,CME ,00,112 ,   51587,    7248,   13040,       1,    2073,   18482,       0,   34307,   12834,    2220,     388,    1313,       0,   46237,   47890,    5350,    3697,    6647,   -1676,   10746,     -16,      61,   -6682,     -38,    7161,    2298,     185,      65,    -184,       0,    5742,    6309,     905,     338,  100.0,   14.1,   25.3,    0.0,    4.0,   35.8,    0.0,   66.5,   24.9,    4.3,    0.8,    2.5,    0.0,   89.6,   92.8,   10.4,    7.2,     73,      4,      5,.,      7,      4,      0,     32,     14,      5,.,      5,      0,     49,     30,    38.1,    50.5,    56.0,    69.9,    38.1,    50.5,    55.2,    69.9,"(CONTRACTS OF NZD 100,000)",112741,CME ,112 ,F15,FutOnly
NEW ZEALAND DOLLAR - CHICAGO MERCANTILE EXCHANGE,170124,2017-01-24,112741,CME ,00,112 ,   44940,    8924,    2294,      17,    2012,   25164,      38,   27146,   10536,    2035,     323,    1497,       0,   40495,   41581,    4445,    3359,   -1054,   -6669,    1048,      13,     178,   -1998,       0,    4802,     436,     129,     -80,    -435,       0,   -1627,    -807,     573,    -247,  100.0,   19.9,    5.1,    0.0,    4.5,   56.0,    0.1,   60.4,   23.4,    4.5,    0.7,    3.3,    0.0,   90.1,   92.5,    9.9,    7.5,     70,     10,.,.,      7,      5,.,     26,     13,.,.,      5,      0,     48,     27,    38.0,    63.4,    56.1,    77.5,    37.4,    62.5,    54.4,    75.1,"(CONTRACTS OF NZD 100,000)",112741,CME ,112 ,F15,FutOnly
NEW ZEALAND DOLLAR - CHICAGO MERCANTILE EXCHANGE,170117,2017-01-17,112741,CME ,00,112 ,   45994,   15593,    1246,       4,    1834,   27162,      38,   22344,   10100,    1906,     403,    1932,       0,   42122,   42388,    3872,    3606,    2058,   -1157,     517,       0,     768,    -644,       0,    1905,    1824,    -128,     168,      44,       0,    1556,    1613,     502,     445,  100.0,   33.9,    2.7,    0.0,    4.0,   59.1,    0.1,   48.6,   22.0,    4.1,    0.9,    4.2,    0.0,   91.6,   92.2,    8.4,    7.8,     69,     10,.,.,      5,      7,.,     24,     14,.,.,      5,      0,     45,     30,    35.8,    64.9,    55.1,    77.1,    35.7,    64.7,    54.1,    74.7,"(CONTRACTS OF NZD 100,000)",112741,CME ,112 ,F15,FutOnly
NEW ZEALAND DOLLAR - CHICAGO MERCANTILE EXCHANGE,170110,2017-01-10,112741,CME ,00,112 ,   43936,   16750,     729,       4,    1066,   27806,      38,   20439,    8276,    2034,     235,    1888,       0,   40566,   40775,    3370,    3161,    -291,    2758,     -30,       4,     -54,     522,       0,   -2984,    -527,     112,    -384,     307,       0,    -548,     388,     257,    -679,  100.0,   38.1,    1.7,    0.0,    2.4,   63.3,    0.1,   46.5,   18.8,    4.6,    0.5,    4.3,    0.0,   92.3,   92.8,    7.7,    7.2,     68,     11,.,.,      4,      7,.,     24,     15,      7,.,      5,      0,     44,     34,    33.6,    68.5,    54.5,    77.9,    33.6,    67.1,    53.0,    75.3,"(CONTRACTS OF NZD 100,000)",112741,CME ,112 ,F15,FutOnly
NEW ZEALAND DOLLAR - CHICAGO MERCANTILE EXCHANGE,170103,2017-01-03,112741,CME ,00,112 ,   44227,   13992,     759,       0,    1120,   27284,      38,   23423,    8803,    1922,     619,    1581,       0,   41114,   40387,    3113,    3840,     961,    2899,     -92,       0,      17,    -205,       0,   -2023,    1332,     -93,     -56,    -194,       0,     744,     748,     217,     213,  100.0,   31.6,    1.7,    0.0,    2.5,   61.7,    0.1,   53.0,   19.9,    4.3,    1.4,    3.6,    0.0,   93.0,   91.3,    7.0,    8.7,     71,     10,.,      0,      5,      5,.,     24,     17,.,.,      7,      0,     43,     31,    30.6,    67.5,    51.9,    76.4,    30.6,    66.7,    51.3,    73.7,"(CONTRACTS OF NZD 100,000)",112741,CME ,112 ,F15,FutOnly
