CANADIAN DOLLAR - CHICAGO MERCANTILE EXCHANGE,181231,2018-12-31,090741,CME ,00,090 ,  170168,   60277,       0,      49,   30182,   45376,    5573,   30673,   62618,    5345,    9401,   13598,      17,  141517,  132576,   28651,   37592,   10973,    6941,       0,       0,    -348,    2846,    -492,    4851,    7405,    -490,       7,     664,      -6,   10463,    9927,     510,    1046,  100.0,   35.4,    0.0,    0.0,   17.7,   26.7,    3.3,   18.0,   36.8,    3.1,    5.5,    8.0,    0.0,   83.2,   77.9,   16.8,   22.1,    113,     10,      0,.,     10,     19,      7,     21,     40,     16,      8,      5,.,     59,     80,    34.6,    21.5,    54.9,    34.4,    33.4,    21.5,    52.2,    33.2,"(CONTRACTS OF CAD 100,000)",090741,CME ,090 ,F10,FutOnly
CANADIAN DOLLAR - CHICAGO MERCANTILE EXCHANGE,181224,2018-12-24,090741,CME ,00,090 ,  159195,   53336,       0,      49,   30530,   42530,    6065,   25822,   55213,    5835,    9394,   12934,      23,  131054,  122649,   28141,   36546,  -32281,    1637,   -3687,  -21349,    1425,    4326,      34,  -14318,    9778,    -447,     -41,     905,    -476,  -33535,  -10916,    1254,  -21365,  100.0,   33.5,    0.0,    0.0,   19.2,   26.7,    3.8,   16.2,   34.7,    3.7,    5.9,    8.1,    0.0,   82.3,   77.0,   17.7,   23.0,    111,     10,      0,.,     10,     19,      8,     20,     39,     13,      8,      5,.,     56,     80,    36.0,    18.8,    52.7,    31.8,    34.2,    18.5,    49.6,    30.5,"(CONTRACTS OF CAD 100,000)",090741,CME ,090 ,F10,FutOnly
CANADIAN DOLLAR - CHICAGO MERCANTILE EXCHANGE,181218,2018-12-18,090741,CME ,00,090 ,  191476,   51699,    3687,   21398,   29105,   38204,    6031,   40140,   45435,    6282,    9435,   12029,     499,  164589,  133565,   26887,   57911,   29946,   15852,   -2842,    8435,    -720,    4589,   -1620,   10162,    2272,     -61,    -738,     159,     218,   31528,   11150,   -1582,   18796,  100.0,   27.0,    1.9,   11.2,   15.2,   20.0,    3.1,   21.0,   23.7,    3.3,    4.9,    6.3,    0.3,   86.0,   69.8,   14.0,   30.2,    108,     10,.,      5,      9,     19,      7,     20,     33,     14,      8,      6,.,     59,     78,    32.9,    20.9,    54.9,    31.1,    28.3,    13.0,    47.0,    22.1,"(CONTRACTS OF CAD 100,000)",090741,CME ,090 ,F10,FutOnly
CANADIAN DOLLAR - CHICAGO MERCANTILE EXCHANGE,181211,2018-12-11,090741,CME ,00,090 ,  161530,   35847,    6529,   12963,   29825,   33615,    7651,   29978,   43163,    6343,   10173,   11870,     281,  133061,  122415,   28469,   39115,    4780,    2337,    1096,     177,     198,   -1197,    1565,    2285,     570,    -553,     443,     517,     257,    6709,    2432,   -1929,    2348,  100.0,   22.2,    4.0,    8.0,   18.5,   20.8,    4.7,   18.6,   26.7,    3.9,    6.3,    7.3,    0.2,   82.4,   75.8,   17.6,   24.2,    110,      7,      5,      5,     10,     19,      8,     21,     33,     15,     10,      5,.,     62,     79,    32.6,    18.4,    50.3,    30.3,    27.7,    15.9,    41.8,    26.4,"(CONTRACTS OF CAD 100,000)",090741,CME ,090 ,F10,FutOnly
CANADIAN DOLLAR - CHICAGO MERCANTILE EXCHANGE,181204,2018-12-04,090741,CME ,00,090 ,  156750,   33510,    5433,   12786,   29627,   34812,    6086,   27693,   42593,    6896,    9730,   11353,      24,  126352,  119983,   30398,   36767,   11628,    6504,    -672,    5048,     550,    5837,     190,   -4051,   -2252,    2316,     295,     982,      -2,   10850,   11447,     778,     181,  100.0,   21.4,    3.5,    8.2,   18.9,   22.2,    3.9,   17.7,   27.2,    4.4,    6.2,    7.2,    0.0,   80.6,   76.5,   19.4,   23.5,    108,      7,      4,.,     10,     19,      6,     21,     32,     11,      9,      6,.,     54,     75,    34.2,    17.2,    50.8,    30.8,    29.8,    15.5,    40.9,    27.0,"(CONTRACTS OF CAD 100,000)",090741,CME ,090 ,F10,FutOnly
CANADIAN DOLLAR - CHICAGO MERCANTILE EXCHANGE,181127,2018-11-27,090741,CME ,00,090 ,  145122,   27006,    6105,    7738,   29077,   28975,    5896,   31744,   44845,    4580,    9435,   10371,      26,  115502,  108536,   29620,   36586,    4471,    4826,   -2575,     192,    -667,    1928,      32,     800,    1768,    -649,     348,    2205,      -5,    4877,    2896,    -406,    1575,  100.0,   18.6,    4.2,    5.3,   20.0,   20.0,    4.1,   21.9,   30.9,    3.2,    6.5,    7.1,    0.0,   79.6,   74.8,   20.4,   25.2,    106,      6,      5,.,     10,     18,      6,     18,     34,     11,      9,      6,.,     50,     76,    33.7,    17.9,    51.8,    30.5,    31.5,    15.5,    43.8,    26.9,"(CONTRACTS OF CAD 100,000)",090741,CME ,090 ,F10,FutOnly
CANADIAN DOLLAR - CHICAGO MERCANTILE EXCHANGE,181120,2018-11-20,090741,CME ,00,090 ,  140651,   22180,    8680,    7546,   29744,   27047,    5864,   30944,   43077,    5229,    9087,    8166,      31,  110625,  105640,   30026,   35011,   18652,   10261,   -1995,    5088,   -3190,    1380,    1812,    1894,    5472,    2541,     506,    2736,      13,   18925,   17047,    -273,    1605,  100.0,   15.8,    6.2,    5.4,   21.1,   19.2,    4.2,   22.0,   30.6,    3.7,    6.5,    5.8,    0.0,   78.7,   75.1,   21.3,   24.9,    108,      6,      6,.,     11,     18,      6,     18,     36,     12,      8,      5,.,     52,     79,    34.0,    17.4,    50.0,    29.6,    31.7,    14.9,    41.6,    26.1,"(CONTRACTS OF CAD 100,000)",090741,CME ,090 ,F10,FutOnly
CANADIAN DOLLAR - CHICAGO MERCANTILE EXCHANGE,181113,2018-11-13,090741,CME ,00,090 ,  121999,   11919,   10675,    2458,   32934,   25667,    4052,   29050,   37605,    2688,    8581,    5430,      18,   91700,   88593,   30299,   33406,    5715,    2967,   -1094,     708,     217,     531,     -74,    2798,    1522,     836,     456,     661,       4,    7912,    3094,   -2197,    2621,  100.0,    9.8,    8.8,    2.0,   27.0,   21.0,    3.3,   23.8,   30.8,    2.2,    7.0,    4.5,    0.0,   75.2,   72.6,   24.8,   27.4,    104,      5,      7,.,     12,     18,      5,     17,     32,     10,      9,      4,.,     51,     74,    35.5,    17.4,    46.9,    30.2,    34.2,    15.7,    43.8,    28.6,"(CONTRACTS OF CAD 100,000)",090741,CME ,090 ,F10,FutOnly
CANADIAN DOLLAR - CHICAGO MERCANTILE EXCHANGE,181106,2018-11-06,090741,CME ,00,090 ,  116284,    8952,   11769,    1750,   32717,   25136,    4126,   26252,   36083,    1852,    8125,    4769,      14,   83788,   85499,   32496,   30785,   -2224,   -4660,     925,    1231,   -2731,     868,     374,    3739,   -2335,   -2620,     586,   -1996,    -391,   -4472,   -3944,    2248,    1720,  100.0,    7.7,   10.1,    1.5,   28.1,   21.6,    3.5,   22.6,   31.0,    1.6,    7.0,    4.1,    0.0,   72.1,   73.5,   27.9,   26.5,     97,      6,      6,.,     12,     18,      5,     14,     30,      5,      8,.,      4,     45,     69,    35.8,    18.7,    44.6,    31.6,    33.3,    17.2,    41.8,    30.0,"(CONTRACTS OF CAD 100,000)",090741,CME ,090 ,F10,FutOnly
CANADIAN DOLLAR - CHICAGO MERCANTILE EXCHANGE,181030,2018-10-30,090741,CME ,00,090 ,  118508,   13612,   10844,     519,   35448,   24268,    3752,   22513,   38418,    4472,    7539,    6765,     405,   88260,   89443,   30248,   29065,     455,    4305,   -1288,    -588,   -5132,    3403,     505,     688,    -928,      49,    -153,     634,       4,    -322,    1791,     777,   -1336,  100.0,   11.5,    9.2,    0.4,   29.9,   20.5,    3.2,   19.0,   32.4,    3.8,    6.4,    5.7,    0.3,   74.5,   75.5,   25.5,   24.5,     97,      6,      6,.,     12,     16,      4,     13,     32,     10,      7,      5,      4,     48,     70,    34.3,    18.7,    45.2,    31.0,    33.0,    17.2,    42.4,    29.3,"(CONTRACTS OF CAD 100,000)",090741,CME ,090 ,F10,FutOnly
CANADIAN DOLLAR - CHICAGO MERCANTILE EXCHANGE,181023,2018-10-23,090741,CME ,00,090 ,  118053,    9307,   12132,    1107,   40580,   20865,    3247,   21825,   39346,    4423,    7692,    6131,     401,   88582,   87652,   29471,   30401,    2667,    3208,    -219,    -682,     -56,    2253,     411,    1246,   -3079,     -65,     154,     522,     -18,    4198,    -877,   -1531,    3544,  100.0,    7.9,   10.3,    0.9,   34.4,   17.7,    2.8,   18.5,   33.3,    3.7,    6.5,    5.2,    0.3,   75.0,   74.2,   25.0,   25.8,    102,      6,      5,.,     13,     16,      4,     15,     34,     10,      7,      6,.,     50,     72,    34.2,    18.7,    45.8,    28.9,    33.3,    17.2,    43.5,    26.8,"(CONTRACTS OF CAD 100,000)",090741,CME ,090 ,F10,FutOnly
CANADIAN DOLLAR - CHICAGO MERCANTILE EXCHANGE,181016,2018-10-16,090741,CME ,00,090 ,  115386,    6099,   12351,    1789,   40636,   18612,    2836,   20579,   42425,    4488,    7538,    5609,     419,   84384,   88529,   31002,   26857,   -6103,   -2411,   -2623,    1397,   -4241,    1165,    -472,   -1264,   -7198,     506,     280,    1223,     -26,   -6231,   -6028,     128,     -75,  100.0,    5.3,   10.7,    1.6,   35.2,   16.1,    2.5,   17.8,   36.8,    3.9,    6.5,    4.9,    0.4,   73.1,   76.7,   26.9,   23.3,    102,      5,      7,      4,     14,     15,      5,     13,     35,      9,      7,      6,      4,     52,     72,    33.2,    19.6,    44.1,    31.6,    32.7,    17.6,    42.2,    29.6,"(CONTRACTS OF CAD 100,000)",090741,CME ,090 ,F10,FutOnly
CANADIAN DOLLAR - CHICAGO MERCANTILE EXCHANGE,181009,2018-10-09,090741,CME ,00,090 ,  121489,    8510,   14974,     392,   44877,   17447,    3308,   21843,   49623,    3982,    7258,    4386,     445,   90615,   94557,   30874,   26932,   -5844,    2779,    2843,     162,   -1367,   -3144,     250,   -4066,   -6119,   -1815,     137,    -352,     -17,   -3937,   -8192,   -1907,    2348,  100.0,    7.0,   12.3,    0.3,   36.9,   14.4,    2.7,   18.0,   40.8,    3.3,    6.0,    3.6,    0.4,   74.6,   77.8,   25.4,   22.2,    106,      7,      8,      4,     14,     13,      5,     15,     37,     13,      7,      5,.,     57,     74,    32.3,    20.7,    44.2,    34.5,    31.5,    19.5,    42.1,    32.4,"(CONTRACTS OF CAD 100,000)",090741,CME ,090 ,F10,FutOnly
CANADIAN DOLLAR - CHICAGO MERCANTILE EXCHANGE,181002,2018-10-02,090741,CME ,00,090 ,  127333,    5731,   12131,     230,   46244,   20591,    3058,   25909,   55742,    5797,    7121,    4738,     462,   94552,  102749,   32781,   24584,   11606,   -3674,    2894,      10,    2855,   -4426,     625,    7043,   12974,    1003,     110,      88,       7,    7979,   13175,    3627,   -1569,  100.0,    4.5,    9.5,    0.2,   36.3,   16.2,    2.4,   20.3,   43.8,    4.6,    5.6,    3.7,    0.4,   74.3,   80.7,   25.7,   19.3,    108,      6,      6,.,     14,     14,      5,     22,     34,     14,      7,      5,.,     62,     71,    28.5,    25.8,    39.1,    39.6,    28.1,    24.1,    37.2,    37.5,"(CONTRACTS OF CAD 100,000)",090741,CME ,090 ,F10,FutOnly
CANADIAN DOLLAR - CHICAGO MERCANTILE EXCHANGE,180925,2018-09-25,090741,CME ,00,090 ,  115727,    9405,    9237,     220,   43389,   25017,    2433,   18866,   42768,    4794,    7011,    4650,     455,   86573,   89574,   29154,   26153,  -34811,  -41204,    2443,   -2680,    1958,   -7701,       9,    6576,    4197,    -133,    -457,   -1692,     -13,  -35944,   -5570,    1133,  -29241,  100.0,    8.1,    8.0,    0.2,   37.5,   21.6,    2.1,   16.3,   37.0,    4.1,    6.1,    4.0,    0.4,   74.8,   77.4,   25.2,   22.6,    100,      6,      6,.,     14,     15,      4,     18,     29,     12,      7,      5,.,     56,     65,    29.9,    21.4,    42.5,    35.5,    29.6,    19.6,    41.2,    33.6,"(CONTRACTS OF CAD 100,000)",090741,CME ,090 ,F10,FutOnly
CANADIAN DOLLAR - CHICAGO MERCANTILE EXCHANGE,180918,2018-09-18,090741,CME ,00,090 ,  150538,   50609,    6794,    2900,   41431,   32718,    2424,   12290,   38571,    4927,    7468,    6342,     468,  122517,   95144,   28021,   55394,   -8436,    6281,  -16868,   -8954,    1125,    3581,     133,   -6970,   -6719,     910,    -593,     241,      -5,   -8073,  -27681,    -363,   19245,  100.0,   33.6,    4.5,    1.9,   27.5,   21.7,    1.6,    8.2,   25.6,    3.3,    5.0,    4.2,    0.3,   81.4,   63.2,   18.6,   36.8,    110,     10,      6,      5,     11,     17,      5,     16,     35,     15,      8,      6,.,     64,     74,    38.1,    16.2,    53.3,    26.8,    37.6,    14.6,    51.2,    25.2,"(CONTRACTS OF CAD 100,000)",090741,CME ,090 ,F10,FutOnly
CANADIAN DOLLAR - CHICAGO MERCANTILE EXCHANGE,180911,2018-09-11,090741,CME ,00,090 ,  158974,   44328,   23662,   11854,   40306,   29137,    2291,   19260,   45290,    4017,    8061,    6101,     473,  130590,  122825,   28384,   36149,    7736,    4562,    1236,   10681,   -1543,    1058,    -229,   -1557,   -8619,   -2184,    -216,    4073,     -16,    9498,    6000,   -1762,    1736,  100.0,   27.9,   14.9,    7.5,   25.4,   18.3,    1.4,   12.1,   28.5,    2.5,    5.1,    3.8,    0.3,   82.1,   77.3,   17.9,   22.7,    108,      8,      5,      7,     12,     16,      4,     16,     36,     14,      8,      6,      4,     59,     78,    39.4,    28.5,    51.4,    39.8,    35.5,    23.5,    45.7,    33.9,"(CONTRACTS OF CAD 100,000)",090741,CME ,090 ,F10,FutOnly
CANADIAN DOLLAR - CHICAGO MERCANTILE EXCHANGE,180904,2018-09-04,090741,CME ,00,090 ,  151238,   39766,   22426,    1173,   41849,   28079,    2520,   20817,   53909,    6201,    8277,    2028,     489,  121092,  116825,   30146,   34413,    3559,    7175,    -973,     843,   -1045,    2725,     116,    -901,      42,   -2804,     551,     340,      10,    3945,     299,    -386,    3260,  100.0,   26.3,   14.8,    0.8,   27.7,   18.6,    1.7,   13.8,   35.6,    4.1,    5.5,    1.3,    0.3,   80.1,   77.2,   19.9,   22.8,    111,      9,      5,      7,     10,     17,      4,     17,     40,     11,      8,      4,      5,     58,     80,    33.2,    25.5,    46.5,    36.6,    32.6,    24.7,    45.1,    35.1,"(CONTRACTS OF CAD 100,000)",090741,CME ,090 ,F10,FutOnly
CANADIAN DOLLAR - CHICAGO MERCANTILE EXCHANGE,180828,2018-08-28,090741,CME ,00,090 ,  147679,   32591,   23399,     330,   42894,   25354,    2404,   21718,   53867,    9005,    7726,    1688,     479,  117147,  116526,   30532,   31153,    2002,   -3626,    2408,    -304,    3718,   -4218,     -33,    1719,    2578,    1654,    -312,    -119,      34,    2850,    2000,    -848,       2,  100.0,   22.1,   15.8,    0.2,   29.0,   17.2,    1.6,   14.7,   36.5,    6.1,    5.2,    1.1,    0.3,   79.3,   78.9,   20.7,   21.1,    112,      8,      6,.,     11,     16,      4,     21,     39,     18,      7,      4,      5,     64,     77,    31.9,    25.8,    44.6,    37.0,    31.6,    24.8,    43.6,    34.9,"(CONTRACTS OF CAD 100,000)",090741,CME ,090 ,F10,FutOnly
CANADIAN DOLLAR - CHICAGO MERCANTILE EXCHANGE,180821,2018-08-21,090741,CME ,00,090 ,  145677,   36217,   20991,     634,   39176,   29572,    2437,   19999,   51289,    7351,    8038,    1807,     445,  114297,  114526,   31380,   31151,     972,   -4575,     382,      86,    2295,    1804,     -31,    2271,    2760,    -661,      73,     432,       9,    -533,    4781,    1505,   -3809,  100.0,   24.9,   14.4,    0.4,   26.9,   20.3,    1.7,   13.7,   35.2,    5.0,    5.5,    1.2,    0.3,   78.5,   78.6,   21.5,   21.4,    109,      9,      4,.,     11,     18,      4,     19,     36,     13,      7,      5,      4,     58,     74,    31.1,    24.4,    43.9,    36.8,    30.8,    24.1,    42.3,    35.1,"(CONTRACTS OF CAD 100,000)",090741,CME ,090 ,F10,FutOnly
CANADIAN DOLLAR - CHICAGO MERCANTILE EXCHANGE,180814,2018-08-14,090741,CME ,00,090 ,  144705,   40792,   20609,     548,   36881,   27768,    2468,   17728,   48529,    8012,    7965,    1375,     436,  114830,  109745,   29875,   34960,    -229,    2071,    -162,       4,     897,    1249,    -134,   -3905,   -2759,     297,    -409,      71,     -10,   -1189,   -1444,     960,    1215,  100.0,   28.2,   14.2,    0.4,   25.5,   19.2,    1.7,   12.3,   33.5,    5.5,    5.5,    1.0,    0.3,   79.4,   75.8,   20.6,   24.2,    106,      9,      4,.,     11,     17,      4,     19,     35,     17,      7,      4,      4,     57,     75,    32.2,    25.1,    45.7,    37.3,    32.0,    24.7,    44.9,    36.1,"(CONTRACTS OF CAD 100,000)",090741,CME ,090 ,F10,FutOnly
CANADIAN DOLLAR - CHICAGO MERCANTILE EXCHANGE,180807,2018-08-07,090741,CME ,00,090 ,  144934,   38721,   20771,     544,   35984,   26519,    2602,   21633,   51288,    7715,    8374,    1304,     446,  116019,  111189,   28915,   33745,    4681,   -6269,    1533,       5,    4873,     577,     160,    5551,     918,    -408,     199,      31,     -36,    4075,    2780,     606,    1901,  100.0,   26.7,   14.3,    0.4,   24.8,   18.3,    1.8,   14.9,   35.4,    5.3,    5.8,    0.9,    0.3,   80.0,   76.7,   20.0,   23.3,    113,     10,      4,.,     12,     16,      4,     23,     36,     17,      8,      4,      4,     65,     74,    30.1,    24.3,    42.1,    36.1,    29.9,    24.3,    40.9,    34.8,"(CONTRACTS OF CAD 100,000)",090741,CME ,090 ,F10,FutOnly
CANADIAN DOLLAR - CHICAGO MERCANTILE EXCHANGE,180731,2018-07-31,090741,CME ,00,090 ,  140253,   44990,   19238,     539,   31111,   25942,    2442,   16082,   50370,    8123,    8175,    1273,     482,  111944,  108409,   28309,   31844,  -11188,   -8730,    2462,     -21,   -2358,   -4573,      26,    1295,   -6428,    -355,      97,     -54,      50,   -9996,   -8893,   -1192,   -2295,  100.0,   32.1,   13.7,    0.4,   22.2,   18.5,    1.7,   11.5,   35.9,    5.8,    5.8,    0.9,    0.3,   79.8,   77.3,   20.2,   22.7,    106,     10,      4,.,     11,     16,      4,     22,     31,     16,      8,      4,      4,     62,     69,    34.8,    26.1,    46.5,    39.4,    34.6,    25.9,    44.6,    37.6,"(CONTRACTS OF CAD 100,000)",090741,CME ,090 ,F10,FutOnly
CANADIAN DOLLAR - CHICAGO MERCANTILE EXCHANGE,180724,2018-07-24,090741,CME ,00,090 ,  151441,   53720,   16776,     560,   33469,   30515,    2416,   14787,   56798,    8478,    8078,    1327,     432,  121940,  117302,   29501,   34139,   -6486,   -5928,     388,     -38,    -255,   -3099,       3,   -5477,    -647,    1427,     573,   -1310,      18,   -9677,   -3258,    3191,   -3228,  100.0,   35.5,   11.1,    0.4,   22.1,   20.1,    1.6,    9.8,   37.5,    5.6,    5.3,    0.9,    0.3,   80.5,   77.5,   19.5,   22.5,    107,     11,.,.,     10,     18,      4,     20,     33,     16,      8,      4,      4,     64,     69,    38.2,    23.7,    49.0,    35.9,    38.0,    23.4,    48.0,    34.8,"(CONTRACTS OF CAD 100,000)",090741,CME ,090 ,F10,FutOnly
CANADIAN DOLLAR - CHICAGO MERCANTILE EXCHANGE,180717,2018-07-17,090741,CME ,00,090 ,  157927,   59648,   16388,     598,   33724,   33614,    2413,   20264,   57445,    7051,    7505,    2637,     414,  131617,  120560,   26310,   37367,   -1577,     983,    -178,    -135,     195,   -1108,       9,   -1462,   -4773,    1115,    -981,      45,       0,    -276,   -5025,   -1301,    3448,  100.0,   37.8,   10.4,    0.4,   21.4,   21.3,    1.5,   12.8,   36.4,    4.5,    4.8,    1.7,    0.3,   83.3,   76.3,   16.7,   23.7,    109,     12,.,.,     10,     19,      5,     18,     34,     13,      7,      6,.,     58,     74,    40.1,    23.1,    50.2,    35.2,    39.9,    22.8,    49.3,    34.8,"(CONTRACTS OF CAD 100,000)",090741,CME ,090 ,F10,FutOnly
CANADIAN DOLLAR - CHICAGO MERCANTILE EXCHANGE,180710,2018-07-10,090741,CME ,00,090 ,  159504,   58665,   16566,     733,   33529,   34722,    2404,   21726,   62218,    5936,    8486,    2592,     414,  131893,  125585,   27611,   33919,    1163,     114,     -43,     115,     279,    -226,     -82,     340,    2976,     318,    -191,     230,      27,     920,    3315,     243,   -2152,  100.0,   36.8,   10.4,    0.5,   21.0,   21.8,    1.5,   13.6,   39.0,    3.7,    5.3,    1.6,    0.3,   82.7,   78.7,   17.3,   21.3,    107,     11,.,      4,      9,     18,      4,     17,     37,     12,      8,      4,.,     56,     74,    40.5,    22.0,    50.8,    34.7,    40.2,    21.7,    50.0,    34.3,"(CONTRACTS OF CAD 100,000)",090741,CME ,090 ,F10,FutOnly
CANADIAN DOLLAR - CHICAGO MERCANTILE EXCHANGE,180703,2018-07-03,090741,CME ,00,090 ,  158341,   58551,   16609,     618,   33250,   34948,    2486,   21386,   59242,    5618,    8677,    2362,     387,  130973,  122270,   27368,   36071,    -892,   15952,   -2768,      40,    1128,    2094,      43,  -17036,     -93,     784,    -431,    -213,       1,     481,    -112,   -1373,    -780,  100.0,   37.0,   10.5,    0.4,   21.0,   22.1,    1.6,   13.5,   37.4,    3.5,    5.5,    1.5,    0.2,   82.7,   77.2,   17.3,   22.8,    107,     11,.,.,     10,     18,      4,     18,     35,     10,      9,.,.,     57,     70,    41.4,    21.8,    51.9,    34.0,    41.2,    21.7,    51.0,    33.6,"(CONTRACTS OF CAD 100,000)",090741,CME ,090 ,F10,FutOnly
CANADIAN DOLLAR - CHICAGO MERCANTILE EXCHANGE,180626,2018-06-26,090741,CME ,00,090 ,  159233,   42599,   19377,     578,   32122,   32854,    2443,   38422,   59335,    4834,    9108,    2575,     386,  130492,  122382,   28741,   36851,  -31151,   28478,   -9481,  -37622,     404,    7177,      66,    5200,    7382,    -820,    -629,     -33,       5,   -4918,  -33326,  -26233,    2175,  100.0,   26.8,   12.2,    0.4,   20.2,   20.6,    1.5,   24.1,   37.3,    3.0,    5.7,    1.6,    0.2,   82.0,   76.9,   18.0,   23.1,    103,      8,      4,.,      8,     17,.,     21,     33,      9,      8,      4,.,     53,     66,    34.6,    24.3,    49.1,    37.0,    34.3,    24.3,    48.6,    36.6,"(CONTRACTS OF CAD 100,000)",090741,CME ,090 ,F10,FutOnly
CANADIAN DOLLAR - CHICAGO MERCANTILE EXCHANGE,180619,2018-06-19,090741,CME ,00,090 ,  190384,   14121,   28858,   38200,   31718,   25677,    2377,   33222,   51953,    5654,    9737,    2608,     381,  135410,  155708,   54974,   34676,   33399,   -9426,   16144,    5114,     165,    3538,    -597,   16144,   11814,   -5066,    -294,     444,     -10,    6030,   31381,   27369,    2018,  100.0,    7.4,   15.2,   20.1,   16.7,   13.5,    1.2,   17.4,   27.3,    3.0,    5.1,    1.4,    0.2,   71.1,   81.8,   28.9,   18.2,    104,      8,      7,      8,      9,     15,      4,     21,     31,     15,      9,      4,.,     58,     75,    28.1,    34.4,    39.9,    44.8,    17.3,    20.3,    24.6,    30.2,"(CONTRACTS OF CAD 100,000)",090741,CME ,090 ,F10,FutOnly
CANADIAN DOLLAR - CHICAGO MERCANTILE EXCHANGE,180612,2018-06-12,090741,CME ,00,090 ,  156985,   23547,   12714,   33086,   31553,   22139,    2974,   17078,   40139,   10720,   10031,    2164,     391,  129380,  124327,   27605,   32658,   -1332,    -187,    1218,   -1519,     397,   -1348,     126,   -4277,   -5194,    4429,    -153,     373,     -74,   -1258,   -1989,     -74,     657,  100.0,   15.0,    8.1,   21.1,   20.1,   14.1,    1.9,   10.9,   25.6,    6.8,    6.4,    1.4,    0.2,   82.4,   79.2,   17.6,   20.8,     92,     11,.,      9,      9,     14,      5,     16,     26,     13,     10,.,.,     57,     64,    36.5,    31.8,    47.7,    42.9,    21.0,    15.9,    29.7,    25.5,"(CONTRACTS OF CAD 100,000)",090741,CME ,090 ,F10,FutOnly
CANADIAN DOLLAR - CHICAGO MERCANTILE EXCHANGE,180605,2018-06-05,090741,CME ,00,090 ,  158317,   23734,   11496,   34605,   31156,   23487,    2848,   21355,   45333,    6291,   10184,    1791,     465,  130638,  126316,   27679,   32001,   10822,   -1333,   -3215,   13190,     460,     -61,   -1241,    1297,    1396,    -703,    -493,     776,       3,   11180,   10145,    -358,     677,  100.0,   15.0,    7.3,   21.9,   19.7,   14.8,    1.8,   13.5,   28.6,    4.0,    6.4,    1.1,    0.3,   82.5,   79.8,   17.5,   20.2,     91,     11,.,      9,      9,     13,      4,     19,     24,     16,     10,.,.,     60,     63,    36.7,    34.9,    48.0,    46.8,    20.2,    18.2,    28.8,    28.3,"(CONTRACTS OF CAD 100,000)",090741,CME ,090 ,F10,FutOnly
CANADIAN DOLLAR - CHICAGO MERCANTILE EXCHANGE,180529,2018-05-29,090741,CME ,00,090 ,  147495,   25067,   14711,   21415,   30696,   23548,    4089,   20058,   43937,    6994,   10677,    1015,     462,  119458,  116171,   28037,   31324,   11377,   -2027,     767,   12169,     737,    1795,     204,    7697,    -627,   -4982,    1637,      -4,    -402,   15033,    8920,   -3656,    2457,  100.0,   17.0,   10.0,   14.5,   20.8,   16.0,    2.8,   13.6,   29.8,    4.7,    7.2,    0.7,    0.3,   81.0,   78.8,   19.0,   21.2,     98,     10,.,      7,     11,     14,      4,     19,     28,     18,     10,.,.,     64,     66,    33.0,    32.0,    44.4,    43.9,    20.3,    21.7,    30.5,    31.5,"(CONTRACTS OF CAD 100,000)",090741,CME ,090 ,F10,FutOnly
CANADIAN DOLLAR - CHICAGO MERCANTILE EXCHANGE,180522,2018-05-22,090741,CME ,00,090 ,  136118,   27094,   13944,    9246,   29959,   21753,    3885,   12361,   44564,   11976,    9040,    1019,     864,  104425,  107251,   31693,   28867,    7410,   -3264,    3334,    7576,   -1737,   -3850,     579,   -2053,    -698,    4328,    -737,      16,      91,    4783,   11376,    2627,   -3966,  100.0,   19.9,   10.2,    6.8,   22.0,   16.0,    2.9,    9.1,   32.7,    8.8,    6.6,    0.7,    0.6,   76.7,   78.8,   23.3,   21.2,     93,     10,.,      7,     11,     12,      4,     16,     29,     16,      9,.,      4,     62,     62,    29.6,    28.7,    42.1,    43.0,    21.9,    24.0,    32.6,    34.9,"(CONTRACTS OF CAD 100,000)",090741,CME ,090 ,F10,FutOnly
CANADIAN DOLLAR - CHICAGO MERCANTILE EXCHANGE,180515,2018-05-15,090741,CME ,00,090 ,  128708,   30358,   10610,    1670,   31696,   25603,    3306,   14414,   45262,    7648,    9777,    1003,     773,   99642,   95875,   29066,   32833,    -169,    3560,    1674,    -554,   -1575,   -2902,     440,   -2402,     341,     783,    -856,    -537,      62,    -542,    -693,     373,     524,  100.0,   23.6,    8.2,    1.3,   24.6,   19.9,    2.6,   11.2,   35.2,    5.9,    7.6,    0.8,    0.6,   77.4,   74.5,   22.6,   25.5,     92,     10,.,      6,     12,     12,      4,     16,     26,     13,      9,.,      4,     58,     61,    26.9,    27.7,    41.0,    42.3,    25.2,    27.3,    37.6,    40.4,"(CONTRACTS OF CAD 100,000)",090741,CME ,090 ,F10,FutOnly
CANADIAN DOLLAR - CHICAGO MERCANTILE EXCHANGE,180508,2018-05-08,090741,CME ,00,090 ,  128877,   26798,    8936,    2224,   33271,   28505,    2866,   16816,   44921,    6865,   10633,    1540,     711,  100184,   96568,   28693,   32309,    7201,    1738,      60,     797,    -989,    1562,     702,    4677,    2118,     439,     679,     459,      -4,    8039,    6133,    -838,    1068,  100.0,   20.8,    6.9,    1.7,   25.8,   22.1,    2.2,   13.0,   34.9,    5.3,    8.3,    1.2,    0.6,   77.7,   74.9,   22.3,   25.1,     97,     10,.,      7,     13,     13,      5,     17,     26,     13,     10,      4,.,     60,     65,    26.5,    30.1,    40.4,    42.9,    24.4,    30.0,    37.1,    40.4,"(CONTRACTS OF CAD 100,000)",090741,CME ,090 ,F10,FutOnly
CANADIAN DOLLAR - CHICAGO MERCANTILE EXCHANGE,180501,2018-05-01,090741,CME ,00,090 ,  121676,   25060,    8876,    1427,   34260,   26943,    2164,   12139,   42803,    6426,    9954,    1081,     715,   92145,   90435,   29531,   31241,    1270,    3985,   -9120,     541,    1360,    6907,     847,   -4495,    -565,   -1438,    1443,      67,     316,    2559,   -2445,   -1289,    3715,  100.0,   20.6,    7.3,    1.2,   28.2,   22.1,    1.8,   10.0,   35.2,    5.3,    8.2,    0.9,    0.6,   75.7,   74.3,   24.3,   25.7,     86,     11,.,      7,     12,     13,      5,     13,     22,     10,      9,.,.,     53,     58,    28.5,    32.3,    41.5,    45.4,    27.2,    32.3,    38.8,    43.3,"(CONTRACTS OF CAD 100,000)",090741,CME ,090 ,F10,FutOnly
CANADIAN DOLLAR - CHICAGO MERCANTILE EXCHANGE,180424,2018-04-24,090741,CME ,00,090 ,  120406,   21075,   17996,     886,   32900,   20036,    1317,   16634,   43368,    7864,    8511,    1014,     399,   89586,   92880,   30820,   27526,   -7768,    -787,    1450,     -66,       1,     929,    -968,   -3268,  -11494,    -424,    -921,       0,       5,   -6428,  -10568,   -1340,    2800,  100.0,   17.5,   14.9,    0.7,   27.3,   16.6,    1.1,   13.8,   36.0,    6.5,    7.1,    0.8,    0.3,   74.4,   77.1,   25.6,   22.9,     84,      9,      4,      7,     12,     10,      5,     12,     27,     11,      7,.,.,     52,     58,    28.8,    36.5,    41.5,    49.6,    28.3,    36.5,    39.6,    47.3,"(CONTRACTS OF CAD 100,000)",090741,CME ,090 ,F10,FutOnly
CANADIAN DOLLAR - CHICAGO MERCANTILE EXCHANGE,180417,2018-04-17,090741,CME ,00,090 ,  128174,   21862,   16546,     952,   32899,   19107,    2285,   19902,   54862,    8288,    9432,    1014,     394,   96014,  103448,   32160,   24726,    3553,   -2562,   11065,    -426,   -1122,   -4543,    -316,    3528,     339,    1197,    -188,       0,      -2,     109,    7314,    3444,   -3761,  100.0,   17.1,   12.9,    0.7,   25.7,   14.9,    1.8,   15.5,   42.8,    6.5,    7.4,    0.8,    0.3,   74.9,   80.7,   25.1,   19.3,     89,     12,.,      7,     13,      9,      4,     16,     25,     14,      8,.,.,     61,     55,    26.2,    33.1,    37.6,    44.6,    25.0,    32.9,    34.9,    43.8,"(CONTRACTS OF CAD 100,000)",090741,CME ,090 ,F10,FutOnly
CANADIAN DOLLAR - CHICAGO MERCANTILE EXCHANGE,180410,2018-04-10,090741,CME ,00,090 ,  124621,   24424,    5481,    1378,   34021,   23650,    2601,   16374,   54523,    7091,    9620,    1014,     396,   95905,   96134,   28716,   28487,   -2888,    -556,    1668,     104,    2270,      11,    -101,   -2614,   -2174,    -735,   -1070,       0,       4,   -2698,   -1223,    -190,   -1665,  100.0,   19.6,    4.4,    1.1,   27.3,   19.0,    2.1,   13.1,   43.8,    5.7,    7.7,    0.8,    0.3,   77.0,   77.1,   23.0,   22.9,     93,     12,.,      8,     12,     10,      4,     17,     28,     11,      8,.,.,     59,     60,    28.2,    26.9,    41.1,    40.4,    26.4,    26.7,    38.1,    39.6,"(CONTRACTS OF CAD 100,000)",090741,CME ,090 ,F10,FutOnly
CANADIAN DOLLAR - CHICAGO MERCANTILE EXCHANGE,180403,2018-04-03,090741,CME ,00,090 ,  127509,   24980,    3813,    1274,   31751,   23639,    2702,   18988,   56697,    7826,   10690,    1014,     392,   98603,   97357,   28906,   30152,     -59,     433,     861,      -4,    1955,     443,    -390,   -4956,     695,      98,      -5,       0,      -5,   -2874,    1698,    2815,   -1757,  100.0,   19.6,    3.0,    1.0,   24.9,   18.5,    2.1,   14.9,   44.5,    6.1,    8.4,    0.8,    0.3,   77.3,   76.4,   22.7,   23.6,    101,     12,.,      6,     11,     11,      4,     21,     32,     13,     10,.,.,     65,     61,    27.6,    28.7,    40.0,    40.4,    25.9,    28.5,    37.0,    39.3,"(CONTRACTS OF CAD 100,000)",090741,CME ,090 ,F10,FutOnly
CANADIAN DOLLAR - CHICAGO MERCANTILE EXCHANGE,180327,2018-03-27,090741,CME ,00,090 ,  127568,   24547,    2952,    1278,   29796,   23196,    3092,   23944,   56002,    7728,   10695,    1014,     397,  101477,   95659,   26091,   31909,  -52672,   17744,  -46998,  -16206,    2817,     329,     -33,  -52254,   12476,     530,    -144,    -646,      -3,  -47549,  -50551,   -5123,   -2121,  100.0,   19.2,    2.3,    1.0,   23.4,   18.2,    2.4,   18.8,   43.9,    6.1,    8.4,    0.8,    0.3,   79.5,   75.0,   20.5,   25.0,    102,     10,      4,      6,     11,     11,      5,     22,     31,     17,     10,.,.,     68,     65,    26.8,    26.0,    38.5,    36.4,    24.7,    25.8,    35.1,    34.6,"(CONTRACTS OF CAD 100,000)",090741,CME ,090 ,F10,FutOnly
CANADIAN DOLLAR - CHICAGO MERCANTILE EXCHANGE,180320,2018-03-20,090741,CME ,00,090 ,  180240,    6803,   49950,   17484,   26979,   22867,    3125,   76198,   43526,    7198,   10839,    1660,     400,  149026,  146210,   31214,   34030,   25762,    1809,   -2513,   11328,   -1284,    5093,      58,   18510,   10845,   -2731,    1584,     646,       5,   29279,   22731,   -3517,    3031,  100.0,    3.8,   27.7,    9.7,   15.0,   12.7,    1.7,   42.3,   24.1,    4.0,    6.0,    0.9,    0.2,   82.7,   81.1,   17.3,   18.9,     97,      4,     11,     11,     11,     12,      5,     16,     30,     13,     10,.,.,     60,     69,    39.8,    32.2,    52.8,    43.6,    39.5,    27.2,    48.7,    36.4,"(CONTRACTS OF CAD 100,000)",090741,CME ,090 ,F10,FutOnly
CANADIAN DOLLAR - CHICAGO MERCANTILE EXCHANGE,180313,2018-03-13,090741,CME ,00,090 ,  154478,    4994,   52463,    6156,   28263,   17774,    3067,   57688,   32681,    9929,    9255,    1014,     395,  119747,  123479,   34731,   30999,   15160,    -117,   -2758,    5342,     -26,    2174,     -41,    5368,    7387,    1153,     891,     -20,     -27,   12543,   13210,    2617,    1950,  100.0,    3.2,   34.0,    4.0,   18.3,   11.5,    2.0,   37.3,   21.2,    6.4,    6.0,    0.7,    0.3,   77.5,   79.9,   22.5,   20.1,     90,.,     11,     10,     12,     11,      4,     18,     27,     14,      8,.,.,     58,     63,    38.1,    30.8,    50.1,    43.2,    33.9,    29.3,    45.3,    39.4,"(CONTRACTS OF CAD 100,000)",090741,CME ,090 ,F10,FutOnly
CANADIAN DOLLAR - CHICAGO MERCANTILE EXCHANGE,180306,2018-03-06,090741,CME ,00,090 ,  139318,    5111,   55221,     814,   28289,   15600,    3108,   52320,   25294,    8776,    8364,    1034,     422,  107204,  110269,   32114,   29049,   -6033,    -624,  -19803,     440,   -4835,    3584,     -52,    1155,    1142,    1117,    2095,      20,      37,    -667,  -13515,   -5366,    7482,  100.0,    3.7,   39.6,    0.6,   20.3,   11.2,    2.2,   37.6,   18.2,    6.3,    6.0,    0.7,    0.3,   76.9,   79.1,   23.1,   20.9,     94,.,     10,      7,     12,      9,      4,     21,     29,     19,      8,.,      4,     61,     67,    33.4,    33.7,    47.7,    44.6,    32.6,    33.7,    45.1,    44.0,"(CONTRACTS OF CAD 100,000)",090741,CME ,090 ,F10,FutOnly
CANADIAN DOLLAR - CHICAGO MERCANTILE EXCHANGE,180227,2018-02-27,090741,CME ,00,090 ,  145351,    5735,   75024,     374,   33124,   12016,    3160,   51165,   24152,    7659,    6269,    1014,     385,  107871,  123784,   37480,   21567,     519,    -862,  -10707,    -535,   -2786,     952,     -32,    3827,    7627,     902,    1182,    -440,    -191,    1505,   -2424,    -986,    2943,  100.0,    3.9,   51.6,    0.3,   22.8,    8.3,    2.2,   35.2,   16.6,    5.3,    4.3,    0.7,    0.3,   74.2,   85.2,   25.8,   14.8,     90,.,     10,      5,     17,      6,      4,     24,     22,     15,      7,.,.,     61,     55,    24.0,    43.8,    37.1,    55.7,    22.2,    43.8,    34.7,    55.2,"(CONTRACTS OF CAD 100,000)",090741,CME ,090 ,F10,FutOnly
CANADIAN DOLLAR - CHICAGO MERCANTILE EXCHANGE,180220,2018-02-20,090741,CME ,00,090 ,  144832,    6597,   85731,     909,   35910,   11064,    3192,   47338,   16525,    6757,    5087,    1454,     576,  106366,  126208,   38466,   18624,  -10430,     427,   -7844,    -527,    -983,     283,     149,  -13121,   -3831,    1111,     520,     362,     197,  -12227,  -10100,    1797,    -330,  100.0,    4.6,   59.2,    0.6,   24.8,    7.6,    2.2,   32.7,   11.4,    4.7,    3.5,    1.0,    0.4,   73.4,   87.1,   26.6,   12.9,     89,.,     11,      6,     17,      6,      4,     24,     21,     16,      5,.,.,     64,     53,    23.9,    47.9,    36.3,    61.8,    22.7,    47.9,    33.7,    61.2,"(CONTRACTS OF CAD 100,000)",090741,CME ,090 ,F10,FutOnly
CANADIAN DOLLAR - CHICAGO MERCANTILE EXCHANGE,180213,2018-02-13,090741,CME ,00,090 ,  155262,    6170,   93575,    1436,   36893,   10781,    3043,   60459,   20356,    5646,    4567,    1092,     379,  118593,  136308,   36669,   18954,  -12628,   -2550,  -17897,     748,  -10443,     449,     347,     247,    1998,    1240,     -21,       0,      -3,  -10435,  -13118,   -2193,     490,  100.0,    4.0,   60.3,    0.9,   23.8,    6.9,    2.0,   38.9,   13.1,    3.6,    2.9,    0.7,    0.2,   76.4,   87.8,   23.6,   12.2,     90,.,     10,      6,     18,      6,      4,     26,     21,     15,      4,.,.,     63,     54,    26.9,    49.9,    38.8,    63.0,    25.7,    49.8,    36.9,    62.4,"(CONTRACTS OF CAD 100,000)",090741,CME ,090 ,F10,FutOnly
CANADIAN DOLLAR - CHICAGO MERCANTILE EXCHANGE,180206,2018-02-06,090741,CME ,00,090 ,  167890,    8720,  111472,     688,   47336,   10332,    2696,   60212,   18358,    4406,    4588,    1092,     382,  129028,  149426,   38862,   18464,   -8981,    -431,    3891,     423,   -1446,    -244,     -10,   -3580,  -13671,    1175,   -1504,    -500,     -23,   -5396,   -8959,   -3585,     -22,  100.0,    5.2,   66.4,    0.4,   28.2,    6.2,    1.6,   35.9,   10.9,    2.6,    2.7,    0.7,    0.2,   76.9,   89.0,   23.1,   11.0,     98,      4,     13,      6,     21,      5,      4,     28,     19,     14,      6,.,.,     72,     52,    28.5,    54.6,    40.2,    67.9,    27.9,    54.6,    38.9,    67.4,"(CONTRACTS OF CAD 100,000)",090741,CME ,090 ,F10,FutOnly
CANADIAN DOLLAR - CHICAGO MERCANTILE EXCHANGE,180130,2018-01-30,090741,CME ,00,090 ,  176871,    9151,  107581,     265,   48782,   10576,    2706,   63792,   32029,    3231,    6092,    1592,     405,  134424,  158385,   42447,   18486,    8022,    2659,   13823,      64,     525,    -407,     769,    3985,   -5267,    -704,      70,    -986,     -15,    7353,    7277,     669,     745,  100.0,    5.2,   60.8,    0.1,   27.6,    6.0,    1.5,   36.1,   18.1,    1.8,    3.4,    0.9,    0.2,   76.0,   89.5,   24.0,   10.5,    101,      4,     11,      5,     21,      5,      4,     27,     22,     14,      8,.,.,     75,     52,    27.4,    51.1,    39.3,    64.0,    27.1,    51.1,    38.0,    63.9,"(CONTRACTS OF CAD 100,000)",090741,CME ,090 ,F10,FutOnly
CANADIAN DOLLAR - CHICAGO MERCANTILE EXCHANGE,180123,2018-01-23,090741,CME ,00,090 ,  168849,    6492,   93758,     201,   48257,   10983,    1937,   59807,   37296,    3935,    6022,    2578,     420,  127071,  151108,   41778,   17741,    8039,    -503,    7451,       2,    -310,      34,     268,    7594,     915,     540,     516,     420,       5,    8112,    9635,     -73,   -1596,  100.0,    3.8,   55.5,    0.1,   28.6,    6.5,    1.1,   35.4,   22.1,    2.3,    3.6,    1.5,    0.2,   75.3,   89.5,   24.7,   10.5,    102,      4,     10,      5,     22,      6,      4,     27,     22,     14,      7,      4,.,     74,     54,    27.0,    50.0,    38.3,    63.3,    26.6,    50.0,    37.5,    63.2,"(CONTRACTS OF CAD 100,000)",090741,CME ,090 ,F10,FutOnly
CANADIAN DOLLAR - CHICAGO MERCANTILE EXCHANGE,180116,2018-01-16,090741,CME ,00,090 ,  160810,    6995,   86307,     199,   48567,   10949,    1669,   52213,   36381,    3395,    5506,    2158,     415,  118959,  141473,   41851,   19337,   12971,    1917,    9575,    -589,    1862,    1494,     -20,    9237,     497,    -361,     226,    -100,      10,   12282,   10506,     689,    2465,  100.0,    4.3,   53.7,    0.1,   30.2,    6.8,    1.0,   32.5,   22.6,    2.1,    3.4,    1.3,    0.3,   74.0,   88.0,   26.0,   12.0,     90,      4,      9,      4,     21,      6,      4,     23,     19,     14,      5,.,.,     64,     50,    26.4,    51.4,    38.0,    64.5,    26.0,    51.2,    37.1,    64.1,"(CONTRACTS OF CAD 100,000)",090741,CME ,090 ,F10,FutOnly
CANADIAN DOLLAR - CHICAGO MERCANTILE EXCHANGE,180109,2018-01-09,090741,CME ,00,090 ,  147839,    5078,   76732,     788,   46705,    9455,    1689,   42976,   35884,    3756,    5280,    2258,     405,  106677,  130967,   41162,   16872,   21010,    1486,   19971,     553,    4090,      49,    -267,   10581,    3351,    -388,    -433,     500,       0,   15622,   23769,    5388,   -2759,  100.0,    3.4,   51.9,    0.5,   31.6,    6.4,    1.1,   29.1,   24.3,    2.5,    3.6,    1.5,    0.3,   72.2,   88.6,   27.8,   11.4,     95,      4,     10,      5,     19,      7,      4,     26,     21,     15,      5,.,.,     67,     54,    22.9,    50.5,    34.3,    62.8,    22.5,    50.4,    33.0,    62.5,"(CONTRACTS OF CAD 100,000)",090741,CME ,090 ,F10,FutOnly
CANADIAN DOLLAR - CHICAGO MERCANTILE EXCHANGE,180102,2018-01-02,090741,CME ,00,090 ,  126829,    3592,   56761,     235,   42615,    9406,    1956,   32395,   32533,    4144,    5713,    1758,     405,   91055,  107198,   35774,   19631,   10270,     105,    3599,      59,    7311,      -8,      39,    1632,    8419,    -613,    -577,    -529,       0,    7956,   10966,    2314,    -696,  100.0,    2.8,   44.8,    0.2,   33.6,    7.4,    1.5,   25.5,   25.7,    3.3,    4.5,    1.4,    0.3,   71.8,   84.5,   28.2,   15.5,     91,.,      9,      5,     19,      6,      4,     27,     20,     15,      5,.,.,     66,     51,    21.9,    46.0,    34.2,    58.4,    20.6,    45.8,    32.2,    57.4,"(CONTRACTS OF CAD 100,000)",090741,CME ,090 ,F10,FutOnly
SWISS FRANC - CHICAGO MERCANTILE EXCHANGE,181231,2018-12-31,092741,CME ,00,092 ,   67730,   45123,    2045,       0,    1555,   16232,    1073,   11982,   23573,     758,       0,    3610,       0,   60491,   47291,    7239,   20439,   -2981,    -159,    -420,       0,    -366,   -1277,    -317,    -799,     991,       9,    -540,    -327,       0,   -2172,   -1341,    -809,   -1640,  100.0,   66.6,    3.0,    0.0,    2.3,   24.0,    1.6,   17.7,   34.8,    1.1,    0.0,    5.3,    0.0,   89.3,   69.8,   10.7,   30.2,     46,      5,.,      0,.,     11,.,      9,     13,      5,      0,.,      0,     19,     34,    70.7,    24.4,    80.7,    40.0,    70.1,    24.4,    80.0,    40.0,"(CONTRACTS OF CHF 125,000)",092741,CME ,092 ,F10,FutOnly
SWISS FRANC - CHICAGO MERCANTILE EXCHANGE,181224,2018-12-24,092741,CME ,00,092 ,   70711,   45282,    2465,       0,    1921,   17509,    1390,   12781,   22582,     749,     540,    3937,       0,   62663,   48632,    8048,   22079,    -232,    1537,     313,       0,     723,     160,    1028,   -3269,    -712,     -78,     519,     -96,    -885,    -425,    -270,     193,      38,  100.0,   64.0,    3.5,    0.0,    2.7,   24.8,    2.0,   18.1,   31.9,    1.1,    0.8,    5.6,    0.0,   88.6,   68.8,   11.4,   31.2,     48,      5,.,      0,.,     12,.,      8,     14,      4,.,.,      0,     20,     34,    67.6,    27.2,    78.5,    42.3,    67.1,    27.2,    77.7,    42.3,"(CONTRACTS OF CHF 125,000)",092741,CME ,092 ,F10,FutOnly
SWISS FRANC - CHICAGO MERCANTILE EXCHANGE,181218,2018-12-18,092741,CME ,00,092 ,   70943,   43745,    2152,       0,    1198,   17349,     362,   16050,   23294,     827,      21,    4033,     885,   63088,   48902,    7855,   22041,  -10575,   -1700,     560,   -6335,    -107,    -139,      -4,   -2987,   -2391,     -12,      21,   -1048,     584,  -10540,   -8785,     -35,   -1790,  100.0,   61.7,    3.0,    0.0,    1.7,   24.5,    0.5,   22.6,   32.8,    1.2,    0.0,    5.7,    1.2,   88.9,   68.9,   11.1,   31.1,     47,      5,.,      0,.,     11,.,     10,     13,      6,.,.,.,     22,     33,    67.9,    27.6,    79.3,    43.3,    67.3,    27.6,    78.7,    43.3,"(CONTRACTS OF CHF 125,000)",092741,CME ,092 ,F10,FutOnly
SWISS FRANC - CHICAGO MERCANTILE EXCHANGE,181211,2018-12-11,092741,CME ,00,092 ,   81518,   45445,    1592,    6335,    1305,   17488,     366,   19037,   25685,     839,       0,    5081,     301,   73628,   57687,    7890,   23831,    2510,   -2731,    -147,    6178,       3,     347,       0,   -1423,   -3367,    -209,       0,     449,     301,    2119,    3552,     391,   -1042,  100.0,   55.7,    2.0,    7.8,    1.6,   21.5,    0.4,   23.4,   31.5,    1.0,    0.0,    6.2,    0.4,   90.3,   70.8,    9.7,   29.2,     50,      7,.,      5,.,     12,.,     12,     11,      4,      0,.,.,     26,     35,    56.6,    30.6,    74.2,    45.2,    56.6,    28.4,    69.8,    41.3,"(CONTRACTS OF CHF 125,000)",092741,CME ,092 ,F10,FutOnly
SWISS FRANC - CHICAGO MERCANTILE EXCHANGE,181204,2018-12-04,092741,CME ,00,092 ,   79008,   48176,    1739,     157,    1302,   17141,     366,   20460,   29052,    1048,       0,    4632,       0,   71509,   54135,    7499,   24873,      35,    -373,     -30,       0,       7,    1241,     -31,     206,   -1006,     244,       0,     169,       0,      53,     587,     -18,    -552,  100.0,   61.0,    2.2,    0.2,    1.6,   21.7,    0.5,   25.9,   36.8,    1.3,    0.0,    5.9,    0.0,   90.5,   68.5,    9.5,   31.5,     51,      6,.,.,.,     12,.,     12,     14,      8,      0,.,      0,     26,     35,    60.2,    31.3,    75.4,    44.3,    60.2,    31.3,    74.9,    44.3,"(CONTRACTS OF CHF 125,000)",092741,CME ,092 ,F10,FutOnly
SWISS FRANC - CHICAGO MERCANTILE EXCHANGE,181127,2018-11-27,092741,CME ,00,092 ,   78973,   48549,    1769,     157,    1295,   15900,     397,   20254,   30058,     804,       0,    4463,       0,   71456,   53548,    7517,   25425,   -2127,    1017,    -838,     157,     -99,     103,       0,    -556,     478,   -1323,    -541,      67,       0,   -1345,   -1356,    -782,    -771,  100.0,   61.5,    2.2,    0.2,    1.6,   20.1,    0.5,   25.6,   38.1,    1.0,    0.0,    5.7,    0.0,   90.5,   67.8,    9.5,   32.2,     50,      7,.,.,.,     13,.,     10,     13,      7,      0,.,      0,     24,     35,    60.3,    32.2,    74.5,    45.3,    60.2,    32.2,    73.9,    45.3,"(CONTRACTS OF CHF 125,000)",092741,CME ,092 ,F10,FutOnly
SWISS FRANC - CHICAGO MERCANTILE EXCHANGE,181120,2018-11-20,092741,CME ,00,092 ,   81100,   47532,    2607,       0,    1394,   15797,     397,   20810,   29580,    2127,     541,    4396,       0,   72801,   54904,    8299,   26196,    3471,     800,     -94,       0,    -675,     236,      20,    1210,    3602,    1214,     541,     126,       0,    3110,    5104,     361,   -1633,  100.0,   58.6,    3.2,    0.0,    1.7,   19.5,    0.5,   25.7,   36.5,    2.6,    0.7,    5.4,    0.0,   89.8,   67.7,   10.2,   32.3,     51,      6,      4,      0,.,     13,.,      9,     14,      5,.,.,      0,     21,     36,    59.3,    30.9,    74.1,    43.3,    57.9,    30.9,    72.2,    43.3,"(CONTRACTS OF CHF 125,000)",092741,CME ,092 ,F10,FutOnly
SWISS FRANC - CHICAGO MERCANTILE EXCHANGE,181113,2018-11-13,092741,CME ,00,092 ,   77629,   46732,    2701,       0,    2069,   15561,     377,   19600,   25978,     913,       0,    4270,       0,   69691,   49800,    7938,   27829,     424,      41,     620,       0,     286,     988,       0,   -1408,   -1923,     354,       0,      89,       0,    -727,     128,    1151,     296,  100.0,   60.2,    3.5,    0.0,    2.7,   20.0,    0.5,   25.2,   33.5,    1.2,    0.0,    5.5,    0.0,   89.8,   64.2,   10.2,   35.8,     51,      6,      4,      0,.,     13,.,     10,     13,      4,      0,.,      0,     23,     33,    60.6,    30.6,    74.5,    42.1,    60.6,    30.6,    74.0,    42.1,"(CONTRACTS OF CHF 125,000)",092741,CME ,092 ,F10,FutOnly
SWISS FRANC - CHICAGO MERCANTILE EXCHANGE,181106,2018-11-06,092741,CME ,00,092 ,   77205,   46691,    2081,       0,    1783,   14573,     377,   21008,   27901,     559,       0,    4181,       0,   70418,   49672,    6787,   27533,    1370,    5224,     352,       0,      46,    2441,     131,   -1402,     902,    -616,    -453,    -696,      -1,    2929,    2513,   -1559,   -1143,  100.0,   60.5,    2.7,    0.0,    2.3,   18.9,    0.5,   27.2,   36.1,    0.7,    0.0,    5.4,    0.0,   91.2,   64.3,    8.8,   35.7,     52,      7,.,      0,.,     13,.,     11,     13,.,      0,.,      0,     24,     32,    61.2,    31.6,    75.9,    42.7,    61.2,    31.6,    75.3,    42.7,"(CONTRACTS OF CHF 125,000)",092741,CME ,092 ,F10,FutOnly
SWISS FRANC - CHICAGO MERCANTILE EXCHANGE,181030,2018-10-30,092741,CME ,00,092 ,   75835,   41467,    1729,       0,    1737,   12132,     246,   22410,   26999,    1175,     453,    4877,       1,   67489,   47159,    8346,   28676,    6150,     674,    -563,      -6,     568,     912,       0,    4339,    1859,    -113,       0,    1546,       1,    5463,    3636,     687,    2514,  100.0,   54.7,    2.3,    0.0,    2.3,   16.0,    0.3,   29.6,   35.6,    1.5,    0.6,    6.4,    0.0,   89.0,   62.2,   11.0,   37.8,     48,      7,.,      0,.,     11,.,      9,     13,      4,.,.,.,     24,     30,    57.1,    32.3,    73.7,    41.9,    56.9,    32.3,    73.1,    41.9,"(CONTRACTS OF CHF 125,000)",092741,CME ,092 ,F10,FutOnly
SWISS FRANC - CHICAGO MERCANTILE EXCHANGE,181023,2018-10-23,092741,CME ,00,092 ,   69685,   40793,    2292,       6,    1169,   11220,     246,   18071,   25140,    1288,     453,    3331,       0,   62026,   43523,    7659,   26162,    5050,    5852,      96,       2,       0,     754,       0,    -490,    -557,       5,       0,     993,       0,    5369,    1293,    -319,    3757,  100.0,   58.5,    3.3,    0.0,    1.7,   16.1,    0.4,   25.9,   36.1,    1.8,    0.7,    4.8,    0.0,   89.0,   62.5,   11.0,   37.5,     46,      7,.,.,.,     11,.,      8,     12,      4,.,.,      0,     23,     29,    60.5,    33.4,    75.9,    42.8,    60.2,    33.4,    75.2,    42.8,"(CONTRACTS OF CHF 125,000)",092741,CME ,092 ,F10,FutOnly
SWISS FRANC - CHICAGO MERCANTILE EXCHANGE,181016,2018-10-16,092741,CME ,00,092 ,   64635,   34941,    2196,       4,    1169,   10466,     246,   18561,   25697,    1283,     453,    2338,       0,   56657,   42230,    7978,   22405,    2773,    4897,    -340,      -2,       0,    2143,      -4,   -1485,    1729,     241,       0,     365,       0,    3647,    4132,    -874,   -1359,  100.0,   54.1,    3.4,    0.0,    1.8,   16.2,    0.4,   28.7,   39.8,    2.0,    0.7,    3.6,    0.0,   87.7,   65.3,   12.3,   34.7,     49,      6,.,.,.,     11,.,     10,     14,      4,.,.,      0,     23,     32,    60.5,    34.2,    74.5,    41.9,    59.8,    34.2,    73.8,    41.9,"(CONTRACTS OF CHF 125,000)",092741,CME ,092 ,F10,FutOnly
SWISS FRANC - CHICAGO MERCANTILE EXCHANGE,181009,2018-10-09,092741,CME ,00,092 ,   61862,   30044,    2536,       6,    1169,    8323,     250,   20046,   23968,    1042,     453,    1973,       0,   53010,   38098,    8852,   23764,    7212,    4410,   -1224,       6,       0,    2829,       0,    2977,    -298,     484,       0,     862,       0,    7877,    2659,    -665,    4553,  100.0,   48.6,    4.1,    0.0,    1.9,   13.5,    0.4,   32.4,   38.7,    1.7,    0.7,    3.2,    0.0,   85.7,   61.6,   14.3,   38.4,     50,      6,      4,.,.,     11,.,      9,     15,      4,.,.,      0,     23,     33,    56.9,    30.3,    72.4,    37.7,    56.1,    30.3,    71.7,    37.7,"(CONTRACTS OF CHF 125,000)",092741,CME ,092 ,F10,FutOnly
SWISS FRANC - CHICAGO MERCANTILE EXCHANGE,181002,2018-10-02,092741,CME ,00,092 ,   54650,   25634,    3760,       0,    1169,    5494,     250,   17069,   24266,     558,     453,    1111,       0,   45133,   35439,    9517,   19211,     723,    1347,     472,       0,       0,   -1627,     -20,    3742,     -75,      29,   -2257,    -192,       0,    2841,   -1413,   -2118,    2136,  100.0,   46.9,    6.9,    0.0,    2.1,   10.1,    0.5,   31.2,   44.4,    1.0,    0.8,    2.0,    0.0,   82.6,   64.8,   17.4,   35.2,     47,.,      6,      0,.,      8,.,     11,     15,      6,.,.,      0,     21,     33,    57.2,    32.3,    71.0,    40.8,    56.3,    32.3,    70.1,    40.7,"(CONTRACTS OF CHF 125,000)",092741,CME ,092 ,F10,FutOnly
SWISS FRANC - CHICAGO MERCANTILE EXCHANGE,180925,2018-09-25,092741,CME ,00,092 ,   53927,   24287,    3288,       0,    1169,    7121,     270,   13327,   24341,     529,    2710,    1303,       0,   42292,   36852,   11635,   17075,    -324,   -1519,    1714,       0,       0,   -1685,       0,    1155,    -446,      60,    -587,    -288,      -1,    -892,    -646,     568,     322,  100.0,   45.0,    6.1,    0.0,    2.2,   13.2,    0.5,   24.7,   45.1,    1.0,    5.0,    2.4,    0.0,   78.4,   68.3,   21.6,   31.7,     51,.,      5,      0,.,     10,.,      9,     19,      5,.,.,      0,     21,     36,    54.6,    30.4,    68.0,    39.0,    54.0,    30.4,    67.3,    38.9,"(CONTRACTS OF CHF 125,000)",092741,CME ,092 ,F10,FutOnly
SWISS FRANC - CHICAGO MERCANTILE EXCHANGE,180918,2018-09-18,092741,CME ,00,092 ,   54251,   25806,    1574,       0,    1169,    8806,     270,   12172,   24787,     469,    3297,    1591,       1,   43184,   37498,   11067,   16753,  -25628,  -21032,   -2557,   -1843,      -6,      20,    -247,   -1758,  -13720,   -3959,    1940,       0,     -56,  -26961,  -22362,    1333,   -3266,  100.0,   47.6,    2.9,    0.0,    2.2,   16.2,    0.5,   22.4,   45.7,    0.9,    6.1,    2.9,    0.0,   79.6,   69.1,   20.4,   30.9,     49,.,      4,      0,.,     10,.,      9,     17,      6,.,.,.,     23,     34,    57.0,    32.3,    69.0,    42.1,    56.5,    32.2,    68.5,    42.1,"(CONTRACTS OF CHF 125,000)",092741,CME ,092 ,F10,FutOnly
SWISS FRANC - CHICAGO MERCANTILE EXCHANGE,180911,2018-09-11,092741,CME ,00,092 ,   79879,   46838,    4131,    1843,    1175,    8786,     517,   13930,   38507,    4428,    1357,    1591,      57,   70145,   59860,    9734,   20019,    -854,   -5761,    1576,     577,       0,   -4705,     247,    -879,   -3704,    3725,     394,       0,      57,   -1640,   -2227,     786,    1373,  100.0,   58.6,    5.2,    2.3,    1.5,   11.0,    0.6,   17.4,   48.2,    5.5,    1.7,    2.0,    0.1,   87.8,   74.9,   12.2,   25.1,     56,      6,      5,      4,.,      9,.,     10,     20,      9,.,.,.,     31,     41,    59.5,    34.1,    71.8,    44.7,    57.6,    30.3,    67.7,    40.8,"(CONTRACTS OF CHF 125,000)",092741,CME ,092 ,F10,FutOnly
SWISS FRANC - CHICAGO MERCANTILE EXCHANGE,180904,2018-09-04,092741,CME ,00,092 ,   80733,   52599,    2555,    1266,    1175,   13491,     270,   14809,   42211,     703,     963,    1591,       0,   71785,   62087,    8948,   18646,   -4633,   -9132,     131,    1206,       0,   -3176,      57,    2191,    -119,     253,       0,       0,       0,   -5425,   -1648,     792,   -2985,  100.0,   65.2,    3.2,    1.6,    1.5,   16.7,    0.3,   18.3,   52.3,    0.9,    1.2,    2.0,    0.0,   88.9,   76.9,   11.1,   23.1,     64,      6,.,.,.,     13,.,     12,     25,      7,.,.,      0,     31,     44,    64.9,    30.3,    75.2,    42.8,    63.6,    29.9,    73.6,    42.4,"(CONTRACTS OF CHF 125,000)",092741,CME ,092 ,F10,FutOnly
SWISS FRANC - CHICAGO MERCANTILE EXCHANGE,180828,2018-08-28,092741,CME ,00,092 ,   85366,   61731,    2424,      60,    1175,   16667,     213,   12618,   42330,     450,     963,    1591,       0,   77210,   63735,    8156,   21631,   -5539,   -6002,     116,       3,      57,   -2776,       0,     635,    -621,    -494,     510,     -34,       0,   -5291,   -3806,    -248,   -1733,  100.0,   72.3,    2.8,    0.1,    1.4,   19.5,    0.2,   14.8,   49.6,    0.5,    1.1,    1.9,    0.0,   90.4,   74.7,    9.6,   25.3,     63,      7,.,.,.,     13,.,      8,     27,      6,.,.,      0,     25,     47,    69.1,    27.8,    78.7,    41.3,    69.1,    27.8,    78.4,    41.3,"(CONTRACTS OF CHF 125,000)",092741,CME ,092 ,F10,FutOnly
SWISS FRANC - CHICAGO MERCANTILE EXCHANGE,180821,2018-08-21,092741,CME ,00,092 ,   90905,   67733,    2308,      57,    1118,   19443,     213,   11983,   42951,     944,     453,    1625,       0,   82501,   67541,    8404,   23364,     137,   -4265,     321,       0,      -1,     590,     -70,    2013,    1802,     229,       0,       0,       0,   -2094,    2872,    2231,   -2735,  100.0,   74.5,    2.5,    0.1,    1.2,   21.4,    0.2,   13.2,   47.2,    1.0,    0.5,    1.8,    0.0,   90.8,   74.3,    9.2,   25.7,     63,      8,.,.,.,     13,.,      9,     26,      7,.,.,      0,     25,     47,    70.4,    26.8,    79.0,    40.3,    70.4,    26.8,    78.8,    40.3,"(CONTRACTS OF CHF 125,000)",092741,CME ,092 ,F10,FutOnly
SWISS FRANC - CHICAGO MERCANTILE EXCHANGE,180814,2018-08-14,092741,CME ,00,092 ,   90768,   71998,    1987,      57,    1119,   18853,     283,    9970,   41149,     715,     453,    1625,       0,   84595,   64669,    6173,   26099,    -162,     105,    -245,      56,     -28,     746,       0,    -884,   -1234,     487,       0,       0,       0,    -264,    -190,     102,      28,  100.0,   79.3,    2.2,    0.1,    1.2,   20.8,    0.3,   11.0,   45.3,    0.8,    0.5,    1.8,    0.0,   93.2,   71.2,    6.8,   28.8,     55,      8,.,.,.,     13,.,      6,     21,      7,.,.,      0,     23,     41,    74.7,    27.0,    83.6,    40.1,    74.7,    27.0,    83.4,    40.1,"(CONTRACTS OF CHF 125,000)",092741,CME ,092 ,F10,FutOnly
SWISS FRANC - CHICAGO MERCANTILE EXCHANGE,180807,2018-08-07,092741,CME ,00,092 ,   90930,   71893,    2232,       1,    1147,   18107,     283,   10854,   42383,     228,     453,    1625,       0,   84859,   64859,    6071,   26071,    -169,    1145,    -363,       0,      31,     311,       0,    -717,     962,    -117,       0,       0,       0,     342,     793,    -511,    -962,  100.0,   79.1,    2.5,    0.0,    1.3,   19.9,    0.3,   11.9,   46.6,    0.3,    0.5,    1.8,    0.0,   93.3,   71.3,    6.7,   28.7,     57,      7,.,.,.,     12,.,      8,     23,      5,.,.,      0,     22,     42,    75.1,    27.9,    83.9,    40.2,    75.1,    27.9,    83.7,    40.2,"(CONTRACTS OF CHF 125,000)",092741,CME ,092 ,F10,FutOnly
SWISS FRANC - CHICAGO MERCANTILE EXCHANGE,180731,2018-07-31,092741,CME ,00,092 ,   91099,   70748,    2595,       1,    1116,   17796,     283,   11571,   41421,     345,     453,    1625,       0,   84517,   64066,    6582,   27033,    -739,   -1751,    -125,       0,     -43,     447,     -41,     959,    -336,    -221,     -12,       0,       0,   -1109,    -276,     370,    -463,  100.0,   77.7,    2.8,    0.0,    1.2,   19.5,    0.3,   12.7,   45.5,    0.4,    0.5,    1.8,    0.0,   92.8,   70.3,    7.2,   29.7,     55,      7,.,.,.,     11,.,     10,     20,      6,.,.,      0,     25,     38,    74.1,    27.0,    82.8,    39.2,    74.1,    27.0,    82.6,    39.2,"(CONTRACTS OF CHF 125,000)",092741,CME ,092 ,F10,FutOnly
SWISS FRANC - CHICAGO MERCANTILE EXCHANGE,180724,2018-07-24,092741,CME ,00,092 ,   91838,   72499,    2720,       1,    1159,   17349,     324,   10612,   41757,     566,     465,    1625,       0,   85626,   64342,    6212,   27496,    -114,    -314,       3,       0,     -30,     201,       0,     -21,    1087,     334,       0,       0,       0,     -31,    1625,     -83,   -1739,  100.0,   78.9,    3.0,    0.0,    1.3,   18.9,    0.4,   11.6,   45.5,    0.6,    0.5,    1.8,    0.0,   93.2,   70.1,    6.8,   29.9,     54,      7,.,.,.,     11,.,      7,     22,      7,.,.,      0,     24,     39,    75.5,    26.0,    84.5,    38.1,    75.5,    26.0,    84.4,    38.1,"(CONTRACTS OF CHF 125,000)",092741,CME ,092 ,F10,FutOnly
SWISS FRANC - CHICAGO MERCANTILE EXCHANGE,180717,2018-07-17,092741,CME ,00,092 ,   91952,   72813,    2717,       1,    1189,   17148,     324,   10633,   40670,     232,     465,    1625,       0,   85657,   62717,    6295,   29235,    2042,    3322,    -125,       0,     101,      90,       0,   -1153,     981,      15,       0,     -49,       0,    2285,     912,    -243,    1130,  100.0,   79.2,    3.0,    0.0,    1.3,   18.6,    0.4,   11.6,   44.2,    0.3,    0.5,    1.8,    0.0,   93.2,   68.2,    6.8,   31.8,     55,      7,.,.,.,     11,.,      7,     23,      6,.,.,      0,     23,     40,    75.5,    25.9,    84.5,    37.9,    75.5,    25.9,    84.4,    37.9,"(CONTRACTS OF CHF 125,000)",092741,CME ,092 ,F10,FutOnly
SWISS FRANC - CHICAGO MERCANTILE EXCHANGE,180710,2018-07-10,092741,CME ,00,092 ,   89910,   69491,    2842,       1,    1088,   17058,     324,   11786,   39689,     217,     465,    1674,       0,   83372,   61805,    6538,   28105,   -1286,     415,     434,       1,       1,   -1282,       0,   -1306,    -212,    -682,       0,       0,       0,   -1571,   -1741,     285,     455,  100.0,   77.3,    3.2,    0.0,    1.2,   19.0,    0.4,   13.1,   44.1,    0.2,    0.5,    1.9,    0.0,   92.7,   68.7,    7.3,   31.3,     53,      7,.,.,.,     11,.,      9,     19,      4,.,.,      0,     23,     36,    74.4,    27.0,    83.6,    39.5,    74.4,    27.0,    83.5,    39.5,"(CONTRACTS OF CHF 125,000)",092741,CME ,092 ,F10,FutOnly
SWISS FRANC - CHICAGO MERCANTILE EXCHANGE,180703,2018-07-03,092741,CME ,00,092 ,   91196,   69076,    2408,       0,    1087,   18340,     324,   13092,   39901,     899,     465,    1674,       0,   84943,   63546,    6253,   27650,   -1737,    2078,      71,       0,    -903,   -1028,      23,   -3619,    -386,      29,       0,       0,       0,   -2392,   -1291,     655,    -446,  100.0,   75.7,    2.6,    0.0,    1.2,   20.1,    0.4,   14.4,   43.8,    1.0,    0.5,    1.8,    0.0,   93.1,   69.7,    6.9,   30.3,     51,      5,      4,      0,.,     12,.,      9,     17,      5,.,.,      0,     22,     35,    73.5,    27.1,    82.4,    41.7,    73.5,    27.1,    82.3,    41.7,"(CONTRACTS OF CHF 125,000)",092741,CME ,092 ,F10,FutOnly
SWISS FRANC - CHICAGO MERCANTILE EXCHANGE,180626,2018-06-26,092741,CME ,00,092 ,   92933,   66998,    2337,       0,    1990,   19368,     301,   16711,   40287,     870,     465,    1674,       0,   87335,   64837,    5598,   28096,    -668,    4687,     -95,       0,     413,    -278,       0,   -6083,      48,     -43,     -15,       0,       0,   -1041,    -368,     373,    -300,  100.0,   72.1,    2.5,    0.0,    2.1,   20.8,    0.3,   18.0,   43.4,    0.9,    0.5,    1.8,    0.0,   94.0,   69.8,    6.0,   30.2,     55,      5,      4,      0,.,     12,.,     11,     18,.,.,.,      0,     22,     37,    69.9,    26.5,    80.4,    40.2,    69.9,    26.5,    80.3,    40.2,"(CONTRACTS OF CHF 125,000)",092741,CME ,092 ,F10,FutOnly
SWISS FRANC - CHICAGO MERCANTILE EXCHANGE,180619,2018-06-19,092741,CME ,00,092 ,   93601,   62311,    2432,       0,    1577,   19646,     301,   22794,   40239,     913,     480,    1674,       0,   88376,   65205,    5225,   28396,   -7644,  -11595,     769,   -2963,    -541,    1254,       0,   13734,     503,   -6079,       0,       0,       0,   -7444,   -6516,    -200,   -1128,  100.0,   66.6,    2.6,    0.0,    1.7,   21.0,    0.3,   24.4,   43.0,    1.0,    0.5,    1.8,    0.0,   94.4,   69.7,    5.6,   30.3,     57,      5,      4,      0,.,     13,.,     12,     19,.,.,.,      0,     22,     39,    67.2,    27.1,    79.6,    40.5,    67.2,    27.1,    79.5,    40.5,"(CONTRACTS OF CHF 125,000)",092741,CME ,092 ,F10,FutOnly
SWISS FRANC - CHICAGO MERCANTILE EXCHANGE,180612,2018-06-12,092741,CME ,00,092 ,  101245,   73906,    1663,    2963,    2118,   18392,     301,    9060,   39736,    6992,     480,    1674,       0,   95820,   71721,    5425,   29524,     378,   -1031,      56,    -891,       0,   -1614,       0,   -3407,   -3744,    6429,       0,       0,       0,    1100,     236,    -722,     142,  100.0,   73.0,    1.6,    2.9,    2.1,   18.2,    0.3,    8.9,   39.2,    6.9,    0.5,    1.7,    0.0,   94.6,   70.8,    5.4,   29.2,     57,      9,.,.,.,     11,.,      9,     21,      9,.,.,      0,     26,     44,    66.4,    26.1,    79.4,    38.5,    63.5,    26.1,    73.8,    36.9,"(CONTRACTS OF CHF 125,000)",092741,CME ,092 ,F10,FutOnly
SWISS FRANC - CHICAGO MERCANTILE EXCHANGE,180605,2018-06-05,092741,CME ,00,092 ,  100867,   74937,    1607,    3854,    2118,   20006,     301,   12467,   43480,     563,     480,    1674,       0,   94720,   71485,    6147,   29382,   -6323,    1557,     185,     -11,       0,      34,     105,   -3323,   -7786,    -238,       0,      49,       0,   -1910,   -7662,   -4413,    1339,  100.0,   74.3,    1.6,    3.8,    2.1,   19.8,    0.3,   12.4,   43.1,    0.6,    0.5,    1.7,    0.0,   93.9,   70.9,    6.1,   29.1,     59,      9,.,.,.,     12,.,      8,     23,.,.,.,      0,     24,     42,    68.7,    28.0,    79.8,    40.8,    64.9,    27.6,    75.9,    39.6,"(CONTRACTS OF CHF 125,000)",092741,CME ,092 ,F10,FutOnly
SWISS FRANC - CHICAGO MERCANTILE EXCHANGE,180529,2018-05-29,092741,CME ,00,092 ,  107190,   73380,    1422,    3865,    2118,   19972,     196,   15790,   51266,     801,     480,    1625,       0,   96630,   79147,   10560,   28043,    2932,    1825,    -363,    3526,     344,    -824,       0,   -7307,    1263,     147,       0,       0,       0,   -1465,    3749,    4397,    -817,  100.0,   68.5,    1.3,    3.6,    2.0,   18.6,    0.2,   14.7,   47.8,    0.7,    0.4,    1.5,    0.0,   90.1,   73.8,    9.9,   26.2,     61,      9,.,.,.,     12,.,      8,     25,      4,.,.,      0,     23,     46,    63.4,    29.5,    75.9,    43.7,    59.8,    29.5,    72.4,    42.8,"(CONTRACTS OF CHF 125,000)",092741,CME ,092 ,F10,FutOnly
SWISS FRANC - CHICAGO MERCANTILE EXCHANGE,180522,2018-05-22,092741,CME ,00,092 ,  104258,   71555,    1785,     339,    1774,   20796,     196,   23097,   50003,     654,     480,    1625,       0,   98095,   75398,    6163,   28860,     567,    1125,     425,     311,     -25,     660,       0,    -806,     418,     185,       0,       0,       0,     790,    1999,    -223,   -1432,  100.0,   68.6,    1.7,    0.3,    1.7,   19.9,    0.2,   22.2,   48.0,    0.6,    0.5,    1.6,    0.0,   94.1,   72.3,    5.9,   27.7,     66,      9,.,.,.,     12,.,     10,     27,.,.,.,      0,     25,     48,    64.4,    30.1,    78.3,    42.9,    64.1,    30.1,    78.0,    42.9,"(CONTRACTS OF CHF 125,000)",092741,CME ,092 ,F10,FutOnly
SWISS FRANC - CHICAGO MERCANTILE EXCHANGE,180515,2018-05-15,092741,CME ,00,092 ,  103691,   70430,    1360,      28,    1799,   20136,     196,   23903,   49585,     469,     480,    1625,       0,   97305,   73399,    6386,   30292,    5791,    6631,      25,      12,    -843,     839,       0,    -487,    3901,     278,       0,       0,       0,    5591,    5055,     200,     736,  100.0,   67.9,    1.3,    0.0,    1.7,   19.4,    0.2,   23.1,   47.8,    0.5,    0.5,    1.6,    0.0,   93.8,   70.8,    6.2,   29.2,     65,      9,.,.,.,     12,.,     10,     27,.,.,.,      0,     26,     45,    64.9,    29.4,    78.7,    42.6,    64.9,    29.4,    78.7,    42.6,"(CONTRACTS OF CHF 125,000)",092741,CME ,092 ,F10,FutOnly
SWISS FRANC - CHICAGO MERCANTILE EXCHANGE,180508,2018-05-08,092741,CME ,00,092 ,   97900,   63799,    1335,      16,    2642,   19297,     196,   24390,   45684,     191,     480,    1625,       0,   91714,   68344,    6186,   29556,   13672,   15974,      13,       0,    1506,    2608,       0,   -3806,    8016,       4,       0,     -49,       0,   13678,   10592,      -6,    3080,  100.0,   65.2,    1.4,    0.0,    2.7,   19.7,    0.2,   24.9,   46.7,    0.2,    0.5,    1.7,    0.0,   93.7,   69.8,    6.3,   30.2,     63,      9,.,.,.,     12,.,      9,     26,.,.,.,      0,     24,     43,    63.9,    28.7,    77.8,    42.8,    63.9,    28.7,    77.8,    42.8,"(CONTRACTS OF CHF 125,000)",092741,CME ,092 ,F10,FutOnly
SWISS FRANC - CHICAGO MERCANTILE EXCHANGE,180501,2018-05-01,092741,CME ,00,092 ,   84228,   47825,    1322,      16,    1136,   16689,     196,   28196,   37668,     187,     480,    1674,       0,   78036,   57752,    6192,   26476,   13224,   14233,      89,       0,       0,    6063,    -166,    -746,    4008,      33,       0,       0,       0,   13354,   10027,    -130,    3197,  100.0,   56.8,    1.6,    0.0,    1.3,   19.8,    0.2,   33.5,   44.7,    0.2,    0.6,    2.0,    0.0,   92.6,   68.6,    7.4,   31.4,     56,      9,.,.,.,     11,.,     10,     20,.,.,.,      0,     24,     36,    60.3,    29.4,    77.3,    44.7,    60.3,    29.4,    77.3,    44.7,"(CONTRACTS OF CHF 125,000)",092741,CME ,092 ,F10,FutOnly
SWISS FRANC - CHICAGO MERCANTILE EXCHANGE,180424,2018-04-24,092741,CME ,00,092 ,   71004,   33592,    1233,      16,    1136,   10626,     362,   28942,   33660,     154,     480,    1674,       0,   64682,   47725,    6322,   23279,   11992,   10909,     -28,       0,      15,    2987,       0,    3218,    3791,      73,       0,       0,       0,   14215,    6823,   -2223,    5169,  100.0,   47.3,    1.7,    0.0,    1.6,   15.0,    0.5,   40.8,   47.4,    0.2,    0.7,    2.4,    0.0,   91.1,   67.2,    8.9,   32.8,     51,      9,.,.,.,      9,.,      9,     18,.,.,.,      0,     23,     32,    51.8,    32.3,    72.7,    45.1,    51.8,    32.3,    72.7,    45.1,"(CONTRACTS OF CHF 125,000)",092741,CME ,092 ,F10,FutOnly
SWISS FRANC - CHICAGO MERCANTILE EXCHANGE,180417,2018-04-17,092741,CME ,00,092 ,   59012,   22683,    1261,      16,    1121,    7639,     362,   25724,   29869,      81,     480,    1674,       0,   50467,   40902,    8545,   18110,    7868,    2663,     -49,      16,       0,     338,       0,    5758,    6007,      46,       0,       0,    -480,    8003,    5878,    -135,    1990,  100.0,   38.4,    2.1,    0.0,    1.9,   12.9,    0.6,   43.6,   50.6,    0.1,    0.8,    2.8,    0.0,   85.5,   69.3,   14.5,   30.7,     50,      8,.,.,.,      8,.,     10,     18,.,.,.,      0,     23,     31,    48.0,    35.3,    65.6,    47.8,    48.0,    35.3,    65.6,    47.8,"(CONTRACTS OF CHF 125,000)",092741,CME ,092 ,F10,FutOnly
SWISS FRANC - CHICAGO MERCANTILE EXCHANGE,180410,2018-04-10,092741,CME ,00,092 ,   51144,   20020,    1310,       0,    1121,    7301,     362,   19966,   23862,      35,     480,    1674,     480,   42464,   35024,    8680,   16120,    2410,    4337,     165,       0,   -1012,     656,       0,     890,    1269,    -221,       0,    -480,     480,    4474,    1869,   -2064,     541,  100.0,   39.1,    2.6,    0.0,    2.2,   14.3,    0.7,   39.0,   46.7,    0.1,    0.9,    3.3,    0.9,   83.0,   68.5,   17.0,   31.5,     47,      7,.,      0,.,      8,.,     12,     12,.,.,.,.,     25,     25,    40.6,    36.5,    56.4,    49.2,    40.6,    36.5,    56.4,    49.2,"(CONTRACTS OF CHF 125,000)",092741,CME ,092 ,F10,FutOnly
SWISS FRANC - CHICAGO MERCANTILE EXCHANGE,180403,2018-04-03,092741,CME ,00,092 ,   48734,   15683,    1145,       0,    2133,    6645,     362,   19076,   22593,     256,     480,    2154,       0,   37990,   33155,   10744,   15579,    4085,    3901,     716,       0,     -46,    1018,     -11,    1340,    1397,      -8,       0,     480,       0,    5176,    3592,   -1091,     493,  100.0,   32.2,    2.3,    0.0,    4.4,   13.6,    0.7,   39.1,   46.4,    0.5,    1.0,    4.4,    0.0,   78.0,   68.0,   22.0,   32.0,     49,      7,.,      0,      4,      8,.,     12,     13,.,.,.,      0,     27,     26,    34.5,    33.9,    50.4,    46.0,    34.5,    33.9,    50.4,    46.0,"(CONTRACTS OF CHF 125,000)",092741,CME ,092 ,F10,FutOnly
SWISS FRANC - CHICAGO MERCANTILE EXCHANGE,180327,2018-03-27,092741,CME ,00,092 ,   44649,   11782,     429,       0,    2179,    5627,     373,   17736,   21196,     264,     480,    1674,       0,   32814,   29563,   11835,   15086,     344,    1422,       1,       0,      93,     174,       0,   -1828,   -1164,     119,       0,      56,       0,    -194,    -814,     538,    1158,  100.0,   26.4,    1.0,    0.0,    4.9,   12.6,    0.8,   39.7,   47.5,    0.6,    1.1,    3.7,    0.0,   73.5,   66.2,   26.5,   33.8,     47,      6,.,      0,      4,      7,.,     15,     12,      4,.,.,      0,     29,     23,    24.3,    36.1,    41.3,    49.4,    24.3,    36.1,    41.3,    49.4,"(CONTRACTS OF CHF 125,000)",092741,CME ,092 ,F10,FutOnly
SWISS FRANC - CHICAGO MERCANTILE EXCHANGE,180320,2018-03-20,092741,CME ,00,092 ,   44305,   10360,     428,       0,    2086,    5453,     373,   19564,   22360,     145,     480,    1618,       0,   33008,   30377,   11297,   13928,  -18916,  -16102,  -16098,   -2037,    -171,     695,       0,    4765,    1913,   -2684,       0,       0,       0,  -16229,  -18211,   -2687,    -705,  100.0,   23.4,    1.0,    0.0,    4.7,   12.3,    0.8,   44.2,   50.5,    0.3,    1.1,    3.7,    0.0,   74.5,   68.6,   25.5,   31.4,     45,      5,.,      0,      4,      7,.,     13,     13,.,.,.,      0,     25,     23,    30.3,    37.4,    48.3,    51.3,    30.3,    37.4,    48.3,    51.3,"(CONTRACTS OF CHF 125,000)",092741,CME ,092 ,F10,FutOnly
SWISS FRANC - CHICAGO MERCANTILE EXCHANGE,180313,2018-03-13,092741,CME ,00,092 ,   63221,   26462,   16526,    2037,    2257,    4758,     373,   14799,   20447,    2829,     480,    1618,       0,   49237,   48588,   13984,   14633,     872,    -628,    -953,    1831,   -1519,      32,       0,     220,   -2836,    1325,       0,       0,       0,    1229,    -601,    -357,    1473,  100.0,   41.9,   26.1,    3.2,    3.6,    7.5,    0.6,   23.4,   32.3,    4.5,    0.8,    2.6,    0.0,   77.9,   76.9,   22.1,   23.1,     43,.,      6,      4,      4,      6,.,     11,     12,      6,.,.,      0,     25,     29,    49.5,    40.9,    61.7,    54.8,    49.2,    38.2,    60.0,    51.1,"(CONTRACTS OF CHF 125,000)",092741,CME ,092 ,F10,FutOnly
SWISS FRANC - CHICAGO MERCANTILE EXCHANGE,180306,2018-03-06,092741,CME ,00,092 ,   62349,   27090,   17479,     206,    3776,    4726,     373,   14579,   23283,    1504,     480,    1618,       0,   48008,   49189,   14341,   13160,   -6669,    3321,   -1199,       9,   -1189,     -73,     -31,   -9863,   -5194,    -263,       0,      50,       0,   -8016,   -6701,    1347,      32,  100.0,   43.4,   28.0,    0.3,    6.1,    7.6,    0.6,   23.4,   37.3,    2.4,    0.8,    2.6,    0.0,   77.0,   78.9,   23.0,   21.1,     46,      4,      5,.,      5,      6,.,     10,     14,      7,.,.,      0,     26,     31,    49.9,    41.6,    60.9,    55.5,    49.9,    41.4,    60.9,    55.3,"(CONTRACTS OF CHF 125,000)",092741,CME ,092 ,F10,FutOnly
SWISS FRANC - CHICAGO MERCANTILE EXCHANGE,180227,2018-02-27,092741,CME ,00,092 ,   69018,   23769,   18678,     197,    4965,    4799,     404,   24442,   28477,    1767,     480,    1568,       0,   56024,   55890,   12994,   13128,    -119,      23,     393,     140,    -200,    -436,       0,    -221,    -710,     314,       0,       0,       0,      56,    -299,    -175,     180,  100.0,   34.4,   27.1,    0.3,    7.2,    7.0,    0.6,   35.4,   41.3,    2.6,    0.7,    2.3,    0.0,   81.2,   81.0,   18.8,   19.0,     47,.,      6,.,      5,      6,.,     10,     15,      7,.,.,      0,     26,     32,    54.6,    40.9,    66.1,    56.9,    54.6,    40.9,    66.1,    56.5,"(CONTRACTS OF CHF 125,000)",092741,CME ,092 ,F10,FutOnly
SWISS FRANC - CHICAGO MERCANTILE EXCHANGE,180220,2018-02-20,092741,CME ,00,092 ,   69137,   23746,   18285,      57,    5165,    5235,     404,   24663,   29187,    1453,     480,    1568,       0,   55968,   56189,   13169,   12948,   -5514,   -4527,    -606,       0,     660,       2,       0,   -1085,   -5061,     119,       0,    -208,       0,   -4833,   -5754,    -681,     240,  100.0,   34.3,   26.4,    0.1,    7.5,    7.6,    0.6,   35.7,   42.2,    2.1,    0.7,    2.3,    0.0,   81.0,   81.3,   19.0,   18.7,     44,.,      5,.,      4,      5,.,     11,     14,      4,.,.,      0,     23,     29,    54.6,    43.5,    66.5,    58.0,    54.6,    43.5,    66.5,    57.9,"(CONTRACTS OF CHF 125,000)",092741,CME ,092 ,F10,FutOnly
SWISS FRANC - CHICAGO MERCANTILE EXCHANGE,180213,2018-02-13,092741,CME ,00,092 ,   74651,   28273,   18891,      57,    4505,    5233,     404,   25748,   34248,    1334,     480,    1776,       0,   60801,   61943,   13850,   12708,     683,      33,     224,       0,     -55,    -865,       0,     915,     760,     471,       0,       0,       0,    1364,     590,    -681,      93,  100.0,   37.9,   25.3,    0.1,    6.0,    7.0,    0.5,   34.5,   45.9,    1.8,    0.6,    2.4,    0.0,   81.4,   83.0,   18.6,   17.0,     42,.,      6,.,.,      5,.,     12,     12,      5,.,.,      0,     22,     29,    53.3,    44.5,    65.8,    60.8,    53.3,    44.5,    65.7,    60.2,"(CONTRACTS OF CHF 125,000)",092741,CME ,092 ,F10,FutOnly
SWISS FRANC - CHICAGO MERCANTILE EXCHANGE,180206,2018-02-06,092741,CME ,00,092 ,   73968,   28240,   18667,      57,    4560,    6098,     404,   24833,   33488,     863,     480,    1776,       0,   59437,   61353,   14531,   12615,    1381,    -845,    3799,      28,     937,     135,    -131,    -396,    -362,    -405,       0,       0,       0,    -812,    3064,    2193,   -1683,  100.0,   38.2,   25.2,    0.1,    6.2,    8.2,    0.5,   33.6,   45.3,    1.2,    0.6,    2.4,    0.0,   80.4,   82.9,   19.6,   17.1,     50,.,      6,.,.,      6,.,     14,     17,      7,.,.,      0,     26,     35,    54.2,    43.2,    66.0,    58.2,    54.2,    43.2,    65.9,    58.0,"(CONTRACTS OF CHF 125,000)",092741,CME ,092 ,F10,FutOnly
SWISS FRANC - CHICAGO MERCANTILE EXCHANGE,180130,2018-01-30,092741,CME ,00,092 ,   72587,   29085,   14868,      29,    3623,    5963,     535,   25229,   33850,    1268,     480,    1776,       0,   60249,   58289,   12338,   14298,     820,   -7120,    4606,     -39,    2306,    -398,       0,    3538,    -810,     333,       0,       0,       0,    -982,    3692,    1802,   -2872,  100.0,   40.1,   20.5,    0.0,    5.0,    8.2,    0.7,   34.8,   46.6,    1.7,    0.7,    2.4,    0.0,   83.0,   80.3,   17.0,   19.7,     49,      5,      5,.,.,      6,.,     13,     16,      8,.,.,      0,     26,     34,    54.6,    37.2,    67.9,    53.3,    54.6,    37.2,    67.9,    53.1,"(CONTRACTS OF CHF 125,000)",092741,CME ,092 ,F10,FutOnly
SWISS FRANC - CHICAGO MERCANTILE EXCHANGE,180123,2018-01-23,092741,CME ,00,092 ,   71767,   36205,   10262,      68,    1317,    6361,     535,   21691,   34660,     935,     480,    1776,       0,   61231,   54597,   10536,   17170,    1553,   -2082,    3581,       0,     689,     117,     -67,     298,     -39,     856,       0,       0,       0,    -306,    4448,    1859,   -2895,  100.0,   50.4,   14.3,    0.1,    1.8,    8.9,    0.7,   30.2,   48.3,    1.3,    0.7,    2.5,    0.0,   85.3,   76.1,   14.7,   23.9,     51,      5,      6,.,.,      7,.,     11,     18,      8,.,.,      0,     26,     37,    62.5,    32.4,    73.5,    45.6,    62.4,    32.4,    73.4,    45.6,"(CONTRACTS OF CHF 125,000)",092741,CME ,092 ,F10,FutOnly
SWISS FRANC - CHICAGO MERCANTILE EXCHANGE,180116,2018-01-16,092741,CME ,00,092 ,   70214,   38287,    6681,      68,     628,    6244,     602,   21393,   34699,      79,     480,    1776,       0,   61537,   50149,    8677,   20065,   -6856,    -408,    2635,      63,      25,     -78,       0,   -4110,   -5095,   -4026,       0,      54,       0,   -8456,   -6447,    1600,    -409,  100.0,   54.5,    9.5,    0.1,    0.9,    8.9,    0.9,   30.5,   49.4,    0.1,    0.7,    2.5,    0.0,   87.6,   71.4,   12.4,   28.6,     51,      7,      6,.,.,      6,.,     10,     18,.,.,.,      0,     21,     36,    64.2,    31.1,    75.5,    44.1,    64.1,    31.1,    75.4,    44.1,"(CONTRACTS OF CHF 125,000)",092741,CME ,092 ,F10,FutOnly
SWISS FRANC - CHICAGO MERCANTILE EXCHANGE,180109,2018-01-09,092741,CME ,00,092 ,   77070,   38695,    4046,       5,     603,    6322,     602,   25503,   39794,    4105,     480,    1722,       0,   69993,   56596,    7077,   20474,    1408,    5154,     110,       5,     -61,    -824,      -7,   -6379,     -74,    3554,       0,       0,       0,    2266,    2764,    -858,   -1356,  100.0,   50.2,    5.2,    0.0,    0.8,    8.2,    0.8,   33.1,   51.6,    5.3,    0.6,    2.2,    0.0,   90.8,   73.4,    9.2,   26.6,     54,      8,      4,.,.,      6,.,     13,     19,      4,.,.,      0,     26,     34,    63.7,    34.4,    74.8,    46.9,    58.5,    33.0,    69.5,    44.6,"(CONTRACTS OF CHF 125,000)",092741,CME ,092 ,F10,FutOnly
SWISS FRANC - CHICAGO MERCANTILE EXCHANGE,180102,2018-01-02,092741,CME ,00,092 ,   75662,   33541,    3936,       0,     664,    7146,     609,   31882,   39868,     551,     480,    1722,       0,   67727,   53832,    7935,   21830,   -5993,    -363,     159,       0,      43,   -1094,     -46,   -7419,   -4178,     401,       0,    -454,       0,   -7384,   -5212,    1391,    -781,  100.0,   44.3,    5.2,    0.0,    0.9,    9.4,    0.8,   42.1,   52.7,    0.7,    0.6,    2.3,    0.0,   89.5,   71.1,   10.5,   28.9,     49,      6,      4,      0,.,      8,.,     13,     14,      4,.,.,      0,     24,     30,    61.1,    39.0,    73.3,    50.7,    61.1,    39.0,    73.3,    50.7,"(CONTRACTS OF CHF 125,000)",092741,CME ,092 ,F10,FutOnly
BRITISH POUND STERLING - CHICAGO MERCANTILE EXCHANGE,181231,2018-12-31,096742,CME ,00,096 ,  212470,   98244,    4956,    2765,   44357,   98295,    5095,   38668,   48102,    5349,      87,   10993,     128,  194693,  175683,   17777,   36787,     447,    -732,    -637,      26,     452,   -2749,    -351,    1419,    4655,     448,      -4,     166,     -25,    1233,    1533,    -786,   -1086,  100.0,   46.2,    2.3,    1.3,   20.9,   46.3,    2.4,   18.2,   22.6,    2.5,    0.0,    5.2,    0.1,   91.6,   82.7,    8.4,   17.3,    122,     11,.,      6,     10,     31,     12,     29,     30,     15,.,      6,.,     65,     91,    52.5,    28.1,    64.3,    39.9,    51.9,    28.0,    62.9,    39.8,"(CONTRACTS OF GBP 62,500)",096742,CME ,096 ,F10,FutOnly
BRITISH POUND STERLING - CHICAGO MERCANTILE EXCHANGE,181224,2018-12-24,096742,CME ,00,096 ,  212023,   98976,    5593,    2739,   43905,  101044,    5446,   37249,   43447,    4901,      91,   10827,     153,  193460,  174150,   18563,   37873,    7075,    1487,    1555,     451,    -661,    2372,    1054,    5331,    2410,     237,      91,    -734,      46,    8036,    7391,    -961,    -316,  100.0,   46.7,    2.6,    1.3,   20.7,   47.7,    2.6,   17.6,   20.5,    2.3,    0.0,    5.1,    0.1,   91.2,   82.1,    8.8,   17.9,    118,     11,      5,      7,     10,     31,     12,     24,     29,     15,.,      6,.,     61,     92,    52.6,    28.2,    64.6,    39.5,    51.9,    28.1,    63.1,    39.4,"(CONTRACTS OF GBP 62,500)",096742,CME ,096 ,F10,FutOnly
BRITISH POUND STERLING - CHICAGO MERCANTILE EXCHANGE,181218,2018-12-18,096742,CME ,00,096 ,  204948,   97489,    4038,    2288,   44566,   98672,    4392,   31918,   41037,    4664,       0,   11561,     107,  185424,  166759,   19524,   38189,  -50755,   -4584,  -26422,  -13532,     258,    3929,     338,  -22008,   -4703,   -7439,    -950,     417,     107,  -47810,  -47305,   -2945,   -3450,  100.0,   47.6,    2.0,    1.1,   21.7,   48.1,    2.1,   15.6,   20.0,    2.3,    0.0,    5.6,    0.1,   90.5,   81.4,    9.5,   18.6,    116,     11,      4,      6,     10,     31,     10,     23,     30,     12,      0,      7,.,     57,     88,    53.4,    27.3,    65.8,    38.7,    52.9,    27.2,    64.5,    38.5,"(CONTRACTS OF GBP 62,500)",096742,CME ,096 ,F10,FutOnly
BRITISH POUND STERLING - CHICAGO MERCANTILE EXCHANGE,181211,2018-12-11,096742,CME ,00,096 ,  255703,  102073,   30460,   15820,   44308,   94743,    4054,   53926,   45740,   12103,     950,   11144,       0,  233234,  214064,   22469,   41639,   19999,   -1389,    -828,   12418,     538,    3303,     756,    8228,    2640,     344,   -1604,     858,       0,   19291,   19491,     708,     508,  100.0,   39.9,   11.9,    6.2,   17.3,   37.1,    1.6,   21.1,   17.9,    4.7,    0.4,    4.4,    0.0,   91.2,   83.7,    8.8,   16.3,    126,      8,      8,      8,     10,     31,     11,     26,     35,     17,.,      6,      0,     61,    101,    50.4,    28.2,    61.8,    38.1,    48.9,    23.6,    57.1,    33.5,"(CONTRACTS OF GBP 62,500)",096742,CME ,096 ,F10,FutOnly
BRITISH POUND STERLING - CHICAGO MERCANTILE EXCHANGE,181204,2018-12-04,096742,CME ,00,096 ,  235704,  103462,   31288,    3402,   43770,   91440,    3298,   45698,   43100,   11759,    2554,   10286,       0,  213943,  194573,   21761,   41131,    7809,    5237,   -3084,     341,    -269,    -310,    -462,    3417,    6731,     526,    1352,      23,       0,   10142,    3765,   -2333,    4044,  100.0,   43.9,   13.3,    1.4,   18.6,   38.8,    1.4,   19.4,   18.3,    5.0,    1.1,    4.4,    0.0,   90.8,   82.5,    9.2,   17.5,    128,     10,      7,      8,     10,     28,      9,     28,     36,     20,      5,      4,      0,     67,     98,    50.8,    27.7,    61.6,    37.6,    50.3,    27.1,    59.0,    37.0,"(CONTRACTS OF GBP 62,500)",096742,CME ,096 ,F10,FutOnly
BRITISH POUND STERLING - CHICAGO MERCANTILE EXCHANGE,181127,2018-11-27,096742,CME ,00,096 ,  227895,   98225,   34372,    3061,   44039,   91750,    3760,   42281,   36369,   11233,    1202,   10263,       0,  203801,  190808,   24094,   37087,     339,    -631,    1034,      99,    -617,    1109,     199,    -510,   -3135,     430,    -435,    -172,    -152,   -1617,    -588,    1956,     927,  100.0,   43.1,   15.1,    1.3,   19.3,   40.3,    1.6,   18.6,   16.0,    4.9,    0.5,    4.5,    0.0,   89.4,   83.7,   10.6,   16.3,    118,      9,      7,      7,     10,     28,     10,     24,     32,     16,.,      5,      0,     61,     90,    51.8,    30.0,    63.0,    39.6,    51.7,    29.4,    60.7,    38.8,"(CONTRACTS OF GBP 62,500)",096742,CME ,096 ,F10,FutOnly
BRITISH POUND STERLING - CHICAGO MERCANTILE EXCHANGE,181120,2018-11-20,096742,CME ,00,096 ,  227556,   98856,   33338,    2962,   44656,   90641,    3561,   42791,   39504,   10803,    1637,   10435,     152,  205418,  191396,   22138,   36160,   -1496,   -3499,     969,    -593,       0,   -1872,     652,    3803,   -5030,      13,     139,    2369,      17,     532,   -3475,   -2028,    1979,  100.0,   43.4,   14.7,    1.3,   19.6,   39.8,    1.6,   18.8,   17.4,    4.7,    0.7,    4.6,    0.1,   90.3,   84.1,    9.7,   15.9,    127,     10,      5,      7,     11,     28,     10,     25,     37,     17,      5,      6,.,     67,     96,    52.5,    30.1,    63.4,    39.9,    52.0,    29.6,    61.0,    39.1,"(CONTRACTS OF GBP 62,500)",096742,CME ,096 ,F10,FutOnly
BRITISH POUND STERLING - CHICAGO MERCANTILE EXCHANGE,181113,2018-11-13,096742,CME ,00,096 ,  229052,  102355,   32369,    3555,   44656,   92513,    2909,   38988,   44534,   10790,    1498,    8066,     135,  204886,  194871,   24166,   34181,    1538,    -672,    7846,    1068,     -65,    2737,    -745,    3144,   -5311,    -525,    -147,      43,     -62,    1996,    5051,    -458,   -3513,  100.0,   44.7,   14.1,    1.6,   19.5,   40.4,    1.3,   17.0,   19.4,    4.7,    0.7,    3.5,    0.1,   89.4,   85.1,   10.6,   14.9,    128,     10,      5,      7,     11,     29,      8,     28,     37,     22,      5,.,.,     72,     95,    53.2,    30.6,    63.6,    40.7,    52.6,    30.2,    61.0,    40.3,"(CONTRACTS OF GBP 62,500)",096742,CME ,096 ,F10,FutOnly
BRITISH POUND STERLING - CHICAGO MERCANTILE EXCHANGE,181106,2018-11-06,096742,CME ,00,096 ,  227514,  103027,   24523,    2487,   44721,   89776,    3654,   35844,   49845,   11315,    1645,    8023,     197,  202890,  189820,   24624,   37694,   -5825,   -6591,    6303,     110,     525,   -9598,    -415,   -1043,    3909,    -635,     173,    -932,    -725,   -8601,   -1983,    2776,   -3842,  100.0,   45.3,   10.8,    1.1,   19.7,   39.5,    1.6,   15.8,   21.9,    5.0,    0.7,    3.5,    0.1,   89.2,   83.4,   10.8,   16.6,    128,     10,      5,      8,     12,     29,     11,     25,     38,     17,      5,      4,.,     71,     95,    54.8,    28.3,    64.5,    40.0,    54.3,    28.0,    62.8,    39.5,"(CONTRACTS OF GBP 62,500)",096742,CME ,096 ,F10,FutOnly
BRITISH POUND STERLING - CHICAGO MERCANTILE EXCHANGE,181030,2018-10-30,096742,CME ,00,096 ,  233339,  109618,   18220,    2377,   44196,   99374,    4069,   36887,   45936,   11950,    1472,    8955,     922,  211491,  191803,   21848,   41536,   12036,    6745,  -11618,     366,   -5617,    8880,    1354,    7866,    7373,    2990,   -2622,    1581,     378,   11460,   11304,     576,     732,  100.0,   47.0,    7.8,    1.0,   18.9,   42.6,    1.7,   15.8,   19.7,    5.1,    0.6,    3.8,    0.4,   90.6,   82.2,    9.4,   17.8,    129,     11,      5,      7,     11,     29,     13,     24,     39,     21,      4,      6,.,     69,    104,    53.9,    25.8,    63.4,    34.6,    53.1,    25.5,    61.4,    34.1,"(CONTRACTS OF GBP 62,500)",096742,CME ,096 ,F10,FutOnly
BRITISH POUND STERLING - CHICAGO MERCANTILE EXCHANGE,181023,2018-10-23,096742,CME ,00,096 ,  221303,  102873,   29838,    2011,   49813,   90494,    2715,   29021,   38563,    8960,    4094,    7374,     544,  200031,  180499,   21272,   40804,   11195,    9732,    2454,    -449,    1041,    4997,       6,   -2962,   -1192,    2757,    1009,    -923,      -2,   11132,    7648,      63,    3547,  100.0,   46.5,   13.5,    0.9,   22.5,   40.9,    1.2,   13.1,   17.4,    4.0,    1.8,    3.3,    0.2,   90.4,   81.6,    9.6,   18.4,    120,     10,      7,      6,     13,     27,      8,     19,     36,     15,      6,.,.,     59,     92,    54.5,    30.9,    63.4,    40.0,    53.6,    30.5,    62.1,    39.4,"(CONTRACTS OF GBP 62,500)",096742,CME ,096 ,F10,FutOnly
BRITISH POUND STERLING - CHICAGO MERCANTILE EXCHANGE,181016,2018-10-16,096742,CME ,00,096 ,  210108,   93141,   27384,    2460,   48772,   85497,    2709,   31983,   39755,    6203,    3085,    8297,     546,  188899,  172851,   21209,   37257,    -441,   -1671,   12234,   -1071,      57,   -3653,     863,      74,   -8630,    -188,    1713,    -248,      43,    -180,    -650,    -261,     209,  100.0,   44.3,   13.0,    1.2,   23.2,   40.7,    1.3,   15.2,   18.9,    3.0,    1.5,    3.9,    0.3,   89.9,   82.3,   10.1,   17.7,    117,      9,      6,      6,     13,     26,      8,     21,     34,     23,      4,      4,.,     67,     90,    55.0,    30.8,    64.2,    41.2,    53.9,    30.2,    62.7,    40.5,"(CONTRACTS OF GBP 62,500)",096742,CME ,096 ,F10,FutOnly
BRITISH POUND STERLING - CHICAGO MERCANTILE EXCHANGE,181009,2018-10-09,096742,CME ,00,096 ,  210549,   94812,   15150,    3531,   48715,   89150,    1846,   31909,   48385,    6391,    1372,    8545,     503,  189079,  173501,   21470,   37048,      54,   -2760,   -2131,    1675,     -98,     -55,    -399,   -1182,    2156,     411,    -231,    -494,     500,   -2084,    1663,    2138,   -1609,  100.0,   45.0,    7.2,    1.7,   23.1,   42.3,    0.9,   15.2,   23.0,    3.0,    0.7,    4.1,    0.2,   89.8,   82.4,   10.2,   17.6,    124,     10,      5,      7,     12,     25,      9,     22,     41,     21,      5,      4,.,     68,     96,    56.4,    27.1,    65.7,    39.0,    55.4,    26.6,    64.7,    38.4,"(CONTRACTS OF GBP 62,500)",096742,CME ,096 ,F10,FutOnly
BRITISH POUND STERLING - CHICAGO MERCANTILE EXCHANGE,181002,2018-10-02,096742,CME ,00,096 ,  210495,   97572,   17281,    1856,   48813,   89205,    2245,   33091,   46229,    5980,    1603,    9039,       3,  191163,  171838,   19332,   38657,  -14587,   -8311,    1478,     611,     -39,   -3772,     -63,   -6951,   -8129,      52,     166,   -2688,       0,  -14535,  -12511,     -52,   -2076,  100.0,   46.4,    8.2,    0.9,   23.2,   42.4,    1.1,   15.7,   22.0,    2.8,    0.8,    4.3,    0.0,   90.8,   81.6,    9.2,   18.4,    115,      7,      7,      6,     13,     24,      9,     22,     34,     16,      4,      4,.,     58,     89,    59.3,    28.2,    69.4,    38.8,    58.3,    28.1,    68.2,    38.3,"(CONTRACTS OF GBP 62,500)",096742,CME ,096 ,F10,FutOnly
BRITISH POUND STERLING - CHICAGO MERCANTILE EXCHANGE,180925,2018-09-25,096742,CME ,00,096 ,  225082,  105883,   15803,    1245,   48852,   92977,    2308,   40042,   54358,    5928,    1437,   11727,       3,  205698,  184349,   19384,   40733,   -4555,  -11751,    8336,     537,    2829,   -9553,     342,    1816,   -1135,    1154,    -218,   -1892,       0,   -5291,   -2211,     736,   -2344,  100.0,   47.0,    7.0,    0.6,   21.7,   41.3,    1.0,   17.8,   24.2,    2.6,    0.6,    5.2,    0.0,   91.4,   81.9,    8.6,   18.1,    125,      6,      8,      5,     13,     25,      8,     25,     39,     16,      4,      5,.,     60,     95,    58.4,    28.1,    68.0,    38.9,    57.8,    28.0,    67.1,    38.5,"(CONTRACTS OF GBP 62,500)",096742,CME ,096 ,F10,FutOnly
BRITISH POUND STERLING - CHICAGO MERCANTILE EXCHANGE,180918,2018-09-18,096742,CME ,00,096 ,  229637,  117634,    7467,     708,   46023,  102530,    1966,   38226,   55493,    4774,    1655,   13619,       3,  210989,  186560,   18648,   43077,  -49866,    4346,     -62,  -25630,   -2628,    3146,    -313,  -15633,  -17365,   -6378,     371,   -1674,     -98,  -45963,  -48374,   -3903,   -1492,  100.0,   51.2,    3.3,    0.3,   20.0,   44.6,    0.9,   16.6,   24.2,    2.1,    0.7,    5.9,    0.0,   91.9,   81.2,    8.1,   18.8,    121,     10,      5,      5,     12,     27,      8,     24,     35,     13,      4,      4,.,     59,     89,    60.5,    29.3,    69.9,    40.6,    60.0,    29.1,    69.2,    40.4,"(CONTRACTS OF GBP 62,500)",096742,CME ,096 ,F10,FutOnly
BRITISH POUND STERLING - CHICAGO MERCANTILE EXCHANGE,180911,2018-09-11,096742,CME ,00,096 ,  279503,  113288,    7529,   26338,   48651,   99384,    2279,   53859,   72858,   11152,    1284,   15293,     101,  256952,  234934,   22551,   44569,   17803,   -9242,    3399,   22505,    1944,     395,   -1098,   -2342,  -20092,    5212,     330,    6659,    -172,   17137,   16808,     666,     995,  100.0,   40.5,    2.7,    9.4,   17.4,   35.6,    0.8,   19.3,   26.1,    4.0,    0.5,    5.5,    0.0,   91.9,   84.1,    8.1,   15.9,    126,      9,      5,      7,     13,     27,     12,     25,     39,     21,.,      5,.,     63,    105,    49.9,    24.1,    64.3,    39.2,    43.3,    23.6,    54.7,    35.5,"(CONTRACTS OF GBP 62,500)",096742,CME ,096 ,F10,FutOnly
BRITISH POUND STERLING - CHICAGO MERCANTILE EXCHANGE,180904,2018-09-04,096742,CME ,00,096 ,  261700,  122530,    4130,    3833,   46707,   98989,    3377,   56201,   92950,    5940,     954,    8634,     273,  239815,  218126,   21885,   43574,    1472,   -1579,   -1056,     617,    3558,    5284,      97,    1097,   -3487,     667,    -258,     418,     -66,    4133,    2474,   -2661,   -1002,  100.0,   46.8,    1.6,    1.5,   17.8,   37.8,    1.3,   21.5,   35.5,    2.3,    0.4,    3.3,    0.1,   91.6,   83.3,    8.4,   16.7,    129,     11,.,      4,     12,     28,      9,     23,     46,     15,.,      4,.,     56,    103,    44.7,    23.0,    59.5,    35.2,    44.4,    22.9,    58.5,    35.1,"(CONTRACTS OF GBP 62,500)",096742,CME ,096 ,F10,FutOnly
BRITISH POUND STERLING - CHICAGO MERCANTILE EXCHANGE,180828,2018-08-28,096742,CME ,00,096 ,  260228,  124109,    5186,    3216,   43149,   93705,    3280,   55104,   96437,    5273,    1212,    8216,     339,  235682,  215652,   24546,   44576,   -6991,     609,    -161,     665,     507,   -1482,    -155,  -10063,   -2162,    -566,    -241,    -474,      26,   -9218,   -4309,    2227,   -2682,  100.0,   47.7,    2.0,    1.2,   16.6,   36.0,    1.3,   21.2,   37.1,    2.0,    0.5,    3.2,    0.1,   90.6,   82.9,    9.4,   17.1,    128,     11,.,      4,     12,     27,      9,     23,     45,     17,      4,.,.,     61,     99,    45.8,    22.6,    59.5,    33.9,    45.6,    22.5,    58.8,    33.7,"(CONTRACTS OF GBP 62,500)",096742,CME ,096 ,F10,FutOnly
BRITISH POUND STERLING - CHICAGO MERCANTILE EXCHANGE,180821,2018-08-21,096742,CME ,00,096 ,  267219,  123500,    5347,    2551,   42642,   95187,    3435,   65167,   98599,    5839,    1453,    8690,     313,  244900,  219961,   22319,   47258,   21729,   18280,    -463,    -209,    -257,    4194,    -232,    3968,   17618,    1861,      -1,    -485,     223,   23633,   22507,   -1904,    -778,  100.0,   46.2,    2.0,    1.0,   16.0,   35.6,    1.3,   24.4,   36.9,    2.2,    0.5,    3.3,    0.1,   91.6,   82.3,    8.4,   17.7,    132,     11,.,      4,     12,     27,      9,     22,     48,     17,      4,      5,.,     61,    103,    44.7,    22.2,    59.3,    32.8,    44.5,    22.0,    58.5,    32.7,"(CONTRACTS OF GBP 62,500)",096742,CME ,096 ,F10,FutOnly
BRITISH POUND STERLING - CHICAGO MERCANTILE EXCHANGE,180814,2018-08-14,096742,CME ,00,096 ,  245490,  105220,    5810,    2760,   42899,   90993,    3667,   61199,   80981,    3978,    1454,    9175,      90,  221267,  197454,   24223,   48036,   25744,   11757,    -953,   -2886,    1069,    6689,     780,   15553,   15715,     174,    -126,     376,      65,   26386,   19960,    -642,    5784,  100.0,   42.9,    2.4,    1.1,   17.5,   37.1,    1.5,   24.9,   33.0,    1.6,    0.6,    3.7,    0.0,   90.1,   80.4,    9.9,   19.6,    127,      9,      4,.,     13,     26,      9,     21,     45,     16,.,      6,.,     62,     95,    44.7,    23.3,    57.4,    33.2,    44.2,    23.0,    56.7,    33.0,"(CONTRACTS OF GBP 62,500)",096742,CME ,096 ,F10,FutOnly
BRITISH POUND STERLING - CHICAGO MERCANTILE EXCHANGE,180807,2018-08-07,096742,CME ,00,096 ,  219746,   93463,    6763,    5646,   41830,   84304,    2887,   45646,   65266,    3804,    1580,    8799,      25,  194881,  177494,   24865,   42252,   29450,   16121,    -827,    4411,     113,    2033,    -994,    8515,   19451,     149,    -507,     404,    -100,   27708,   24527,    1742,    4923,  100.0,   42.5,    3.1,    2.6,   19.0,   38.4,    1.3,   20.8,   29.7,    1.7,    0.7,    4.0,    0.0,   88.7,   80.8,   11.3,   19.2,    125,      9,      4,.,     13,     25,      9,     24,     42,     16,.,      5,.,     63,     91,    46.8,    23.2,    57.3,    34.7,    44.9,    22.9,    54.6,    34.4,"(CONTRACTS OF GBP 62,500)",096742,CME ,096 ,F10,FutOnly
BRITISH POUND STERLING - CHICAGO MERCANTILE EXCHANGE,180731,2018-07-31,096742,CME ,00,096 ,  190296,   77342,    7590,    1235,   41717,   82271,    3881,   37131,   45815,    3655,    2087,    8395,     125,  167173,  152967,   23123,   37329,   -1294,   -3697,    -123,     531,     851,    1889,    -196,    2496,    2144,   -2059,     519,     431,      68,   -1487,    2685,     193,   -3979,  100.0,   40.6,    4.0,    0.6,   21.9,   43.2,    2.0,   19.5,   24.1,    1.9,    1.1,    4.4,    0.1,   87.8,   80.4,   12.2,   19.6,    120,      8,      5,.,     14,     26,      9,     25,     33,     19,      4,      5,.,     66,     87,    45.1,    24.4,    57.6,    35.6,    44.9,    24.2,    56.5,    35.4,"(CONTRACTS OF GBP 62,500)",096742,CME ,096 ,F10,FutOnly
BRITISH POUND STERLING - CHICAGO MERCANTILE EXCHANGE,180724,2018-07-24,096742,CME ,00,096 ,  191590,   81039,    7713,     704,   40866,   80382,    4077,   34635,   43671,    5714,    1568,    7964,      57,  168660,  150282,   22930,   41308,    4439,    8257,     -46,     125,     908,    1637,    -527,   -4214,    2549,    1674,     468,    -164,      -6,    6685,    5242,   -2246,    -803,  100.0,   42.3,    4.0,    0.4,   21.3,   42.0,    2.1,   18.1,   22.8,    3.0,    0.8,    4.2,    0.0,   88.0,   78.4,   12.0,   21.6,    115,      8,      4,.,     13,     25,     11,     23,     35,     16,.,      4,.,     66,     81,    46.1,    24.6,    57.9,    35.0,    45.9,    24.4,    56.9,    34.8,"(CONTRACTS OF GBP 62,500)",096742,CME ,096 ,F10,FutOnly
BRITISH POUND STERLING - CHICAGO MERCANTILE EXCHANGE,180717,2018-07-17,096742,CME ,00,096 ,  187151,   72782,    7759,     579,   39958,   78745,    4604,   38849,   41122,    4040,    1100,    8128,      63,  161975,  145040,   25176,   42111,    8518,    -911,     194,    -309,     365,    3217,     198,    9658,    4906,   -1821,     127,    -219,      56,    7363,    6222,    1155,    2296,  100.0,   38.9,    4.1,    0.3,   21.4,   42.1,    2.5,   20.8,   22.0,    2.2,    0.6,    4.3,    0.0,   86.5,   77.5,   13.5,   22.5,    110,      9,      4,.,     12,     26,     10,     23,     30,     14,.,      4,.,     60,     79,    44.5,    24.7,    55.6,    35.0,    44.3,    24.5,    54.8,    34.8,"(CONTRACTS OF GBP 62,500)",096742,CME ,096 ,F10,FutOnly
BRITISH POUND STERLING - CHICAGO MERCANTILE EXCHANGE,180710,2018-07-10,096742,CME ,00,096 ,  178633,   73693,    7565,     888,   39593,   75528,    4406,   29191,   36216,    5861,     973,    8347,       7,  154612,  138818,   24021,   39815,   -5769,   -1544,     -69,     180,    1998,   -1337,      25,   -7173,   -2328,     473,   -1931,     141,    -123,   -8095,   -3038,    2326,   -2731,  100.0,   41.3,    4.2,    0.5,   22.2,   42.3,    2.5,   16.3,   20.3,    3.3,    0.5,    4.7,    0.0,   86.6,   77.7,   13.4,   22.3,    111,      8,      4,      5,     14,     25,     11,     24,     30,     19,.,      4,.,     65,     82,    47.3,    24.2,    58.2,    35.6,    47.0,    24.1,    57.2,    35.5,"(CONTRACTS OF GBP 62,500)",096742,CME ,096 ,F10,FutOnly
BRITISH POUND STERLING - CHICAGO MERCANTILE EXCHANGE,180703,2018-07-03,096742,CME ,00,096 ,  184402,   75237,    7634,     708,   37595,   76865,    4381,   36364,   38544,    5388,    2904,    8206,     130,  162707,  141856,   21695,   42546,   14779,   16862,    1555,    -601,     522,    2325,    -215,     500,    9007,    -889,     825,     -63,       0,   17004,   11119,   -2225,    3660,  100.0,   40.8,    4.1,    0.4,   20.4,   41.7,    2.4,   19.7,   20.9,    2.9,    1.6,    4.5,    0.1,   88.2,   76.9,   11.8,   23.1,    116,     10,      4,      4,     11,     29,      9,     25,     28,     20,      5,      4,.,     68,     83,    46.4,    23.3,    56.6,    33.2,    46.1,    23.1,    55.7,    33.0,"(CONTRACTS OF GBP 62,500)",096742,CME ,096 ,F10,FutOnly
BRITISH POUND STERLING - CHICAGO MERCANTILE EXCHANGE,180626,2018-06-26,096742,CME ,00,096 ,  169623,   58375,    6079,    1309,   37073,   74540,    4596,   35864,   29537,    6277,    2079,    8269,     130,  145703,  130737,   23920,   38886,   -2969,    4508,    -975,      37,    -519,    4189,     150,   -6244,   -6072,     585,    -437,    -214,       5,   -1915,   -2295,   -1054,    -674,  100.0,   34.4,    3.6,    0.8,   21.9,   43.9,    2.7,   21.1,   17.4,    3.7,    1.2,    4.9,    0.1,   85.9,   77.1,   14.1,   22.9,    111,     10,      4,      5,     11,     28,      9,     26,     25,     16,.,      4,.,     63,     80,    45.4,    25.8,    54.4,    37.0,    44.5,    25.7,    53.3,    36.4,"(CONTRACTS OF GBP 62,500)",096742,CME ,096 ,F10,FutOnly
BRITISH POUND STERLING - CHICAGO MERCANTILE EXCHANGE,180619,2018-06-19,096742,CME ,00,096 ,  172592,   53867,    7054,    1272,   37592,   70351,    4446,   42108,   35609,    5692,    2516,    8483,     125,  147618,  133032,   24974,   39560,  -97017,   -8361,  -36109,  -55852,     352,    2825,    1262,  -15206,    6609,  -17820,     467,     130,    -101,  -95259,  -99056,   -1758,    2039,  100.0,   31.2,    4.1,    0.7,   21.8,   40.8,    2.6,   24.4,   20.6,    3.3,    1.5,    4.9,    0.1,   85.5,   77.1,   14.5,   22.9,    111,      8,      4,      5,     11,     27,      8,     24,     28,     12,      4,      5,.,     57,     81,    44.1,    25.5,    55.9,    36.6,    43.2,    25.4,    53.6,    36.2,"(CONTRACTS OF GBP 62,500)",096742,CME ,096 ,F10,FutOnly
BRITISH POUND STERLING - CHICAGO MERCANTILE EXCHANGE,180612,2018-06-12,096742,CME ,00,096 ,  269609,   62228,   43163,   57124,   37240,   67526,    3184,   57314,   29000,   23512,    2049,    8353,     226,  242877,  232088,   26732,   37521,   30200,   -9126,    5850,   31719,    2021,   -4801,    -774,   -6673,  -12822,   11799,    -234,   -1884,     101,   28833,   29188,    1367,    1012,  100.0,   23.1,   16.0,   21.2,   13.8,   25.0,    1.2,   21.3,   10.8,    8.7,    0.8,    3.1,    0.1,   90.1,   86.1,    9.9,   13.9,    124,      7,      8,      6,     11,     25,      8,     33,     29,     25,      4,      4,.,     73,     92,    44.1,    37.7,    57.7,    48.4,    28.3,    20.7,    37.5,    30.4,"(CONTRACTS OF GBP 62,500)",096742,CME ,096 ,F10,FutOnly
BRITISH POUND STERLING - CHICAGO MERCANTILE EXCHANGE,180605,2018-06-05,096742,CME ,00,096 ,  239409,   71354,   37313,   25405,   35219,   72327,    3958,   63987,   41822,   11713,    2283,   10237,     125,  214044,  202900,   25365,   36509,   33631,    6722,   -1843,   23392,   -2508,    3151,    -601,    9240,    5999,    1562,     -58,     211,       0,   37749,   31871,   -4118,    1760,  100.0,   29.8,   15.6,   10.6,   14.7,   30.2,    1.7,   26.7,   17.5,    4.9,    1.0,    4.3,    0.1,   89.4,   84.8,   10.6,   15.2,    122,      8,      8,      5,     10,     27,      8,     30,     27,     22,      4,      6,.,     70,     89,    42.4,    30.9,    56.9,    42.2,    35.9,    23.7,    48.1,    34.2,"(CONTRACTS OF GBP 62,500)",096742,CME ,096 ,F10,FutOnly
BRITISH POUND STERLING - CHICAGO MERCANTILE EXCHANGE,180529,2018-05-29,096742,CME ,00,096 ,  205778,   64632,   39156,    2013,   37727,   69176,    4559,   54747,   35823,   10151,    2341,   10026,     125,  176295,  171029,   29483,   34749,   19261,   12501,   -2184,    -213,   -3406,    4767,     422,   11037,   12952,    -916,    2341,   -1255,       1,   21767,   13574,   -2506,    5687,  100.0,   31.4,   19.0,    1.0,   18.3,   33.6,    2.2,   26.6,   17.4,    4.9,    1.1,    4.9,    0.1,   85.7,   83.1,   14.3,   16.9,    125,      8,      9,      5,     13,     26,      8,     29,     29,     19,      4,      6,.,     69,     90,    38.5,    28.3,    50.7,    40.7,    37.9,    27.6,    49.3,    40.0,"(CONTRACTS OF GBP 62,500)",096742,CME ,096 ,F10,FutOnly
BRITISH POUND STERLING - CHICAGO MERCANTILE EXCHANGE,180522,2018-05-22,096742,CME ,00,096 ,  186517,   52131,   41340,    2226,   41133,   64409,    4137,   43710,   22871,   11067,       0,   11281,     124,  154528,  157455,   31989,   29062,   -4131,    1844,     432,     434,     -52,    4356,     -29,   -7747,   -8748,     479,    -775,     734,       0,   -5846,   -2342,    1715,   -1789,  100.0,   27.9,   22.2,    1.2,   22.1,   34.5,    2.2,   23.4,   12.3,    5.9,    0.0,    6.0,    0.1,   82.8,   84.4,   17.2,   15.6,    119,      6,      9,      5,     14,     25,     11,     35,     21,     21,      0,      8,.,     75,     83,    36.1,    32.1,    45.7,    44.2,    35.0,    31.7,    44.5,    43.5,"(CONTRACTS OF GBP 62,500)",096742,CME ,096 ,F10,FutOnly
BRITISH POUND STERLING - CHICAGO MERCANTILE EXCHANGE,180515,2018-05-15,096742,CME ,00,096 ,  190648,   50287,   40908,    1792,   41185,   60053,    4166,   51457,   31619,   10588,     775,   10547,     124,  160374,  159797,   30274,   30851,    1846,    6235,   -2197,     431,     -12,    3672,    -304,   -1118,      49,     145,   -1257,     355,       0,    4120,    2151,   -2274,    -305,  100.0,   26.4,   21.5,    0.9,   21.6,   31.5,    2.2,   27.0,   16.6,    5.6,    0.4,    5.5,    0.1,   84.1,   83.8,   15.9,   16.2,    122,      5,     10,      5,     15,     23,      9,     36,     25,     22,.,      6,.,     76,     84,    36.0,    31.4,    45.9,    43.0,    35.4,    31.1,    44.8,    42.7,"(CONTRACTS OF GBP 62,500)",096742,CME ,096 ,F10,FutOnly
BRITISH POUND STERLING - CHICAGO MERCANTILE EXCHANGE,180508,2018-05-08,096742,CME ,00,096 ,  188802,   44052,   43105,    1361,   41197,   56381,    4470,   52575,   31570,   10443,    2032,   10192,     124,  156254,  157646,   32548,   31156,   -6057,   16464,   -3146,    -975,  -11392,   -2426,    -296,  -11546,   -6382,    2759,    -212,    1078,     123,   -5075,   -9265,    -982,    3208,  100.0,   23.3,   22.8,    0.7,   21.8,   29.9,    2.4,   27.8,   16.7,    5.5,    1.1,    5.4,    0.1,   82.8,   83.5,   17.2,   16.5,    120,      5,      9,      5,     16,     23,     11,     32,     25,     18,.,      6,.,     77,     79,    34.3,    32.4,    46.5,    43.2,    33.7,    32.2,    44.9,    42.9,"(CONTRACTS OF GBP 62,500)",096742,CME ,096 ,F10,FutOnly
BRITISH POUND STERLING - CHICAGO MERCANTILE EXCHANGE,180501,2018-05-01,096742,CME ,00,096 ,  194859,   27588,   46251,    2336,   52589,   58807,    4766,   64121,   37952,    7684,    2244,    9114,       1,  161329,  166911,   33530,   27948,   11033,   18696,   -4519,    -131,   23019,    5098,    -427,  -29283,    6528,     226,    1088,     477,       0,   13188,    7252,   -2155,    3781,  100.0,   14.2,   23.7,    1.2,   27.0,   30.2,    2.4,   32.9,   19.5,    3.9,    1.2,    4.7,    0.0,   82.8,   85.7,   17.2,   14.3,    127,      5,     10,      5,     16,     23,      9,     37,     28,     22,.,      5,.,     81,     83,    31.7,    32.0,    42.3,    44.9,    31.7,    31.7,    41.8,    44.1,"(CONTRACTS OF GBP 62,500)",096742,CME ,096 ,F10,FutOnly
BRITISH POUND STERLING - CHICAGO MERCANTILE EXCHANGE,180424,2018-04-24,096742,CME ,00,096 ,  183826,    8892,   50770,    2467,   29570,   53709,    5193,   93404,   31424,    7458,    1156,    8637,       1,  148141,  159659,   35685,   24167,  -21697,    6397,  -14025,    1729,    -382,   -1569,     568,  -28036,  -10791,    1692,     -17,      43,       0,  -18049,  -22353,   -3648,     656,  100.0,    4.8,   27.6,    1.3,   16.1,   29.2,    2.8,   50.8,   17.1,    4.1,    0.6,    4.7,    0.0,   80.6,   86.9,   19.4,   13.1,    123,      5,     11,      5,     16,     20,      9,     36,     28,     20,.,      5,.,     76,     82,    29.2,    35.0,    38.5,    47.4,    29.2,    34.6,    38.0,    47.1,"(CONTRACTS OF GBP 62,500)",096742,CME ,096 ,F10,FutOnly
BRITISH POUND STERLING - CHICAGO MERCANTILE EXCHANGE,180417,2018-04-17,096742,CME ,00,096 ,  205523,    2495,   64795,     738,   29952,   55278,    4625,  121440,   42215,    5766,    1173,    8594,       1,  166190,  182012,   39333,   23511,   22739,   -1410,   11112,     190,    5411,   -2499,     205,   15463,   10929,    2958,   -1187,    -305,       0,   21630,   22590,    1109,     149,  100.0,    1.2,   31.5,    0.4,   14.6,   26.9,    2.3,   59.1,   20.5,    2.8,    0.6,    4.2,    0.0,   80.9,   88.6,   19.1,   11.4,    127,      4,     12,      4,     18,     18,      8,     47,     20,     19,.,      5,.,     86,     73,    28.6,    34.2,    39.1,    49.2,    28.6,    34.0,    38.6,    49.0,"(CONTRACTS OF GBP 62,500)",096742,CME ,096 ,F10,FutOnly
BRITISH POUND STERLING - CHICAGO MERCANTILE EXCHANGE,180410,2018-04-10,096742,CME ,00,096 ,  182784,    3905,   53683,     548,   24541,   57777,    4420,  105977,   31286,    2808,    2360,    8899,       1,  144560,  159422,   38224,   23362,   10767,     686,    6569,     -54,   -1274,   -1084,      22,    9491,    5224,    -225,    1126,      35,     -27,    9745,   10460,    1022,     307,  100.0,    2.1,   29.4,    0.3,   13.4,   31.6,    2.4,   58.0,   17.1,    1.5,    1.3,    4.9,    0.0,   79.1,   87.2,   20.9,   12.8,    121,      5,     11,.,     18,     17,      8,     43,     18,     14,.,      6,.,     79,     68,    28.2,    38.7,    38.7,    52.1,    28.2,    38.5,    38.3,    51.8,"(CONTRACTS OF GBP 62,500)",096742,CME ,096 ,F10,FutOnly
BRITISH POUND STERLING - CHICAGO MERCANTILE EXCHANGE,180403,2018-04-03,096742,CME ,00,096 ,  172017,    3219,   47114,     602,   25815,   58861,    4398,   96486,   26062,    3033,    1234,    8864,      28,  134815,  148962,   37202,   23055,   -4930,    1744,    4274,    -139,   -3540,     319,      38,   -1438,   -8980,     165,    -871,     111,      16,   -4025,   -4196,    -905,    -734,  100.0,    1.9,   27.4,    0.3,   15.0,   34.2,    2.6,   56.1,   15.2,    1.8,    0.7,    5.2,    0.0,   78.4,   86.6,   21.6,   13.4,    122,      5,     12,      5,     18,     17,      8,     44,     19,     20,.,      5,.,     83,     73,    28.6,    38.0,    38.1,    51.3,    28.6,    37.8,    37.6,    51.1,"(CONTRACTS OF GBP 62,500)",096742,CME ,096 ,F10,FutOnly
BRITISH POUND STERLING - CHICAGO MERCANTILE EXCHANGE,180327,2018-03-27,096742,CME ,00,096 ,  176947,    1475,   42840,     741,   29355,   58542,    4360,   97924,   35042,    2868,    2105,    8753,      12,  138840,  153158,   38107,   23789,   17764,   -8776,    6078,     503,    2203,     265,     256,   19848,    7587,     768,     180,       0,       0,   14982,   15457,    2782,    2307,  100.0,    0.8,   24.2,    0.4,   16.6,   33.1,    2.5,   55.3,   19.8,    1.6,    1.2,    4.9,    0.0,   78.5,   86.6,   21.5,   13.4,    122,      5,     12,      4,     19,     18,      7,     41,     20,     23,.,      4,.,     83,     74,    27.9,    38.1,    37.3,    51.7,    27.9,    37.8,    36.8,    51.3,"(CONTRACTS OF GBP 62,500)",096742,CME ,096 ,F10,FutOnly
BRITISH POUND STERLING - CHICAGO MERCANTILE EXCHANGE,180320,2018-03-20,096742,CME ,00,096 ,  159183,   10251,   36762,     238,   27152,   58277,    4104,   78076,   27455,    2100,    1925,    8753,      12,  123858,  137701,   35325,   21482,  -46968,  -28333,  -19422,  -15742,     930,     908,      71,    2972,   -6678,   -4835,    -635,     463,       0,  -45572,  -45235,   -1396,   -1733,  100.0,    6.4,   23.1,    0.1,   17.1,   36.6,    2.6,   49.0,   17.2,    1.3,    1.2,    5.5,    0.0,   77.8,   86.5,   22.2,   13.5,    122,      5,     12,.,     20,     18,      7,     41,     19,     17,.,      4,.,     81,     69,    27.1,    41.3,    36.2,    54.0,    26.6,    41.1,    35.7,    53.8,"(CONTRACTS OF GBP 62,500)",096742,CME ,096 ,F10,FutOnly
BRITISH POUND STERLING - CHICAGO MERCANTILE EXCHANGE,180313,2018-03-13,096742,CME ,00,096 ,  206151,   38584,   56184,   15980,   26222,   57369,    4033,   75104,   34133,    6935,    2560,    8290,      12,  169430,  182936,   36721,   23215,    8712,   -5451,    1462,    5623,     803,   -1521,    -137,    7705,    3496,    -770,      92,    -640,      12,    7877,    7525,     835,    1187,  100.0,   18.7,   27.3,    7.8,   12.7,   27.8,    2.0,   36.4,   16.6,    3.4,    1.2,    4.0,    0.0,   82.2,   88.7,   17.8,   11.3,    119,      6,      9,      8,     20,     17,      7,     42,     19,     21,.,.,.,     87,     69,    33.6,    44.8,    41.7,    56.8,    30.7,    37.8,    37.8,    49.6,"(CONTRACTS OF GBP 62,500)",096742,CME ,096 ,F10,FutOnly
BRITISH POUND STERLING - CHICAGO MERCANTILE EXCHANGE,180306,2018-03-06,096742,CME ,00,096 ,  197439,   44035,   54722,   10357,   25419,   58890,    4170,   67399,   30637,    7705,    2468,    8930,       0,  161553,  175411,   35886,   22028,     526,    1614,   -4238,    2308,   -2964,   -1146,     575,    -172,    6748,    -899,    1197,    -184,       0,    1659,    3164,   -1133,   -2638,  100.0,   22.3,   27.7,    5.2,   12.9,   29.8,    2.1,   34.1,   15.5,    3.9,    1.3,    4.5,    0.0,   81.8,   88.8,   18.2,   11.2,    120,      8,      8,      5,     20,     18,      7,     35,     23,     21,.,      5,      0,     86,     67,    34.5,    45.6,    43.4,    55.8,    32.1,    40.8,    40.2,    51.0,"(CONTRACTS OF GBP 62,500)",096742,CME ,096 ,F10,FutOnly
BRITISH POUND STERLING - CHICAGO MERCANTILE EXCHANGE,180227,2018-02-27,096742,CME ,00,096 ,  196913,   42421,   58960,    8049,   28383,   60036,    3595,   67571,   23889,    8604,    1271,    9114,       0,  159894,  172247,   37019,   24666,    8795,     385,    3802,    3551,    1164,   -2551,     -21,    3004,    1186,     704,    -155,     -25,       0,    8632,    6646,     163,    2149,  100.0,   21.5,   29.9,    4.1,   14.4,   30.5,    1.8,   34.3,   12.1,    4.4,    0.6,    4.6,    0.0,   81.2,   87.5,   18.8,   12.5,    115,      8,      8,      5,     20,     19,      6,     34,     20,     20,.,      4,      0,     77,     69,    33.0,    46.2,    42.5,    56.8,    31.8,    42.8,    40.2,    53.5,"(CONTRACTS OF GBP 62,500)",096742,CME ,096 ,F10,FutOnly
BRITISH POUND STERLING - CHICAGO MERCANTILE EXCHANGE,180220,2018-02-20,096742,CME ,00,096 ,  188118,   42036,   55158,    4498,   27219,   62587,    3616,   64567,   22703,    7900,    1426,    9139,       0,  151262,  165601,   36856,   22517,   -5208,   -2581,   -5070,     134,    -680,   -2367,       0,   -2511,     713,     371,     104,     -80,       0,   -5163,   -6299,     -45,    1091,  100.0,   22.3,   29.3,    2.4,   14.5,   33.3,    1.9,   34.3,   12.1,    4.2,    0.8,    4.9,    0.0,   80.4,   88.0,   19.6,   12.0,    117,      8,      8,.,     19,     19,      6,     33,     20,     22,.,      5,      0,     78,     70,    30.5,    46.4,    39.6,    57.2,    30.1,    44.3,    39.2,    55.2,"(CONTRACTS OF GBP 62,500)",096742,CME ,096 ,F10,FutOnly
BRITISH POUND STERLING - CHICAGO MERCANTILE EXCHANGE,180213,2018-02-13,096742,CME ,00,096 ,  193326,   44617,   60228,    4364,   27899,   64954,    3616,   67078,   21990,    7529,    1322,    9219,       0,  156425,  171900,   36901,   21426,  -23076,    2315,  -22349,    2594,   -7882,    -402,    -689,  -19280,   -6108,    2917,    -341,     505,       0,  -20366,  -23532,   -2710,     456,  100.0,   23.1,   31.2,    2.3,   14.4,   33.6,    1.9,   34.7,   11.4,    3.9,    0.7,    4.8,    0.0,   80.9,   88.9,   19.1,   11.1,    119,      8,      8,.,     19,     19,      6,     36,     20,     20,.,      5,      0,     78,     70,    29.4,    48.2,    38.0,    58.6,    29.2,    46.3,    37.6,    56.6,"(CONTRACTS OF GBP 62,500)",096742,CME ,096 ,F10,FutOnly
BRITISH POUND STERLING - CHICAGO MERCANTILE EXCHANGE,180206,2018-02-06,096742,CME ,00,096 ,  216402,   42302,   82577,    1770,   35781,   65356,    4305,   86358,   28098,    4612,    1663,    8714,       0,  176791,  195432,   39611,   20970,  -18678,    2969,   -4179,    -726,   -2339,     -47,    -564,  -13869,   -9428,     389,    -149,       5,       0,  -14289,  -14550,   -4389,   -4128,  100.0,   19.5,   38.2,    0.8,   16.5,   30.2,    2.0,   39.9,   13.0,    2.1,    0.8,    4.0,    0.0,   81.7,   90.3,   18.3,    9.7,    123,      8,      8,.,     19,     19,      6,     37,     23,     16,      4,      4,      0,     80,     67,    28.0,    50.6,    37.0,    61.5,    28.0,    49.8,    36.6,    60.3,"(CONTRACTS OF GBP 62,500)",096742,CME ,096 ,F10,FutOnly
BRITISH POUND STERLING - CHICAGO MERCANTILE EXCHANGE,180130,2018-01-30,096742,CME ,00,096 ,  235080,   39333,   86756,    2496,   38120,   65403,    4869,  100227,   37526,    4223,    1812,    8709,       0,  191080,  209982,   44000,   25098,   -1352,    -235,    1218,    -846,   -3487,   -1342,      48,    -870,   -1055,    1071,    -123,       0,     -36,   -4478,    -942,    3126,    -410,  100.0,   16.7,   36.9,    1.1,   16.2,   27.8,    2.1,   42.6,   16.0,    1.8,    0.8,    3.7,    0.0,   81.3,   89.3,   18.7,   10.7,    127,      8,      8,.,     18,     20,      6,     46,     21,     16,.,.,      0,     87,     65,    27.3,    49.1,    37.4,    59.0,    27.3,    48.1,    37.0,    57.9,"(CONTRACTS OF GBP 62,500)",096742,CME ,096 ,F10,FutOnly
BRITISH POUND STERLING - CHICAGO MERCANTILE EXCHANGE,180123,2018-01-23,096742,CME ,00,096 ,  236432,   39568,   85538,    3342,   41607,   66745,    4821,  101097,   38581,    3152,    1935,    8709,      36,  195558,  210924,   40874,   25508,   18223,   -1557,   14054,     166,    5626,     114,    -689,   14339,    2352,     335,    -784,    1177,       0,   17436,   17509,     787,     714,  100.0,   16.7,   36.2,    1.4,   17.6,   28.2,    2.0,   42.8,   16.3,    1.3,    0.8,    3.7,    0.0,   82.7,   89.2,   17.3,   10.8,    125,      6,     10,      5,     22,     19,      6,     41,     20,     15,.,.,.,     87,     65,    27.7,    49.2,    37.7,    58.8,    27.5,    48.1,    37.0,    57.8,"(CONTRACTS OF GBP 62,500)",096742,CME ,096 ,F10,FutOnly
BRITISH POUND STERLING - CHICAGO MERCANTILE EXCHANGE,180116,2018-01-16,096742,CME ,00,096 ,  218209,   41125,   71484,    3176,   35981,   66631,    5510,   86758,   36229,    2817,    2719,    7532,      36,  178122,  193415,   40087,   24794,   14725,    -403,   20826,    -188,    7192,     540,      11,   10613,   -4422,   -2283,     812,       0,    -447,   15307,   14037,    -582,     688,  100.0,   18.8,   32.8,    1.5,   16.5,   30.5,    2.5,   39.8,   16.6,    1.3,    1.2,    3.5,    0.0,   81.6,   88.6,   18.4,   11.4,    128,      7,     10,      5,     22,     19,      6,     41,     23,     12,      5,.,.,     86,     66,    28.2,    47.2,    37.4,    57.4,    28.0,    46.4,    36.6,    55.9,"(CONTRACTS OF GBP 62,500)",096742,CME ,096 ,F10,FutOnly
BRITISH POUND STERLING - CHICAGO MERCANTILE EXCHANGE,180109,2018-01-09,096742,CME ,00,096 ,  203484,   41528,   50658,    3364,   28789,   66091,    5499,   76145,   40651,    5100,    1907,    7532,     483,  162815,  179378,   40669,   24106,   -8143,    2020,    6498,    2023,   -2624,     211,      51,  -10962,  -16757,    -376,    -513,       0,     465,   -9916,   -7885,    1773,    -258,  100.0,   20.4,   24.9,    1.7,   14.1,   32.5,    2.7,   37.4,   20.0,    2.5,    0.9,    3.7,    0.2,   80.0,   88.2,   20.0,   11.8,    123,      7,      8,.,     18,     20,      6,     37,     27,     18,.,.,.,     78,     74,    30.6,    41.6,    39.4,    53.7,    30.5,    40.5,    39.0,    52.2,"(CONTRACTS OF GBP 62,500)",096742,CME ,096 ,F10,FutOnly
BRITISH POUND STERLING - CHICAGO MERCANTILE EXCHANGE,180102,2018-01-02,096742,CME ,00,096 ,  211627,   39508,   44160,    1341,   31413,   65880,    5448,   87107,   57408,    5476,    2420,    7532,      18,  172731,  187263,   38896,   24364,   21234,   -6971,    8521,      20,     104,   -4125,     154,   22237,   17410,   -1036,     695,    -400,       0,   15203,   20544,    6031,     690,  100.0,   18.7,   20.9,    0.6,   14.8,   31.1,    2.6,   41.2,   27.1,    2.6,    1.1,    3.6,    0.0,   81.6,   88.5,   18.4,   11.5,    126,      6,     10,      5,     19,     19,      6,     40,     26,     15,      5,.,.,     84,     69,    29.6,    40.9,    38.6,    53.9,    29.0,    40.1,    37.7,    53.0,"(CONTRACTS OF GBP 62,500)",096742,CME ,096 ,F10,FutOnly
JAPANESE YEN - CHICAGO MERCANTILE EXCHANGE,181231,2018-12-31,097741,CME ,00,097 ,  216224,   87795,   30453,    1104,   46941,   27152,   11376,   28394,  101961,    4234,   14015,    5128,       1,  193860,  181409,   22364,   34815,   -8234,   -6457,    7356,    -312,    1527,   -5204,    -309,   -3456,   -7238,    -740,    3456,   -1098,     -48,   -6339,   -7593,   -1895,    -641,  100.0,   40.6,   14.1,    0.5,   21.7,   12.6,    5.3,   13.1,   47.2,    2.0,    6.5,    2.4,    0.0,   89.7,   83.9,   10.3,   16.1,    114,      5,     10,.,     21,     19,     12,     25,     23,     18,      4,      7,.,     70,     77,    48.8,    38.0,    59.8,    52.7,    48.8,    38.0,    58.4,    51.7,"(CONTRACTS OF JPY 12,500,000)",097741,CME ,097 ,F10,FutOnly
JAPANESE YEN - CHICAGO MERCANTILE EXCHANGE,181224,2018-12-24,097741,CME ,00,097 ,  224458,   94252,   23097,    1416,   45414,   32356,   11685,   31850,  109199,    4974,   10559,    6226,      49,  200199,  189002,   24259,   35456,    9590,  -10440,    9230,       0,    9213,  -12539,     662,    4639,   13881,     244,    2581,    -348,    -150,    6749,   10980,    2841,   -1390,  100.0,   42.0,   10.3,    0.6,   20.2,   14.4,    5.2,   14.2,   48.6,    2.2,    4.7,    2.8,    0.0,   89.2,   84.2,   10.8,   15.8,    121,      5,      9,.,     19,     23,     10,     28,     27,     17,.,      7,.,     73,     80,    49.4,    37.9,    60.9,    50.0,    48.8,    37.9,    59.8,    49.4,"(CONTRACTS OF JPY 12,500,000)",097741,CME ,097 ,F10,FutOnly
JAPANESE YEN - CHICAGO MERCANTILE EXCHANGE,181218,2018-12-18,097741,CME ,00,097 ,  214868,  104692,   13867,    1416,   36201,   44895,   11023,   27211,   95318,    4730,    7978,    6574,     199,  193450,  178022,   21418,   36846,    1813,    2083,    7873,   -3538,    5443,   -1430,    1968,    -456,    4943,     215,    1879,     520,    -311,    7283,   10240,   -5470,   -8427,  100.0,   48.7,    6.5,    0.7,   16.8,   20.9,    5.1,   12.7,   44.4,    2.2,    3.7,    3.1,    0.1,   90.0,   82.9,   10.0,   17.1,    113,      6,      7,.,     16,     24,      9,     22,     28,     17,      5,      5,.,     63,     79,    54.3,    36.7,    64.3,    47.1,    53.6,    36.7,    63.2,    47.1,"(CONTRACTS OF JPY 12,500,000)",097741,CME ,097 ,F10,FutOnly
JAPANESE YEN - CHICAGO MERCANTILE EXCHANGE,181211,2018-12-11,097741,CME ,00,097 ,  213055,  102609,    5994,    4954,   30758,   46325,    9055,   27667,   90375,    4515,    6099,    6054,     510,  186167,  167782,   26888,   45273,  -13780,  -12790,     261,    1875,    1356,   -8234,    1701,   -6975,  -13568,   -2905,    4019,     170,     -40,  -13759,  -20740,     -21,    6960,  100.0,   48.2,    2.8,    2.3,   14.4,   21.7,    4.3,   13.0,   42.4,    2.1,    2.9,    2.8,    0.2,   87.4,   78.8,   12.6,   21.2,    116,     11,      6,      8,     15,     23,     10,     16,     35,     20,      4,      6,.,     65,     91,    41.2,    38.1,    56.0,    46.3,    40.5,    38.1,    53.9,    45.6,"(CONTRACTS OF JPY 12,500,000)",097741,CME ,097 ,F10,FutOnly
JAPANESE YEN - CHICAGO MERCANTILE EXCHANGE,181204,2018-12-04,097741,CME ,00,097 ,  226835,  115399,    5733,    3079,   29402,   54559,    7354,   34642,  103943,    7420,    2080,    5884,     550,  199926,  188522,   26909,   38313,   -4876,   -9054,     964,     216,   -1142,    -534,   -1778,      90,     -48,     801,     318,     335,     301,  -10248,     257,    5372,   -5133,  100.0,   50.9,    2.5,    1.4,   13.0,   24.1,    3.2,   15.3,   45.8,    3.3,    0.9,    2.6,    0.2,   88.1,   83.1,   11.9,   16.9,    126,     12,      5,      8,     14,     24,      8,     29,     34,     21,.,      5,.,     75,     91,    42.7,    38.7,    56.6,    47.7,    42.2,    38.7,    54.9,    47.3,"(CONTRACTS OF JPY 12,500,000)",097741,CME ,097 ,F10,FutOnly
JAPANESE YEN - CHICAGO MERCANTILE EXCHANGE,181127,2018-11-27,097741,CME ,00,097 ,  231711,  124453,    4769,    2863,   30544,   55093,    9132,   34552,  103991,    6619,    1762,    5549,     249,  210174,  188265,   21537,   43446,    8567,    7813,     -74,      48,   -3149,   -2508,    2446,    2537,    8915,     648,    -434,     -50,    -341,    9568,    9084,   -1001,    -517,  100.0,   53.7,    2.1,    1.2,   13.2,   23.8,    3.9,   14.9,   44.9,    2.9,    0.8,    2.4,    0.1,   90.7,   81.2,    9.3,   18.8,    130,     13,      4,      6,     17,     24,     10,     24,     38,     20,.,      7,.,     72,     96,    44.9,    37.5,    58.9,    44.8,    44.4,    37.5,    57.2,    44.7,"(CONTRACTS OF JPY 12,500,000)",097741,CME ,097 ,F10,FutOnly
JAPANESE YEN - CHICAGO MERCANTILE EXCHANGE,181120,2018-11-20,097741,CME ,00,097 ,  223144,  116640,    4843,    2815,   33693,   57601,    6686,   32015,   95076,    5971,    2196,    5599,     590,  200606,  179181,   22538,   43963,   -8586,   -6769,     358,     -91,   -2319,   -1949,    1368,   -5018,   -8806,    2673,    1021,     -55,     331,   -8804,   -6171,     218,   -2415,  100.0,   52.3,    2.2,    1.3,   15.1,   25.8,    3.0,   14.3,   42.6,    2.7,    1.0,    2.5,    0.3,   89.9,   80.3,   10.1,   19.7,    126,     11,.,      4,     18,     24,      8,     25,     35,     20,.,      6,.,     74,     86,    43.8,    39.7,    58.3,    48.0,    43.3,    39.7,    56.5,    47.8,"(CONTRACTS OF JPY 12,500,000)",097741,CME ,097 ,F10,FutOnly
JAPANESE YEN - CHICAGO MERCANTILE EXCHANGE,181113,2018-11-13,097741,CME ,00,097 ,  231730,  123409,    4485,    2906,   36012,   59550,    5318,   37033,  103882,    3298,    1175,    5654,     259,  209410,  185352,   22320,   46378,   22277,   14172,     345,     909,    2304,    6694,      71,    5942,   14138,   -1609,   -1143,     360,     -44,   20602,   20864,    1675,    1413,  100.0,   53.3,    1.9,    1.3,   15.5,   25.7,    2.3,   16.0,   44.8,    1.4,    0.5,    2.4,    0.1,   90.4,   80.0,    9.6,   20.0,    131,     12,.,      4,     20,     27,      8,     24,     38,     16,.,      6,.,     72,     89,    43.0,    37.3,    56.8,    45.4,    42.2,    37.3,    55.1,    45.3,"(CONTRACTS OF JPY 12,500,000)",097741,CME ,097 ,F10,FutOnly
JAPANESE YEN - CHICAGO MERCANTILE EXCHANGE,181106,2018-11-06,097741,CME ,00,097 ,  209453,  109237,    4140,    1997,   33708,   52856,    5247,   31091,   89744,    4907,    2318,    5294,     303,  188808,  164488,   20645,   44965,    6340,    7804,    -245,      64,   -1342,    2457,    -379,    2855,   -1180,    -441,    -359,    -552,       1,    8203,    -275,   -1863,    6615,  100.0,   52.2,    2.0,    1.0,   16.1,   25.2,    2.5,   14.8,   42.8,    2.3,    1.1,    2.5,    0.1,   90.1,   78.5,    9.9,   21.5,    122,     11,.,      4,     16,     25,      7,     24,     34,     19,.,      7,.,     69,     85,    42.0,    39.0,    56.9,    46.4,    41.6,    39.0,    55.4,    46.2,"(CONTRACTS OF JPY 12,500,000)",097741,CME ,097 ,F10,FutOnly
JAPANESE YEN - CHICAGO MERCANTILE EXCHANGE,181030,2018-10-30,097741,CME ,00,097 ,  203113,  101433,    4385,    1933,   35050,   50399,    5626,   28236,   90924,    5348,    2677,    5846,     302,  180605,  164763,   22508,   38350,   -2530,   -3233,     303,     -72,    -656,    1490,       0,    -758,     299,     616,      20,   -2215,     -69,   -4152,     352,    1622,   -2882,  100.0,   49.9,    2.2,    1.0,   17.3,   24.8,    2.8,   13.9,   44.8,    2.6,    1.3,    2.9,    0.1,   88.9,   81.1,   11.1,   18.9,    130,     13,.,      6,     18,     26,      9,     24,     36,     19,      4,      7,.,     74,     92,    40.3,    40.7,    55.2,    48.8,    39.7,    40.7,    53.8,    48.5,"(CONTRACTS OF JPY 12,500,000)",097741,CME ,097 ,F10,FutOnly
JAPANESE YEN - CHICAGO MERCANTILE EXCHANGE,181023,2018-10-23,097741,CME ,00,097 ,  205643,  104666,    4082,    2005,   35706,   48909,    5626,   28994,   90625,    4732,    2657,    8061,     371,  184757,  164411,   20886,   41232,   -5567,   -5707,     419,     656,   -1517,   -2211,     255,    -264,   -5937,     187,     110,    -995,     271,   -6009,   -7355,     442,    1788,  100.0,   50.9,    2.0,    1.0,   17.4,   23.8,    2.7,   14.1,   44.1,    2.3,    1.3,    3.9,    0.2,   89.8,   79.9,   10.2,   20.1,    129,     13,.,      4,     17,     28,      9,     29,     29,     18,.,      8,.,     74,     88,    41.1,    41.5,    55.7,    50.5,    40.1,    41.5,    54.2,    50.2,"(CONTRACTS OF JPY 12,500,000)",097741,CME ,097 ,F10,FutOnly
JAPANESE YEN - CHICAGO MERCANTILE EXCHANGE,181016,2018-10-16,097741,CME ,00,097 ,  211210,  110373,    3663,    1349,   37223,   51120,    5371,   29258,   96562,    4545,    2547,    9056,     100,  190766,  171766,   20444,   39444,  -42164,  -28495,     -27,     170,   -2500,  -13232,    1368,  -11190,  -18116,    -389,      47,   -6762,      10,  -40979,  -36978,   -1185,   -5186,  100.0,   52.3,    1.7,    0.6,   17.6,   24.2,    2.5,   13.9,   45.7,    2.2,    1.2,    4.3,    0.0,   90.3,   81.3,    9.7,   18.7,    125,     13,.,.,     18,     28,     11,     24,     33,     18,.,      5,.,     72,     87,    42.6,    41.8,    57.2,    51.4,    42.0,    41.8,    56.0,    51.3,"(CONTRACTS OF JPY 12,500,000)",097741,CME ,097 ,F10,FutOnly
JAPANESE YEN - CHICAGO MERCANTILE EXCHANGE,181009,2018-10-09,097741,CME ,00,097 ,  253374,  138868,    3690,    1179,   39723,   64352,    4003,   40448,  114678,    4934,    2500,   15818,      90,  231745,  208744,   21629,   44630,    1097,    9197,    1954,     934,    4912,    -154,      78,  -11619,   -3021,   -1179,    -980,    1684,      90,    1433,     386,    -336,     711,  100.0,   54.8,    1.5,    0.5,   15.7,   25.4,    1.6,   16.0,   45.3,    1.9,    1.0,    6.2,    0.0,   91.5,   82.4,    8.5,   17.6,    137,     12,.,.,     18,     29,     10,     26,     39,     17,.,      8,.,     69,     99,    42.3,    37.0,    55.8,    48.8,    41.8,    37.0,    55.3,    48.7,"(CONTRACTS OF JPY 12,500,000)",097741,CME ,097 ,F10,FutOnly
JAPANESE YEN - CHICAGO MERCANTILE EXCHANGE,181002,2018-10-02,097741,CME ,00,097 ,  252277,  129671,    1736,     245,   34811,   64506,    3925,   52067,  117699,    6113,    3480,   14134,       0,  230312,  208358,   21965,   43919,   36901,   25989,     790,       0,     700,    9332,     -16,    6293,   27296,    2474,    1084,    3132,     -90,   36434,   42918,     467,   -6017,  100.0,   51.4,    0.7,    0.1,   13.8,   25.6,    1.6,   20.6,   46.7,    2.4,    1.4,    5.6,    0.0,   91.3,   82.6,    8.7,   17.4,    135,     11,.,.,     15,     28,      8,     25,     43,     15,      5,      5,      0,     64,     96,    41.6,    36.0,    54.6,    47.2,    41.6,    36.0,    54.2,    47.1,"(CONTRACTS OF JPY 12,500,000)",097741,CME ,097 ,F10,FutOnly
JAPANESE YEN - CHICAGO MERCANTILE EXCHANGE,180925,2018-09-25,097741,CME ,00,097 ,  215376,  103682,     946,     245,   34111,   55174,    3941,   45774,   90403,    3639,    2396,   11002,      90,  193878,  165440,   21498,   49936,   15155,   18403,   -1900,    -737,   -2862,    8187,    -703,     643,    7842,    -656,     157,    3193,       0,   14245,   15226,     910,     -71,  100.0,   48.1,    0.4,    0.1,   15.8,   25.6,    1.8,   21.3,   42.0,    1.7,    1.1,    5.1,    0.0,   90.0,   76.8,   10.0,   23.2,    124,     11,.,.,     15,     28,      6,     21,     39,     16,.,      5,.,     62,     87,    41.1,    34.2,    55.1,    44.8,    40.9,    34.2,    54.4,    44.7,"(CONTRACTS OF JPY 12,500,000)",097741,CME ,097 ,F10,FutOnly
JAPANESE YEN - CHICAGO MERCANTILE EXCHANGE,180918,2018-09-18,097741,CME ,00,097 ,  200221,   85279,    2846,     982,   36973,   46987,    4644,   45131,   82561,    4295,    2239,    7809,      90,  179633,  150214,   20588,   50007,    6793,    8648,   -1274,   -9671,    2997,    2625,     446,   11820,    7180,   -1376,   -2031,    3895,     -36,   10797,    1789,   -4004,    5004,  100.0,   42.6,    1.4,    0.5,   18.5,   23.5,    2.3,   22.5,   41.2,    2.1,    1.1,    3.9,    0.0,   89.7,   75.0,   10.3,   25.0,    123,     10,.,.,     16,     25,      7,     22,     38,     14,.,      6,.,     59,     87,    35.8,    31.7,    50.3,    39.6,    35.4,    31.7,    48.7,    39.6,"(CONTRACTS OF JPY 12,500,000)",097741,CME ,097 ,F10,FutOnly
JAPANESE YEN - CHICAGO MERCANTILE EXCHANGE,180911,2018-09-11,097741,CME ,00,097 ,  193428,   76631,    4120,   10653,   33976,   44362,    4198,   33311,   75381,    5671,    4270,    3914,     126,  168836,  148425,   24592,   45003,    8081,   -1247,   -2438,    8957,   -1079,   -2495,      64,   -1187,    3735,   -1662,    1863,    2229,      36,    5745,    8426,    2336,    -345,  100.0,   39.6,    2.1,    5.5,   17.6,   22.9,    2.2,   17.2,   39.0,    2.9,    2.2,    2.0,    0.1,   87.3,   76.7,   12.7,   23.3,    123,      9,      4,      4,     15,     23,     10,     25,     39,     20,      4,      4,.,     71,     88,    32.3,    31.6,    46.6,    42.5,    31.1,    31.3,    43.0,    38.7,"(CONTRACTS OF JPY 12,500,000)",097741,CME ,097 ,F10,FutOnly
JAPANESE YEN - CHICAGO MERCANTILE EXCHANGE,180904,2018-09-04,097741,CME ,00,097 ,  185347,   77878,    6558,    1696,   35055,   46857,    4134,   34498,   71646,    7333,    2407,    1685,      90,  163091,  139999,   22256,   45348,     265,    4686,   -4428,    -896,   -1286,    1369,     161,   -4094,    2055,     -61,      34,    -216,       0,   -1456,   -2016,    1721,    2281,  100.0,   42.0,    3.5,    0.9,   18.9,   25.3,    2.2,   18.6,   38.7,    4.0,    1.3,    0.9,    0.0,   88.0,   75.5,   12.0,   24.5,    123,      9,      5,      5,     17,     22,      8,     31,     32,     19,.,      4,.,     72,     84,    33.8,    31.4,    46.9,    39.3,    33.2,    31.4,    45.5,    39.2,"(CONTRACTS OF JPY 12,500,000)",097741,CME ,097 ,F10,FutOnly
JAPANESE YEN - CHICAGO MERCANTILE EXCHANGE,180828,2018-08-28,097741,CME ,00,097 ,  185082,   73192,   10986,    2592,   36341,   45488,    3973,   38592,   69591,    7394,    2373,    1901,      90,  164547,  142015,   20535,   43067,   -4616,     358,    -821,    1034,    1449,    1352,    -385,   -6214,   -6886,     723,      13,     723,     -72,   -3094,   -4332,   -1522,    -284,  100.0,   39.5,    5.9,    1.4,   19.6,   24.6,    2.1,   20.9,   37.6,    4.0,    1.3,    1.0,    0.0,   88.9,   76.7,   11.1,   23.3,    123,      9,      5,      5,     17,     22,      8,     29,     34,     18,.,      4,.,     69,     86,    33.2,    28.8,    46.1,    38.1,    32.1,    28.8,    44.2,    38.0,"(CONTRACTS OF JPY 12,500,000)",097741,CME ,097 ,F10,FutOnly
JAPANESE YEN - CHICAGO MERCANTILE EXCHANGE,180821,2018-08-21,097741,CME ,00,097 ,  189698,   72834,   11807,    1558,   34892,   44136,    4358,   44806,   76477,    6671,    2360,    1178,     162,  167641,  146347,   22057,   43351,    3864,   -4889,    6709,    1030,   -1786,    1933,     111,    6224,   -7750,    2125,     253,    -542,      26,    3094,    3642,     770,     222,  100.0,   38.4,    6.2,    0.8,   18.4,   23.3,    2.3,   23.6,   40.3,    3.5,    1.2,    0.6,    0.1,   88.4,   77.1,   11.6,   22.9,    125,      8,      5,.,     17,     23,      9,     29,     37,     21,.,.,.,     72,     88,    32.0,    28.8,    44.7,    40.0,    31.4,    28.8,    43.4,    39.5,"(CONTRACTS OF JPY 12,500,000)",097741,CME ,097 ,F10,FutOnly
JAPANESE YEN - CHICAGO MERCANTILE EXCHANGE,180814,2018-08-14,097741,CME ,00,097 ,  185834,   77723,    5098,     528,   36678,   42203,    4247,   38582,   84227,    4546,    2107,    1720,     136,  164547,  142705,   21287,   43129,   -2068,   -8305,     396,     113,    2121,   -1583,     161,    3254,    -261,   -1069,     -95,     132,      17,   -3803,   -2094,    1735,      26,  100.0,   41.8,    2.7,    0.3,   19.7,   22.7,    2.3,   20.8,   45.3,    2.4,    1.1,    0.9,    0.1,   88.5,   76.8,   11.5,   23.2,    126,     10,      4,.,     17,     22,      8,     29,     37,     19,.,      4,.,     73,     85,    32.4,    31.3,    45.6,    41.6,    32.4,    31.3,    45.0,    41.2,"(CONTRACTS OF JPY 12,500,000)",097741,CME ,097 ,F10,FutOnly
JAPANESE YEN - CHICAGO MERCANTILE EXCHANGE,180807,2018-08-07,097741,CME ,00,097 ,  187902,   86028,    4702,     415,   34557,   43786,    4086,   35328,   84488,    5615,    2202,    1588,     119,  168350,  144799,   19552,   43103,   -9664,    -181,     535,     -42,    -543,   -2557,    -482,   -7623,   -5102,     222,    -776,    -900,      17,   -9408,   -8309,    -256,   -1355,  100.0,   45.8,    2.5,    0.2,   18.4,   23.3,    2.2,   18.8,   45.0,    3.0,    1.2,    0.8,    0.1,   89.6,   77.1,   10.4,   22.9,    123,     10,.,.,     13,     25,      8,     26,     39,     17,      4,.,.,     65,     87,    33.0,    31.2,    48.1,    41.5,    33.0,    31.2,    47.8,    41.2,"(CONTRACTS OF JPY 12,500,000)",097741,CME ,097 ,F10,FutOnly
JAPANESE YEN - CHICAGO MERCANTILE EXCHANGE,180731,2018-07-31,097741,CME ,00,097 ,  197566,   86209,    4167,     457,   35100,   46343,    4568,   42951,   89590,    5393,    2978,    2488,     102,  177758,  153108,   19808,   44458,   -2861,   -3792,     755,       8,    1393,    2952,    -478,   -1354,   -8281,    1278,     -48,       0,       1,   -2992,   -3765,     131,     904,  100.0,   43.6,    2.1,    0.2,   17.8,   23.5,    2.3,   21.7,   45.3,    2.7,    1.5,    1.3,    0.1,   90.0,   77.5,   10.0,   22.5,    131,     10,      4,.,     14,     25,      8,     27,     42,     15,      5,      4,.,     66,     93,    31.0,    30.0,    45.3,    39.8,    31.0,    30.0,    45.1,    39.3,"(CONTRACTS OF JPY 12,500,000)",097741,CME ,097 ,F10,FutOnly
JAPANESE YEN - CHICAGO MERCANTILE EXCHANGE,180724,2018-07-24,097741,CME ,00,097 ,  200427,   90001,    3412,     449,   33707,   43391,    5046,   44305,   97871,    4115,    3026,    2488,     101,  180750,  156873,   19677,   43554,  -14986,    6898,   -1327,     -14,    1356,   -3707,    -371,  -23479,   -8420,    1174,   -1047,    -177,      32,  -15451,  -12810,     465,   -2176,  100.0,   44.9,    1.7,    0.2,   16.8,   21.6,    2.5,   22.1,   48.8,    2.1,    1.5,    1.2,    0.1,   90.2,   78.3,    9.8,   21.7,    134,     10,      4,.,     13,     24,      8,     27,     47,     14,      5,      4,.,     66,     95,    33.1,    30.4,    46.6,    41.8,    33.1,    30.4,    46.4,    41.3,"(CONTRACTS OF JPY 12,500,000)",097741,CME ,097 ,F10,FutOnly
JAPANESE YEN - CHICAGO MERCANTILE EXCHANGE,180717,2018-07-17,097741,CME ,00,097 ,  215413,   83103,    4739,     463,   32351,   47098,    5417,   67784,  106291,    2941,    4073,    2665,      69,  196201,  169683,   19212,   45730,   33347,   25117,  -11596,    -503,    -936,    9006,     194,   10437,   33609,    -145,     446,    1049,       1,   34611,   31615,   -1264,    1732,  100.0,   38.6,    2.2,    0.2,   15.0,   21.9,    2.5,   31.5,   49.3,    1.4,    1.9,    1.2,    0.0,   91.1,   78.8,    8.9,   21.2,    136,     10,      4,.,     13,     25,      9,     26,     48,     13,      5,      5,.,     65,     97,    35.0,    28.8,    50.2,    40.0,    34.8,    28.8,    50.0,    39.5,"(CONTRACTS OF JPY 12,500,000)",097741,CME ,097 ,F10,FutOnly
JAPANESE YEN - CHICAGO MERCANTILE EXCHANGE,180710,2018-07-10,097741,CME ,00,097 ,  182066,   57986,   16335,     966,   33287,   38092,    5223,   57347,   72682,    3086,    3627,    1616,      68,  161590,  138068,   20476,   43998,   13706,    5532,    -177,     513,    -171,    1278,    -227,    9401,    7927,      23,     856,      37,     -33,   15894,    9341,   -2188,    4365,  100.0,   31.8,    9.0,    0.5,   18.3,   20.9,    2.9,   31.5,   39.9,    1.7,    2.0,    0.9,    0.0,   88.8,   75.8,   11.2,   24.2,    129,      9,      5,.,     14,     23,     10,     29,     40,     17,      5,      4,.,     72,     88,    24.9,    30.9,    39.7,    42.9,    24.6,    30.9,    39.2,    42.3,"(CONTRACTS OF JPY 12,500,000)",097741,CME ,097 ,F10,FutOnly
JAPANESE YEN - CHICAGO MERCANTILE EXCHANGE,180703,2018-07-03,097741,CME ,00,097 ,  168360,   52454,   16512,     453,   33458,   36814,    5450,   47946,   64755,    3063,    2771,    1579,     101,  145696,  128727,   22664,   39633,   14794,   13151,    -535,    -127,    -537,    5196,      23,    3575,    6688,     576,     -75,     587,      12,   16598,   12420,   -1804,    2374,  100.0,   31.2,    9.8,    0.3,   19.9,   21.9,    3.2,   28.5,   38.5,    1.8,    1.6,    0.9,    0.1,   86.5,   76.5,   13.5,   23.5,    127,     11,      6,.,     15,     24,     12,     27,     36,     21,      5,.,.,     75,     89,    24.6,    30.6,    39.0,    40.9,    24.6,    30.4,    38.5,    40.1,"(CONTRACTS OF JPY 12,500,000)",097741,CME ,097 ,F10,FutOnly
JAPANESE YEN - CHICAGO MERCANTILE EXCHANGE,180626,2018-06-26,097741,CME ,00,097 ,  153566,   39303,   17047,     580,   33995,   31618,    5427,   44371,   58067,    2487,    2846,     992,      89,  129098,  116307,   24468,   37259,   -1075,    4080,    -104,       0,    -737,    1117,     -82,   -4055,   -5050,     820,      24,      13,     -13,      37,   -3299,   -1112,    2224,  100.0,   25.6,   11.1,    0.4,   22.1,   20.6,    3.5,   28.9,   37.8,    1.6,    1.9,    0.6,    0.1,   84.1,   75.7,   15.9,   24.3,    123,      7,      8,.,     17,     22,     10,     31,     30,     18,      4,.,.,     76,     80,    27.2,    32.3,    41.4,    42.9,    27.2,    31.9,    40.9,    41.9,"(CONTRACTS OF JPY 12,500,000)",097741,CME ,097 ,F10,FutOnly
JAPANESE YEN - CHICAGO MERCANTILE EXCHANGE,180619,2018-06-19,097741,CME ,00,097 ,  154641,   35223,   17151,     580,   34732,   30501,    5509,   48426,   63117,    1667,    2822,     979,     102,  129061,  119606,   25580,   35035,  -12236,   12011,  -11735,  -19924,    1780,    1627,     549,   -7297,   24749,   -1340,     774,       0,     -25,  -13472,   -6099,    1236,   -6137,  100.0,   22.8,   11.1,    0.4,   22.5,   19.7,    3.6,   31.3,   40.8,    1.1,    1.8,    0.6,    0.1,   83.5,   77.3,   16.5,   22.7,    122,      5,     10,.,     16,     21,     11,     27,     36,     14,      5,.,.,     68,     84,    26.2,    31.5,    40.2,    42.3,    26.1,    30.6,    39.6,    41.3,"(CONTRACTS OF JPY 12,500,000)",097741,CME ,097 ,F10,FutOnly
JAPANESE YEN - CHICAGO MERCANTILE EXCHANGE,180612,2018-06-12,097741,CME ,00,097 ,  166877,   23212,   28886,   20504,   32952,   28874,    4960,   55723,   38368,    3007,    2048,     979,     127,  142533,  125705,   24344,   41172,   20429,   -5291,   -1088,   16524,    2531,     115,    -975,   13428,     725,   -3411,    -398,       0,      84,   22492,   11974,   -2063,    8455,  100.0,   13.9,   17.3,   12.3,   19.7,   17.3,    3.0,   33.4,   23.0,    1.8,    1.2,    0.6,    0.1,   85.4,   75.3,   14.6,   24.7,    114,      8,      8,      8,     14,     22,      9,     32,     24,     21,      4,.,.,     77,     77,    23.1,    33.8,    35.3,    45.1,    19.2,    26.5,    30.1,    35.4,"(CONTRACTS OF JPY 12,500,000)",097741,CME ,097 ,F10,FutOnly
JAPANESE YEN - CHICAGO MERCANTILE EXCHANGE,180605,2018-06-05,097741,CME ,00,097 ,  146448,   28503,   29974,    3980,   30421,   28759,    5935,   42295,   37643,    6418,    2446,     979,      43,  120041,  113731,   26407,   32717,  -24891,  -12415,    -741,   -1526,    -269,   -2175,     549,   -9964,  -17129,    -180,     314,     -96,       8,  -23483,  -21290,   -1408,   -3601,  100.0,   19.5,   20.5,    2.7,   20.8,   19.6,    4.1,   28.9,   25.7,    4.4,    1.7,    0.7,    0.0,   82.0,   77.7,   18.0,   22.3,    117,      9,      7,      5,     15,     22,     11,     31,     27,     19,      4,.,.,     76,     77,    19.0,    28.7,    30.7,    41.0,    18.4,    27.8,    30.0,    39.2,"(CONTRACTS OF JPY 12,500,000)",097741,CME ,097 ,F10,FutOnly
JAPANESE YEN - CHICAGO MERCANTILE EXCHANGE,180529,2018-05-29,097741,CME ,00,097 ,  171339,   40918,   30715,    5506,   30690,   30934,    5386,   52259,   54772,    6598,    2132,    1075,      35,  143524,  135021,   27815,   36318,   -3977,   -5521,    -496,    1736,   -1445,   -7145,    -149,   -5833,    2902,    4337,    -261,    -490,      32,   -7104,     727,    3127,   -4704,  100.0,   23.9,   17.9,    3.2,   17.9,   18.1,    3.1,   30.5,   32.0,    3.9,    1.2,    0.6,    0.0,   83.8,   78.8,   16.2,   21.2,    119,      6,     11,      8,     15,     21,      9,     31,     27,     15,      5,.,.,     75,     77,    23.7,    28.7,    34.6,    41.0,    22.9,    27.9,    33.1,    39.1,"(CONTRACTS OF JPY 12,500,000)",097741,CME ,097 ,F10,FutOnly
JAPANESE YEN - CHICAGO MERCANTILE EXCHANGE,180522,2018-05-22,097741,CME ,00,097 ,  175316,   46439,   31211,    3770,   32135,   38079,    5535,   58092,   51870,    2261,    2393,    1565,       3,  150628,  134294,   24688,   41022,   11905,   17179,  -13778,    -640,     267,   15464,     -76,   -2063,    4561,   -1523,      43,       0,       0,   13187,    4008,   -1282,    7897,  100.0,   26.5,   17.8,    2.2,   18.3,   21.7,    3.2,   33.1,   29.6,    1.3,    1.4,    0.9,    0.0,   85.9,   76.6,   14.1,   23.4,    120,      7,     10,      9,     17,     22,     11,     29,     28,     18,      4,.,.,     76,     83,    28.2,    30.0,    40.2,    40.9,    28.1,    29.3,    39.6,    40.0,"(CONTRACTS OF JPY 12,500,000)",097741,CME ,097 ,F10,FutOnly
JAPANESE YEN - CHICAGO MERCANTILE EXCHANGE,180515,2018-05-15,097741,CME ,00,097 ,  163411,   29260,   44989,    4410,   31868,   22615,    5611,   60155,   47309,    3784,    2350,    1565,       3,  137441,  130286,   25970,   33125,    5835,   -2890,      36,   -1396,   -3547,    -508,    -274,   14894,    5153,     139,      96,       0,       1,    7023,    3151,   -1188,    2684,  100.0,   17.9,   27.5,    2.7,   19.5,   13.8,    3.4,   36.8,   29.0,    2.3,    1.4,    1.0,    0.0,   84.1,   79.7,   15.9,   20.3,    122,      5,     11,      8,     18,     19,     12,     31,     31,     21,      4,.,.,     79,     85,    21.7,    33.8,    33.3,    45.8,    21.7,    32.9,    32.7,    43.5,"(CONTRACTS OF JPY 12,500,000)",097741,CME ,097 ,F10,FutOnly
JAPANESE YEN - CHICAGO MERCANTILE EXCHANGE,180508,2018-05-08,097741,CME ,00,097 ,  157576,   32150,   44953,    5806,   35415,   23123,    5885,   45261,   42156,    3645,    2254,    1565,       2,  130418,  127135,   27158,   30441,   -2761,    2643,    1270,    1406,   -1711,   -3729,    -170,   -5824,    1144,     354,     944,       0,       0,   -2358,     275,    -403,   -3036,  100.0,   20.4,   28.5,    3.7,   22.5,   14.7,    3.7,   28.7,   26.8,    2.3,    1.4,    1.0,    0.0,   82.8,   80.7,   17.2,   19.3,    118,      6,     10,      8,     20,     19,     12,     30,     26,     16,      4,.,.,     76,     79,    22.9,    35.2,    33.9,    48.7,    22.7,    34.5,    33.4,    46.0,"(CONTRACTS OF JPY 12,500,000)",097741,CME ,097 ,F10,FutOnly
JAPANESE YEN - CHICAGO MERCANTILE EXCHANGE,180501,2018-05-01,097741,CME ,00,097 ,  160337,   29507,   43683,    4400,   37126,   26852,    6055,   51085,   41012,    3291,    1310,    1565,       2,  132776,  126860,   27561,   33477,    5100,    9011,   -2361,     594,    -561,    3316,    -694,   -3715,    -814,     -17,    -456,       0,       1,    4163,      25,     937,    5075,  100.0,   18.4,   27.2,    2.7,   23.2,   16.7,    3.8,   31.9,   25.6,    2.1,    0.8,    1.0,    0.0,   82.8,   79.1,   17.2,   20.9,    111,      7,      8,      5,     21,     19,     12,     28,     21,     14,      4,.,.,     75,     68,    21.1,    35.1,    32.7,    49.2,    21.1,    34.6,    32.2,    46.3,"(CONTRACTS OF JPY 12,500,000)",097741,CME ,097 ,F10,FutOnly
JAPANESE YEN - CHICAGO MERCANTILE EXCHANGE,180424,2018-04-24,097741,CME ,00,097 ,  155237,   20496,   46044,    3806,   37687,   23536,    6749,   54800,   41826,    3308,    1766,    1565,       1,  128613,  126835,   26624,   28402,    7918,    6903,   -3663,     108,    1509,    -694,    -175,    5575,    7389,    1294,     429,       0,       1,   15644,    4260,   -7726,    3658,  100.0,   13.2,   29.7,    2.5,   24.3,   15.2,    4.3,   35.3,   26.9,    2.1,    1.1,    1.0,    0.0,   82.8,   81.7,   17.2,   18.3,    119,      7,      9,      4,     21,     19,     12,     35,     21,     18,      4,.,.,     83,     71,    16.8,    37.0,    29.3,    50.7,    16.7,    36.6,    28.7,    48.0,"(CONTRACTS OF JPY 12,500,000)",097741,CME ,097 ,F10,FutOnly
JAPANESE YEN - CHICAGO MERCANTILE EXCHANGE,180417,2018-04-17,097741,CME ,00,097 ,  147319,   13593,   49707,    3698,   36178,   24230,    6924,   49225,   34437,    2014,    1337,    1565,       0,  112969,  122575,   34350,   24744,   -3883,     119,    -559,    -977,    1866,     -63,    -928,   -3603,     926,    -580,      92,     211,       0,   -4011,   -1970,     128,   -1913,  100.0,    9.2,   33.7,    2.5,   24.6,   16.4,    4.7,   33.4,   23.4,    1.4,    0.9,    1.1,    0.0,   76.7,   83.2,   23.3,   16.8,    110,      7,     10,      4,     21,     18,     12,     33,     15,     12,.,.,      0,     78,     60,    16.6,    38.5,    28.1,    54.4,    16.2,    37.6,    27.2,    51.2,"(CONTRACTS OF JPY 12,500,000)",097741,CME ,097 ,F10,FutOnly
JAPANESE YEN - CHICAGO MERCANTILE EXCHANGE,180410,2018-04-10,097741,CME ,00,097 ,  151202,   13474,   50266,    4675,   34312,   24293,    7852,   52828,   33511,    2594,    1245,    1354,       0,  116980,  124545,   34222,   26657,    2384,     718,   -4357,    3362,    1923,    1625,     117,   -2323,    1632,    -706,    -924,     344,       0,    2167,    2017,     217,     367,  100.0,    8.9,   33.2,    3.1,   22.7,   16.1,    5.2,   34.9,   22.2,    1.7,    0.8,    0.9,    0.0,   77.4,   82.4,   22.6,   17.6,    112,      7,     10,      4,     20,     18,     11,     32,     19,     13,.,.,      0,     76,     64,    17.2,    36.7,    29.2,    52.1,    16.9,    35.9,    28.3,    49.4,"(CONTRACTS OF JPY 12,500,000)",097741,CME ,097 ,F10,FutOnly
JAPANESE YEN - CHICAGO MERCANTILE EXCHANGE,180403,2018-04-03,097741,CME ,00,097 ,  148818,   12756,   54623,    1313,   32389,   22668,    7735,   55151,   31879,    3300,    2169,    1010,       0,  114813,  122528,   34005,   26290,  -13220,    5988,     993,     190,   -3362,     803,    1005,  -13453,  -16083,   -1633,      -4,      80,       0,  -11269,  -14645,   -1951,    1425,  100.0,    8.6,   36.7,    0.9,   21.8,   15.2,    5.2,   37.1,   21.4,    2.2,    1.5,    0.7,    0.0,   77.1,   82.3,   22.9,   17.7,    116,      6,     12,      7,     20,     17,     11,     30,     24,     16,      4,.,      0,     78,     72,    19.6,    35.5,    32.2,    51.1,    19.4,    34.7,    31.4,    49.7,"(CONTRACTS OF JPY 12,500,000)",097741,CME ,097 ,F10,FutOnly
JAPANESE YEN - CHICAGO MERCANTILE EXCHANGE,180327,2018-03-27,097741,CME ,00,097 ,  162038,    6768,   53630,    1123,   35751,   21865,    6730,   68604,   47962,    4933,    2173,     930,       0,  126082,  137173,   35956,   24865,    1788,   -3420,   12540,     443,    3761,    4093,   -1256,   -1682,  -11465,     776,     -31,     -45,       0,   -1409,    5086,    3197,   -3298,  100.0,    4.2,   33.1,    0.7,   22.1,   13.5,    4.2,   42.3,   29.6,    3.0,    1.3,    0.6,    0.0,   77.8,   84.7,   22.2,   15.3,    121,      6,     10,      7,     23,     16,     11,     40,     20,     18,      4,.,      0,     87,     70,    17.6,    35.6,    28.2,    52.2,    17.2,    34.3,    27.4,    50.7,"(CONTRACTS OF JPY 12,500,000)",097741,CME ,097 ,F10,FutOnly
JAPANESE YEN - CHICAGO MERCANTILE EXCHANGE,180320,2018-03-20,097741,CME ,00,097 ,  160250,   10188,   41090,     680,   31990,   17772,    7986,   70286,   59427,    4157,    2204,     975,       0,  127491,  132087,   32759,   28163, -119421, -107122,  -99216,   -6278,    1151,    -954,     404,   -2494,  -12003,   -1690,     564,      75,      -3, -115468, -119665,   -3953,     244,  100.0,    6.4,   25.6,    0.4,   20.0,   11.1,    5.0,   43.9,   37.1,    2.6,    1.4,    0.6,    0.0,   79.6,   82.4,   20.4,   17.6,    118,      8,      8,      7,     21,     16,     12,     35,     23,     15,      4,.,      0,     82,     70,    23.0,    39.9,    32.1,    55.2,    22.6,    38.6,    31.2,    53.5,"(CONTRACTS OF JPY 12,500,000)",097741,CME ,097 ,F10,FutOnly
JAPANESE YEN - CHICAGO MERCANTILE EXCHANGE,180313,2018-03-13,097741,CME ,00,097 ,  279671,  117310,  140306,    6958,   30839,   18726,    7582,   72780,   71430,    5847,    1640,     900,       3,  242959,  251752,   36712,   27919,    2344,    5049,   14456,    3796,   -4574,    1936,   -1034,    -286,  -17808,     505,    -389,      45,    -138,    2929,    1758,    -585,     586,  100.0,   41.9,   50.2,    2.5,   11.0,    6.7,    2.7,   26.0,   25.5,    2.1,    0.6,    0.3,    0.0,   86.9,   90.0,   13.1,   10.0,    126,      9,      8,      6,     21,     18,     10,     38,     25,     25,.,.,.,     91,     77,    47.6,    50.5,    56.8,    66.0,    46.3,    49.4,    55.3,    64.6,"(CONTRACTS OF JPY 12,500,000)",097741,CME ,097 ,F10,FutOnly
JAPANESE YEN - CHICAGO MERCANTILE EXCHANGE,180306,2018-03-06,097741,CME ,00,097 ,  277327,  112261,  125850,    3162,   35413,   16790,    8616,   73066,   89238,    5342,    2029,     855,     141,  240030,  249994,   37297,   27333,   14261,     144,   17675,    1750,    1094,    3153,    -540,    7776,   -9381,     118,     626,      82,     -11,   10957,   12846,    3304,    1415,  100.0,   40.5,   45.4,    1.1,   12.8,    6.1,    3.1,   26.3,   32.2,    1.9,    0.7,    0.3,    0.1,   86.6,   90.1,   13.4,    9.9,    128,      7,     11,      9,     21,     17,     11,     39,     26,     20,      5,.,.,     89,     80,    46.2,    47.7,    54.9,    64.3,    45.3,    47.7,    53.9,    63.8,"(CONTRACTS OF JPY 12,500,000)",097741,CME ,097 ,F10,FutOnly
JAPANESE YEN - CHICAGO MERCANTILE EXCHANGE,180227,2018-02-27,097741,CME ,00,097 ,  263066,  112117,  108175,    1412,   34319,   13637,    9156,   65290,   98619,    5224,    1403,     773,     152,  229073,  237148,   33993,   25918,   -8205,   -2844,    4651,     394,   -1504,    2752,    -156,    -270,  -15943,     429,    -987,      -5,    -102,   -5040,   -7980,   -3165,    -225,  100.0,   42.6,   41.1,    0.5,   13.0,    5.2,    3.5,   24.8,   37.5,    2.0,    0.5,    0.3,    0.1,   87.1,   90.1,   12.9,    9.9,    127,      7,     12,      7,     25,     14,     10,     35,     29,     20,.,.,.,     88,     77,    46.6,    48.6,    56.2,    63.0,    46.4,    48.6,    55.6,    62.8,"(CONTRACTS OF JPY 12,500,000)",097741,CME ,097 ,F10,FutOnly
JAPANESE YEN - CHICAGO MERCANTILE EXCHANGE,180220,2018-02-20,097741,CME ,00,097 ,  271271,  114961,  103524,    1018,   35823,   10885,    9312,   65560,  114562,    4795,    2390,     778,     254,  234113,  245128,   37158,   26143,   11101,    -984,   19546,     169,    3614,     388,    -163,    3848,   -9287,    1148,     570,    -932,       6,    8208,   10875,    2893,     226,  100.0,   42.4,   38.2,    0.4,   13.2,    4.0,    3.4,   24.2,   42.2,    1.8,    0.9,    0.3,    0.1,   86.3,   90.4,   13.7,    9.6,    124,      9,     10,      7,     24,     13,     11,     34,     26,     21,      4,.,.,     88,     76,    45.6,    48.2,    55.0,    64.3,    45.3,    48.2,    54.5,    64.3,"(CONTRACTS OF JPY 12,500,000)",097741,CME ,097 ,F10,FutOnly
JAPANESE YEN - CHICAGO MERCANTILE EXCHANGE,180213,2018-02-13,097741,CME ,00,097 ,  260170,  115945,   83978,     849,   32209,   10497,    9475,   61712,  123849,    3647,    1820,    1710,     248,  225905,  234253,   34265,   25917,   10692,     775,    9608,      54,   -2306,    1128,    -358,    6157,    1353,     126,     225,     533,     184,    4857,   12628,    5835,   -1936,  100.0,   44.6,   32.3,    0.3,   12.4,    4.0,    3.6,   23.7,   47.6,    1.4,    0.7,    0.7,    0.1,   86.8,   90.0,   13.2,   10.0,    123,      9,     11,      4,     20,     15,     11,     32,     28,     16,.,      5,.,     82,     75,    47.6,    46.2,    56.2,    61.9,    47.3,    46.2,    55.7,    61.9,"(CONTRACTS OF JPY 12,500,000)",097741,CME ,097 ,F10,FutOnly
JAPANESE YEN - CHICAGO MERCANTILE EXCHANGE,180206,2018-02-06,097741,CME ,00,097 ,  249478,  115170,   74370,     795,   34515,    9369,    9833,   55555,  122496,    3521,    1595,    1177,      64,  221048,  221625,   28430,   27853,  -10759,    -686,    1781,     -91,    -549,   -3572,    1355,   -6661,   -9767,    -673,    -147,    -400,    -101,   -7553,  -11468,   -3206,     709,  100.0,   46.2,   29.8,    0.3,   13.8,    3.8,    3.9,   22.3,   49.1,    1.4,    0.6,    0.5,    0.0,   88.6,   88.8,   11.4,   11.2,    118,      9,      9,      6,     21,     14,     12,     31,     28,     18,.,.,.,     82,     74,    49.5,    49.3,    58.3,    61.5,    49.2,    49.3,    57.8,    61.5,"(CONTRACTS OF JPY 12,500,000)",097741,CME ,097 ,F10,FutOnly
JAPANESE YEN - CHICAGO MERCANTILE EXCHANGE,180130,2018-01-30,097741,CME ,00,097 ,  260237,  115856,   72589,     886,   35064,   12941,    8478,   62216,  132263,    4194,    1742,    1577,     165,  228601,  233093,   31636,   27144,   19101,    -299,   34148,    -258,    6205,   -4626,     181,    8238,   -7828,     107,    -347,     358,      71,   13898,   22153,    5203,   -3052,  100.0,   44.5,   27.9,    0.3,   13.5,    5.0,    3.3,   23.9,   50.8,    1.6,    0.7,    0.6,    0.1,   87.8,   89.6,   12.2,   10.4,    123,      7,     10,      4,     21,     15,      9,     34,     28,     19,      4,      4,.,     79,     78,    47.8,    43.7,    57.1,    56.7,    47.5,    43.7,    56.5,    56.6,"(CONTRACTS OF JPY 12,500,000)",097741,CME ,097 ,F10,FutOnly
JAPANESE YEN - CHICAGO MERCANTILE EXCHANGE,180123,2018-01-23,097741,CME ,00,097 ,  241136,  116155,   38441,    1144,   28859,   17567,    8297,   53978,  140091,    4087,    2089,    1219,      94,  214703,  210940,   26433,   30196,    4831,    -839,    8500,     661,    2785,   -1960,   -1158,    3138,   -1245,     405,     296,       0,      62,    5350,    5265,    -519,    -434,  100.0,   48.2,   15.9,    0.5,   12.0,    7.3,    3.4,   22.4,   58.1,    1.7,    0.9,    0.5,    0.0,   89.0,   87.5,   11.0,   12.5,    120,      7,     11,      6,     19,     18,      7,     27,     30,     22,      5,.,.,     76,     81,    51.0,    41.0,    60.5,    51.6,    50.7,    41.0,    60.0,    51.5,"(CONTRACTS OF JPY 12,500,000)",097741,CME ,097 ,F10,FutOnly
JAPANESE YEN - CHICAGO MERCANTILE EXCHANGE,180116,2018-01-16,097741,CME ,00,097 ,  236305,  116994,   29941,     483,   26074,   19527,    9455,   50840,  141336,    3682,    1793,    1219,      32,  209353,  205675,   26952,   30630,    3161,  -11941,   18259,      88,    3924,   -4047,   -1500,    4347,   -4686,    -561,    1565,      48,       0,   -4078,    7601,    7239,   -4440,  100.0,   49.5,   12.7,    0.2,   11.0,    8.3,    4.0,   21.5,   59.8,    1.6,    0.8,    0.5,    0.0,   88.6,   87.0,   11.4,   13.0,    121,      9,     10,      5,     18,     19,      8,     28,     30,     18,      4,.,.,     73,     80,    50.9,    40.3,    60.3,    51.5,    50.7,    40.3,    59.8,    51.4,"(CONTRACTS OF JPY 12,500,000)",097741,CME ,097 ,F10,FutOnly
JAPANESE YEN - CHICAGO MERCANTILE EXCHANGE,180109,2018-01-09,097741,CME ,00,097 ,  233144,  128935,   11682,     395,   22150,   23574,   10955,   46493,  146022,    4243,     228,    1171,      32,  213431,  198074,   19713,   35070,    2580,    9458,    2051,    -338,     806,   -7711,     290,   -5438,    7767,    -641,    -463,       5,    -483,    3191,     940,    -611,    1640,  100.0,   55.3,    5.0,    0.2,    9.5,   10.1,    4.7,   19.9,   62.6,    1.8,    0.1,    0.5,    0.0,   91.5,   85.0,    8.5,   15.0,    120,     11,      6,      6,     17,     19,      9,     29,     34,     18,.,.,.,     72,     82,    52.2,    42.4,    62.0,    53.3,    52.0,    42.4,    61.0,    53.3,"(CONTRACTS OF JPY 12,500,000)",097741,CME ,097 ,F10,FutOnly
JAPANESE YEN - CHICAGO MERCANTILE EXCHANGE,180102,2018-01-02,097741,CME ,00,097 ,  230564,  119477,    9631,     733,   21344,   31285,   10665,   51931,  138255,    4884,     691,    1166,     515,  210240,  197134,   20324,   33430,   -1864,    -323,     548,      60,     857,   -2925,    -454,   -4283,    1833,     328,     -91,       0,     483,   -3423,    -127,    1559,   -1737,  100.0,   51.8,    4.2,    0.3,    9.3,   13.6,    4.6,   22.5,   60.0,    2.1,    0.3,    0.5,    0.2,   91.2,   85.5,    8.8,   14.5,    119,     11,      5,      6,     15,     22,     11,     32,     30,     19,.,.,.,     75,     82,    52.3,    43.1,    63.2,    53.9,    52.1,    43.1,    62.3,    53.8,"(CONTRACTS OF JPY 12,500,000)",097741,CME ,097 ,F10,FutOnly
EURO FX - CHICAGO MERCANTILE EXCHANGE,181231,2018-12-31,099741,CME ,00,099 ,  505986,   40539,  110896,    2252,  299788,  176416,   19495,   28805,  112280,   14493,   18625,   16835,     144,  424141,  452811,   81845,   53175,   -2267,     429,    2500,     317,    1341,   -1723,    -427,    2117,   -3262,    1415,     507,    1037,      61,    5760,     -82,   -8027,   -2185,  100.0,    8.0,   21.9,    0.4,   59.2,   34.9,    3.9,    5.7,   22.2,    2.9,    3.7,    3.3,    0.0,   83.8,   89.5,   16.2,   10.5,    271,     17,      9,     10,     93,     39,     44,     30,     47,     24,     20,     15,.,    191,    161,    20.4,    30.9,    31.4,    44.5,    19.8,    30.9,    30.2,    44.5,"(CONTRACTS OF EUR 125,000)",099741,CME ,099 ,F10,FutOnly
EURO FX - CHICAGO MERCANTILE EXCHANGE,181224,2018-12-24,099741,CME ,00,099 ,  508253,   40110,  108396,    1935,  298447,  178139,   19922,   26688,  115542,   13078,   18118,   15798,      83,  418381,  452893,   89872,   55360,    2542,   -3102,    9764,    -114,    4133,   -4473,   -1371,   -1233,    3033,   -1973,   -1087,     -96,    -207,   -4954,    4563,    7496,   -2021,  100.0,    7.9,   21.3,    0.4,   58.7,   35.0,    3.9,    5.3,   22.7,    2.6,    3.6,    3.1,    0.0,   82.3,   89.1,   17.7,   10.9,    270,     15,     11,      9,     91,     40,     45,     26,     53,     20,     20,     13,.,    182,    164,    20.9,    30.9,    31.9,    44.7,    20.3,    30.8,    30.8,    44.7,"(CONTRACTS OF EUR 125,000)",099741,CME ,099 ,F10,FutOnly
EURO FX - CHICAGO MERCANTILE EXCHANGE,181218,2018-12-18,099741,CME ,00,099 ,  505711,   43212,   98632,    2049,  294314,  182612,   21293,   27921,  112509,   15051,   19205,   15894,     290,  423335,  448330,   82376,   57381, -108034,    4782,    3658,  -82685,    2366,   11605,   -1429,   -3807,  -11675,   -1242,    1879,    -911,      31,  -80105,  -82648,  -27929,  -25386,  100.0,    8.5,   19.5,    0.4,   58.2,   36.1,    4.2,    5.5,   22.2,    3.0,    3.8,    3.1,    0.1,   83.7,   88.7,   16.3,   11.3,    270,     15,     10,      7,     91,     39,     44,     27,     51,     21,     21,     15,      4,    184,    162,    20.1,    29.9,    31.3,    44.1,    19.3,    29.7,    30.0,    43.9,"(CONTRACTS OF EUR 125,000)",099741,CME ,099 ,F10,FutOnly
EURO FX - CHICAGO MERCANTILE EXCHANGE,181211,2018-12-11,099741,CME ,00,099 ,  613745,   38430,   94974,   84734,  291948,  171007,   22722,   31728,  124184,   16293,   17326,   16805,     259,  503440,  530978,  110305,   82767,   68208,   -2134,    4369,   54584,    2633,    3102,     997,    2366,   -7257,   -6293,   -1648,    -301,    -346,   50159,   48855,   18049,   19353,  100.0,    6.3,   15.5,   13.8,   47.6,   27.9,    3.7,    5.2,   20.2,    2.7,    2.8,    2.7,    0.0,   82.0,   86.5,   18.0,   13.5,    274,     15,     11,     13,     91,     38,     46,     29,     57,     23,     19,     14,      4,    184,    176,    24.2,    33.1,    34.9,    44.2,    15.6,    22.0,    23.8,    32.6,"(CONTRACTS OF EUR 125,000)",099741,CME ,099 ,F10,FutOnly
EURO FX - CHICAGO MERCANTILE EXCHANGE,181204,2018-12-04,099741,CME ,00,099 ,  545537,   40564,   90605,   30150,  289315,  167905,   21725,   29362,  131441,   22586,   18974,   17106,     605,  453281,  482123,   92256,   63414,    7083,    3152,     210,   -1150,   -2632,    6297,   -1228,    2860,   -6662,    6844,   -1463,     686,     378,    6761,    5375,     322,    1708,  100.0,    7.4,   16.6,    5.5,   53.0,   30.8,    4.0,    5.4,   24.1,    4.1,    3.5,    3.1,    0.1,   83.1,   88.4,   16.9,   11.6,    278,     17,     12,     11,     92,     38,     46,     30,     55,     22,     20,     14,.,    182,    178,    18.5,    29.2,    30.6,    41.7,    17.7,    25.4,    26.6,    37.4,"(CONTRACTS OF EUR 125,000)",099741,CME ,099 ,F10,FutOnly
EURO FX - CHICAGO MERCANTILE EXCHANGE,181127,2018-11-27,099741,CME ,00,099 ,  538454,   37412,   90395,   31300,  291947,  161608,   22953,   26502,  138103,   15742,   20437,   16420,     227,  446520,  476748,   91934,   61706,    2747,     164,   -1085,    7002,     526,    1462,   -1400,  -10012,    1329,    -960,    2112,   -2326,      19,   -2549,    4041,    5296,   -1294,  100.0,    6.9,   16.8,    5.8,   54.2,   30.0,    4.3,    4.9,   25.6,    2.9,    3.8,    3.0,    0.0,   82.9,   88.5,   17.1,   11.5,    277,     17,     11,     10,     94,     37,     45,     26,     56,     20,     22,     14,.,    183,    172,    18.9,    30.8,    31.0,    42.9,    17.9,    26.7,    27.2,    38.2,"(CONTRACTS OF EUR 125,000)",099741,CME ,099 ,F10,FutOnly
EURO FX - CHICAGO MERCANTILE EXCHANGE,181120,2018-11-20,099741,CME ,00,099 ,  535707,   37248,   91480,   24298,  291421,  160146,   24353,   36514,  136774,   16702,   18325,   18746,     208,  449069,  472707,   86638,   63000,   15467,   -1629,   -7641,   13467,   -5223,     798,    1178,   -5343,    5998,    5811,      47,    -296,     -11,    8297,   19304,    7170,   -3837,  100.0,    7.0,   17.1,    4.5,   54.4,   29.9,    4.5,    6.8,   25.5,    3.1,    3.4,    3.5,    0.0,   83.8,   88.2,   16.2,   11.8,    286,     17,     11,     10,     92,     38,     45,     31,     57,     24,     23,     17,      4,    191,    178,    18.7,    30.1,    29.6,    42.5,    17.9,    27.1,    27.4,    38.8,"(CONTRACTS OF EUR 125,000)",099741,CME ,099 ,F10,FutOnly
EURO FX - CHICAGO MERCANTILE EXCHANGE,181113,2018-11-13,099741,CME ,00,099 ,  520240,   38877,   99121,   10831,  296644,  159348,   23175,   41857,  130776,   10891,   18278,   19042,     219,  440772,  453403,   79468,   66837,   10047,    -705,    6199,   -1717,   11906,     271,     727,   12922,    -409,    2103,   -4974,     428,    -775,   19487,    6827,   -9440,    3220,  100.0,    7.5,   19.1,    2.1,   57.0,   30.6,    4.5,    8.0,   25.1,    2.1,    3.5,    3.7,    0.0,   84.7,   87.2,   15.3,   12.8,    286,     17,     11,     10,     92,     38,     45,     36,     53,     22,     22,     17,      5,    191,    177,    19.9,    28.7,    31.3,    42.0,    19.2,    27.9,    29.2,    40.8,"(CONTRACTS OF EUR 125,000)",099741,CME ,099 ,F10,FutOnly
EURO FX - CHICAGO MERCANTILE EXCHANGE,181106,2018-11-06,099741,CME ,00,099 ,  510193,   39582,   92922,   12548,  284738,  159077,   22448,   28935,  131185,    8788,   23252,   18614,     994,  421285,  446576,   88908,   63617,    5735,   -5034,    2477,    5869,   10624,    2719,    -995,   -8111,     993,    -390,   -2115,   -3591,     515,     363,    7597,    5372,   -1862,  100.0,    7.8,   18.2,    2.5,   55.8,   31.2,    4.4,    5.7,   25.7,    1.7,    4.6,    3.6,    0.2,   82.6,   87.5,   17.4,   12.5,    273,     17,     11,      9,     85,     39,     46,     25,     59,     20,     23,     14,      7,    172,    183,    20.2,    28.4,    30.9,    42.0,    19.3,    27.1,    28.9,    40.4,"(CONTRACTS OF EUR 125,000)",099741,CME ,099 ,F10,FutOnly
EURO FX - CHICAGO MERCANTILE EXCHANGE,181030,2018-10-30,099741,CME ,00,099 ,  504458,   44616,   90445,    6679,  274114,  156358,   23443,   37046,  130192,    9178,   25367,   22205,     479,  420922,  438979,   83536,   65479,   14629,   10380,   -3440,   -3791,   -4418,    6359,    1353,    6810,    6798,     917,    -608,    2045,      11,   10654,   10252,    3975,    4377,  100.0,    8.8,   17.9,    1.3,   54.3,   31.0,    4.6,    7.3,   25.8,    1.8,    5.0,    4.4,    0.1,   83.4,   87.0,   16.6,   13.0,    287,     18,      9,      9,     85,     39,     47,     27,     65,     21,     25,     19,      5,    182,    187,    20.1,    26.3,    30.6,    38.9,    19.2,    25.8,    28.3,    38.2,"(CONTRACTS OF EUR 125,000)",099741,CME ,099 ,F10,FutOnly
EURO FX - CHICAGO MERCANTILE EXCHANGE,181023,2018-10-23,099741,CME ,00,099 ,  489829,   34236,   93885,   10470,  278532,  149999,   22090,   30236,  123394,    8261,   25975,   20160,     468,  410268,  428727,   79561,   61102,   20530,    7788,   -4831,    4248,    1211,    7509,   -1362,    3307,   11238,    -662,    4734,    4152,       0,   19264,   20292,    1266,     238,  100.0,    7.0,   19.2,    2.1,   56.9,   30.6,    4.5,    6.2,   25.2,    1.7,    5.3,    4.1,    0.1,   83.8,   87.5,   16.2,   12.5,    287,     18,     10,      9,     88,     38,     44,     30,     58,     23,     28,     17,      5,    189,    179,    21.1,    25.9,    31.0,    40.3,    20.2,    25.1,    29.2,    39.3,"(CONTRACTS OF EUR 125,000)",099741,CME ,099 ,F10,FutOnly
EURO FX - CHICAGO MERCANTILE EXCHANGE,181016,2018-10-16,099741,CME ,00,099 ,  469299,   26448,   98716,    6222,  277321,  142490,   23452,   26929,  112156,    8923,   21241,   16008,     468,  391004,  408435,   78295,   60864,  -14503,     750,   -3527,   -2414,    6149,    -626,   -2248,   -9917,   -6612,    1423,   -4003,    -405,    -442,  -10702,  -14851,   -3801,     348,  100.0,    5.6,   21.0,    1.3,   59.1,   30.4,    5.0,    5.7,   23.9,    1.9,    4.5,    3.4,    0.1,   83.3,   87.0,   16.7,   13.0,    282,     16,     12,     10,     86,     38,     46,     29,     57,     24,     28,     16,      5,    189,    178,    22.1,    25.5,    32.4,    40.3,    21.1,    25.3,    30.5,    40.1,"(CONTRACTS OF EUR 125,000)",099741,CME ,099 ,F10,FutOnly
EURO FX - CHICAGO MERCANTILE EXCHANGE,181009,2018-10-09,099741,CME ,00,099 ,  483802,   25698,  102243,    8636,  271172,  143116,   25700,   36846,  118768,    7500,   25244,   16413,     910,  401706,  423286,   82096,   60516,    4158,    -464,   -8006,    3419,     406,    9257,   -1306,    -769,    -663,   -1861,     406,    3970,      -5,    -174,    4805,    4332,    -647,  100.0,    5.3,   21.1,    1.8,   56.1,   29.6,    5.3,    7.6,   24.5,    1.6,    5.2,    3.4,    0.2,   83.0,   87.5,   17.0,   12.5,    293,     15,     14,     10,     85,     39,     45,     31,     62,     19,     29,     17,      6,    189,    184,    20.7,    25.4,    30.1,    39.6,    19.4,    24.9,    28.4,    39.1,"(CONTRACTS OF EUR 125,000)",099741,CME ,099 ,F10,FutOnly
EURO FX - CHICAGO MERCANTILE EXCHANGE,181002,2018-10-02,099741,CME ,00,099 ,  479644,   26162,  110249,    5217,  270766,  133859,   27006,   37615,  119431,    9361,   24838,   12443,     915,  401880,  418481,   77764,   61163,    1763,    6107,  -15130,    2792,   -5907,    7033,    -300,    5594,     716,   -1665,    4689,    1431,      30,   11340,   -5093,   -9577,    6856,  100.0,    5.5,   23.0,    1.1,   56.5,   27.9,    5.6,    7.8,   24.9,    2.0,    5.2,    2.6,    0.2,   83.8,   87.2,   16.2,   12.8,    291,     16,     13,     10,     86,     38,     45,     29,     63,     20,     30,     15,      8,    193,    181,    20.8,    26.3,    30.4,    40.6,    19.4,    26.0,    28.3,    40.2,"(CONTRACTS OF EUR 125,000)",099741,CME ,099 ,F10,FutOnly
EURO FX - CHICAGO MERCANTILE EXCHANGE,180925,2018-09-25,099741,CME ,00,099 ,  477881,   20055,  125379,    2425,  276673,  126826,   27306,   32021,  118715,   11026,   20149,   11012,     885,  390540,  423574,   87341,   54307,   12751,   -1976,   20302,    -773,    8670,   -1992,   -2032,   -1677,    8354,    3267,    1042,   -8893,      -1,    6520,   18232,    6231,   -5481,  100.0,    4.2,   26.2,    0.5,   57.9,   26.5,    5.7,    6.7,   24.8,    2.3,    4.2,    2.3,    0.2,   81.7,   88.6,   18.3,   11.4,    281,     14,     15,     10,     88,     37,     46,     29,     57,     23,     25,     15,      8,    189,    179,    21.1,    27.3,    30.7,    42.5,    20.2,    26.9,    29.0,    41.9,"(CONTRACTS OF EUR 125,000)",099741,CME ,099 ,F10,FutOnly
EURO FX - CHICAGO MERCANTILE EXCHANGE,180918,2018-09-18,099741,CME ,00,099 ,  465130,   22031,  105077,    3198,  268003,  128818,   29338,   33698,  110361,    7759,   19107,   19905,     886,  384020,  405342,   81110,   59788,  -85362,  -37673,  -37440,  -36988,    3970,    5636,   -1973,    3750,    4456,   -8206,     386,   -3138,     -40,  -76774,  -77693,   -8588,   -7669,  100.0,    4.7,   22.6,    0.7,   57.6,   27.7,    6.3,    7.2,   23.7,    1.7,    4.1,    4.3,    0.2,   82.6,   87.1,   17.4,   12.9,    278,     15,     13,      8,     86,     37,     46,     35,     53,     18,     22,     15,      7,    182,    175,    21.1,    27.4,    31.0,    42.8,    20.1,    27.0,    29.2,    41.9,"(CONTRACTS OF EUR 125,000)",099741,CME ,099 ,F10,FutOnly
EURO FX - CHICAGO MERCANTILE EXCHANGE,180911,2018-09-11,099741,CME ,00,099 ,  550492,   59704,  142517,   40186,  264033,  123182,   31311,   29948,  105905,   15965,   18721,   23043,     926,  460794,  483035,   89698,   67457,   22913,   -1451,   -4392,   28499,   -9552,   -3525,     495,   -3974,  -22912,    6257,     365,   16662,    -902,   19737,   20182,    3176,    2731,  100.0,   10.8,   25.9,    7.3,   48.0,   22.4,    5.7,    5.4,   19.2,    2.9,    3.4,    4.2,    0.2,   83.7,   87.7,   16.3,   12.3,    268,     16,      8,     13,     86,     36,     48,     25,     57,     20,     22,     17,      6,    179,    176,    20.0,    40.0,    31.0,    52.0,    17.1,    33.6,    26.6,    44.6,"(CONTRACTS OF EUR 125,000)",099741,CME ,099 ,F10,FutOnly
EURO FX - CHICAGO MERCANTILE EXCHANGE,180904,2018-09-04,099741,CME ,00,099 ,  527579,   61155,  146909,   11687,  273585,  126707,   30816,   33922,  128817,    9708,   18356,    6381,    1828,  441057,  462853,   86522,   64726,   -1545,    -821,    7461,   -2370,    2359,     800,    -500,     881,   -3954,   -3879,     374,    -511,     689,   -3267,   -2264,    1722,     719,  100.0,   11.6,   27.8,    2.2,   51.9,   24.0,    5.8,    6.4,   24.4,    1.8,    3.5,    1.2,    0.3,   83.6,   87.7,   16.4,   12.3,    272,     19,     10,     13,     85,     37,     43,     25,     62,     21,     24,      9,      8,    180,    177,    19.0,    36.5,    29.4,    49.1,    18.0,    36.3,    27.8,    47.4,"(CONTRACTS OF EUR 125,000)",099741,CME ,099 ,F10,FutOnly
EURO FX - CHICAGO MERCANTILE EXCHANGE,180828,2018-08-28,099741,CME ,00,099 ,  529124,   61976,  139448,   14057,  271226,  125907,   31316,   33041,  132771,   13587,   17982,    6892,    1139,  444324,  465117,   84800,   64007,   -3013,   -7013,    7865,    9151,   -2397,   -5054,     377,  -12287,  -14831,    5380,   -3174,    -650,     -18,   -9981,    2220,    6968,   -5233,  100.0,   11.7,   26.4,    2.7,   51.3,   23.8,    5.9,    6.2,   25.1,    2.6,    3.4,    1.3,    0.2,   84.0,   87.9,   16.0,   12.1,    276,     21,     10,     13,     87,     38,     43,     28,     59,     22,     21,     10,      6,    185,    175,    18.7,    35.9,    29.1,    47.4,    17.8,    35.4,    27.5,    45.4,"(CONTRACTS OF EUR 125,000)",099741,CME ,099 ,F10,FutOnly
EURO FX - CHICAGO MERCANTILE EXCHANGE,180821,2018-08-21,099741,CME ,00,099 ,  532137,   68989,  131583,    4906,  273623,  130961,   30939,   45328,  147602,    8207,   21156,    7542,    1157,  454305,  462897,   77832,   69240,    5566,    9306,    1490,    -735,    1904,     332,     263,     196,    4612,    -267,   -1776,    -308,      68,    8959,    5455,   -3393,     111,  100.0,   13.0,   24.7,    0.9,   51.4,   24.6,    5.8,    8.5,   27.7,    1.5,    4.0,    1.4,    0.2,   85.4,   87.0,   14.6,   13.0,    282,     23,      9,     11,     84,     39,     42,     28,     64,     25,     23,     11,      6,    184,    182,    19.0,    34.1,    29.4,    46.7,    18.1,    34.0,    27.8,    45.0,"(CONTRACTS OF EUR 125,000)",099741,CME ,099 ,F10,FutOnly
EURO FX - CHICAGO MERCANTILE EXCHANGE,180814,2018-08-14,099741,CME ,00,099 ,  526571,   59683,  130093,    5641,  271719,  130629,   30676,   45132,  142990,    8474,   22932,    7850,    1089,  445346,  457442,   81225,   69129,   19385,    7154,  -16443,     176,   -1208,    8426,   -1534,    9389,   24723,     906,    4412,    -392,      15,   19310,   15877,      75,    3508,  100.0,   11.3,   24.7,    1.1,   51.6,   24.8,    5.8,    8.6,   27.2,    1.6,    4.4,    1.5,    0.2,   84.6,   86.9,   15.4,   13.1,    290,     21,      8,     10,     87,     39,     42,     30,     67,     24,     25,     12,      5,    187,    184,    18.9,    34.1,    29.2,    45.9,    18.0,    33.6,    27.7,    44.0,"(CONTRACTS OF EUR 125,000)",099741,CME ,099 ,F10,FutOnly
EURO FX - CHICAGO MERCANTILE EXCHANGE,180807,2018-08-07,099741,CME ,00,099 ,  507186,   52529,  146536,    5465,  272927,  122203,   32210,   35743,  118267,    7568,   18520,    8242,    1074,  426036,  441565,   81150,   65621,    7465,    5042,  -22275,    1211,     961,    6563,    -694,    1475,   16907,     889,     824,   -1133,     197,    9905,    1665,   -2440,    5800,  100.0,   10.4,   28.9,    1.1,   53.8,   24.1,    6.4,    7.0,   23.3,    1.5,    3.7,    1.6,    0.2,   84.0,   87.1,   16.0,   12.9,    279,     19,     10,     12,     87,     37,     41,     27,     64,     20,     22,     13,      5,    178,    179,    19.7,    37.6,    29.9,    49.5,    18.8,    37.1,    28.3,    47.6,"(CONTRACTS OF EUR 125,000)",099741,CME ,099 ,F10,FutOnly
EURO FX - CHICAGO MERCANTILE EXCHANGE,180731,2018-07-31,099741,CME ,00,099 ,  499721,   47487,  168811,    4254,  271966,  115640,   32904,   34268,  101360,    6679,   17696,    9375,     877,  416131,  439900,   83590,   59821,    3056,   -9502,    4833,     773,    4368,     662,   -1527,     358,    -543,    -888,     818,    -574,     122,   -5478,    2858,    8534,     198,  100.0,    9.5,   33.8,    0.9,   54.4,   23.1,    6.6,    6.9,   20.3,    1.3,    3.5,    1.9,    0.2,   83.3,   88.0,   16.7,   12.0,    273,     17,     13,     12,     87,     37,     39,     30,     52,     19,     21,     15,      5,    180,    168,    20.2,    41.5,    30.4,    53.3,    19.4,    41.0,    28.9,    51.4,"(CONTRACTS OF EUR 125,000)",099741,CME ,099 ,F10,FutOnly
EURO FX - CHICAGO MERCANTILE EXCHANGE,180724,2018-07-24,099741,CME ,00,099 ,  496665,   56989,  163978,    3481,  267598,  114978,   34431,   33910,  101903,    7567,   16878,    9949,     755,  421609,  437042,   75056,   59623,    6601,   -5580,    8414,     129,    4208,    -550,     385,    1594,   -1366,     620,   -2069,    -901,     257,    -456,    6988,    7057,    -387,  100.0,   11.5,   33.0,    0.7,   53.9,   23.1,    6.9,    6.8,   20.5,    1.5,    3.4,    2.0,    0.2,   84.9,   88.0,   15.1,   12.0,    278,     20,      9,     11,     86,     39,     39,     32,     55,     24,     20,     17,      5,    183,    174,    20.7,    40.9,    30.8,    53.2,    19.9,    40.3,    29.4,    51.3,"(CONTRACTS OF EUR 125,000)",099741,CME ,099 ,F10,FutOnly
EURO FX - CHICAGO MERCANTILE EXCHANGE,180717,2018-07-17,099741,CME ,00,099 ,  490064,   62569,  155564,    3352,  263390,  115528,   34046,   32316,  103269,    6947,   18947,   10850,     498,  422065,  430054,   67999,   60010,   12468,    1489,   15025,    -301,   16629,    1470,    -228,   -3282,   -1431,   -1692,    -294,    2044,      30,   12351,   14917,     117,   -2449,  100.0,   12.8,   31.7,    0.7,   53.7,   23.6,    6.9,    6.6,   21.1,    1.4,    3.9,    2.2,    0.1,   86.1,   87.8,   13.9,   12.2,    278,     21,      7,     11,     84,     40,     40,     27,     61,     18,     20,     18,      5,    177,    175,    21.0,    40.4,    30.9,    53.1,    20.2,    39.8,    29.5,    51.1,"(CONTRACTS OF EUR 125,000)",099741,CME ,099 ,F10,FutOnly
EURO FX - CHICAGO MERCANTILE EXCHANGE,180710,2018-07-10,099741,CME ,00,099 ,  477596,   61080,  140539,    3653,  246761,  114058,   34274,   35598,  104700,    8639,   19241,    8806,     468,  409714,  415137,   67882,   62459,   -9535,   10615,  -14439,    2304,  -11835,   -3617,     622,   -7426,    4710,      69,    -178,   -1247,    -666,   -6495,  -12264,   -3040,    2729,  100.0,   12.8,   29.4,    0.8,   51.7,   23.9,    7.2,    7.5,   21.9,    1.8,    4.0,    1.8,    0.1,   85.8,   86.9,   14.2,   13.1,    275,     23,      6,     12,     85,     39,     42,     32,     56,     22,     21,     13,      5,    186,    170,    19.0,    38.2,    28.8,    51.3,    18.5,    37.6,    27.1,    49.3,"(CONTRACTS OF EUR 125,000)",099741,CME ,099 ,F10,FutOnly
EURO FX - CHICAGO MERCANTILE EXCHANGE,180703,2018-07-03,099741,CME ,00,099 ,  487131,   50465,  154978,    1349,  258596,  117675,   33652,   43024,   99990,    8570,   19419,   10053,    1134,  416209,  427401,   70922,   59730,    5748,    4011,    2727,     328,   -6132,    -791,    1155,    3754,     662,     480,   -2158,     133,      89,    1527,    4783,    4221,     965,  100.0,   10.4,   31.8,    0.3,   53.1,   24.2,    6.9,    8.8,   20.5,    1.8,    4.0,    2.1,    0.2,   85.4,   87.7,   14.6,   12.3,    282,     18,      9,     12,     85,     41,     43,     35,     57,     21,     21,     16,      5,    185,    178,    20.8,    39.5,    30.5,    52.2,    20.0,    39.5,    28.8,    50.8,"(CONTRACTS OF EUR 125,000)",099741,CME ,099 ,F10,FutOnly
EURO FX - CHICAGO MERCANTILE EXCHANGE,180626,2018-06-26,099741,CME ,00,099 ,  481383,   46454,  152251,    1021,  264728,  118466,   32497,   39270,   99328,    8090,   21577,    9920,    1045,  414682,  422618,   66701,   58765,    3183,    2743,     577,     163,    3280,    2109,    -998,   -1491,    3260,    -554,    -660,    -923,    -101,    2382,    3533,     801,    -350,  100.0,    9.7,   31.6,    0.2,   55.0,   24.6,    6.8,    8.2,   20.6,    1.7,    4.5,    2.1,    0.2,   86.1,   87.8,   13.9,   12.2,    286,     20,     10,     11,     89,     41,     44,     34,     53,     24,     24,     15,      4,    191,    178,    21.2,    38.4,    31.0,    50.6,    20.3,    38.4,    29.3,    49.1,"(CONTRACTS OF EUR 125,000)",099741,CME ,099 ,F10,FutOnly
EURO FX - CHICAGO MERCANTILE EXCHANGE,180619,2018-06-19,099741,CME ,00,099 ,  478200,   43711,  151674,     858,  261448,  116357,   33495,   40761,   96068,    8644,   22237,   10843,    1146,  412300,  419085,   65900,   59115, -121361,  -44709,  -74451,  -42553,   -9585,    4054,   -1293,  -10141,    3156,   -7113,    2178,    2468,     -68, -113284, -115800,   -8077,   -5561,  100.0,    9.1,   31.7,    0.2,   54.7,   24.3,    7.0,    8.5,   20.1,    1.8,    4.7,    2.3,    0.2,   86.2,   87.6,   13.8,   12.4,    286,     21,      9,     10,     85,     43,     44,     34,     53,     21,     25,     16,      4,    188,    177,    21.4,    38.1,    31.1,    48.9,    20.5,    38.1,    29.4,    47.4,"(CONTRACTS OF EUR 125,000)",099741,CME ,099 ,F10,FutOnly
EURO FX - CHICAGO MERCANTILE EXCHANGE,180612,2018-06-12,099741,CME ,00,099 ,  599561,   88420,  226125,   43411,  271033,  112303,   34788,   50902,   92912,   15757,   20059,    8375,    1214,  525584,  534885,   73977,   64676,   23274,     991,   12045,   17707,   16659,    1494,   -1746,  -16616,   -8073,    2978,    -258,    -755,    -971,   18744,   22679,    4530,     595,  100.0,   14.7,   37.7,    7.2,   45.2,   18.7,    5.8,    8.5,   15.5,    2.6,    3.3,    1.4,    0.2,   87.7,   89.2,   12.3,   10.8,    273,     21,      8,     15,     86,     37,     38,     33,     50,     36,     22,     15,      4,    192,    174,    18.2,    42.7,    30.4,    52.2,    17.7,    36.8,    27.4,    46.0,"(CONTRACTS OF EUR 125,000)",099741,CME ,099 ,F10,FutOnly
EURO FX - CHICAGO MERCANTILE EXCHANGE,180605,2018-06-05,099741,CME ,00,099 ,  576287,   87429,  214080,   25704,  254374,  110809,   36534,   67518,  100985,   12779,   20317,    9130,    2185,  506840,  512206,   69447,   64081,   24036,   12084,  -13796,   14584,    7053,    6314,    1471,   -2916,   12661,    1719,     223,   -1365,     323,   34541,   21911,  -10505,    2125,  100.0,   15.2,   37.1,    4.5,   44.1,   19.2,    6.3,   11.7,   17.5,    2.2,    3.5,    1.6,    0.4,   87.9,   88.9,   12.1,   11.1,    276,     21,      8,     11,     85,     35,     40,     34,     54,     30,     24,     13,      6,    192,    171,    18.7,    40.1,    30.8,    49.3,    18.1,    36.8,    27.7,    45.7,"(CONTRACTS OF EUR 125,000)",099741,CME ,099 ,F10,FutOnly
EURO FX - CHICAGO MERCANTILE EXCHANGE,180529,2018-05-29,099741,CME ,00,099 ,  552251,   75345,  227876,   11120,  247321,  104495,   35063,   70434,   88324,   11060,   20094,   10495,    1862,  472299,  490295,   79952,   61956,   31603,   10239,   -9004,    5110,  -10557,    7125,    6341,    9586,   16788,    -136,    1833,     210,     793,   23209,   27227,    8394,    4376,  100.0,   13.6,   41.3,    2.0,   44.8,   18.9,    6.3,   12.8,   16.0,    2.0,    3.6,    1.9,    0.3,   85.5,   88.8,   14.5,   11.2,    275,     21,      8,     13,     85,     37,     44,     32,     54,     28,     26,     10,      6,    193,    173,    17.9,    41.7,    28.6,    50.8,    17.3,    40.7,    27.1,    49.6,"(CONTRACTS OF EUR 125,000)",099741,CME ,099 ,F10,FutOnly
EURO FX - CHICAGO MERCANTILE EXCHANGE,180522,2018-05-22,099741,CME ,00,099 ,  520648,   65106,  236880,    6010,  257878,   97370,   28722,   60848,   71536,   11196,   18261,   10285,    1069,  449090,  463068,   71558,   57580,   15534,    8765,   -3782,    2096,     -96,    4722,    -657,    3131,    9735,    2163,    1448,    2722,    -720,   16130,   16279,    -596,    -745,  100.0,   12.5,   45.5,    1.2,   49.5,   18.7,    5.5,   11.7,   13.7,    2.2,    3.5,    2.0,    0.2,   86.3,   88.9,   13.7,   11.1,    274,     19,     10,     13,     87,     36,     44,     38,     50,     26,     21,     12,      5,    189,    173,    19.3,    44.4,    28.8,    53.1,    18.6,    44.2,    27.3,    52.5,"(CONTRACTS OF EUR 125,000)",099741,CME ,099 ,F10,FutOnly
EURO FX - CHICAGO MERCANTILE EXCHANGE,180515,2018-05-15,099741,CME ,00,099 ,  505114,   56341,  240662,    3914,  257974,   92648,   29379,   57717,   61801,    9033,   16813,    7563,    1789,  432960,  446789,   72154,   58325,  -10018,    6315,  -17616,    1709,   -3046,    2538,    -578,   -9952,    -977,    -312,   -1009,    1528,      36,   -6837,  -13672,   -3181,    3654,  100.0,   11.2,   47.6,    0.8,   51.1,   18.3,    5.8,   11.4,   12.2,    1.8,    3.3,    1.5,    0.4,   85.7,   88.5,   14.3,   11.5,    260,     19,     10,     11,     86,     36,     44,     37,     43,     22,     16,     11,      5,    181,    161,    19.6,    46.2,    29.0,    54.8,    18.8,    46.0,    27.6,    54.3,"(CONTRACTS OF EUR 125,000)",099741,CME ,099 ,F10,FutOnly
EURO FX - CHICAGO MERCANTILE EXCHANGE,180508,2018-05-08,099741,CME ,00,099 ,  515132,   50026,  258278,    2205,  261020,   90110,   29957,   67669,   62778,    9345,   17822,    6035,    1753,  439797,  460461,   75335,   54671,    5473,    7059,     -67,    -499,   -4242,    3690,    1214,    3354,     973,   -2763,    -894,    -187,     160,    3389,    2521,    2084,    2952,  100.0,    9.7,   50.1,    0.4,   50.7,   17.5,    5.8,   13.1,   12.2,    1.8,    3.5,    1.2,    0.3,   85.4,   89.4,   14.6,   10.6,    268,     20,     11,      9,     85,     36,     44,     37,     47,     20,     19,     11,      5,    185,    161,    19.5,    47.5,    28.2,    55.9,    18.7,    47.3,    26.9,    55.5,"(CONTRACTS OF EUR 125,000)",099741,CME ,099 ,F10,FutOnly
EURO FX - CHICAGO MERCANTILE EXCHANGE,180501,2018-05-01,099741,CME ,00,099 ,  509659,   42967,  258345,    2704,  265262,   86420,   28743,   64315,   61805,   12108,   18716,    6222,    1593,  436408,  457940,   73251,   51719,   15505,    4718,   -7011,     222,    5643,    6328,     394,    7945,   13788,    -620,     886,    1473,     586,   19774,   15160,   -4269,     345,  100.0,    8.4,   50.7,    0.5,   52.0,   17.0,    5.6,   12.6,   12.1,    2.4,    3.7,    1.2,    0.3,   85.6,   89.9,   14.4,   10.1,    260,     18,     10,     11,     84,     33,     43,     36,     45,     22,     20,     11,      4,    184,    156,    20.1,    48.3,    28.5,    57.5,    19.3,    48.0,    27.0,    57.0,"(CONTRACTS OF EUR 125,000)",099741,CME ,099 ,F10,FutOnly
EURO FX - CHICAGO MERCANTILE EXCHANGE,180424,2018-04-24,099741,CME ,00,099 ,  494154,   38249,  265356,    2482,  259619,   80092,   28349,   56370,   48017,   12728,   17830,    4749,    1007,  416634,  442780,   77520,   51374,  -14878,    4680,  -18105,      40,    4374,    2107,     714,  -24009,   -2384,    2339,   -1424,   -1828,     466,  -12820,  -16651,   -2058,    1773,  100.0,    7.7,   53.7,    0.5,   52.5,   16.2,    5.7,   11.4,    9.7,    2.6,    3.6,    1.0,    0.2,   84.3,   89.6,   15.7,   10.4,    255,     18,     11,      9,     85,     32,     41,     36,     43,     22,     20,      9,      7,    186,    148,    21.6,    51.5,    29.7,    61.2,    20.8,    51.4,    28.2,    61.0,"(CONTRACTS OF EUR 125,000)",099741,CME ,099 ,F10,FutOnly
EURO FX - CHICAGO MERCANTILE EXCHANGE,180417,2018-04-17,099741,CME ,00,099 ,  509032,   33569,  283461,    2442,  255245,   77985,   27635,   80379,   50401,   10389,   19254,    6577,     541,  429454,  459431,   79578,   49601,     828,    -962,    1482,    -263,    4813,    -880,     448,    2194,   -2734,   -1024,   -4974,      20,      -7,     225,   -2958,     603,    3786,  100.0,    6.6,   55.7,    0.5,   50.1,   15.3,    5.4,   15.8,    9.9,    2.0,    3.8,    1.3,    0.1,   84.4,   90.3,   15.6,    9.7,    252,     16,     13,     11,     86,     30,     42,     44,     34,     19,     18,     10,      5,    189,    140,    19.8,    52.5,    27.8,    62.1,    19.1,    52.4,    26.4,    61.8,"(CONTRACTS OF EUR 125,000)",099741,CME ,099 ,F10,FutOnly
EURO FX - CHICAGO MERCANTILE EXCHANGE,180410,2018-04-10,099741,CME ,00,099 ,  508204,   34531,  281979,    2705,  250432,   78865,   27187,   78185,   53135,   11413,   24228,    6557,     548,  429229,  462389,   78975,   45815,   14527,   -6449,   19655,     431,   10837,   -3974,     -92,    9852,    3946,   -1758,    -836,      51,    -223,   11762,   18036,    2765,   -3509,  100.0,    6.8,   55.5,    0.5,   49.3,   15.5,    5.3,   15.4,   10.5,    2.2,    4.8,    1.3,    0.1,   84.5,   91.0,   15.5,    9.0,    255,     17,     13,     14,     82,     30,     43,     46,     32,     20,     24,     10,      5,    196,    141,    19.5,    52.1,    27.5,    62.1,    18.8,    52.0,    26.2,    61.5,"(CONTRACTS OF EUR 125,000)",099741,CME ,099 ,F10,FutOnly
EURO FX - CHICAGO MERCANTILE EXCHANGE,180403,2018-04-03,099741,CME ,00,099 ,  493677,   40980,  262324,    2274,  239595,   82839,   27279,   68333,   49189,   13171,   25064,    6506,     771,  417467,  444353,   76210,   49324,  -20372,    2923,  -14057,     162,   -3965,    -515,    1095,  -18051,   -9680,    2945,     719,     392,       0,  -14172,  -19658,   -6200,    -714,  100.0,    8.3,   53.1,    0.5,   48.5,   16.8,    5.5,   13.8,   10.0,    2.7,    5.1,    1.3,    0.2,   84.6,   90.0,   15.4,   10.0,    258,     18,     11,     10,     81,     32,     41,     41,     41,     25,     23,      9,      5,    193,    146,    19.8,    51.6,    27.9,    61.3,    19.1,    51.5,    26.6,    60.3,"(CONTRACTS OF EUR 125,000)",099741,CME ,099 ,F10,FutOnly
EURO FX - CHICAGO MERCANTILE EXCHANGE,180327,2018-03-27,099741,CME ,00,099 ,  514049,   38057,  276381,    2112,  243560,   83354,   26184,   86384,   58869,   10226,   24345,    6114,     771,  431639,  464011,   82410,   50038,   17085,    -808,   14820,    -164,    7516,   -6619,     188,   10844,    8993,   -1810,    1566,   -1505,      10,   17342,   13913,    -257,    3172,  100.0,    7.4,   53.8,    0.4,   47.4,   16.2,    5.1,   16.8,   11.5,    2.0,    4.7,    1.2,    0.1,   84.0,   90.3,   16.0,    9.7,    260,     19,     11,     10,     86,     30,     40,     52,     30,     20,     23,      8,      5,    203,    132,    19.1,    51.3,    26.7,    62.0,    18.5,    51.2,    25.5,    61.3,"(CONTRACTS OF EUR 125,000)",099741,CME ,099 ,F10,FutOnly
EURO FX - CHICAGO MERCANTILE EXCHANGE,180320,2018-03-20,099741,CME ,00,099 ,  496964,   38865,  261561,    2276,  236044,   89973,   25996,   75540,   49876,   12036,   22779,    7619,     761,  414297,  450098,   82667,   46866,  -87795,  -38408,  -45334,   -3815,  -10988,  -10058,    2613,   -7164,    4909,  -14414,    2328,     369,    -967,  -70815,  -66697,  -16980,  -21098,  100.0,    7.8,   52.6,    0.5,   47.5,   18.1,    5.2,   15.2,   10.0,    2.4,    4.6,    1.5,    0.2,   83.4,   90.6,   16.6,    9.4,    266,     18,     13,     13,     81,     31,     39,     50,     38,     24,     23,     10,      5,    201,    146,    19.4,    50.7,    27.5,    62.1,    18.6,    50.5,    26.1,    61.5,"(CONTRACTS OF EUR 125,000)",099741,CME ,099 ,F10,FutOnly
EURO FX - CHICAGO MERCANTILE EXCHANGE,180313,2018-03-13,099741,CME ,00,099 ,  584759,   77273,  306895,    6091,  247032,  100031,   23383,   82704,   44967,   26450,   20451,    7250,    1728,  485112,  516795,   99647,   67964,   27229,   -1943,    -756,   -2576,      45,   -4005,    2233,    4727,   -2870,   13163,    -985,     300,     700,   15364,    6189,   11865,   21040,  100.0,   13.2,   52.5,    1.0,   42.2,   17.1,    4.0,   14.1,    7.7,    4.5,    3.5,    1.2,    0.3,   83.0,   88.4,   17.0,   11.6,    269,     20,     11,     16,     85,     31,     37,     54,     37,     36,     21,      9,      6,    207,    157,    17.9,    46.3,    26.4,    61.3,    17.3,    45.7,    25.0,    60.5,"(CONTRACTS OF EUR 125,000)",099741,CME ,099 ,F10,FutOnly
EURO FX - CHICAGO MERCANTILE EXCHANGE,180306,2018-03-06,099741,CME ,00,099 ,  557530,   79216,  307651,    8667,  246987,  104036,   21150,   77977,   47837,   13287,   21436,    6950,    1028,  469748,  510606,   87782,   46924,   -9933,   -3626,    4415,    -724,    4800,   -6453,     185,   -8630,   -5209,    -342,    -975,    1196,    -214,   -9526,   -7146,    -407,   -2787,  100.0,   14.2,   55.2,    1.6,   44.3,   18.7,    3.8,   14.0,    8.6,    2.4,    3.8,    1.2,    0.2,   84.3,   91.6,   15.7,    8.4,    265,     20,     13,     17,     86,     30,     37,     51,     35,     27,     21,      9,      5,    206,    145,    18.8,    48.9,    27.2,    65.5,    18.2,    47.9,    26.2,    64.4,"(CONTRACTS OF EUR 125,000)",099741,CME ,099 ,F10,FutOnly
EURO FX - CHICAGO MERCANTILE EXCHANGE,180227,2018-02-27,099741,CME ,00,099 ,  567463,   82842,  303236,    9391,  242187,  110489,   20965,   86607,   53046,   13629,   22411,    5754,    1242,  479274,  517752,   88189,   49711,     -71,    2525,   -6185,    2547,  -10851,    -822,     448,    4289,      10,     643,     324,    -680,    -227,    -302,   -4266,     231,    4195,  100.0,   14.6,   53.4,    1.7,   42.7,   19.5,    3.7,   15.3,    9.3,    2.4,    3.9,    1.0,    0.2,   84.5,   91.2,   15.5,    8.8,    257,     21,     11,     13,     84,     29,     41,     43,     39,     23,     23,      7,      5,    198,    141,    18.4,    48.6,    27.2,    64.6,    17.8,    47.4,    26.5,    63.4,"(CONTRACTS OF EUR 125,000)",099741,CME ,099 ,F10,FutOnly
EURO FX - CHICAGO MERCANTILE EXCHANGE,180220,2018-02-20,099741,CME ,00,099 ,  567534,   80317,  309421,    6844,  253038,  111311,   20517,   82318,   53036,   12986,   22087,    6434,    1469,  479576,  522018,   87958,   45516,    3301,    4606,   -2411,   -1339,    -611,   -3923,     643,   -4369,    1135,    -111,     630,    -797,     163,    -388,   -6640,    3689,    9941,  100.0,   14.2,   54.5,    1.2,   44.6,   19.6,    3.6,   14.5,    9.3,    2.3,    3.9,    1.1,    0.3,   84.5,   92.0,   15.5,    8.0,    261,     20,     12,     13,     84,     29,     39,     47,     35,     27,     25,      8,      6,    200,    146,    20.0,    48.4,    30.7,    65.1,    19.4,    47.7,    30.1,    64.4,"(CONTRACTS OF EUR 125,000)",099741,CME ,099 ,F10,FutOnly
EURO FX - CHICAGO MERCANTILE EXCHANGE,180213,2018-02-13,099741,CME ,00,099 ,  564233,   75711,  311832,    8183,  253649,  115234,   19874,   86687,   51901,   13097,   21457,    7231,    1306,  479964,  528658,   84269,   35575,  -32704,   16887,  -19459,     951,  -15271,   -3312,     903,  -32250,    -584,    1322,   -2382,     420,    -406,  -30246,  -20165,   -2458,  -12539,  100.0,   13.4,   55.3,    1.5,   45.0,   20.4,    3.5,   15.4,    9.2,    2.3,    3.8,    1.3,    0.2,   85.1,   93.7,   14.9,    6.3,    262,     20,     12,     13,     85,     28,     38,     49,     36,     27,     23,      9,      4,    202,    142,    20.6,    48.9,    30.7,    66.5,    20.1,    48.7,    30.2,    65.8,"(CONTRACTS OF EUR 125,000)",099741,CME ,099 ,F10,FutOnly
EURO FX - CHICAGO MERCANTILE EXCHANGE,180206,2018-02-06,099741,CME ,00,099 ,  596937,   58824,  331291,    7232,  268920,  118546,   18971,  118937,   52485,   11775,   23839,    6811,    1712,  510210,  548823,   86727,   48114,   -6523,    7935,   -6253,     463,    1665,    1243,   -3316,   -9160,    1241,    -840,    -952,    -575,     395,   -3810,   -7642,   -2713,    1119,  100.0,    9.9,   55.5,    1.2,   45.0,   19.9,    3.2,   19.9,    8.8,    2.0,    4.0,    1.1,    0.3,   85.5,   91.9,   14.5,    8.1,    265,     20,     11,     14,     80,     30,     42,     53,     34,     24,     27,      9,      5,    204,    146,    21.4,    47.7,    31.8,    64.6,    20.9,    47.5,    31.3,    64.1,"(CONTRACTS OF EUR 125,000)",099741,CME ,099 ,F10,FutOnly
EURO FX - CHICAGO MERCANTILE EXCHANGE,180130,2018-01-30,099741,CME ,00,099 ,  603460,   50889,  337544,    6769,  267255,  117303,   22287,  128097,   51244,   12615,   24791,    7386,    1317,  514020,  556465,   89440,   46995,   -5223,    3348,    9067,     121,   -6136,    -298,    1997,     932,  -16898,     178,      10,     655,     372,     822,   -4806,   -6045,    -417,  100.0,    8.4,   55.9,    1.1,   44.3,   19.4,    3.7,   21.2,    8.5,    2.1,    4.1,    1.2,    0.2,   85.2,   92.2,   14.8,    7.8,    270,     19,     14,     13,     79,     30,     42,     58,     33,     20,     27,     10,      5,    206,    144,    21.4,    47.5,    31.4,    64.4,    21.0,    47.3,    30.9,    63.9,"(CONTRACTS OF EUR 125,000)",099741,CME ,099 ,F10,FutOnly
EURO FX - CHICAGO MERCANTILE EXCHANGE,180123,2018-01-23,099741,CME ,00,099 ,  608683,   47541,  328477,    6648,  273391,  117601,   20290,  127165,   68142,   12437,   24781,    6731,     945,  513198,  561271,   95485,   47412,   14645,     855,   22059,    1144,     972,     902,   -1544,   10169,   -3169,    1372,    1293,    -787,     129,   14390,   20106,     255,   -5461,  100.0,    7.8,   54.0,    1.1,   44.9,   19.3,    3.3,   20.9,   11.2,    2.0,    4.1,    1.1,    0.2,   84.3,   92.2,   15.7,    7.8,    269,     19,     12,     12,     80,     29,     40,     58,     34,     21,     28,      9,      4,    207,    139,    21.7,    46.7,    31.2,    63.1,    21.3,    46.6,    30.8,    62.7,"(CONTRACTS OF EUR 125,000)",099741,CME ,099 ,F10,FutOnly
EURO FX - CHICAGO MERCANTILE EXCHANGE,180116,2018-01-16,099741,CME ,00,099 ,  594038,   46686,  306418,    5504,  272419,  116699,   21834,  116996,   71311,   11065,   23488,    7518,     816,  498808,  541165,   95230,   52873,   30638,    1932,   15201,   -2785,   12801,    6196,   -2477,   15781,   12138,   -3482,     -10,     356,     219,   21979,   25366,    8659,    5272,  100.0,    7.9,   51.6,    0.9,   45.9,   19.6,    3.7,   19.7,   12.0,    1.9,    4.0,    1.3,    0.1,   84.0,   91.1,   16.0,    8.9,    264,     19,     13,     12,     77,     30,     40,     57,     31,     22,     27,     10,      4,    202,    140,    22.1,    45.4,    31.3,    61.2,    21.7,    45.3,    30.8,    60.9,"(CONTRACTS OF EUR 125,000)",099741,CME ,099 ,F10,FutOnly
EURO FX - CHICAGO MERCANTILE EXCHANGE,180109,2018-01-09,099741,CME ,00,099 ,  563400,   44754,  291217,    8289,  259618,  110503,   24311,  101215,   59173,   14547,   23498,    7162,     597,  476829,  515799,   86571,   47601,   20778,    4770,   28137,    1628,   18174,    3730,    -806,   -2531,  -10043,    1149,     108,    -397,     -23,   22469,   23375,   -1691,   -2597,  100.0,    7.9,   51.7,    1.5,   46.1,   19.6,    4.3,   18.0,   10.5,    2.6,    4.2,    1.3,    0.1,   84.6,   91.6,   15.4,    8.4,    269,     20,     13,     13,     78,     28,     42,     52,     41,     27,     28,      9,.,    202,    152,    22.9,    46.8,    32.3,    62.6,    22.4,    46.7,    31.8,    61.9,"(CONTRACTS OF EUR 125,000)",099741,CME ,099 ,F10,FutOnly
EURO FX - CHICAGO MERCANTILE EXCHANGE,180102,2018-01-02,099741,CME ,00,099 ,  542622,   39984,  263080,    6661,  241444,  106773,   25117,  103746,   69216,   13398,   23390,    7559,     620,  454360,  492424,   88262,   50198,   44878,   -2093,   43283,     336,   12014,    1481,    1244,   26648,   -7319,     600,    2074,      -2,     399,   41222,   40022,    3656,    4856,  100.0,    7.4,   48.5,    1.2,   44.5,   19.7,    4.6,   19.1,   12.8,    2.5,    4.3,    1.4,    0.1,   83.7,   90.7,   16.3,    9.3,    260,     19,     15,     13,     79,     27,     39,     48,     34,     20,     28,     10,      6,    198,    140,    20.8,    42.4,    29.7,    58.4,    20.3,    42.2,    29.1,    57.7,"(CONTRACTS OF EUR 125,000)",099741,CME ,099 ,F10,FutOnly
AUSTRALIAN DOLLAR - CHICAGO MERCANTILE EXCHANGE,181231,2018-12-31,232741,CME ,00,232 ,  122428,   45324,    4106,    1533,   13617,   38766,    2854,   32170,   28967,    3594,    1141,    3786,      22,  100255,   83628,   22173,   38800,    4735,    1246,     -33,     -25,    -157,    -678,     228,    4956,    2413,    -758,     -43,    -605,       0,    5447,     542,    -712,    4193,  100.0,   37.0,    3.4,    1.3,   11.1,   31.7,    2.3,   26.3,   23.7,    2.9,    0.9,    3.1,    0.0,   81.9,   68.3,   18.1,   31.7,     82,      9,      4,.,      5,     19,      5,     20,     19,     14,.,      4,.,     45,     59,    44.9,    21.9,    56.7,    31.9,    43.3,    21.4,    54.5,    31.4,"(CONTRACTS OF AUD 100,000)",232741,CME ,232 ,F10,FutOnly
AUSTRALIAN DOLLAR - CHICAGO MERCANTILE EXCHANGE,181224,2018-12-24,232741,CME ,00,232 ,  117693,   44078,    4139,    1558,   13774,   39444,    2626,   27214,   26554,    4352,    1184,    4391,      22,   94808,   83086,   22885,   34607,    5431,    -855,   -1576,    1117,    -737,    6325,     493,    5265,    2466,    -674,   -2013,   -4143,       0,    2596,    4008,    2835,    1423,  100.0,   37.5,    3.5,    1.3,   11.7,   33.5,    2.2,   23.1,   22.6,    3.7,    1.0,    3.7,    0.0,   80.6,   70.6,   19.4,   29.4,     79,      9,      4,.,      6,     17,      5,     17,     20,     11,.,      4,.,     42,     56,    45.8,    21.8,    56.8,    32.0,    44.1,    21.5,    54.4,    31.3,"(CONTRACTS OF AUD 100,000)",232741,CME ,232 ,F10,FutOnly
AUSTRALIAN DOLLAR - CHICAGO MERCANTILE EXCHANGE,181218,2018-12-18,232741,CME ,00,232 ,  112262,   44933,    5715,     441,   14511,   33119,    2133,   21949,   24088,    5026,    3197,    8534,      22,   92212,   79078,   20050,   33184,  -36152,  -27345,  -18252,   -5117,     551,    -105,     -69,    3779,   -7868,   -6908,    1097,    1263,     -21,  -34033,  -37077,   -2119,     925,  100.0,   40.0,    5.1,    0.4,   12.9,   29.5,    1.9,   19.6,   21.5,    4.5,    2.8,    7.6,    0.0,   82.1,   70.4,   17.9,   29.6,     81,      8,      4,.,      7,     17,      5,     20,     18,      9,.,      5,.,     43,     55,    48.6,    23.8,    58.1,    34.3,    46.8,    23.5,    55.6,    34.0,"(CONTRACTS OF AUD 100,000)",232741,CME ,232 ,F10,FutOnly
AUSTRALIAN DOLLAR - CHICAGO MERCANTILE EXCHANGE,181211,2018-12-11,232741,CME ,00,232 ,  148414,   72278,   23967,    5558,   13960,   33224,    2202,   18170,   31956,   11934,    2100,    7271,      43,  126245,  116155,   22169,   32259,    -341,   -4435,   -1249,    2595,      64,    4250,     740,    -836,  -12433,    5278,   -3649,     562,      31,    -212,    -226,    -129,    -115,  100.0,   48.7,   16.1,    3.7,    9.4,   22.4,    1.5,   12.2,   21.5,    8.0,    1.4,    4.9,    0.0,   85.1,   78.3,   14.9,   21.7,     87,      8,      6,      4,      7,     17,      6,     19,     23,     17,.,      4,.,     51,     65,    51.4,    29.7,    64.1,    40.5,    51.4,    26.1,    60.3,    36.9,"(CONTRACTS OF AUD 100,000)",232741,CME ,232 ,F10,FutOnly
AUSTRALIAN DOLLAR - CHICAGO MERCANTILE EXCHANGE,181204,2018-12-04,232741,CME ,00,232 ,  148755,   76713,   25216,    2963,   13896,   28974,    1462,   19006,   44389,    6656,    5749,    6709,      12,  126457,  116381,   22298,   32374,   11959,   -3667,   11013,     276,    2271,   -7532,    -282,    4840,    9706,    1960,    5583,    -157,      -2,   10979,   14982,     980,   -3023,  100.0,   51.6,   17.0,    2.0,    9.3,   19.5,    1.0,   12.8,   29.8,    4.5,    3.9,    4.5,    0.0,   85.0,   78.2,   15.0,   21.8,     92,      7,      7,      4,      8,     17,      4,     19,     27,     16,      4,.,.,     51,     66,    50.8,    26.5,    65.3,    40.7,    50.6,    23.5,    63.1,    36.8,"(CONTRACTS OF AUD 100,000)",232741,CME ,232 ,F10,FutOnly
AUSTRALIAN DOLLAR - CHICAGO MERCANTILE EXCHANGE,181127,2018-11-27,232741,CME ,00,232 ,  136796,   80380,   14203,    2687,   11625,   36506,    1744,   14166,   34683,    4696,     166,    6866,      14,  115478,  101399,   21318,   35397,   -5076,     490,    1453,       4,    -551,   -1954,      96,   -3976,   -6516,     -21,      27,    -416,     -27,   -3958,   -7381,   -1118,    2305,  100.0,   58.8,   10.4,    2.0,    8.5,   26.7,    1.3,   10.4,   25.4,    3.4,    0.1,    5.0,    0.0,   84.4,   74.1,   15.6,   25.9,     84,      7,      7,.,      7,     19,      4,     12,     28,     15,.,.,.,     42,     65,    58.3,    26.8,    70.3,    39.0,    58.3,    24.7,    68.4,    36.6,"(CONTRACTS OF AUD 100,000)",232741,CME ,232 ,F10,FutOnly
AUSTRALIAN DOLLAR - CHICAGO MERCANTILE EXCHANGE,181120,2018-11-20,232741,CME ,00,232 ,  141872,   79890,   12750,    2683,   12176,   38460,    1648,   18142,   41199,    4717,     139,    7282,      41,  119436,  108780,   22436,   33092,   -4423,   -6783,    3612,    -298,    2252,   -4961,     177,   -1205,     -81,     273,     139,    1369,     -67,   -5512,      24,    1089,   -4447,  100.0,   56.3,    9.0,    1.9,    8.6,   27.1,    1.2,   12.8,   29.0,    3.3,    0.1,    5.1,    0.0,   84.2,   76.7,   15.8,   23.3,     91,      7,      6,.,      8,     18,      4,     16,     30,     15,.,      5,.,     48,     66,    56.7,    26.1,    67.4,    39.8,    56.7,    24.1,    65.9,    37.8,"(CONTRACTS OF AUD 100,000)",232741,CME ,232 ,F10,FutOnly
AUSTRALIAN DOLLAR - CHICAGO MERCANTILE EXCHANGE,181113,2018-11-13,232741,CME ,00,232 ,  146295,   86673,    9138,    2981,    9924,   43421,    1471,   19347,   41280,    4444,       0,    5913,     108,  124948,  108756,   21347,   37539,   -4270,   -2030,    3264,     122,   -1038,   -4332,       0,   -3809,   -4435,    1174,       0,    -187,      19,   -5562,   -4375,    1292,     105,  100.0,   59.2,    6.2,    2.0,    6.8,   29.7,    1.0,   13.2,   28.2,    3.0,    0.0,    4.0,    0.1,   85.4,   74.3,   14.6,   25.7,     82,      7,      6,.,      7,     17,      4,     13,     25,     16,      0,      7,.,     40,     66,    56.4,    24.4,    68.7,    39.1,    55.6,    23.7,    67.0,    36.9,"(CONTRACTS OF AUD 100,000)",232741,CME ,232 ,F10,FutOnly
AUSTRALIAN DOLLAR - CHICAGO MERCANTILE EXCHANGE,181106,2018-11-06,232741,CME ,00,232 ,  150565,   88703,    5874,    2859,   10962,   47753,    1471,   23156,   45715,    3270,       0,    6100,      89,  130510,  113131,   20055,   37434,  -14275,  -14060,    2941,     806,    1477,   -5920,    -374,     223,   -1822,   -1700,    -474,   -2422,       1,  -14101,   -8490,    -174,   -5785,  100.0,   58.9,    3.9,    1.9,    7.3,   31.7,    1.0,   15.4,   30.4,    2.2,    0.0,    4.1,    0.1,   86.7,   75.1,   13.3,   24.9,     87,      8,      5,.,      9,     18,      4,     17,     23,     15,      0,      7,.,     46,     64,    55.6,    23.6,    68.8,    38.2,    55.4,    23.3,    67.3,    37.7,"(CONTRACTS OF AUD 100,000)",232741,CME ,232 ,F10,FutOnly
AUSTRALIAN DOLLAR - CHICAGO MERCANTILE EXCHANGE,181030,2018-10-30,232741,CME ,00,232 ,  164840,  102763,    2933,    2053,    9485,   53673,    1845,   22933,   47537,    4970,     474,    8522,      88,  144611,  121621,   20229,   43219,    7301,    4309,     245,     327,    1267,     357,     169,    3020,   -2092,    2091,   -1427,    5233,      36,    9792,    6366,   -2491,     935,  100.0,   62.3,    1.8,    1.2,    5.8,   32.6,    1.1,   13.9,   28.8,    3.0,    0.3,    5.2,    0.1,   87.7,   73.8,   12.3,   26.2,    102,     12,.,.,      7,     21,      6,     21,     28,     12,.,     10,.,     50,     75,    56.4,    22.9,    68.5,    36.4,    56.3,    22.8,    67.4,    35.6,"(CONTRACTS OF AUD 100,000)",232741,CME ,232 ,F10,FutOnly
AUSTRALIAN DOLLAR - CHICAGO MERCANTILE EXCHANGE,181023,2018-10-23,232741,CME ,00,232 ,  157539,   98454,    2688,    1726,    8218,   53316,    1676,   19913,   49629,    2879,    1901,    3289,      52,  134819,  115255,   22720,   42284,    1551,   -4177,    -892,    1563,     383,   -1604,      55,    -565,    1178,     748,    1284,      93,      10,    -699,    1151,    2250,     400,  100.0,   62.5,    1.7,    1.1,    5.2,   33.8,    1.1,   12.6,   31.5,    1.8,    1.2,    2.1,    0.0,   85.6,   73.2,   14.4,   26.8,     94,     11,.,.,      4,     19,      5,     18,     31,     15,.,      5,.,     47,     72,    56.3,    24.5,    68.5,    39.1,    56.3,    24.3,    67.4,    38.4,"(CONTRACTS OF AUD 100,000)",232741,CME ,232 ,F10,FutOnly
AUSTRALIAN DOLLAR - CHICAGO MERCANTILE EXCHANGE,181016,2018-10-16,232741,CME ,00,232 ,  155988,  102631,    3580,     163,    7835,   54920,    1621,   20478,   48451,    2131,     617,    3196,      42,  135518,  114104,   20470,   41884,  -14770,   -4570,    -653,   -1107,     290,   -2321,      -9,   -4941,   -7592,    -813,     -45,     471,      33,  -11162,  -11991,   -3608,   -2779,  100.0,   65.8,    2.3,    0.1,    5.0,   35.2,    1.0,   13.1,   31.1,    1.4,    0.4,    2.0,    0.0,   86.9,   73.1,   13.1,   26.9,     92,     11,      4,.,      4,     19,      5,     18,     29,     11,.,      5,.,     44,     69,    58.6,    24.5,    71.3,    39.9,    58.6,    24.3,    70.3,    39.3,"(CONTRACTS OF AUD 100,000)",232741,CME ,232 ,F10,FutOnly
AUSTRALIAN DOLLAR - CHICAGO MERCANTILE EXCHANGE,181009,2018-10-09,232741,CME ,00,232 ,  170758,  107201,    4233,    1270,    7545,   57241,    1630,   25419,   56043,    2944,     662,    2725,       9,  146680,  126095,   24078,   44663,   16087,    8936,     675,     569,     484,    2128,      -2,    2472,    5747,     314,    -781,     505,      -2,   11990,    9934,    4097,    6153,  100.0,   62.8,    2.5,    0.7,    4.4,   33.5,    1.0,   14.9,   32.8,    1.7,    0.4,    1.6,    0.0,   85.9,   73.8,   14.1,   26.2,     99,     10,      4,.,      4,     20,      5,     20,     34,     11,.,      5,.,     43,     76,    56.3,    22.1,    68.0,    36.3,    56.3,    21.9,    66.9,    35.8,"(CONTRACTS OF AUD 100,000)",232741,CME ,232 ,F10,FutOnly
AUSTRALIAN DOLLAR - CHICAGO MERCANTILE EXCHANGE,181002,2018-10-02,232741,CME ,00,232 ,  154671,   98265,    3558,     701,    7061,   55113,    1632,   22947,   50296,    2630,    1443,    2220,      11,  134690,  116161,   19981,   38510,   -4090,   -2142,       0,     682,      18,   -1202,     -34,   -2076,    1472,   -1244,      85,   -1464,      -2,   -4713,   -1792,     623,   -2298,  100.0,   63.5,    2.3,    0.5,    4.6,   35.6,    1.1,   14.8,   32.5,    1.7,    0.9,    1.4,    0.0,   87.1,   75.1,   12.9,   24.9,     95,     10,.,.,.,     20,      5,     18,     33,     14,      4,      4,.,     47,     72,    57.8,    23.1,    69.3,    38.3,    57.8,    23.0,    67.9,    37.7,"(CONTRACTS OF AUD 100,000)",232741,CME ,232 ,F10,FutOnly
AUSTRALIAN DOLLAR - CHICAGO MERCANTILE EXCHANGE,180925,2018-09-25,232741,CME ,00,232 ,  158761,  100407,    3558,      19,    7043,   56315,    1666,   25023,   48824,    3874,    1358,    3684,      13,  139403,  117953,   19358,   40808,   -4099,    1480,       0,       5,      34,    -854,       0,   -6793,    -355,     415,    -109,     153,       3,   -4965,    -633,     866,   -3466,  100.0,   63.2,    2.2,    0.0,    4.4,   35.5,    1.0,   15.8,   30.8,    2.4,    0.9,    2.3,    0.0,   87.8,   74.3,   12.2,   25.7,     95,     10,.,.,.,     20,      5,     19,     30,     15,      4,      5,.,     46,     73,    57.3,    25.8,    68.3,    40.6,    57.3,    25.6,    67.4,    40.1,"(CONTRACTS OF AUD 100,000)",232741,CME ,232 ,F10,FutOnly
AUSTRALIAN DOLLAR - CHICAGO MERCANTILE EXCHANGE,180918,2018-09-18,232741,CME ,00,232 ,  162860,   98927,    3558,      14,    7009,   57169,    1666,   31816,   49179,    3459,    1467,    3531,      10,  144368,  118586,   18492,   44274,  -13901,   11824,   -2103,   -8223,     182,    7619,     180,   -9384,   -8666,   -1658,   -1341,    1182,      -1,   -8421,  -11670,   -5480,   -2231,  100.0,   60.7,    2.2,    0.0,    4.3,   35.1,    1.0,   19.5,   30.2,    2.1,    0.9,    2.2,    0.0,   88.6,   72.8,   11.4,   27.2,     94,     11,.,.,      4,     19,      5,     20,     29,     12,      4,      4,.,     47,     67,    56.4,    26.7,    67.2,    40.5,    56.4,    26.2,    66.1,    39.9,"(CONTRACTS OF AUD 100,000)",232741,CME ,232 ,F10,FutOnly
AUSTRALIAN DOLLAR - CHICAGO MERCANTILE EXCHANGE,180911,2018-09-11,232741,CME ,00,232 ,  176761,   87103,    5661,    8237,    6827,   49550,    1486,   41200,   57845,    5117,    2808,    2349,      11,  152789,  130256,   23972,   46505,   20527,   -1271,     963,    1774,    -508,    8281,     300,   14014,    3570,    1469,     362,    1033,      10,   16150,   17400,    4377,    3127,  100.0,   49.3,    3.2,    4.7,    3.9,   28.0,    0.8,   23.3,   32.7,    2.9,    1.6,    1.3,    0.0,   86.4,   73.7,   13.6,   26.3,    100,     11,      4,      5,      5,     21,      6,     20,     31,     19,      5,.,.,     53,     79,    47.9,    22.0,    62.1,    35.3,    44.4,    21.6,    57.8,    33.7,"(CONTRACTS OF AUD 100,000)",232741,CME ,232 ,F10,FutOnly
AUSTRALIAN DOLLAR - CHICAGO MERCANTILE EXCHANGE,180904,2018-09-04,232741,CME ,00,232 ,  156234,   88374,    4698,    6463,    7335,   41269,    1186,   27186,   54275,    3648,    2446,    1316,       1,  136639,  112856,   19595,   43378,   14890,    3012,    -804,    1556,     749,    5596,      34,    6677,    4779,    1207,    1503,     161,       1,   14739,   12530,     151,    2360,  100.0,   56.6,    3.0,    4.1,    4.7,   26.4,    0.8,   17.4,   34.7,    2.3,    1.6,    0.8,    0.0,   87.5,   72.2,   12.5,   27.8,     99,     11,      4,      5,      6,     19,      4,     20,     32,     17,.,.,.,     49,     77,    51.7,    19.2,    65.4,    31.7,    49.0,    18.7,    61.6,    30.8,"(CONTRACTS OF AUD 100,000)",232741,CME ,232 ,F10,FutOnly
AUSTRALIAN DOLLAR - CHICAGO MERCANTILE EXCHANGE,180828,2018-08-28,232741,CME ,00,232 ,  141344,   85362,    5502,    4907,    6586,   35673,    1152,   20509,   49496,    2441,     943,    1155,       0,  121900,  100326,   19444,   41018,   -3955,   -8700,    2099,    3298,     391,   -3376,     -64,    1217,   -2331,    -752,    -856,      72,       0,   -5466,   -1054,    1511,   -2901,  100.0,   60.4,    3.9,    3.5,    4.7,   25.2,    0.8,   14.5,   35.0,    1.7,    0.7,    0.8,    0.0,   86.2,   71.0,   13.8,   29.0,     94,     10,      5,      5,      5,     16,      4,     14,     37,     12,.,      4,      0,     42,     73,    54.5,    21.3,    69.1,    34.2,    52.4,    21.2,    66.0,    33.7,"(CONTRACTS OF AUD 100,000)",232741,CME ,232 ,F10,FutOnly
AUSTRALIAN DOLLAR - CHICAGO MERCANTILE EXCHANGE,180821,2018-08-21,232741,CME ,00,232 ,  145299,   94062,    3403,    1609,    6195,   39049,    1216,   19292,   51827,    3193,    1799,    1083,       0,  127366,  101380,   17933,   43919,   -3939,    2488,    -577,     379,    -319,   -2127,     202,   -1770,   -1412,    -126,   -2067,     453,       0,   -1213,   -3208,   -2726,    -731,  100.0,   64.7,    2.3,    1.1,    4.3,   26.9,    0.8,   13.3,   35.7,    2.2,    1.2,    0.7,    0.0,   87.7,   69.8,   12.3,   30.2,     97,     12,.,.,      6,     17,      4,     17,     36,     15,.,      4,      0,     45,     74,    56.3,    21.7,    69.4,    32.4,    55.4,    21.2,    67.5,    31.9,"(CONTRACTS OF AUD 100,000)",232741,CME ,232 ,F10,FutOnly
AUSTRALIAN DOLLAR - CHICAGO MERCANTILE EXCHANGE,180814,2018-08-14,232741,CME ,00,232 ,  149238,   91574,    3980,    1230,    6514,   41176,    1014,   21062,   53239,    3319,    3866,     630,       0,  128579,  104588,   20659,   44650,    8001,     671,    -145,     788,      18,     717,      -2,     549,    2109,    -170,    3422,      65,       0,    5276,    3362,    2725,    4639,  100.0,   61.4,    2.7,    0.8,    4.4,   27.6,    0.7,   14.1,   35.7,    2.2,    2.6,    0.4,    0.0,   86.2,   70.1,   13.8,   29.9,     94,     10,.,.,      6,     18,      4,     17,     35,     13,.,.,      0,     43,     71,    54.5,    21.9,    65.7,    32.1,    53.9,    21.4,    64.3,    31.7,"(CONTRACTS OF AUD 100,000)",232741,CME ,232 ,F10,FutOnly
AUSTRALIAN DOLLAR - CHICAGO MERCANTILE EXCHANGE,180807,2018-08-07,232741,CME ,00,232 ,  141237,   90903,    4125,     442,    6496,   40459,    1016,   20513,   51130,    3489,     444,     565,       0,  123303,  101226,   17934,   40011,    3912,    4625,    -277,      84,     418,   -1802,       6,    -831,    3668,    -548,     -33,     184,       0,    3721,    1315,     191,    2597,  100.0,   64.4,    2.9,    0.3,    4.6,   28.6,    0.7,   14.5,   36.2,    2.5,    0.3,    0.4,    0.0,   87.3,   71.7,   12.7,   28.3,     88,     11,.,      4,      6,     16,      4,     13,     36,     17,.,.,      0,     43,     70,    57.2,    24.8,    68.5,    37.3,    57.2,    24.6,    67.6,    36.8,"(CONTRACTS OF AUD 100,000)",232741,CME ,232 ,F10,FutOnly
AUSTRALIAN DOLLAR - CHICAGO MERCANTILE EXCHANGE,180731,2018-07-31,232741,CME ,00,232 ,  137325,   86278,    4402,     358,    6078,   42261,    1010,   21344,   47462,    4037,     477,     381,       0,  119582,   99911,   17743,   37414,    3768,    3871,    -405,    -165,     835,     663,    -676,    -904,    3064,     811,    -418,     -80,       0,    3354,    3212,     414,     556,  100.0,   62.8,    3.2,    0.3,    4.4,   30.8,    0.7,   15.5,   34.6,    2.9,    0.3,    0.3,    0.0,   87.1,   72.8,   12.9,   27.2,     89,     10,      4,.,      5,     17,      4,     17,     32,     17,.,.,      0,     45,     68,    54.6,    26.2,    66.8,    37.9,    54.6,    26.0,    65.7,    37.4,"(CONTRACTS OF AUD 100,000)",232741,CME ,232 ,F10,FutOnly
AUSTRALIAN DOLLAR - CHICAGO MERCANTILE EXCHANGE,180724,2018-07-24,232741,CME ,00,232 ,  133557,   82407,    4807,     523,    5243,   41598,    1686,   22248,   44398,    3226,     895,     461,       0,  116228,   96699,   17329,   36858,    1289,    3297,     755,       0,    -820,    1412,       0,   -2154,    -574,     997,      -8,     -68,       0,    1312,    2522,     -23,   -1233,  100.0,   61.7,    3.6,    0.4,    3.9,   31.1,    1.3,   16.7,   33.2,    2.4,    0.7,    0.3,    0.0,   87.0,   72.4,   13.0,   27.6,     87,     11,      4,.,      5,     16,      4,     17,     29,     15,.,.,      0,     44,     65,    52.6,    26.3,    65.3,    37.5,    52.6,    26.1,    64.4,    36.9,"(CONTRACTS OF AUD 100,000)",232741,CME ,232 ,F10,FutOnly
AUSTRALIAN DOLLAR - CHICAGO MERCANTILE EXCHANGE,180717,2018-07-17,232741,CME ,00,232 ,  132268,   79110,    4052,     523,    6063,   40186,    1686,   24402,   44972,    2229,     903,     529,       0,  114916,   94177,   17352,   38091,   -2903,   -1989,     450,     -46,     149,      -8,       1,   -1078,   -1833,    -348,     502,     143,      -1,   -2810,   -1642,     -93,   -1261,  100.0,   59.8,    3.1,    0.4,    4.6,   30.4,    1.3,   18.4,   34.0,    1.7,    0.7,    0.4,    0.0,   86.9,   71.2,   13.1,   28.8,     87,     10,      4,.,      6,     16,      4,     17,     30,     13,.,.,      0,     42,     65,    51.9,    26.1,    64.0,    37.4,    51.9,    25.8,    62.6,    36.9,"(CONTRACTS OF AUD 100,000)",232741,CME ,232 ,F10,FutOnly
AUSTRALIAN DOLLAR - CHICAGO MERCANTILE EXCHANGE,180710,2018-07-10,232741,CME ,00,232 ,  135171,   81099,    3602,     569,    5914,   40194,    1685,   25480,   46805,    2577,     401,     386,       1,  117726,   95819,   17445,   39352,   -5878,      -5,     248,     277,      22,   -2623,    -177,   -3810,   -1414,    -835,   -1499,     -94,       0,   -6027,   -4618,     149,   -1260,  100.0,   60.0,    2.7,    0.4,    4.4,   29.7,    1.2,   18.9,   34.6,    1.9,    0.3,    0.3,    0.0,   87.1,   70.9,   12.9,   29.1,     89,     11,      4,.,      7,     16,      4,     16,     32,     12,.,.,.,     44,     65,    50.6,    25.6,    63.4,    37.3,    50.6,    25.1,    62.6,    36.8,"(CONTRACTS OF AUD 100,000)",232741,CME ,232 ,F10,FutOnly
AUSTRALIAN DOLLAR - CHICAGO MERCANTILE EXCHANGE,180703,2018-07-03,232741,CME ,00,232 ,  141049,   81104,    3354,     292,    5892,   42817,    1862,   29290,   48219,    3412,    1900,     480,       1,  123753,  100437,   17296,   40612,    3254,    1591,    1351,     -31,    1500,    2356,     107,    -418,   -2183,     405,     500,     113,       0,    3654,    2118,    -400,    1136,  100.0,   57.5,    2.4,    0.2,    4.2,   30.4,    1.3,   20.8,   34.2,    2.4,    1.3,    0.3,    0.0,   87.7,   71.2,   12.3,   28.8,     92,     13,      4,.,      7,     17,      4,     16,     32,     14,.,.,.,     47,     65,    48.9,    24.5,    62.0,    35.7,    48.9,    24.1,    61.2,    35.2,"(CONTRACTS OF AUD 100,000)",232741,CME ,232 ,F10,FutOnly
AUSTRALIAN DOLLAR - CHICAGO MERCANTILE EXCHANGE,180626,2018-06-26,232741,CME ,00,232 ,  137795,   79513,    2003,     323,    4392,   40461,    1755,   29708,   50402,    3007,    1400,     367,       1,  120099,   98319,   17696,   39476,    1941,    4880,     477,      31,    -630,   -1532,      81,    -985,      35,     513,      80,      34,       0,    3970,    -361,   -2029,    2302,  100.0,   57.7,    1.5,    0.2,    3.2,   29.4,    1.3,   21.6,   36.6,    2.2,    1.0,    0.3,    0.0,   87.2,   71.4,   12.8,   28.6,     93,     11,      4,.,      7,     15,      4,     18,     34,     14,.,.,.,     50,     64,    50.6,    25.8,    63.8,    36.3,    50.6,    25.6,    63.1,    35.8,"(CONTRACTS OF AUD 100,000)",232741,CME ,232 ,F10,FutOnly
AUSTRALIAN DOLLAR - CHICAGO MERCANTILE EXCHANGE,180619,2018-06-19,232741,CME ,00,232 ,  135854,   74633,    1526,     292,    5022,   41993,    1674,   30693,   50367,    2494,    1320,     333,       1,  116129,   98680,   19725,   37174,   -1870,    -695,  -13981,   -3825,   -1619,    5688,     -85,    8964,   11000,   -3287,     -44,     281,     -23,    -614,   -4232,   -1256,    2362,  100.0,   54.9,    1.1,    0.2,    3.7,   30.9,    1.2,   22.6,   37.1,    1.8,    1.0,    0.2,    0.0,   85.5,   72.6,   14.5,   27.4,     87,     11,.,.,      7,     14,      4,     17,     32,     13,.,.,.,     45,     61,    50.0,    29.0,    64.1,    39.7,    50.0,    28.8,    62.8,    39.5,"(CONTRACTS OF AUD 100,000)",232741,CME ,232 ,F10,FutOnly
AUSTRALIAN DOLLAR - CHICAGO MERCANTILE EXCHANGE,180612,2018-06-12,232741,CME ,00,232 ,  137724,   75328,   15507,    4117,    6641,   36305,    1759,   21729,   39367,    5781,    1364,      52,      24,  116743,  102912,   20981,   34812,   -6148,   -8128,    1401,    2258,    1997,   -5191,      23,   -7357,   -6668,    2952,    -423,    -890,     -44,   -8722,   -6159,    2574,      11,  100.0,   54.7,   11.3,    3.0,    4.8,   26.4,    1.3,   15.8,   28.6,    4.2,    1.0,    0.0,    0.0,   84.8,   74.7,   15.2,   25.3,     81,      7,      5,      5,      8,     12,      4,     14,     31,     21,.,.,.,     52,     60,    54.7,    30.4,    63.4,    43.3,    54.2,    28.7,    62.8,    40.9,"(CONTRACTS OF AUD 100,000)",232741,CME ,232 ,F10,FutOnly
AUSTRALIAN DOLLAR - CHICAGO MERCANTILE EXCHANGE,180605,2018-06-05,232741,CME ,00,232 ,  143872,   83456,   14106,    1859,    4644,   41496,    1736,   29086,   46035,    2829,    1787,     942,      68,  125465,  109071,   18407,   34801,  -12101,   -2412,    1458,     474,     407,   -2733,    -157,   -8390,   -6853,     238,     -16,    -590,       0,   -9856,   -8163,   -2245,   -3938,  100.0,   58.0,    9.8,    1.3,    3.2,   28.8,    1.2,   20.2,   32.0,    2.0,    1.2,    0.7,    0.0,   87.2,   75.8,   12.8,   24.2,     89,     10,      5,      4,      7,     13,      4,     22,     27,     12,.,.,.,     50,     60,    57.5,    34.0,    68.1,    46.6,    57.5,    33.8,    67.0,    45.6,"(CONTRACTS OF AUD 100,000)",232741,CME ,232 ,F10,FutOnly
AUSTRALIAN DOLLAR - CHICAGO MERCANTILE EXCHANGE,180529,2018-05-29,232741,CME ,00,232 ,  155973,   85868,   12648,    1385,    4237,   44229,    1893,   37476,   52888,    2591,    1803,    1532,      68,  135321,  117234,   20652,   38739,    5653,    2087,    -700,     844,    1455,    7541,     312,     273,   -1180,      31,   -1882,     -15,      21,    3141,    6854,    2512,   -1201,  100.0,   55.1,    8.1,    0.9,    2.7,   28.4,    1.2,   24.0,   33.9,    1.7,    1.2,    1.0,    0.0,   86.8,   75.2,   13.2,   24.8,     86,      9,      4,.,      6,     14,      4,     20,     27,     13,.,      4,.,     49,     58,    55.3,    33.0,    66.7,    44.2,    55.3,    32.8,    65.8,    44.0,"(CONTRACTS OF AUD 100,000)",232741,CME ,232 ,F10,FutOnly
AUSTRALIAN DOLLAR - CHICAGO MERCANTILE EXCHANGE,180522,2018-05-22,232741,CME ,00,232 ,  150320,   83781,   13348,     541,    2782,   36688,    1581,   37203,   54068,    2560,    3685,    1547,      47,  132180,  110380,   18140,   39940,  -23195,   -1455,      54,    -528,    -438,  -15570,    -459,  -22931,   -6163,     127,    3191,    -564,      22,  -22471,  -23081,    -724,    -114,  100.0,   55.7,    8.9,    0.4,    1.9,   24.4,    1.1,   24.7,   36.0,    1.7,    2.5,    1.0,    0.0,   87.9,   73.4,   12.1,   26.6,     87,      9,      5,.,      5,     12,.,     22,     28,     18,.,      4,.,     50,     61,    56.3,    31.9,    68.2,    41.7,    56.3,    31.9,    67.6,    41.7,"(CONTRACTS OF AUD 100,000)",232741,CME ,232 ,F10,FutOnly
AUSTRALIAN DOLLAR - CHICAGO MERCANTILE EXCHANGE,180515,2018-05-15,232741,CME ,00,232 ,  173515,   85236,   13294,    1069,    3220,   52258,    2040,   60134,   60231,    2433,     494,    2111,      25,  154651,  133461,   18864,   40054,   13291,   13576,   -2193,     240,     443,    2828,      88,    4653,   11170,    -970,   -1500,     919,       0,   16530,   12082,   -3239,    1209,  100.0,   49.1,    7.7,    0.6,    1.9,   30.1,    1.2,   34.7,   34.7,    1.4,    0.3,    1.2,    0.0,   89.1,   76.9,   10.9,   23.1,     89,      8,      6,.,      5,     15,.,     19,     31,     15,.,      4,.,     44,     67,    52.9,    34.9,    70.7,    45.0,    52.9,    34.8,    70.2,    44.8,"(CONTRACTS OF AUD 100,000)",232741,CME ,232 ,F10,FutOnly
AUSTRALIAN DOLLAR - CHICAGO MERCANTILE EXCHANGE,180508,2018-05-08,232741,CME ,00,232 ,  160224,   71660,   15487,     829,    2777,   49430,    1952,   55481,   49061,    3403,    1994,    1192,      25,  138121,  121379,   22103,   38845,   14513,   19326,     193,     229,   -1797,    3934,     124,   -3870,    8450,      98,     200,    -203,      18,   14328,   12843,     185,    1670,  100.0,   44.7,    9.7,    0.5,    1.7,   30.9,    1.2,   34.6,   30.6,    2.1,    1.2,    0.7,    0.0,   86.2,   75.8,   13.8,   24.2,     93,      8,      6,.,      4,     18,.,     24,     27,     16,.,.,.,     49,     67,    48.2,    32.3,    65.1,    43.3,    48.2,    32.1,    64.8,    43.1,"(CONTRACTS OF AUD 100,000)",232741,CME ,232 ,F10,FutOnly
AUSTRALIAN DOLLAR - CHICAGO MERCANTILE EXCHANGE,180501,2018-05-01,232741,CME ,00,232 ,  145711,   52334,   15294,     600,    4574,   45496,    1828,   59351,   40611,    3305,    1794,    1395,       7,  123793,  108536,   21918,   37175,   23066,   10114,   -2460,     -50,   -1941,   14771,    -145,   11934,    4233,    1835,    1307,    1220,      -1,   23053,   19403,      13,    3663,  100.0,   35.9,   10.5,    0.4,    3.1,   31.2,    1.3,   40.7,   27.9,    2.3,    1.2,    1.0,    0.0,   85.0,   74.5,   15.0,   25.5,     88,      8,      6,.,      6,     17,      5,     21,     25,     11,.,.,.,     45,     63,    42.3,    27.8,    60.7,    39.2,    42.2,    27.5,    60.5,    39.0,"(CONTRACTS OF AUD 100,000)",232741,CME ,232 ,F10,FutOnly
AUSTRALIAN DOLLAR - CHICAGO MERCANTILE EXCHANGE,180424,2018-04-24,232741,CME ,00,232 ,  122645,   42220,   17754,     650,    6515,   30725,    1973,   47417,   36378,    1470,     487,     175,       8,  100740,   89133,   21905,   33512,   22925,    6157,     707,      70,    1894,    5726,     -86,   19524,    8922,    -974,     -25,      94,       1,   26561,   14460,   -3636,    8465,  100.0,   34.4,   14.5,    0.5,    5.3,   25.1,    1.6,   38.7,   29.7,    1.2,    0.4,    0.1,    0.0,   82.1,   72.7,   17.9,   27.3,     85,      9,      8,.,      9,     13,      5,     19,     25,     11,.,.,.,     48,     57,    39.4,    29.2,    56.1,    39.3,    39.3,    28.9,    55.6,    39.0,"(CONTRACTS OF AUD 100,000)",232741,CME ,232 ,F10,FutOnly
AUSTRALIAN DOLLAR - CHICAGO MERCANTILE EXCHANGE,180417,2018-04-17,232741,CME ,00,232 ,   99720,   36063,   17047,     580,    4621,   24999,    2059,   27893,   27456,    2444,     512,      81,       7,   74179,   74673,   25541,   25047,   -4489,    1026,     514,    -669,     345,   -2558,    -359,   -8277,     781,    -376,       0,      -9,      -1,   -8311,   -2677,    3822,   -1812,  100.0,   36.2,   17.1,    0.6,    4.6,   25.1,    2.1,   28.0,   27.5,    2.5,    0.5,    0.1,    0.0,   74.4,   74.9,   25.6,   25.1,     76,      8,      6,.,      7,     10,      5,     23,     20,     10,.,.,.,     48,     47,    40.3,    38.1,    49.0,    48.7,    40.0,    37.8,    48.7,    48.0,"(CONTRACTS OF AUD 100,000)",232741,CME ,232 ,F10,FutOnly
AUSTRALIAN DOLLAR - CHICAGO MERCANTILE EXCHANGE,180410,2018-04-10,232741,CME ,00,232 ,  104209,   35037,   16533,    1249,    4276,   27557,    2418,   36170,   26675,    2820,     512,      90,       8,   82490,   77350,   21719,   26859,   -4621,    2448,     273,     914,    -367,      33,     361,   -6592,   -4460,    -468,       6,    -660,       8,   -3690,   -3999,    -931,    -622,  100.0,   33.6,   15.9,    1.2,    4.1,   26.4,    2.3,   34.7,   25.6,    2.7,    0.5,    0.1,    0.0,   79.2,   74.2,   20.8,   25.8,     80,      9,      6,.,      7,     12,      6,     28,     16,     11,.,.,.,     54,     47,    36.3,    37.0,    48.0,    47.6,    36.0,    36.7,    47.5,    47.2,"(CONTRACTS OF AUD 100,000)",232741,CME ,232 ,F10,FutOnly
AUSTRALIAN DOLLAR - CHICAGO MERCANTILE EXCHANGE,180403,2018-04-03,232741,CME ,00,232 ,  108830,   32589,   16260,     335,    4643,   27524,    2057,   42762,   31135,    3288,     506,     750,       0,   86180,   81349,   22650,   27481,    4033,   10763,    -526,    -312,   -1600,    2206,      94,   -6634,    1128,     239,       0,     -77,       0,    2550,    2752,    1483,    1281,  100.0,   29.9,   14.9,    0.3,    4.3,   25.3,    1.9,   39.3,   28.6,    3.0,    0.5,    0.7,    0.0,   79.2,   74.7,   20.8,   25.3,     80,     10,      5,.,      7,     10,      5,     24,     21,     12,.,.,      0,     50,     49,    31.5,    39.3,    47.1,    49.0,    31.5,    39.0,    46.9,    48.6,"(CONTRACTS OF AUD 100,000)",232741,CME ,232 ,F10,FutOnly
AUSTRALIAN DOLLAR - CHICAGO MERCANTILE EXCHANGE,180327,2018-03-27,232741,CME ,00,232 ,  104797,   21826,   16786,     647,    6243,   25318,    1963,   49396,   30007,    3049,     506,     827,       0,   83630,   78597,   21167,   26200,    7542,   14306,   -1685,     -80,   -2227,    4404,       1,   -3900,    4866,    -286,       0,    -464,       0,    7814,    6756,    -272,     786,  100.0,   20.8,   16.0,    0.6,    6.0,   24.2,    1.9,   47.1,   28.6,    2.9,    0.5,    0.8,    0.0,   79.8,   75.0,   20.2,   25.0,     84,     10,      5,      4,      8,     10,      5,     26,     22,     13,.,.,      0,     57,     49,    26.0,    36.9,    42.6,    47.6,    25.6,    36.5,    41.7,    46.9,"(CONTRACTS OF AUD 100,000)",232741,CME ,232 ,F10,FutOnly
AUSTRALIAN DOLLAR - CHICAGO MERCANTILE EXCHANGE,180320,2018-03-20,232741,CME ,00,232 ,   97255,    7520,   18471,     727,    8470,   20914,    1962,   53296,   25141,    3335,     506,    1291,       0,   75816,   71841,   21439,   25414,   -9218,   -8520,  -11279,   -5094,   -2323,    4188,      21,   15077,    2860,   -2332,       4,     564,     -31,   -3198,  -11103,   -6020,    1885,  100.0,    7.7,   19.0,    0.7,    8.7,   21.5,    2.0,   54.8,   25.9,    3.4,    0.5,    1.3,    0.0,   78.0,   73.9,   22.0,   26.1,     88,      8,      6,      4,     10,      9,      6,     29,     22,     10,.,.,      0,     58,     50,    24.7,    35.3,    38.3,    45.2,    23.6,    34.9,    36.4,    44.7,"(CONTRACTS OF AUD 100,000)",232741,CME ,232 ,F10,FutOnly
AUSTRALIAN DOLLAR - CHICAGO MERCANTILE EXCHANGE,180313,2018-03-13,232741,CME ,00,232 ,  106473,   16040,   29750,    5821,   10793,   16726,    1941,   38219,   22281,    5667,     502,     727,      31,   79014,   82944,   27459,   23529,     422,    2334,   -1606,    3948,    2582,   -4654,      42,  -12262,    1868,    1605,     492,    -391,    -137,   -1396,     675,    1818,    -253,  100.0,   15.1,   27.9,    5.5,   10.1,   15.7,    1.8,   35.9,   20.9,    5.3,    0.5,    0.7,    0.0,   74.2,   77.9,   25.8,   22.1,     81,      7,      7,      8,     10,      8,      5,     28,     18,     20,.,.,.,     62,     53,    22.1,    31.9,    34.9,    43.5,    19.6,    31.0,    30.5,    42.4,"(CONTRACTS OF AUD 100,000)",232741,CME ,232 ,F10,FutOnly
AUSTRALIAN DOLLAR - CHICAGO MERCANTILE EXCHANGE,180306,2018-03-06,232741,CME ,00,232 ,  106051,   13706,   31356,    1873,    8211,   21380,    1899,   50481,   20413,    4062,      10,    1118,     168,   80410,   82269,   25641,   23782,   -5255,    -816,  -11665,      53,   -3407,    4677,    -106,     383,     952,    1601,      -8,     500,      -1,   -2301,   -3989,   -2954,   -1266,  100.0,   12.9,   29.6,    1.8,    7.7,   20.2,    1.8,   47.6,   19.2,    3.8,    0.0,    1.1,    0.2,   75.8,   77.6,   24.2,   22.4,     84,      7,      7,      7,     10,     11,      4,     26,     19,     14,.,.,.,     57,     53,    22.0,    35.2,    36.8,    47.0,    21.6,    34.4,    35.9,    46.2,"(CONTRACTS OF AUD 100,000)",232741,CME ,232 ,F10,FutOnly
AUSTRALIAN DOLLAR - CHICAGO MERCANTILE EXCHANGE,180227,2018-02-27,232741,CME ,00,232 ,  111306,   14522,   43021,    1820,   11618,   16703,    2005,   50098,   19461,    2461,      18,     618,     169,   82711,   86258,   28595,   25048,     147,    -456,   -2677,     435,    -912,   -1276,      29,    1427,    1456,     293,    -546,       0,      24,     294,   -1716,    -147,    1863,  100.0,   13.0,   38.7,    1.6,   10.4,   15.0,    1.8,   45.0,   17.5,    2.2,    0.0,    0.6,    0.2,   74.3,   77.5,   25.7,   22.5,     83,      9,      8,      7,     10,     10,      5,     28,     16,     12,.,.,.,     58,     50,    22.9,    38.9,    36.6,    51.9,    22.9,    38.1,    36.1,    51.0,"(CONTRACTS OF AUD 100,000)",232741,CME ,232 ,F10,FutOnly
AUSTRALIAN DOLLAR - CHICAGO MERCANTILE EXCHANGE,180220,2018-02-20,232741,CME ,00,232 ,  111159,   14978,   45698,    1385,   12530,   17979,    1976,   48671,   18005,    2168,     564,     618,     145,   82417,   87974,   28742,   23185,   -2808,    -578,     281,     154,   -1090,     276,       7,    -802,   -3369,    -407,      38,    -980,      27,   -2651,   -4011,    -157,    1203,  100.0,   13.5,   41.1,    1.2,   11.3,   16.2,    1.8,   43.8,   16.2,    2.0,    0.5,    0.6,    0.1,   74.1,   79.1,   25.9,   20.9,     81,      9,      8,      7,     12,     10,      5,     25,     14,     12,.,.,.,     59,     47,    23.7,    40.8,    37.8,    55.5,    23.7,    40.0,    37.2,    54.6,"(CONTRACTS OF AUD 100,000)",232741,CME ,232 ,F10,FutOnly
AUSTRALIAN DOLLAR - CHICAGO MERCANTILE EXCHANGE,180213,2018-02-13,232741,CME ,00,232 ,  113967,   15556,   45417,    1231,   13620,   17703,    1969,   49473,   21374,    2575,     526,    1598,     118,   85068,   91985,   28899,   21982,  -25843,    -399,  -12368,     218,   -6276,    -672,    -188,  -14319,  -12656,     451,     445,      48,      58,  -20010,  -25109,   -5833,    -734,  100.0,   13.6,   39.9,    1.1,   12.0,   15.5,    1.7,   43.4,   18.8,    2.3,    0.5,    1.4,    0.1,   74.6,   80.7,   25.4,   19.3,     88,      8,      8,      5,     13,      9,      5,     28,     18,     14,.,.,.,     63,     50,    21.9,    39.4,    36.6,    53.5,    21.9,    38.5,    36.1,    52.5,"(CONTRACTS OF AUD 100,000)",232741,CME ,232 ,F10,FutOnly
AUSTRALIAN DOLLAR - CHICAGO MERCANTILE EXCHANGE,180206,2018-02-06,232741,CME ,00,232 ,  139810,   15955,   57785,    1013,   19896,   18375,    2157,   63792,   34030,    2124,      81,    1550,      60,  105078,  117094,   34732,   22716,    -394,   -2709,    2640,       1,    1443,   -1648,     -14,    2398,    -738,     582,    -132,    1550,       2,    1571,    2375,   -1965,   -2769,  100.0,   11.4,   41.3,    0.7,   14.2,   13.1,    1.5,   45.6,   24.3,    1.5,    0.1,    1.1,    0.0,   75.2,   83.8,   24.8,   16.2,     96,      8,      8,      6,     15,      9,      5,     35,     18,     11,.,.,.,     69,     50,    20.8,    40.1,    33.7,    55.6,    20.8,    39.8,    33.3,    54.8,"(CONTRACTS OF AUD 100,000)",232741,CME ,232 ,F10,FutOnly
AUSTRALIAN DOLLAR - CHICAGO MERCANTILE EXCHANGE,180130,2018-01-30,232741,CME ,00,232 ,  140204,   18664,   55145,    1012,   18453,   20023,    2171,   61394,   34768,    1542,     213,       0,      58,  103507,  114719,   36697,   25485,    -972,    -809,    2501,     263,     540,   -2370,     -91,   -1670,   -2603,   -1108,    -324,       0,      52,   -3147,   -3356,    2175,    2384,  100.0,   13.3,   39.3,    0.7,   13.2,   14.3,    1.5,   43.8,   24.8,    1.1,    0.2,    0.0,    0.0,   73.8,   81.8,   26.2,   18.2,     99,      8,     10,      4,     14,     10,      6,     37,     19,     14,.,      0,.,     71,     53,    19.9,    38.6,    31.5,    52.8,    19.8,    37.9,    31.1,    52.0,"(CONTRACTS OF AUD 100,000)",232741,CME ,232 ,F10,FutOnly
AUSTRALIAN DOLLAR - CHICAGO MERCANTILE EXCHANGE,180123,2018-01-23,232741,CME ,00,232 ,  141176,   19473,   52644,     749,   17913,   22393,    2262,   63064,   37371,    2650,     537,       0,       6,  106654,  118075,   34522,   23101,   17254,   -1951,   13025,     -16,    1091,   -2919,       1,   12300,    6401,    -227,     268,       0,       0,   11466,   16265,    5788,     989,  100.0,   13.8,   37.3,    0.5,   12.7,   15.9,    1.6,   44.7,   26.5,    1.9,    0.4,    0.0,    0.0,   75.5,   83.6,   24.5,   16.4,    103,      8,     10,      4,     13,     10,      6,     40,     20,     14,.,      0,.,     73,     55,    19.5,    37.8,    31.2,    53.0,    19.4,    37.8,    30.8,    52.1,"(CONTRACTS OF AUD 100,000)",232741,CME ,232 ,F10,FutOnly
AUSTRALIAN DOLLAR - CHICAGO MERCANTILE EXCHANGE,180116,2018-01-16,232741,CME ,00,232 ,  123922,   21424,   39619,     765,   16822,   25312,    2261,   50764,   30970,    2877,     269,       0,       6,   95188,  101810,   28734,   22112,     459,    1102,    9628,     284,    1695,   -2361,    -137,    -887,   -6230,     153,      16,       0,       0,    2226,    1337,   -1767,    -878,  100.0,   17.3,   32.0,    0.6,   13.6,   20.4,    1.8,   41.0,   25.0,    2.3,    0.2,    0.0,    0.0,   76.8,   82.2,   23.2,   17.8,     98,      8,     10,      5,     15,     11,      7,     34,     19,     12,.,      0,.,     67,     56,    22.4,    32.6,    35.4,    47.5,    22.4,    32.2,    35.0,    46.5,"(CONTRACTS OF AUD 100,000)",232741,CME ,232 ,F10,FutOnly
AUSTRALIAN DOLLAR - CHICAGO MERCANTILE EXCHANGE,180109,2018-01-09,232741,CME ,00,232 ,  123463,   20322,   29991,     481,   15127,   27673,    2398,   51651,   37200,    2724,     253,       0,       6,   92962,  100473,   30501,   22990,     287,  -14177,   18858,     427,    4295,   -1797,     105,    7356,  -16801,    -196,    -232,       0,       0,   -2422,     596,    2709,    -309,  100.0,   16.5,   24.3,    0.4,   12.3,   22.4,    1.9,   41.8,   30.1,    2.2,    0.2,    0.0,    0.0,   75.3,   81.4,   24.7,   18.6,     95,      8,     10,      4,     14,     12,      7,     33,     17,     13,.,      0,.,     64,     56,    22.5,    25.8,    34.3,    44.0,    22.4,    25.7,    34.3,    43.2,"(CONTRACTS OF AUD 100,000)",232741,CME ,232 ,F10,FutOnly
AUSTRALIAN DOLLAR - CHICAGO MERCANTILE EXCHANGE,180102,2018-01-02,232741,CME ,00,232 ,  123176,   34499,   11133,      54,   10832,   29470,    2293,   44295,   54001,    2920,     485,       0,       6,   95384,   99877,   27792,   23299,   12651,    -679,    4137,    -209,    4722,   -4529,    -323,    3760,   14111,     630,      56,       0,      -6,    7951,   13811,    4700,   -1160,  100.0,   28.0,    9.0,    0.0,    8.8,   23.9,    1.9,   36.0,   43.8,    2.4,    0.4,    0.0,    0.0,   77.4,   81.1,   22.6,   18.9,     90,      8,     10,.,     12,     14,      7,     24,     20,     13,.,      0,.,     56,     57,    28.4,    35.0,    44.2,    45.3,    28.4,    34.3,    44.2,    44.4,"(CONTRACTS OF AUD 100,000)",232741,CME ,232 ,F10,FutOnly
NEW ZEALAND DOLLAR - CHICAGO MERCANTILE EXCHANGE,181231,2018-12-31,112741,CME ,00,112 ,   29640,    4018,      39,       7,    7053,    6549,      23,   13434,   12217,    1598,     266,    2740,     573,   26972,   23746,    2668,    5894,    1116,     920,       1,       0,    -842,     303,     -25,    1301,     287,       3,      -1,     -52,     292,    1648,     809,    -532,     307,  100.0,   13.6,    0.1,    0.0,   23.8,   22.1,    0.1,   45.3,   41.2,    5.4,    0.9,    9.2,    1.9,   91.0,   80.1,    9.0,   19.9,     65,      6,.,.,      5,     12,.,     19,     17,      6,.,      4,.,     38,     37,    42.8,    36.7,    61.0,    52.9,    42.8,    31.8,    59.5,    46.6,"(CONTRACTS OF NZD 100,000)",112741,CME ,112 ,F15,FutOnly
NEW ZEALAND DOLLAR - CHICAGO MERCANTILE EXCHANGE,181224,2018-12-24,112741,CME ,00,112 ,   28524,    3098,      38,       7,    7895,    6246,      48,   12133,   11930,    1595,     267,    2792,     281,   25324,   22937,    3200,    5587,   -1151,    1480,   -1309,       7,   -3103,    2994,      48,    1030,    -678,      -5,    -164,   -2175,    -209,    -916,   -1327,    -235,     176,  100.0,   10.9,    0.1,    0.0,   27.7,   21.9,    0.2,   42.5,   41.8,    5.6,    0.9,    9.8,    1.0,   88.8,   80.4,   11.2,   19.6,     63,      5,.,.,      7,     10,.,     18,     17,      6,.,      4,.,     37,     35,    44.3,    41.7,    62.3,    57.0,    44.3,    37.0,    60.5,    51.4,"(CONTRACTS OF NZD 100,000)",112741,CME ,112 ,F15,FutOnly
NEW ZEALAND DOLLAR - CHICAGO MERCANTILE EXCHANGE,181218,2018-12-18,112741,CME ,00,112 ,   29675,    1618,    1347,       0,   10998,    3252,       0,   11103,   12608,    1600,     431,    4967,     490,   26240,   24264,    3435,    5411,  -32912,  -20481,   -6655,  -10970,     451,    -112,    -136,    -217,  -15388,    -402,    -250,    1543,     -57,  -32062,  -32177,    -850,    -735,  100.0,    5.5,    4.5,    0.0,   37.1,   11.0,    0.0,   37.4,   42.5,    5.4,    1.5,   16.7,    1.7,   88.4,   81.8,   11.6,   18.2,     66,.,.,      0,      8,      7,      0,     21,     18,      8,.,      6,.,     38,     38,    43.1,    39.1,    61.1,    54.6,    43.1,    34.5,    59.9,    49.9,"(CONTRACTS OF NZD 100,000)",112741,CME ,112 ,F15,FutOnly
NEW ZEALAND DOLLAR - CHICAGO MERCANTILE EXCHANGE,181211,2018-12-11,112741,CME ,00,112 ,   62587,   22099,    8002,   10970,   10547,    3364,     136,   11320,   27996,    2002,     681,    3424,     547,   58302,   56441,    4285,    6146,    6239,   -7306,     497,   10970,    1228,     -49,      63,    1003,   -6557,      -6,    -285,     476,     298,    5965,    5692,     274,     547,  100.0,   35.3,   12.8,   17.5,   16.9,    5.4,    0.2,   18.1,   44.7,    3.2,    1.1,    5.5,    0.9,   93.2,   90.2,    6.8,    9.8,     79,      4,      5,.,      9,      9,.,     22,     23,     12,.,      5,.,     49,     48,    61.6,    44.1,    73.5,    65.0,    44.1,    33.1,    55.9,    48.3,"(CONTRACTS OF NZD 100,000)",112741,CME ,112 ,F15,FutOnly
NEW ZEALAND DOLLAR - CHICAGO MERCANTILE EXCHANGE,181204,2018-12-04,112741,CME ,00,112 ,   56348,   29405,    7505,       0,    9319,    3413,      73,   10317,   34553,    2008,     966,    2948,     249,   52337,   50749,    4011,    5599,    2164,    -950,     678,       0,    1791,    -785,      73,    -518,    2223,     376,     435,    -214,    -265,     942,    2086,    1222,      78,  100.0,   52.2,   13.3,    0.0,   16.5,    6.1,    0.1,   18.3,   61.3,    3.6,    1.7,    5.2,    0.4,   92.9,   90.1,    7.1,    9.9,     73,      5,      5,      0,      7,      9,.,     22,     20,      9,.,.,.,     44,     40,    61.0,    45.2,    73.2,    63.8,    61.0,    43.9,    72.8,    60.9,"(CONTRACTS OF NZD 100,000)",112741,CME ,112 ,F15,FutOnly
NEW ZEALAND DOLLAR - CHICAGO MERCANTILE EXCHANGE,181127,2018-11-27,112741,CME ,00,112 ,   54184,   30355,    6827,       0,    7528,    4198,       0,   10835,   32330,    1632,     531,    3162,     514,   51395,   48663,    2789,    5521,     523,    -189,     710,       0,     596,    -733,       0,    1182,    1932,    -569,    -445,    -302,      33,     608,    1071,     -85,    -548,  100.0,   56.0,   12.6,    0.0,   13.9,    7.7,    0.0,   20.0,   59.7,    3.0,    1.0,    5.8,    0.9,   94.9,   89.8,    5.1,   10.2,     80,      5,      5,      0,      7,     10,      0,     24,     24,      8,.,.,.,     43,     46,    62.7,    39.3,    74.9,    56.1,    62.7,    37.1,    74.3,    53.7,"(CONTRACTS OF NZD 100,000)",112741,CME ,112 ,F15,FutOnly
NEW ZEALAND DOLLAR - CHICAGO MERCANTILE EXCHANGE,181120,2018-11-20,112741,CME ,00,112 ,   53661,   30544,    6117,       0,    6932,    4931,       0,    9653,   30398,    2201,     976,    3464,     481,   50787,   47592,    2874,    6069,    3646,   -1481,     888,       0,    3693,   -1555,       0,    1087,    4422,    -111,     352,    -174,     -25,    3515,    3445,     131,     201,  100.0,   56.9,   11.4,    0.0,   12.9,    9.2,    0.0,   18.0,   56.6,    4.1,    1.8,    6.5,    0.9,   94.6,   88.7,    5.4,   11.3,     84,      5,      5,      0,      5,     11,      0,     25,     26,     11,.,      5,.,     45,     51,    62.4,    34.8,    74.9,    51.0,    62.4,    32.5,    74.3,    48.4,"(CONTRACTS OF NZD 100,000)",112741,CME ,112 ,F15,FutOnly
NEW ZEALAND DOLLAR - CHICAGO MERCANTILE EXCHANGE,181113,2018-11-13,112741,CME ,00,112 ,   50015,   32025,    5229,       0,    3239,    6486,       0,    8566,   25976,    2312,     624,    3638,     506,   47272,   44147,    2743,    5868,   -1273,   -2271,    4018,       0,    1097,   -3173,       0,    -616,   -1480,    -119,     262,    -492,      76,   -1571,   -1170,     298,    -103,  100.0,   64.0,   10.5,    0.0,    6.5,   13.0,    0.0,   17.1,   51.9,    4.6,    1.2,    7.3,    1.0,   94.5,   88.3,    5.5,   11.7,     76,      4,      6,      0,      5,     14,      0,     19,     22,      9,.,      5,.,     35,     51,    67.4,    36.7,    78.6,    51.5,    67.4,    34.1,    75.8,    48.9,"(CONTRACTS OF NZD 100,000)",112741,CME ,112 ,F15,FutOnly
NEW ZEALAND DOLLAR - CHICAGO MERCANTILE EXCHANGE,181106,2018-11-06,112741,CME ,00,112 ,   51288,   34296,    1211,       0,    2142,    9659,       0,    9182,   27456,    2431,     362,    4130,     430,   48843,   45317,    2445,    5971,   -8430,   -9451,     547,       0,    1054,   -6892,     -12,    -273,     655,    -706,     362,   -2077,     406,   -8620,   -8079,     190,    -351,  100.0,   66.9,    2.4,    0.0,    4.2,   18.8,    0.0,   17.9,   53.5,    4.7,    0.7,    8.1,    0.8,   95.2,   88.4,    4.8,   11.6,     83,      6,.,      0,      5,     16,      0,     21,     26,      8,.,      5,.,     39,     54,    68.1,    38.3,    76.4,    53.5,    68.1,    35.8,    74.4,    50.2,"(CONTRACTS OF NZD 100,000)",112741,CME ,112 ,F15,FutOnly
NEW ZEALAND DOLLAR - CHICAGO MERCANTILE EXCHANGE,181030,2018-10-30,112741,CME ,00,112 ,   59718,   43747,     664,       0,    1088,   16551,      12,    9455,   26801,    3137,       0,    6207,      24,   57463,   53396,    2255,    6322,    1035,    1191,      20,       0,     147,   -1038,      12,    -636,   -1436,     587,       0,    3313,    -104,    1197,    1354,    -162,    -319,  100.0,   73.3,    1.1,    0.0,    1.8,   27.7,    0.0,   15.8,   44.9,    5.3,    0.0,   10.4,    0.0,   96.2,   89.4,    3.8,   10.6,     88,      7,.,      0,      4,     21,.,     18,     30,     11,      0,      6,.,     38,     64,    68.7,    37.8,    79.1,    55.3,    68.7,    35.8,    78.9,    53.2,"(CONTRACTS OF NZD 100,000)",112741,CME ,112 ,F15,FutOnly
NEW ZEALAND DOLLAR - CHICAGO MERCANTILE EXCHANGE,181023,2018-10-23,112741,CME ,00,112 ,   58683,   42556,     644,       0,     941,   17589,       0,   10091,   28237,    2550,       0,    2894,     128,   56266,   52042,    2417,    6641,   -3807,   -3541,     518,       0,     -60,   -2158,     -17,    -644,   -1305,     376,    -128,    -863,    -169,   -4183,   -3618,     376,    -189,  100.0,   72.5,    1.1,    0.0,    1.6,   30.0,    0.0,   17.2,   48.1,    4.3,    0.0,    4.9,    0.2,   95.9,   88.7,    4.1,   11.3,     96,      7,.,      0,.,     20,      0,     22,     35,     10,      0,      7,.,     40,     68,    69.1,    38.2,    79.3,    53.1,    69.1,    36.3,    78.6,    50.3,"(CONTRACTS OF NZD 100,000)",112741,CME ,112 ,F15,FutOnly
NEW ZEALAND DOLLAR - CHICAGO MERCANTILE EXCHANGE,181016,2018-10-16,112741,CME ,00,112 ,   62490,   46097,     126,       0,    1001,   19747,      17,   10735,   29542,    2174,     128,    3757,     297,   60449,   55660,    2041,    6830,   -2220,    1914,    -119,       0,      11,    -523,       0,   -3914,   -2861,      79,    -163,     784,      79,   -1994,   -2561,    -226,     341,  100.0,   73.8,    0.2,    0.0,    1.6,   31.6,    0.0,   17.2,   47.3,    3.5,    0.2,    6.0,    0.5,   96.7,   89.1,    3.3,   10.9,     94,      7,.,      0,.,     20,.,     20,     36,      7,.,      6,.,     37,     67,    68.3,    36.1,    79.1,    54.5,    68.3,    34.3,    79.1,    51.9,"(CONTRACTS OF NZD 100,000)",112741,CME ,112 ,F15,FutOnly
NEW ZEALAND DOLLAR - CHICAGO MERCANTILE EXCHANGE,181009,2018-10-09,112741,CME ,00,112 ,   64710,   44183,     245,       0,     990,   20270,      17,   14649,   32403,    2095,     291,    2973,     218,   62443,   58221,    2267,    6489,    8262,    4252,     245,      -3,     392,     640,      17,    3376,    6139,     198,     187,    1660,    -450,    7969,    8446,     293,    -184,  100.0,   68.3,    0.4,    0.0,    1.5,   31.3,    0.0,   22.6,   50.1,    3.2,    0.4,    4.6,    0.3,   96.5,   90.0,    3.5,   10.0,    102,      7,.,      0,.,     22,.,     18,     43,      7,.,      6,.,     35,     77,    66.9,    34.1,    79.4,    50.1,    66.9,    32.4,    79.4,    47.6,"(CONTRACTS OF NZD 100,000)",112741,CME ,112 ,F15,FutOnly
NEW ZEALAND DOLLAR - CHICAGO MERCANTILE EXCHANGE,181002,2018-10-02,112741,CME ,00,112 ,   56448,   39931,       0,       3,     598,   19630,       0,   11273,   26264,    1897,     104,    1313,     668,   54474,   49775,    1974,    6673,    -546,    -731,       0,       0,       7,    -534,      -1,    -154,    -230,      79,     104,   -1018,     196,    -500,   -1508,     -46,     962,  100.0,   70.7,    0.0,    0.0,    1.1,   34.8,    0.0,   20.0,   46.5,    3.4,    0.2,    2.3,    1.2,   96.5,   88.2,    3.5,   11.8,     95,      8,      0,.,.,     21,      0,     23,     33,      9,.,      7,.,     40,     67,    66.0,    38.8,    77.0,    55.3,    66.0,    37.0,    76.7,    53.0,"(CONTRACTS OF NZD 100,000)",112741,CME ,112 ,F15,FutOnly
NEW ZEALAND DOLLAR - CHICAGO MERCANTILE EXCHANGE,180925,2018-09-25,112741,CME ,00,112 ,   56994,   40662,       0,       3,     591,   20164,       1,   11427,   26494,    1818,       0,    2331,     472,   54974,   51283,    2020,    5711,    -435,     122,       0,       3,       0,    2446,       1,    -437,   -1233,    -232,       0,   -1283,     248,    -295,     -50,    -140,    -385,  100.0,   71.3,    0.0,    0.0,    1.0,   35.4,    0.0,   20.0,   46.5,    3.2,    0.0,    4.1,    0.8,   96.5,   90.0,    3.5,   10.0,     98,      7,      0,.,.,     24,.,     22,     34,      6,      0,      9,.,     37,     71,    66.5,    39.4,    77.4,    56.3,    66.5,    37.6,    77.2,    53.5,"(CONTRACTS OF NZD 100,000)",112741,CME ,112 ,F15,FutOnly
NEW ZEALAND DOLLAR - CHICAGO MERCANTILE EXCHANGE,180918,2018-09-18,112741,CME ,00,112 ,   57429,   40540,       0,       0,     591,   17718,       0,   11864,   27727,    2050,       0,    3614,     224,   55269,   51333,    2160,    6096,   -2240,    3481,    -256,   -1859,    -101,    3409,      -1,   -2474,   -2265,    -681,       0,     383,      33,   -1602,   -1237,    -638,   -1003,  100.0,   70.6,    0.0,    0.0,    1.0,   30.9,    0.0,   20.7,   48.3,    3.6,    0.0,    6.3,    0.4,   96.2,   89.4,    3.8,   10.6,     96,      8,      0,      0,.,     23,      0,     19,     36,      5,      0,      8,.,     32,     71,    67.7,    36.3,    80.8,    52.7,    67.7,    34.0,    80.1,    49.9,"(CONTRACTS OF NZD 100,000)",112741,CME ,112 ,F15,FutOnly
NEW ZEALAND DOLLAR - CHICAGO MERCANTILE EXCHANGE,180911,2018-09-11,112741,CME ,00,112 ,   59669,   37059,     256,    1859,     692,   14309,       1,   14338,   29992,    2731,       0,    3231,     191,   56871,   52570,    2798,    7099,    3888,   -1786,       0,    1699,    -121,    -275,       1,    3117,    -779,     562,       0,    1888,     186,    3658,    3282,     230,     606,  100.0,   62.1,    0.4,    3.1,    1.2,   24.0,    0.0,   24.0,   50.3,    4.6,    0.0,    5.4,    0.3,   95.3,   88.1,    4.7,   11.9,    102,     11,.,.,.,     24,.,     20,     34,     12,      0,      9,.,     43,     77,    50.4,    33.6,    72.4,    47.4,    49.7,    31.5,    70.3,    44.7,"(CONTRACTS OF NZD 100,000)",112741,CME ,112 ,F15,FutOnly
NEW ZEALAND DOLLAR - CHICAGO MERCANTILE EXCHANGE,180904,2018-09-04,112741,CME ,00,112 ,   55781,   38845,     256,     160,     813,   14584,       0,   11221,   30771,    2169,       0,    1343,       5,   53213,   49288,    2568,    6493,    1217,     826,    -230,      14,   -1394,    3902,       0,    1449,   -3037,     122,    -100,     455,       0,     917,    1226,     300,      -9,  100.0,   69.6,    0.5,    0.3,    1.5,   26.1,    0.0,   20.1,   55.2,    3.9,    0.0,    2.4,    0.0,   95.4,   88.4,    4.6,   11.6,    102,     10,.,.,      4,     23,      0,     21,     35,      9,      0,      7,.,     40,     74,    53.1,    35.8,    70.3,    49.7,    53.1,    34.2,    70.2,    47.1,"(CONTRACTS OF NZD 100,000)",112741,CME ,112 ,F15,FutOnly
NEW ZEALAND DOLLAR - CHICAGO MERCANTILE EXCHANGE,180828,2018-08-28,112741,CME ,00,112 ,   54564,   38019,     486,     146,    2207,   10682,       0,    9772,   33808,    2047,     100,     888,       5,   52296,   48062,    2268,    6502,    -909,   -1016,     231,      83,    -553,     -53,       0,    1038,     -49,    -562,     100,      39,       0,    -910,    -311,       1,    -598,  100.0,   69.7,    0.9,    0.3,    4.0,   19.6,    0.0,   17.9,   62.0,    3.8,    0.2,    1.6,    0.0,   95.8,   88.1,    4.2,   11.9,     97,     10,.,.,      4,     19,      0,     15,     40,      8,.,      5,.,     35,     73,    54.6,    32.4,    72.5,    47.2,    54.6,    31.9,    72.5,    44.5,"(CONTRACTS OF NZD 100,000)",112741,CME ,112 ,F15,FutOnly
NEW ZEALAND DOLLAR - CHICAGO MERCANTILE EXCHANGE,180821,2018-08-21,112741,CME ,00,112 ,   55473,   39035,     255,      63,    2760,   10735,       0,    8734,   33857,    2609,       0,     849,       5,   53206,   48373,    2267,    7100,    -655,    -450,       0,      63,    1203,     -39,       0,   -1045,    -826,     532,       0,    -367,       0,     303,    -637,    -958,     -18,  100.0,   70.4,    0.5,    0.1,    5.0,   19.4,    0.0,   15.7,   61.0,    4.7,    0.0,    1.5,    0.0,   95.9,   87.2,    4.1,   12.8,     98,     11,.,.,      4,     19,      0,     15,     44,      9,      0,      4,.,     34,     75,    53.3,    30.2,    72.3,    45.8,    53.3,    30.2,    72.3,    43.4,"(CONTRACTS OF NZD 100,000)",112741,CME ,112 ,F15,FutOnly
NEW ZEALAND DOLLAR - CHICAGO MERCANTILE EXCHANGE,180814,2018-08-14,112741,CME ,00,112 ,   56128,   39485,     255,       0,    1557,   10774,       0,    9779,   34683,    2077,       0,    1216,       5,   52903,   49010,    3225,    7118,    4809,    2753,     -45,       0,     903,     -57,       0,     221,    3980,     608,       0,     227,       0,    4485,    4713,     324,      96,  100.0,   70.3,    0.5,    0.0,    2.8,   19.2,    0.0,   17.4,   61.8,    3.7,    0.0,    2.2,    0.0,   94.3,   87.3,    5.7,   12.7,    100,     10,.,      0,      4,     20,      0,     18,     41,     11,      0,      6,.,     37,     75,    53.3,    29.4,    71.0,    45.1,    53.3,    29.4,    71.0,    42.7,"(CONTRACTS OF NZD 100,000)",112741,CME ,112 ,F15,FutOnly
NEW ZEALAND DOLLAR - CHICAGO MERCANTILE EXCHANGE,180807,2018-08-07,112741,CME ,00,112 ,   51319,   36732,     300,       0,     654,   10831,       0,    9558,   30703,    1469,       0,     989,       5,   48418,   44297,    2901,    7022,    -497,     385,    -175,     -10,      43,   -1581,       0,    -487,    1946,    -952,    -110,     105,       1,   -1130,    -666,     633,     169,  100.0,   71.6,    0.6,    0.0,    1.3,   21.1,    0.0,   18.6,   59.8,    2.9,    0.0,    1.9,    0.0,   94.3,   86.3,    5.7,   13.7,     88,      9,.,      0,.,     19,      0,     15,     36,      8,      0,      5,.,     31,     66,    53.8,    31.2,    72.6,    46.6,    53.8,    31.2,    72.6,    44.1,"(CONTRACTS OF NZD 100,000)",112741,CME ,112 ,F15,FutOnly
NEW ZEALAND DOLLAR - CHICAGO MERCANTILE EXCHANGE,180731,2018-07-31,112741,CME ,00,112 ,   51816,   36347,     475,      10,     611,   12412,       0,   10045,   28757,    2421,     110,     884,       4,   49548,   44963,    2268,    6853,     -82,     684,     179,      10,     -10,     414,       0,   -1154,   -1580,     497,     110,    -122,       0,     137,    -602,    -219,     520,  100.0,   70.1,    0.9,    0.0,    1.2,   24.0,    0.0,   19.4,   55.5,    4.7,    0.2,    1.7,    0.0,   95.6,   86.8,    4.4,   13.2,     93,      9,.,.,.,     20,      0,     18,     35,      9,.,      5,.,     37,     67,    52.7,    30.6,    71.2,    46.1,    52.7,    30.5,    71.2,    43.1,"(CONTRACTS OF NZD 100,000)",112741,CME ,112 ,F15,FutOnly
NEW ZEALAND DOLLAR - CHICAGO MERCANTILE EXCHANGE,180724,2018-07-24,112741,CME ,00,112 ,   51898,   35663,     296,       0,     621,   11998,       0,   11199,   30337,    1924,       0,    1006,       4,   49411,   45565,    2487,    6333,   -1356,    -306,     296,       0,    -288,     -56,     -16,    -972,   -1631,     218,       0,     134,       0,   -1364,   -1055,       8,    -301,  100.0,   68.7,    0.6,    0.0,    1.2,   23.1,    0.0,   21.6,   58.5,    3.7,    0.0,    1.9,    0.0,   95.2,   87.8,    4.8,   12.2,     97,      9,.,      0,.,     19,      0,     22,     38,      9,      0,      5,.,     38,     69,    50.9,    28.5,    69.7,    45.2,    50.9,    28.5,    69.7,    42.8,"(CONTRACTS OF NZD 100,000)",112741,CME ,112 ,F15,FutOnly
NEW ZEALAND DOLLAR - CHICAGO MERCANTILE EXCHANGE,180717,2018-07-17,112741,CME ,00,112 ,   53254,   35969,       0,       0,     909,   12054,      16,   12171,   31968,    1706,       0,     872,       4,   50775,   46620,    2479,    6634,     467,   -1446,       0,       0,     305,     165,      16,    1463,     416,      76,    -103,     151,       0,     311,     824,     156,    -357,  100.0,   67.5,    0.0,    0.0,    1.7,   22.6,    0.0,   22.9,   60.0,    3.2,    0.0,    1.6,    0.0,   95.3,   87.5,    4.7,   12.5,     98,     10,      0,      0,      5,     20,.,     18,     40,      7,      0,      5,.,     37,     70,    50.3,    29.9,    68.3,    46.7,    50.3,    29.4,    68.3,    44.0,"(CONTRACTS OF NZD 100,000)",112741,CME ,112 ,F15,FutOnly
NEW ZEALAND DOLLAR - CHICAGO MERCANTILE EXCHANGE,180710,2018-07-10,112741,CME ,00,112 ,   52787,   37415,       0,       0,     604,   11889,       0,   10708,   31552,    1630,     103,     721,       4,   50464,   45796,    2323,    6991,    -889,    1256,       0,      -1,   -1615,     210,       0,    -104,    -877,      33,     103,    -423,       0,    -328,   -1058,    -561,     169,  100.0,   70.9,    0.0,    0.0,    1.1,   22.5,    0.0,   20.3,   59.8,    3.1,    0.2,    1.4,    0.0,   95.6,   86.8,    4.4,   13.2,    101,     11,      0,      0,.,     20,      0,     17,     44,      8,.,      5,.,     38,     72,    53.6,    31.0,    71.4,    47.6,    53.6,    30.8,    71.4,    45.2,"(CONTRACTS OF NZD 100,000)",112741,CME ,112 ,F15,FutOnly
NEW ZEALAND DOLLAR - CHICAGO MERCANTILE EXCHANGE,180703,2018-07-03,112741,CME ,00,112 ,   53676,   36159,       0,       1,    2219,   11679,       0,   10812,   32429,    1597,       0,    1144,       4,   50792,   46854,    2884,    6822,    8650,   10106,       0,       1,   -3031,    1234,       0,     739,    6648,     170,       0,     486,       4,    7989,    8543,     661,     107,  100.0,   67.4,    0.0,    0.0,    4.1,   21.8,    0.0,   20.1,   60.4,    3.0,    0.0,    2.1,    0.0,   94.6,   87.3,    5.4,   12.7,     96,     11,      0,.,      5,     18,      0,     14,     42,     11,      0,      6,.,     38,     71,    51.6,    29.9,    68.9,    46.5,    51.6,    29.8,    68.9,    44.3,"(CONTRACTS OF NZD 100,000)",112741,CME ,112 ,F15,FutOnly
NEW ZEALAND DOLLAR - CHICAGO MERCANTILE EXCHANGE,180626,2018-06-26,112741,CME ,00,112 ,   45026,   26053,       0,       0,    5250,   10445,       0,   10073,   25781,    1427,       0,     658,       0,   42803,   38311,    2223,    6715,    1718,    2102,       0,       0,    -123,     -40,       0,    -172,    1543,    -123,       0,     203,       0,    1684,    1583,      34,     135,  100.0,   57.9,    0.0,    0.0,   11.7,   23.2,    0.0,   22.4,   57.3,    3.2,    0.0,    1.5,    0.0,   95.1,   85.1,    4.9,   14.9,     84,      9,      0,      0,      5,     15,      0,     17,     33,     12,      0,      5,      0,     38,     58,    54.9,    31.4,    70.2,    50.2,    54.9,    30.8,    70.2,    47.5,"(CONTRACTS OF NZD 100,000)",112741,CME ,112 ,F15,FutOnly
NEW ZEALAND DOLLAR - CHICAGO MERCANTILE EXCHANGE,180619,2018-06-19,112741,CME ,00,112 ,   43308,   23951,       0,       0,    5373,   10485,       0,   10245,   24238,    1550,       0,     455,       0,   41119,   36728,    2189,    6580,  -21391,   -3903,  -19683,   -4562,     789,     810,      -4,  -12696,    1807,    -350,       0,     250,       0,  -20726,  -21732,    -665,     341,  100.0,   55.3,    0.0,    0.0,   12.4,   24.2,    0.0,   23.7,   56.0,    3.6,    0.0,    1.1,    0.0,   94.9,   84.8,    5.1,   15.2,     82,      7,      0,      0,      6,     14,      0,     15,     36,     12,      0,      4,      0,     35,     59,    56.9,    32.2,    76.3,    48.9,    56.9,    30.1,    76.2,    46.3,"(CONTRACTS OF NZD 100,000)",112741,CME ,112 ,F15,FutOnly
NEW ZEALAND DOLLAR - CHICAGO MERCANTILE EXCHANGE,180612,2018-06-12,112741,CME ,00,112 ,   64699,   27854,   19683,    4562,    4584,    9675,       4,   22941,   22431,    1900,       0,     205,       0,   61845,   58460,    2854,    6239,    2634,   -1491,    -140,    4488,      13,     -38,       4,    -210,   -1187,    -438,       0,       0,       0,    2366,    2689,     268,     -55,  100.0,   43.1,   30.4,    7.1,    7.1,   15.0,    0.0,   35.5,   34.7,    2.9,    0.0,    0.3,    0.0,   95.6,   90.4,    4.4,    9.6,     81,      9,.,      4,      5,     13,.,     16,     34,     11,      0,.,      0,     40,     57,    54.0,    49.3,    74.5,    65.3,    54.0,    42.3,    70.3,    56.6,"(CONTRACTS OF NZD 100,000)",112741,CME ,112 ,F15,FutOnly
NEW ZEALAND DOLLAR - CHICAGO MERCANTILE EXCHANGE,180605,2018-06-05,112741,CME ,00,112 ,   62065,   29345,   19823,      74,    4571,    9713,       0,   23151,   23618,    2338,       0,     205,       0,   59479,   55771,    2586,    6294,    -458,     -36,    -136,      52,    -954,      69,       0,    -121,    -338,     672,       0,    -527,       0,    -387,    -208,     -71,    -250,  100.0,   47.3,   31.9,    0.1,    7.4,   15.6,    0.0,   37.3,   38.1,    3.8,    0.0,    0.3,    0.0,   95.8,   89.9,    4.2,   10.1,     83,      9,.,.,      5,     14,      0,     19,     32,      9,      0,.,      0,     39,     56,    54.4,    44.5,    71.7,    61.8,    54.4,    43.8,    71.5,    59.9,"(CONTRACTS OF NZD 100,000)",112741,CME ,112 ,F15,FutOnly
NEW ZEALAND DOLLAR - CHICAGO MERCANTILE EXCHANGE,180529,2018-05-29,112741,CME ,00,112 ,   62523,   29381,   19959,      22,    5525,    9644,       0,   23272,   23956,    1666,       0,     732,       0,   59866,   55979,    2657,    6544,    2067,    -686,    -119,     -46,    1570,     500,       0,    1215,     902,     120,       0,     -17,       0,    2173,    1340,    -106,     727,  100.0,   47.0,   31.9,    0.0,    8.8,   15.4,    0.0,   37.2,   38.3,    2.7,    0.0,    1.2,    0.0,   95.8,   89.5,    4.2,   10.5,     87,     10,.,.,      7,     14,      0,     20,     30,      9,      0,      4,      0,     42,     56,    49.2,    44.7,    69.9,    62.0,    49.2,    44.3,    69.6,    60.3,"(CONTRACTS OF NZD 100,000)",112741,CME ,112 ,F15,FutOnly
NEW ZEALAND DOLLAR - CHICAGO MERCANTILE EXCHANGE,180522,2018-05-22,112741,CME ,00,112 ,   60456,   30067,   20078,      68,    3955,    9144,       0,   22057,   23054,    1546,       0,     749,       0,   57693,   54639,    2763,    5817,     582,    5397,   -1134,      43,    2232,     660,       0,   -6128,    1316,     135,    -220,       2,       0,    1459,    1022,    -877,    -440,  100.0,   49.7,   33.2,    0.1,    6.5,   15.1,    0.0,   36.5,   38.1,    2.6,    0.0,    1.2,    0.0,   95.4,   90.4,    4.6,    9.6,     86,     10,.,.,      7,     12,      0,     19,     32,     11,      0,      4,      0,     43,     56,    49.4,    46.8,    68.6,    62.8,    49.3,    46.8,    68.3,    61.2,"(CONTRACTS OF NZD 100,000)",112741,CME ,112 ,F15,FutOnly
NEW ZEALAND DOLLAR - CHICAGO MERCANTILE EXCHANGE,180515,2018-05-15,112741,CME ,00,112 ,   59874,   24670,   21212,      25,    1723,    8484,       0,   28185,   21738,    1411,     220,     747,       0,   56234,   53617,    3640,    6257,   10149,   11579,    -908,      16,   -3361,    3155,       0,    1234,    6745,     187,     220,     325,       0,    9875,    9520,     274,     629,  100.0,   41.2,   35.4,    0.0,    2.9,   14.2,    0.0,   47.1,   36.3,    2.4,    0.4,    1.2,    0.0,   93.9,   89.5,    6.1,   10.5,     91,      9,.,.,      6,     11,      0,     23,     35,      9,.,      4,      0,     45,     57,    53.6,    46.5,    69.2,    60.9,    53.5,    45.5,    69.1,    59.2,"(CONTRACTS OF NZD 100,000)",112741,CME ,112 ,F15,FutOnly
NEW ZEALAND DOLLAR - CHICAGO MERCANTILE EXCHANGE,180508,2018-05-08,112741,CME ,00,112 ,   49725,   13091,   22120,       9,    5084,    5329,       0,   26951,   14993,    1224,       0,     422,       0,   46359,   44097,    3366,    5628,    2120,    6129,   -1609,       9,   -2677,     224,       0,    -185,    2977,     -42,       0,       0,       0,    3234,    1559,   -1114,     561,  100.0,   26.3,   44.5,    0.0,   10.2,   10.7,    0.0,   54.2,   30.2,    2.5,    0.0,    0.8,    0.0,   93.2,   88.7,    6.8,   11.3,     82,      8,.,.,      8,      6,      0,     26,     29,      5,      0,.,      0,     44,     44,    40.4,    55.9,    57.0,    68.3,    40.4,    53.9,    57.0,    66.4,"(CONTRACTS OF NZD 100,000)",112741,CME ,112 ,F15,FutOnly
NEW ZEALAND DOLLAR - CHICAGO MERCANTILE EXCHANGE,180501,2018-05-01,112741,CME ,00,112 ,   47605,    6962,   23729,       0,    7761,    5105,       0,   27136,   12016,    1266,       0,     422,       0,   43125,   42538,    4480,    5067,   -7780,    2789,   -7985,       0,   -3222,    -362,       0,   -6813,    -371,      58,    -100,     -82,       0,   -7288,   -8742,    -492,     962,  100.0,   14.6,   49.8,    0.0,   16.3,   10.7,    0.0,   57.0,   25.2,    2.7,    0.0,    0.9,    0.0,   90.6,   89.4,    9.4,   10.6,     85,      7,      4,      0,      8,      6,      0,     29,     28,      7,      0,.,      0,     47,     45,    34.7,    60.2,    53.4,    72.7,    34.7,    58.3,    53.4,    70.7,"(CONTRACTS OF NZD 100,000)",112741,CME ,112 ,F15,FutOnly
NEW ZEALAND DOLLAR - CHICAGO MERCANTILE EXCHANGE,180424,2018-04-24,112741,CME ,00,112 ,   55385,    4173,   31714,       0,   10983,    5467,       0,   33949,   12387,    1208,     100,     504,       0,   50413,   51280,    4972,    4105,   -6052,    1087,   -1684,       0,   -1861,     -80,     -28,   -5064,   -4607,     353,    -253,    -121,       0,   -5766,   -6167,    -286,     115,  100.0,    7.5,   57.3,    0.0,   19.8,    9.9,    0.0,   61.3,   22.4,    2.2,    0.2,    0.9,    0.0,   91.0,   92.6,    9.0,    7.4,     88,      5,      4,      0,     10,      6,      0,     33,     25,      5,.,      4,      0,     52,     41,    38.4,    61.0,    55.2,    73.9,    38.4,    60.0,    55.1,    72.3,"(CONTRACTS OF NZD 100,000)",112741,CME ,112 ,F15,FutOnly
NEW ZEALAND DOLLAR - CHICAGO MERCANTILE EXCHANGE,180417,2018-04-17,112741,CME ,00,112 ,   61437,    3086,   33398,       0,   12844,    5547,      28,   39013,   16994,     855,     353,     625,       0,   56179,   57447,    5258,    3990,    5499,    -296,    5914,       0,    4422,     174,       0,    1337,      40,       8,      17,     -46,       0,    5488,    6090,      11,    -591,  100.0,    5.0,   54.4,    0.0,   20.9,    9.0,    0.0,   63.5,   27.7,    1.4,    0.6,    1.0,    0.0,   91.4,   93.5,    8.6,    6.5,     94,      4,      5,      0,     16,      6,.,     37,     19,      4,.,      5,      0,     61,     38,    36.1,    58.2,    55.4,    74.5,    36.1,    58.2,    55.4,    73.3,"(CONTRACTS OF NZD 100,000)",112741,CME ,112 ,F15,FutOnly
NEW ZEALAND DOLLAR - CHICAGO MERCANTILE EXCHANGE,180410,2018-04-10,112741,CME ,00,112 ,   55938,    3382,   27484,       0,    8422,    5373,      28,   37676,   16954,     847,     336,     671,       0,   50691,   51357,    5247,    4581,    8859,    -240,    4917,       0,    3148,     -66,       0,    5700,    4146,    -182,     166,     115,       0,    8592,    8930,     267,     -71,  100.0,    6.0,   49.1,    0.0,   15.1,    9.6,    0.0,   67.4,   30.3,    1.5,    0.6,    1.2,    0.0,   90.6,   91.8,    9.4,    8.2,     95,      6,      4,      0,     14,      6,.,     41,     17,.,.,      5,      0,     65,     34,    31.9,    54.7,    51.6,    72.0,    31.9,    54.7,    51.6,    70.6,"(CONTRACTS OF NZD 100,000)",112741,CME ,112 ,F15,FutOnly
NEW ZEALAND DOLLAR - CHICAGO MERCANTILE EXCHANGE,180403,2018-04-03,112741,CME ,00,112 ,   47079,    3622,   22567,       0,    5274,    5439,      28,   31976,   12808,    1029,     170,     556,       0,   42099,   42427,    4980,    4652,     351,     649,      39,       0,    -666,      -9,       0,     273,     259,      99,       9,       6,       0,     364,     394,     -13,     -43,  100.0,    7.7,   47.9,    0.0,   11.2,   11.6,    0.1,   67.9,   27.2,    2.2,    0.4,    1.2,    0.0,   89.4,   90.1,   10.6,    9.9,     87,      6,.,      0,     12,      6,.,     35,     21,.,.,      4,      0,     56,     35,    31.6,    61.0,    49.1,    72.7,    31.6,    59.5,    49.1,    71.2,"(CONTRACTS OF NZD 100,000)",112741,CME ,112 ,F15,FutOnly
NEW ZEALAND DOLLAR - CHICAGO MERCANTILE EXCHANGE,180327,2018-03-27,112741,CME ,00,112 ,   46728,    2973,   22528,       0,    5940,    5448,      28,   31703,   12549,     930,     161,     550,       0,   41735,   42033,    4993,    4695,    2246,    1031,    -869,       0,   -1318,     392,       0,    3024,    2343,     -29,    -121,    -103,       0,    2587,    1734,    -341,     512,  100.0,    6.4,   48.2,    0.0,   12.7,   11.7,    0.1,   67.8,   26.9,    2.0,    0.3,    1.2,    0.0,   89.3,   90.0,   10.7,   10.0,     81,      4,.,      0,     12,      6,.,     35,     16,.,.,      4,      0,     54,     31,    32.9,    60.5,    49.7,    74.5,    32.9,    58.6,    49.7,    72.6,"(CONTRACTS OF NZD 100,000)",112741,CME ,112 ,F15,FutOnly
NEW ZEALAND DOLLAR - CHICAGO MERCANTILE EXCHANGE,180320,2018-03-20,112741,CME ,00,112 ,   44482,    1942,   23397,       0,    7258,    5056,      28,   28679,   10206,     959,     282,     653,       0,   39148,   40299,    5334,    4183,  -22390,  -16508,    1302,   -4127,    -150,    1450,       0,    -934,  -20789,    -128,     -13,      -7,       0,  -21860,  -22299,    -530,     -91,  100.0,    4.4,   52.6,    0.0,   16.3,   11.4,    0.1,   64.5,   22.9,    2.2,    0.6,    1.5,    0.0,   88.0,   90.6,   12.0,    9.4,     82,.,      5,      0,     12,      6,.,     33,     16,      6,.,      5,      0,     53,     36,    37.8,    61.6,    54.7,    73.1,    37.8,    60.3,    54.7,    71.1,"(CONTRACTS OF NZD 100,000)",112741,CME ,112 ,F15,FutOnly
NEW ZEALAND DOLLAR - CHICAGO MERCANTILE EXCHANGE,180313,2018-03-13,112741,CME ,00,112 ,   66872,   18450,   22095,    4127,    7408,    3606,      28,   29613,   30995,    1087,     295,     660,       0,   61008,   62598,    5864,    4274,    7518,     -89,     221,    3989,     505,       3,      28,    2336,    2974,      99,     130,     130,       0,    6998,    7444,     520,      74,  100.0,   27.6,   33.0,    6.2,   11.1,    5.4,    0.0,   44.3,   46.3,    1.6,    0.4,    1.0,    0.0,   91.2,   93.6,    8.8,    6.4,     89,      4,      6,.,     14,      4,.,     38,     16,.,.,      5,      0,     62,     34,    44.9,    53.9,    60.0,    70.6,    38.8,    53.9,    53.9,    68.1,"(CONTRACTS OF NZD 100,000)",112741,CME ,112 ,F15,FutOnly
NEW ZEALAND DOLLAR - CHICAGO MERCANTILE EXCHANGE,180306,2018-03-06,112741,CME ,00,112 ,   59354,   18539,   21874,     138,    6903,    3603,       0,   27277,   28021,     988,     165,     530,       0,   54010,   55154,    5344,    4200,     911,    -344,    3715,     -51,     -93,       0,       0,    1696,   -2092,    -627,    -220,    -134,       0,     361,     811,     550,     100,  100.0,   31.2,   36.9,    0.2,   11.6,    6.1,    0.0,   46.0,   47.2,    1.7,    0.3,    0.9,    0.0,   91.0,   92.9,    9.0,    7.1,     86,      4,      6,.,     11,      4,      0,     37,     18,      6,.,      4,      0,     58,     36,    44.2,    50.2,    60.4,    69.5,    44.2,    50.2,    60.4,    68.8,"(CONTRACTS OF NZD 100,000)",112741,CME ,112 ,F15,FutOnly
NEW ZEALAND DOLLAR - CHICAGO MERCANTILE EXCHANGE,180227,2018-02-27,112741,CME ,00,112 ,   58443,   18883,   18159,     189,    6996,    3603,       0,   25581,   30113,    1615,     385,     664,       0,   53649,   54343,    4794,    4100,    3960,     203,     212,      -2,     649,     401,       0,    1959,    2527,    1045,     153,     117,       0,    4007,    4300,     -47,    -340,  100.0,   32.3,   31.1,    0.3,   12.0,    6.2,    0.0,   43.8,   51.5,    2.8,    0.7,    1.1,    0.0,   91.8,   93.0,    8.2,    7.0,     92,      4,      6,.,     12,      4,      0,     34,     23,      7,.,      5,      0,     58,     43,    45.5,    49.6,    61.0,    66.1,    45.5,    49.6,    60.4,    65.5,"(CONTRACTS OF NZD 100,000)",112741,CME ,112 ,F15,FutOnly
NEW ZEALAND DOLLAR - CHICAGO MERCANTILE EXCHANGE,180220,2018-02-20,112741,CME ,00,112 ,   54483,   18680,   17947,     191,    6347,    3202,       0,   23622,   27586,     570,     232,     547,       0,   49642,   50043,    4841,    4440,     744,    -423,    -491,       7,     125,     159,       0,     600,     451,     157,     119,     217,       0,     585,     500,     159,     244,  100.0,   34.3,   32.9,    0.4,   11.6,    5.9,    0.0,   43.4,   50.6,    1.0,    0.4,    1.0,    0.0,   91.1,   91.9,    8.9,    8.1,     79,      4,      6,.,     12,.,      0,     28,     19,      6,.,      4,      0,     51,     36,    48.1,    48.7,    63.7,    66.5,    48.1,    48.7,    63.6,    66.0,"(CONTRACTS OF NZD 100,000)",112741,CME ,112 ,F15,FutOnly
NEW ZEALAND DOLLAR - CHICAGO MERCANTILE EXCHANGE,180213,2018-02-13,112741,CME ,00,112 ,   53739,   19103,   18438,     184,    6222,    3043,       0,   23022,   27135,     413,     113,     330,       0,   49057,   49543,    4682,    4196,   -1824,    -849,     979,      13,    -901,    -506,       0,     268,   -2446,     -34,     -35,      16,       0,   -1538,   -1978,    -286,     154,  100.0,   35.5,   34.3,    0.3,   11.6,    5.7,    0.0,   42.8,   50.5,    0.8,    0.2,    0.6,    0.0,   91.3,   92.2,    8.7,    7.8,     78,      4,      7,.,     10,.,      0,     30,     20,      5,.,.,      0,     50,     36,    50.6,    45.9,    64.5,    64.2,    50.6,    45.5,    64.5,    63.7,"(CONTRACTS OF NZD 100,000)",112741,CME ,112 ,F15,FutOnly
NEW ZEALAND DOLLAR - CHICAGO MERCANTILE EXCHANGE,180206,2018-02-06,112741,CME ,00,112 ,   55563,   19952,   17459,     171,    7123,    3549,       0,   22754,   29581,     447,     148,     314,       0,   50595,   51521,    4968,    4042,    -220,    -676,    -789,       7,     955,     290,       0,   -1104,    -616,     274,      18,    -301,       0,    -526,   -1135,     306,     915,  100.0,   35.9,   31.4,    0.3,   12.8,    6.4,    0.0,   41.0,   53.2,    0.8,    0.3,    0.6,    0.0,   91.1,   92.7,    8.9,    7.3,     82,      4,      6,.,     11,      4,      0,     29,     24,      5,.,.,      0,     49,     40,    51.4,    43.6,    64.6,    61.8,    51.4,    43.2,    64.5,    61.4,"(CONTRACTS OF NZD 100,000)",112741,CME ,112 ,F15,FutOnly
NEW ZEALAND DOLLAR - CHICAGO MERCANTILE EXCHANGE,180130,2018-01-30,112741,CME ,00,112 ,   55783,   20628,   18248,     164,    6168,    3259,       0,   23858,   30197,     173,     130,     615,       0,   51121,   52656,    4662,    3127,    2409,   -3481,    4476,      11,    1631,   -1075,       0,    5215,    1071,   -1339,      20,     226,       0,    2057,    3370,     352,    -961,  100.0,   37.0,   32.7,    0.3,   11.1,    5.8,    0.0,   42.8,   54.1,    0.3,    0.2,    1.1,    0.0,   91.6,   94.4,    8.4,    5.6,     87,      4,      8,.,     11,      4,      0,     35,     19,      5,.,      4,      0,     54,     40,    49.6,    49.1,    62.8,    69.1,    49.6,    49.1,    62.8,    68.9,"(CONTRACTS OF NZD 100,000)",112741,CME ,112 ,F15,FutOnly
NEW ZEALAND DOLLAR - CHICAGO MERCANTILE EXCHANGE,180123,2018-01-23,112741,CME ,00,112 ,   53374,   24109,   13772,     153,    4537,    4334,       0,   18643,   29126,    1512,     110,     389,       0,   49064,   49286,    4310,    4088,    6594,   -1778,    4540,       0,    -210,    1017,       0,    7731,     365,     639,     110,    -111,       0,    6492,    6450,     102,     144,  100.0,   45.2,   25.8,    0.3,    8.5,    8.1,    0.0,   34.9,   54.6,    2.8,    0.2,    0.7,    0.0,   91.9,   92.3,    8.1,    7.7,     87,      6,      5,.,      9,      6,      0,     31,     26,      7,.,.,      0,     51,     45,    51.2,    43.7,    64.2,    61.9,    51.2,    43.7,    64.2,    61.8,"(CONTRACTS OF NZD 100,000)",112741,CME ,112 ,F15,FutOnly
NEW ZEALAND DOLLAR - CHICAGO MERCANTILE EXCHANGE,180116,2018-01-16,112741,CME ,00,112 ,   46780,   25887,    9232,     153,    4747,    3317,       0,   10912,   28761,     873,       0,     500,       0,   42572,   42836,    4208,    3944,    1261,   -2635,    3919,     152,    1406,    1372,       0,    1450,   -3748,     141,       0,    -145,       0,     514,    1691,     747,    -430,  100.0,   55.3,   19.7,    0.3,   10.1,    7.1,    0.0,   23.3,   61.5,    1.9,    0.0,    1.1,    0.0,   91.0,   91.6,    9.0,    8.4,     87,      6,      4,.,     10,      7,      0,     29,     27,      6,      0,.,      0,     49,     46,    54.0,    37.9,    66.5,    59.1,    54.0,    37.9,    66.5,    59.1,"(CONTRACTS OF NZD 100,000)",112741,CME ,112 ,F15,FutOnly
NEW ZEALAND DOLLAR - CHICAGO MERCANTILE EXCHANGE,180109,2018-01-09,112741,CME ,00,112 ,   45519,   28522,    5313,       1,    3341,    1945,       0,    9462,   32509,     732,       0,     645,       0,   42058,   41145,    3461,    4374,     378,   -2458,    4752,       1,    1527,    -165,      -8,     866,   -4025,      30,       0,     122,       0,     -42,     707,     420,    -329,  100.0,   62.7,   11.7,    0.0,    7.3,    4.3,    0.0,   20.8,   71.4,    1.6,    0.0,    1.4,    0.0,   92.4,   90.4,    7.6,    9.6,     80,      7,      4,.,      9,      6,      0,     22,     28,      6,      0,.,      0,     40,     47,    58.0,    31.2,    69.3,    54.9,    58.0,    31.2,    69.3,    54.9,"(CONTRACTS OF NZD 100,000)",112741,CME ,112 ,F15,FutOnly
NEW ZEALAND DOLLAR - CHICAGO MERCANTILE EXCHANGE,180102,2018-01-02,112741,CME ,00,112 ,   45141,   30980,     561,       0,    1814,    2110,       8,    8596,   36534,     702,       0,     523,       0,   42100,   40438,    3041,    4703,   -2078,    -422,     405,       0,     -12,   -4599,       0,   -2231,    1807,     386,    -100,      -5,       0,   -2379,   -2006,     301,     -72,  100.0,   68.6,    1.2,    0.0,    4.0,    4.7,    0.0,   19.0,   80.9,    1.6,    0.0,    1.2,    0.0,   93.3,   89.6,    6.7,   10.4,     72,      8,.,      0,      8,      8,.,     16,     27,      6,      0,.,      0,     36,     43,    61.7,    30.9,    74.9,    55.9,    61.7,    30.9,    74.9,    55.9,"(CONTRACTS OF NZD 100,000)",112741,CME ,112 ,F15,FutOnly
