CANADIAN DOLLAR - CHICAGO MERCANTILE EXCHANGE,191231,2019-12-31,090741,CME ,00,090 ,  175666,    3876,   77238,     666,   58307,   13093,    5515,   38431,   55991,    2344,   19633,    2061,     146,  128918,  157054,   46748,   18612,   17000,      72,    6050,       0,    3627,   -3369,    -425,    4186,   13950,   -1420,    2790,      98,     100,    8930,   14984,    8070,    2016,  100.0,    2.2,   44.0,    0.4,   33.2,    7.5,    3.1,   21.9,   31.9,    1.3,   11.2,    1.2,    0.1,   73.4,   89.4,   26.6,   10.6,    115,      4,     11,.,     25,     10,     12,     27,     24,     14,     10,.,.,     78,     66,    19.2,    44.2,    30.1,    59.1,    19.1,    43.8,    28.2,    58.5,"(CONTRACTS OF CAD 100,000)",090741,CME ,090 ,F10,FutOnly
CANADIAN DOLLAR - CHICAGO MERCANTILE EXCHANGE,191224,2019-12-24,090741,CME ,00,090 ,  158666,    3804,   71188,     666,   54680,   16462,    5940,   34245,   42041,    3764,   16843,    1963,      46,  119988,  142070,   38678,   16596,  -30792,   -2625,    -283,  -23821,   11030,   -5323,     528,   -2266,    9671,   -7566,     426,     256,      26,  -24268,  -26512,   -6524,   -4280,  100.0,    2.4,   44.9,    0.4,   34.5,   10.4,    3.7,   21.6,   26.5,    2.4,   10.6,    1.2,    0.0,   75.6,   89.5,   24.4,   10.5,    110,      4,     10,.,     26,     10,     12,     24,     22,     11,      9,.,.,     73,     64,    20.9,    47.9,    32.6,    60.0,    20.4,    47.4,    30.3,    59.6,"(CONTRACTS OF CAD 100,000)",090741,CME ,090 ,F10,FutOnly
CANADIAN DOLLAR - CHICAGO MERCANTILE EXCHANGE,191217,2019-12-17,090741,CME ,00,090 ,  189458,    6429,   71471,   24487,   43650,   21785,    5412,   36511,   32370,   11330,   16417,    1707,      20,  144256,  168582,   45202,   20876,   20239,   -3438,    5459,   15398,    5143,   -7157,    -187,  -11222,    7041,    4709,     969,    -676,     -12,   11360,   24575,    8879,   -4336,  100.0,    3.4,   37.7,   12.9,   23.0,   11.5,    2.9,   19.3,   17.1,    6.0,    8.7,    0.9,    0.0,   76.1,   89.0,   23.9,   11.0,    104,      6,      9,      8,     22,     13,     13,     21,     20,     17,      9,.,.,     78,     66,    27.8,    50.9,    37.6,    61.8,    20.2,    40.5,    26.6,    49.7,"(CONTRACTS OF CAD 100,000)",090741,CME ,090 ,F10,FutOnly
CANADIAN DOLLAR - CHICAGO MERCANTILE EXCHANGE,191210,2019-12-10,090741,CME ,00,090 ,  169219,    9867,   66012,    9089,   38507,   28942,    5599,   47733,   25329,    6621,   15448,    2383,      32,  132896,  144007,   36323,   25212,  -14841,   -1225,      17,   -6313,     421,   -3620,    -480,   -9011,   -5430,     -98,   -1260,     312,      -4,  -17970,  -15616,    3129,     775,  100.0,    5.8,   39.0,    5.4,   22.8,   17.1,    3.3,   28.2,   15.0,    3.9,    9.1,    1.4,    0.0,   78.5,   85.1,   21.5,   14.9,    102,      7,      8,      5,     17,     14,     12,     27,     18,     11,      9,.,.,     73,     59,    23.9,    44.2,    33.7,    55.6,    23.6,    41.7,    31.9,    51.8,"(CONTRACTS OF CAD 100,000)",090741,CME ,090 ,F10,FutOnly
CANADIAN DOLLAR - CHICAGO MERCANTILE EXCHANGE,191203,2019-12-03,090741,CME ,00,090 ,  184060,   11092,   65995,   15402,   38086,   32562,    6079,   56744,   30759,    6719,   16708,    2071,      36,  150866,  159623,   33194,   24437,   16710,    2591,   -7457,   14013,   -1205,    5781,    1003,     636,    -236,    2328,    -827,      -8,       6,   18545,   15430,   -1835,    1280,  100.0,    6.0,   35.9,    8.4,   20.7,   17.7,    3.3,   30.8,   16.7,    3.7,    9.1,    1.1,    0.0,   82.0,   86.7,   18.0,   13.3,    115,      8,      8,      5,     18,     16,     11,     28,     23,     14,     12,.,.,     77,     70,    25.5,    44.8,    39.2,    55.8,    24.5,    40.1,    34.4,    50.0,"(CONTRACTS OF CAD 100,000)",090741,CME ,090 ,F10,FutOnly
CANADIAN DOLLAR - CHICAGO MERCANTILE EXCHANGE,191126,2019-11-26,090741,CME ,00,090 ,  167350,    8501,   73452,    1389,   39291,   26781,    5076,   56108,   30995,    4391,   17535,    2079,      30,  132321,  144193,   35029,   23157,   -5409,    1490,  -13135,    -304,   -3842,    8247,    -227,   -2628,   -1188,     848,    -183,       8,      -9,   -4855,   -5760,    -554,     351,  100.0,    5.1,   43.9,    0.8,   23.5,   16.0,    3.0,   33.5,   18.5,    2.6,   10.5,    1.2,    0.0,   79.1,   86.2,   20.9,   13.8,    113,      7,      7,      4,     19,     15,     11,     26,     25,     13,     12,.,.,     77,     66,    27.6,    48.1,    39.8,    57.5,    27.4,    47.3,    37.9,    56.7,"(CONTRACTS OF CAD 100,000)",090741,CME ,090 ,F10,FutOnly
CANADIAN DOLLAR - CHICAGO MERCANTILE EXCHANGE,191119,2019-11-19,090741,CME ,00,090 ,  172759,    7011,   86587,    1693,   43133,   18534,    5303,   58736,   32183,    3543,   17718,    2071,      39,  137176,  149953,   35583,   22806,  -10034,     982,  -20475,    1479,  -10882,    4720,    -593,   -1752,    1883,    1169,    -549,      -8,       8,  -10138,  -11817,     104,    1783,  100.0,    4.1,   50.1,    1.0,   25.0,   10.7,    3.1,   34.0,   18.6,    2.1,   10.3,    1.2,    0.0,   79.4,   86.8,   20.6,   13.2,    115,      6,      9,      4,     22,     11,     11,     26,     26,      8,     13,.,.,     76,     65,    27.7,    52.1,    38.9,    61.3,    27.4,    51.2,    37.1,    60.4,"(CONTRACTS OF CAD 100,000)",090741,CME ,090 ,F10,FutOnly
CANADIAN DOLLAR - CHICAGO MERCANTILE EXCHANGE,191112,2019-11-12,090741,CME ,00,090 ,  182793,    6029,  107062,     214,   54015,   13814,    5896,   60488,   30300,    2374,   18267,    2079,      31,  147314,  161770,   35479,   21023,  -10089,    1308,  -10963,      60,  -11705,    2275,     664,     733,   -4540,    1574,    1055,       0,      12,   -6299,  -10918,   -3790,     829,  100.0,    3.3,   58.6,    0.1,   29.5,    7.6,    3.2,   33.1,   16.6,    1.3,   10.0,    1.1,    0.0,   80.6,   88.5,   19.4,   11.5,    114,      5,     10,.,     25,      9,     12,     30,     21,     11,     12,.,.,     81,     62,    27.9,    54.0,    39.1,    66.6,    27.7,    54.0,    37.7,    66.6,"(CONTRACTS OF CAD 100,000)",090741,CME ,090 ,F10,FutOnly
CANADIAN DOLLAR - CHICAGO MERCANTILE EXCHANGE,191105,2019-11-05,090741,CME ,00,090 ,  192882,    4721,  118025,     154,   65720,   11539,    5232,   59755,   34840,     800,   17212,    2079,      19,  153613,  172688,   39269,   20194,    2911,    -996,   12454,     -37,    -232,    1246,   -1544,    6579,   -6554,   -1258,    1719,    -863,      -3,    4228,    3441,   -1317,    -530,  100.0,    2.4,   61.2,    0.1,   34.1,    6.0,    2.7,   31.0,   18.1,    0.4,    8.9,    1.1,    0.0,   79.6,   89.5,   20.4,   10.5,    111,      4,     11,.,     26,      8,     11,     26,     22,      9,     12,.,.,     76,     61,    29.3,    55.6,    41.4,    67.1,    29.2,    55.6,    40.1,    67.1,"(CONTRACTS OF CAD 100,000)",090741,CME ,090 ,F10,FutOnly
CANADIAN DOLLAR - CHICAGO MERCANTILE EXCHANGE,191029,2019-10-29,090741,CME ,00,090 ,  189971,    5717,  105571,     191,   65952,   10293,    6776,   53176,   41394,    2058,   15493,    2942,      22,  149385,  169247,   40586,   20724,   19666,    -684,   21031,       0,   11100,   -3636,     649,    9297,    5077,   -1545,   -2597,    -721,      19,   16239,   20874,    3427,   -1208,  100.0,    3.0,   55.6,    0.1,   34.7,    5.4,    3.6,   28.0,   21.8,    1.1,    8.2,    1.5,    0.0,   78.6,   89.1,   21.4,   10.9,    115,      4,     10,      4,     24,      9,     13,     28,     24,     11,     12,      4,.,     82,     63,    30.0,    51.4,    39.8,    63.1,    29.8,    51.4,    38.0,    63.1,"(CONTRACTS OF CAD 100,000)",090741,CME ,090 ,F10,FutOnly
CANADIAN DOLLAR - CHICAGO MERCANTILE EXCHANGE,191022,2019-10-22,090741,CME ,00,090 ,  170305,    6401,   84540,     191,   54852,   13929,    6127,   43879,   36317,    3603,   18090,    3663,       3,  133146,  148373,   37159,   21932,   21226,     -77,   36160,    -632,   11316,  -10670,     650,    2690,   -3191,     472,    4043,    1136,     -15,   18447,   23910,    2779,   -2684,  100.0,    3.8,   49.6,    0.1,   32.2,    8.2,    3.6,   25.8,   21.3,    2.1,   10.6,    2.2,    0.0,   78.2,   87.1,   21.8,   12.9,    105,      5,      9,      4,     21,     10,     10,     20,     22,     13,     13,      5,.,     72,     61,    30.1,    46.7,    40.4,    58.3,    29.5,    46.7,    38.4,    58.3,"(CONTRACTS OF CAD 100,000)",090741,CME ,090 ,F10,FutOnly
CANADIAN DOLLAR - CHICAGO MERCANTILE EXCHANGE,191015,2019-10-15,090741,CME ,00,090 ,  149079,    6478,   48380,     823,   43536,   24599,    5477,   41189,   39508,    3131,   14047,    2527,      18,  114699,  124463,   34380,   24616,   12974,      96,   15936,      40,    4913,   -1839,      94,    4264,    4290,     280,     -82,      -1,      -1,    9604,   18799,    3370,   -5825,  100.0,    4.3,   32.5,    0.6,   29.2,   16.5,    3.7,   27.6,   26.5,    2.1,    9.4,    1.7,    0.0,   76.9,   83.5,   23.1,   16.5,    103,      5,      6,      4,     17,     13,      8,     22,     26,     10,     11,.,.,     67,     59,    34.2,    35.6,    43.5,    48.1,    34.0,    35.1,    41.3,    47.3,"(CONTRACTS OF CAD 100,000)",090741,CME ,090 ,F10,FutOnly
CANADIAN DOLLAR - CHICAGO MERCANTILE EXCHANGE,191008,2019-10-08,090741,CME ,00,090 ,  136105,    6382,   32444,     783,   38623,   26438,    5383,   36925,   35218,    2851,   14129,    2528,      19,  105095,  105664,   31010,   30441,    5168,    1251,   -9489,      71,   -1022,    7784,     685,    4451,    -449,    1010,     183,     457,      -1,    6628,      68,   -1460,    5100,  100.0,    4.7,   23.8,    0.6,   28.4,   19.4,    4.0,   27.1,   25.9,    2.1,   10.4,    1.9,    0.0,   77.2,   77.6,   22.8,   22.4,    102,      6,      6,      4,     15,     14,      7,     22,     25,     12,     11,.,.,     61,     65,    30.7,    30.4,    40.8,    41.7,    29.9,    30.4,    38.5,    41.7,"(CONTRACTS OF CAD 100,000)",090741,CME ,090 ,F10,FutOnly
CANADIAN DOLLAR - CHICAGO MERCANTILE EXCHANGE,191001,2019-10-01,090741,CME ,00,090 ,  130937,    5131,   41933,     712,   39645,   18654,    4698,   32474,   35667,    1841,   13946,    2071,      20,   98467,  105596,   32470,   25341,    7920,    2008,    5818,     -12,    1206,   -1502,     873,    3253,    3401,    -346,     -27,       0,       2,    6957,    8234,     963,    -314,  100.0,    3.9,   32.0,    0.5,   30.3,   14.2,    3.6,   24.8,   27.2,    1.4,   10.7,    1.6,    0.0,   75.2,   80.6,   24.8,   19.4,    100,      7,      5,.,     15,     15,      8,     21,     24,     11,     11,.,.,     63,     60,    27.5,    34.7,    37.0,    51.3,    26.1,    34.7,    34.4,    50.4,"(CONTRACTS OF CAD 100,000)",090741,CME ,090 ,F10,FutOnly
CANADIAN DOLLAR - CHICAGO MERCANTILE EXCHANGE,190924,2019-09-24,090741,CME ,00,090 ,  123017,    3123,   36115,     724,   38439,   20156,    3825,   29221,   32266,    2187,   13973,    2071,      18,   91510,   97362,   31507,   25655,  -64778,   -9189,  -40706,  -19670,   -3250,    2359,      84,  -20580,    5024,   -8607,    -180,   -1945,      -2,  -61394,  -63463,   -3384,   -1315,  100.0,    2.5,   29.4,    0.6,   31.2,   16.4,    3.1,   23.8,   26.2,    1.8,   11.4,    1.7,    0.0,   74.4,   79.1,   25.6,   20.9,     99,      6,      6,      4,     14,     15,      8,     21,     23,     10,     12,.,.,     62,     60,    29.4,    30.6,    38.4,    47.2,    27.3,    30.3,    36.2,    46.2,"(CONTRACTS OF CAD 100,000)",090741,CME ,090 ,F10,FutOnly
CANADIAN DOLLAR - CHICAGO MERCANTILE EXCHANGE,190917,2019-09-17,090741,CME ,00,090 ,  187795,   12312,   76821,   20394,   41689,   17797,    3741,   49801,   27242,   10794,   14153,    4016,      20,  152904,  160825,   34891,   26970,    4737,   -3291,    3089,    5625,   -6200,   -1332,    -507,   10252,   -3198,   -4075,    4261,      40,     -27,    6038,    -385,   -1301,    5122,  100.0,    6.6,   40.9,   10.9,   22.2,    9.5,    2.0,   26.5,   14.5,    5.7,    7.5,    2.1,    0.0,   81.4,   85.6,   18.6,   14.4,    105,      9,      6,      6,     15,     13,      8,     25,     22,     13,     12,.,.,     71,     62,    28.7,    48.9,    43.3,    59.5,    24.7,    44.6,    32.2,    51.6,"(CONTRACTS OF CAD 100,000)",090741,CME ,090 ,F10,FutOnly
CANADIAN DOLLAR - CHICAGO MERCANTILE EXCHANGE,190910,2019-09-10,090741,CME ,00,090 ,  183058,   15603,   73732,   14769,   47889,   19129,    4248,   39549,   30440,   14869,    9892,    3976,      47,  146866,  161210,   36192,   21848,   15662,   -8280,    8219,   11202,    8521,   -7109,     111,   -2727,    4788,    5472,    -738,       0,      28,   13589,   22711,    2073,   -7049,  100.0,    8.5,   40.3,    8.1,   26.2,   10.4,    2.3,   21.6,   16.6,    8.1,    5.4,    2.2,    0.0,   80.2,   88.1,   19.8,   11.9,    102,     10,      5,      9,     16,     14,      9,     24,     20,     11,      9,.,.,     72,     61,    28.3,    47.2,    42.6,    57.4,    27.5,    43.3,    35.2,    51.5,"(CONTRACTS OF CAD 100,000)",090741,CME ,090 ,F10,FutOnly
CANADIAN DOLLAR - CHICAGO MERCANTILE EXCHANGE,190903,2019-09-03,090741,CME ,00,090 ,  167396,   23883,   65513,    3567,   39368,   26238,    4137,   42276,   25652,    9397,   10630,    3976,      19,  133277,  138499,   34119,   28897,    8475,    3602,   -3636,    1073,   -1865,    5442,     428,    5438,    1358,    1395,    -724,       0,      17,    9364,    6077,    -889,    2398,  100.0,   14.3,   39.1,    2.1,   23.5,   15.7,    2.5,   25.3,   15.3,    5.6,    6.4,    2.4,    0.0,   79.6,   82.7,   20.4,   17.3,     98,     10,      5,      8,     14,     15,     11,     22,     19,     10,     10,.,.,     68,     60,    30.2,    45.7,    41.4,    56.7,    29.6,    43.7,    38.1,    53.3,"(CONTRACTS OF CAD 100,000)",090741,CME ,090 ,F10,FutOnly
CANADIAN DOLLAR - CHICAGO MERCANTILE EXCHANGE,190827,2019-08-27,090741,CME ,00,090 ,  158921,   20281,   69149,    2494,   41233,   20796,    3709,   36838,   24294,    8002,   11354,    3976,       2,  123913,  132422,   35008,   26499,    3084,    3085,    -402,    -535,    -105,    3482,     161,    1146,    2019,   -2022,    -260,       0,       0,    1470,    2703,    1614,     381,  100.0,   12.8,   43.5,    1.6,   25.9,   13.1,    2.3,   23.2,   15.3,    5.0,    7.1,    2.5,    0.0,   78.0,   83.3,   22.0,   16.7,     96,     10,      5,      6,     14,     15,     10,     18,     21,     12,     10,.,.,     65,     60,    28.4,    49.1,    40.8,    59.7,    28.1,    47.6,    37.4,    56.0,"(CONTRACTS OF CAD 100,000)",090741,CME ,090 ,F10,FutOnly
CANADIAN DOLLAR - CHICAGO MERCANTILE EXCHANGE,190820,2019-08-20,090741,CME ,00,090 ,  155837,   17196,   69551,    3029,   41338,   17314,    3548,   35692,   22275,   10024,   11614,    3976,       2,  122443,  129719,   33394,   26118,   -5024,    2297,   -8047,     697,   -4238,    3673,     -42,   -2588,   -3731,    -275,     121,       0,       2,   -4026,   -7723,    -998,    2699,  100.0,   11.0,   44.6,    1.9,   26.5,   11.1,    2.3,   22.9,   14.3,    6.4,    7.5,    2.6,    0.0,   78.6,   83.2,   21.4,   16.8,     97,     10,      5,      6,     14,     14,     10,     21,     20,     12,     10,.,.,     69,     57,    27.5,    48.6,    40.2,    59.7,    27.1,    46.8,    37.0,    54.5,"(CONTRACTS OF CAD 100,000)",090741,CME ,090 ,F10,FutOnly
CANADIAN DOLLAR - CHICAGO MERCANTILE EXCHANGE,190813,2019-08-13,090741,CME ,00,090 ,  160861,   14899,   77598,    2332,   45576,   13641,    3590,   38280,   26006,   10299,   11493,    3976,       0,  126469,  137442,   34392,   23419,  -11796,    2683,   -6372,     592,   -7092,      36,    -305,   -8680,   -3490,     325,    -181,       0,       0,  -12658,   -9214,     862,   -2582,  100.0,    9.3,   48.2,    1.4,   28.3,    8.5,    2.2,   23.8,   16.2,    6.4,    7.1,    2.5,    0.0,   78.6,   85.4,   21.4,   14.6,     97,     10,      5,      5,     17,     13,      9,     20,     19,     13,     10,.,      0,     71,     53,    30.3,    51.3,    40.7,    63.0,    29.8,    49.7,    37.3,    58.1,"(CONTRACTS OF CAD 100,000)",090741,CME ,090 ,F10,FutOnly
CANADIAN DOLLAR - CHICAGO MERCANTILE EXCHANGE,190806,2019-08-06,090741,CME ,00,090 ,  172657,   12216,   83970,    1740,   52668,   13605,    3895,   46960,   29496,    9974,   11674,    3976,       0,  139127,  146656,   33530,   26001,   -9821,    1748,  -11715,     194,   -3605,    3160,     307,    1261,   -6569,     698,   -6104,    -648,       0,   -5501,  -14573,   -4320,    4752,  100.0,    7.1,   48.6,    1.0,   30.5,    7.9,    2.3,   27.2,   17.1,    5.8,    6.8,    2.3,    0.0,   80.6,   84.9,   19.4,   15.1,    104,      8,      6,.,     19,     10,      9,     27,     21,     13,     10,.,      0,     77,     52,    33.4,    50.8,    44.1,    61.7,    33.2,    49.3,    40.7,    57.7,"(CONTRACTS OF CAD 100,000)",090741,CME ,090 ,F10,FutOnly
CANADIAN DOLLAR - CHICAGO MERCANTILE EXCHANGE,190730,2019-07-30,090741,CME ,00,090 ,  182478,   10468,   95685,    1546,   56273,   10445,    3588,   45699,   36065,    9276,   17778,    4624,       0,  144628,  161229,   37850,   21249,   -4919,     102,   -5804,       0,   -4731,    2145,     276,    2007,    -772,   -1118,    -410,    2111,       0,   -3874,   -3162,   -1045,   -1757,  100.0,    5.7,   52.4,    0.8,   30.8,    5.7,    2.0,   25.0,   19.8,    5.1,    9.7,    2.5,    0.0,   79.3,   88.4,   20.7,   11.6,    110,      7,      8,.,     21,     11,      9,     20,     26,     12,     13,      4,      0,     77,     57,    33.4,    48.6,    43.7,    62.5,    33.3,    47.8,    41.2,    60.5,"(CONTRACTS OF CAD 100,000)",090741,CME ,090 ,F10,FutOnly
CANADIAN DOLLAR - CHICAGO MERCANTILE EXCHANGE,190723,2019-07-23,090741,CME ,00,090 ,  187397,   10366,  101489,    1546,   61004,    8300,    3312,   43692,   36837,   10394,   18188,    2513,       0,  148502,  164391,   38895,   23006,    4451,   -1600,    6474,    -256,    3340,   -1106,      87,    4600,    1337,    1610,     596,   -5140,       0,    8377,    3006,   -3926,    1445,  100.0,    5.5,   54.2,    0.8,   32.6,    4.4,    1.8,   23.3,   19.7,    5.5,    9.7,    1.3,    0.0,   79.2,   87.7,   20.8,   12.3,    110,      6,      7,.,     24,      9,     10,     22,     26,     13,     13,.,      0,     81,     55,    31.6,    50.1,    41.1,    63.4,    31.5,    49.3,    39.2,    61.3,"(CONTRACTS OF CAD 100,000)",090741,CME ,090 ,F10,FutOnly
CANADIAN DOLLAR - CHICAGO MERCANTILE EXCHANGE,190716,2019-07-16,090741,CME ,00,090 ,  182946,   11966,   95015,    1802,   57664,    9406,    3225,   39092,   35500,    8784,   17592,    7653,       0,  140125,  161385,   42821,   21561,   18104,   -1359,   16842,     285,   11576,    1484,    -314,    7544,     686,     116,   -3143,     519,       0,   14705,   19618,    3399,   -1514,  100.0,    6.5,   51.9,    1.0,   31.5,    5.1,    1.8,   21.4,   19.4,    4.8,    9.6,    4.2,    0.0,   76.6,   88.2,   23.4,   11.8,    103,      6,      7,.,     23,     10,      7,     20,     21,     11,     12,      4,      0,     75,     49,    28.1,    48.7,    38.2,    62.5,    28.0,    47.4,    36.5,    60.3,"(CONTRACTS OF CAD 100,000)",090741,CME ,090 ,F10,FutOnly
CANADIAN DOLLAR - CHICAGO MERCANTILE EXCHANGE,190709,2019-07-09,090741,CME ,00,090 ,  164842,   13325,   78173,    1517,   46088,    7922,    3539,   31548,   34814,    8668,   20735,    7134,       0,  125420,  141767,   39422,   23075,    6844,    1771,   11348,     164,     338,    -188,    -874,    1065,   -1122,   -1063,    3613,    -384,       0,    5014,    7881,    1830,   -1037,  100.0,    8.1,   47.4,    0.9,   28.0,    4.8,    2.1,   19.1,   21.1,    5.3,   12.6,    4.3,    0.0,   76.1,   86.0,   23.9,   14.0,    105,      8,      7,      4,     22,      9,     10,     19,     22,     12,     15,.,      0,     79,     52,    26.1,    47.0,    36.5,    60.7,    25.7,    45.4,    34.3,    57.9,"(CONTRACTS OF CAD 100,000)",090741,CME ,090 ,F10,FutOnly
CANADIAN DOLLAR - CHICAGO MERCANTILE EXCHANGE,190702,2019-07-02,090741,CME ,00,090 ,  157998,   11554,   66825,    1353,   45750,    8110,    4413,   30483,   35936,    9731,   17122,    7518,       0,  120406,  133886,   37592,   24112,   20455,    -651,   28355,    -355,   13106,  -11467,    -773,    9446,   -1047,     693,   -1780,    5537,      -2,   19684,   20941,     771,    -486,  100.0,    7.3,   42.3,    0.9,   29.0,    5.1,    2.8,   19.3,   22.7,    6.2,   10.8,    4.8,    0.0,   76.2,   84.7,   23.8,   15.3,    109,      8,      6,      4,     21,      9,     11,     23,     25,     12,     14,.,      0,     80,     56,    23.3,    46.0,    33.3,    58.5,    22.8,    43.9,    31.0,    55.4,"(CONTRACTS OF CAD 100,000)",090741,CME ,090 ,F10,FutOnly
CANADIAN DOLLAR - CHICAGO MERCANTILE EXCHANGE,190625,2019-06-25,090741,CME ,00,090 ,  137543,   12205,   38470,    1708,   32644,   19577,    5186,   21037,   36983,    9038,   18902,    1981,       2,  100722,  112945,   36821,   24598,  -23252,    6318,   15357,   -8389,    3369,  -11041,    -832,    4024,  -13386,   -1441,    -197,    -464,      -3,    2849,  -20199,  -26101,   -3053,  100.0,    8.9,   28.0,    1.2,   23.7,   14.2,    3.8,   15.3,   26.9,    6.6,   13.7,    1.4,    0.0,   73.2,   82.1,   26.8,   17.9,    109,      7,      6,.,     17,     15,     11,     22,     27,     13,     13,.,.,     77,     60,    22.0,    32.6,    34.1,    45.1,    21.7,    29.9,    31.0,    40.7,"(CONTRACTS OF CAD 100,000)",090741,CME ,090 ,F10,FutOnly
CANADIAN DOLLAR - CHICAGO MERCANTILE EXCHANGE,190618,2019-06-18,090741,CME ,00,090 ,  160795,    5887,   23113,   10097,   29275,   30618,    6018,   17013,   50369,   10479,   19099,    2445,       5,   97873,  133144,   62922,   27651,    1583,  -22210,   10452,   -4238,   -3669,    -862,    2342,   -1624,   -8527,    1924,    -522,      14,     -24,  -28021,    1081,   29604,     502,  100.0,    3.7,   14.4,    6.3,   18.2,   19.0,    3.7,   10.6,   31.3,    6.5,   11.9,    1.5,    0.0,   60.9,   82.8,   39.1,   17.2,    107,      8,      7,      7,     10,     18,     10,     19,     27,     15,     14,      4,.,     70,     70,    19.5,    20.3,    30.1,    32.0,    19.2,    18.5,    25.2,    28.8,"(CONTRACTS OF CAD 100,000)",090741,CME ,090 ,F10,FutOnly
CANADIAN DOLLAR - CHICAGO MERCANTILE EXCHANGE,190611,2019-06-11,090741,CME ,00,090 ,  159212,   28097,   12661,   14335,   32944,   31480,    3676,   18637,   58896,    8555,   19621,    2431,      29,  125894,  132063,   33318,   27149,    7242,  -12344,   11160,    5134,    4077,   -7734,      87,    5463,    5965,   -3428,    4915,     489,      28,    3932,   11701,    3310,   -4459,  100.0,   17.6,    8.0,    9.0,   20.7,   19.8,    2.3,   11.7,   37.0,    5.4,   12.3,    1.5,    0.0,   79.1,   82.9,   20.9,   17.1,    111,      8,      6,      6,     12,     17,     10,     22,     29,     16,     14,.,.,     74,     70,    35.6,    20.8,    44.8,    33.4,    29.9,    17.3,    37.1,    28.7,"(CONTRACTS OF CAD 100,000)",090741,CME ,090 ,F10,FutOnly
CANADIAN DOLLAR - CHICAGO MERCANTILE EXCHANGE,190604,2019-06-04,090741,CME ,00,090 ,  151970,   40441,    1501,    9201,   28867,   39214,    3589,   13174,   52931,   11983,   14706,    1942,       1,  121962,  120362,   30008,   31608,   11521,   -2906,     165,    8384,     828,   -2295,    -116,    1832,    6776,    1669,    1530,     -75,      -3,   11218,   14505,     303,   -2984,  100.0,   26.6,    1.0,    6.1,   19.0,   25.8,    2.4,    8.7,   34.8,    7.9,    9.7,    1.3,    0.0,   80.3,   79.2,   19.7,   20.8,    108,     12,.,      5,     10,     22,      9,     17,     32,     13,     12,.,.,     64,     72,    41.0,    19.4,    50.6,    30.1,    34.8,    15.8,    42.3,    25.3,"(CONTRACTS OF CAD 100,000)",090741,CME ,090 ,F10,FutOnly
CANADIAN DOLLAR - CHICAGO MERCANTILE EXCHANGE,190528,2019-05-28,090741,CME ,00,090 ,  140449,   43347,    1336,     817,   28039,   41509,    3705,   11342,   46155,   10314,   13176,    2017,       4,  110744,  105857,   29705,   34592,    -233,     351,    -213,    -377,     347,   -2018,      93,     315,    1496,     494,     244,     -16,     -45,    1422,    -586,   -1655,     353,  100.0,   30.9,    1.0,    0.6,   20.0,   29.6,    2.6,    8.1,   32.9,    7.3,    9.4,    1.4,    0.0,   78.8,   75.4,   21.1,   24.6,    100,     12,.,      5,      9,     20,      9,     15,     29,     12,     11,.,.,     59,     68,    40.1,    17.6,    50.7,    30.2,    39.6,    16.2,    47.0,    27.9,"(CONTRACTS OF CAD 100,000)",090741,CME ,090 ,F10,FutOnly
CANADIAN DOLLAR - CHICAGO MERCANTILE EXCHANGE,190521,2019-05-21,090741,CME ,00,090 ,  140682,   42996,    1549,    1194,   27692,   43527,    3612,   11027,   44659,    9820,   12932,    2033,      49,  109322,  106443,   31360,   34239,   -7376,     354,     507,     143,   -8469,   -3978,   -2604,   -2320,   -3589,    1974,     506,      70,      -9,  -10425,   -7486,    3049,     110,  100.0,   30.6,    1.1,    0.8,   19.7,   30.9,    2.6,    7.8,   31.7,    7.0,    9.2,    1.4,    0.0,   77.7,   75.7,   22.3,   24.3,     99,     11,.,      5,      8,     20,      8,     16,     27,     14,     12,.,.,     59,     69,    40.3,    18.6,    50.1,    31.3,    39.5,    17.2,    46.3,    29.5,"(CONTRACTS OF CAD 100,000)",090741,CME ,090 ,F10,FutOnly
CANADIAN DOLLAR - CHICAGO MERCANTILE EXCHANGE,190514,2019-05-14,090741,CME ,00,090 ,  148058,   42642,    1042,    1051,   36161,   47505,    6216,   13347,   48248,    7846,   12426,    1963,      58,  119747,  113929,   28311,   34129,   -3200,   -1144,    1042,     -70,   -1337,    -891,     -13,     415,   -1297,    -550,     -62,     -17,       6,   -2755,   -1790,    -445,   -1410,  100.0,   28.8,    0.7,    0.7,   24.4,   32.1,    4.2,    9.0,   32.6,    5.3,    8.4,    1.3,    0.0,   80.9,   76.9,   19.1,   23.1,    103,     12,.,      6,     12,     19,     12,     16,     28,     11,     13,.,.,     65,     69,    36.7,    20.5,    50.1,    34.5,    36.1,    19.6,    45.7,    33.1,"(CONTRACTS OF CAD 100,000)",090741,CME ,090 ,F10,FutOnly
CANADIAN DOLLAR - CHICAGO MERCANTILE EXCHANGE,190507,2019-05-07,090741,CME ,00,090 ,  151258,   43786,       0,    1121,   37498,   48396,    6229,   12932,   49545,    8396,   12488,    1980,      52,  122502,  115719,   28756,   35539,   -3307,   -3799,    -226,      25,   -1038,     667,      53,     513,   -1458,    -202,     247,    -527,       2,   -4199,   -1666,     892,   -1641,  100.0,   28.9,    0.0,    0.7,   24.8,   32.0,    4.1,    8.5,   32.8,    5.6,    8.3,    1.3,    0.0,   81.0,   76.5,   19.0,   23.5,    103,     13,      0,      6,     13,     18,     11,     15,     29,     12,     12,.,.,     62,     72,    35.3,    22.4,    49.3,    36.5,    34.7,    21.1,    45.2,    35.2,"(CONTRACTS OF CAD 100,000)",090741,CME ,090 ,F10,FutOnly
CANADIAN DOLLAR - CHICAGO MERCANTILE EXCHANGE,190430,2019-04-30,090741,CME ,00,090 ,  154565,   47585,     226,    1096,   38536,   47729,    6176,   12419,   51003,    8598,   12241,    2507,      50,  126701,  117385,   27864,   37180,    1567,    4283,    -720,      98,   -1967,    3911,    1110,   -3656,   -5475,    1611,     103,      41,      -2,    1580,     574,     -13,     993,  100.0,   30.8,    0.1,    0.7,   24.9,   30.9,    4.0,    8.0,   33.0,    5.6,    7.9,    1.6,    0.0,   82.0,   75.9,   18.0,   24.1,    102,     11,.,      5,     13,     18,     13,     15,     27,     10,     12,      5,.,     63,     69,    35.2,    22.4,    50.8,    37.0,    34.7,    21.1,    46.9,    35.6,"(CONTRACTS OF CAD 100,000)",090741,CME ,090 ,F10,FutOnly
CANADIAN DOLLAR - CHICAGO MERCANTILE EXCHANGE,190423,2019-04-23,090741,CME ,00,090 ,  152998,   43302,     946,     998,   40503,   43818,    5066,   16075,   56478,    6987,   12138,    2466,      52,  125121,  116811,   27877,   36187,    7957,    1628,     946,    -393,     959,    2984,      21,    3573,     472,     915,     848,     455,       5,    7556,    5405,     401,    2552,  100.0,   28.3,    0.6,    0.7,   26.5,   28.6,    3.3,   10.5,   36.9,    4.6,    7.9,    1.6,    0.0,   81.8,   76.3,   18.2,   23.7,    107,      9,.,      4,     14,     17,     11,     21,     28,     14,     12,      4,.,     68,     70,    35.0,    22.1,    49.5,    37.2,    34.6,    20.9,    46.3,    35.6,"(CONTRACTS OF CAD 100,000)",090741,CME ,090 ,F10,FutOnly
CANADIAN DOLLAR - CHICAGO MERCANTILE EXCHANGE,190416,2019-04-16,090741,CME ,00,090 ,  145041,   41674,       0,    1391,   39544,   40834,    5045,   12502,   56006,    6072,   11290,    2011,      47,  117565,  111406,   27476,   33635,   -4503,    5081,     -24,   -1218,    -381,    3607,    -421,   -6210,   -7167,    -193,     208,       8,       0,   -3134,   -5408,   -1369,     905,  100.0,   28.7,    0.0,    1.0,   27.3,   28.2,    3.5,    8.6,   38.6,    4.2,    7.8,    1.4,    0.0,   81.1,   76.8,   18.9,   23.2,    103,     12,      0,      5,     15,     17,     12,     18,     27,     14,     11,.,.,     68,     67,    37.1,    22.8,    50.7,    37.1,    36.4,    21.5,    47.3,    35.6,"(CONTRACTS OF CAD 100,000)",090741,CME ,090 ,F10,FutOnly
CANADIAN DOLLAR - CHICAGO MERCANTILE EXCHANGE,190409,2019-04-09,090741,CME ,00,090 ,  149544,   36593,      24,    2609,   39925,   37227,    5466,   18712,   63173,    6265,   11082,    2003,      47,  120699,  116814,   28845,   32730,   -1596,   -4322,    -145,    1987,   -2046,    1191,     -72,     815,   -4052,     278,      82,     440,      -5,   -3283,    -378,    1687,   -1218,  100.0,   24.5,    0.0,    1.7,   26.7,   24.9,    3.7,   12.5,   42.2,    4.2,    7.4,    1.3,    0.0,   80.7,   78.1,   19.3,   21.9,    106,     12,.,      5,     15,     16,     11,     22,     26,     11,     11,.,.,     73,     61,    35.8,    24.8,    47.2,    38.3,    34.8,    23.5,    43.2,    36.7,"(CONTRACTS OF CAD 100,000)",090741,CME ,090 ,F10,FutOnly
CANADIAN DOLLAR - CHICAGO MERCANTILE EXCHANGE,190402,2019-04-02,090741,CME ,00,090 ,  151140,   40915,     169,     622,   41971,   36036,    5538,   17897,   67225,    5987,   11000,    1563,      52,  123982,  117192,   27158,   33948,    6829,    2618,    -343,    -289,    -719,    1810,     404,    3980,    7102,    -249,    -208,       0,       5,    5542,    8440,    1287,   -1611,  100.0,   27.1,    0.1,    0.4,   27.8,   23.8,    3.7,   11.8,   44.5,    4.0,    7.3,    1.0,    0.0,   82.0,   77.5,   18.0,   22.5,    100,     11,.,.,     14,     18,     11,     18,     25,     13,     11,.,.,     67,     62,    35.7,    28.3,    49.1,    41.9,    35.2,    27.1,    46.7,    40.1,"(CONTRACTS OF CAD 100,000)",090741,CME ,090 ,F10,FutOnly
CANADIAN DOLLAR - CHICAGO MERCANTILE EXCHANGE,190326,2019-03-26,090741,CME ,00,090 ,  144311,   38297,     512,     911,   42690,   34226,    5134,   13917,   60123,    6236,   11208,    1563,      47,  118440,  108752,   25871,   35559,  -22971,  -13964,   -3784,   -5516,    3414,     750,    -360,    2313,   -1210,     429,    -136,     400,      -9,  -13829,   -9300,   -9142,  -13671,  100.0,   26.5,    0.4,    0.6,   29.6,   23.7,    3.6,    9.6,   41.7,    4.3,    7.8,    1.1,    0.0,   82.1,   75.4,   17.9,   24.6,    100,      8,.,.,     15,     15,     11,     20,     26,     12,     11,.,.,     64,     63,    37.3,    25.5,    49.8,    40.7,    36.2,    24.4,    47.1,    39.1,"(CONTRACTS OF CAD 100,000)",090741,CME ,090 ,F10,FutOnly
CANADIAN DOLLAR - CHICAGO MERCANTILE EXCHANGE,190319,2019-03-19,090741,CME ,00,090 ,  167282,   52261,    4296,    6427,   39276,   33476,    5494,   11604,   61333,    5807,   11344,    1163,      56,  132269,  118052,   35013,   49230,    7343,    6226,   -3245,    5626,    -649,   -5668,     477,   -1062,    8049,   -2489,   -2216,     426,     -17,    5896,    3159,    1447,    4184,  100.0,   31.2,    2.6,    3.8,   23.5,   20.0,    3.3,    6.9,   36.7,    3.5,    6.8,    0.7,    0.0,   79.1,   70.6,   20.9,   29.4,     98,     10,.,      6,     14,     16,     12,     14,     29,     11,     11,.,.,     62,     67,    33.8,    19.1,    52.2,    31.0,    32.7,    17.9,    47.5,    29.5,"(CONTRACTS OF CAD 100,000)",090741,CME ,090 ,F10,FutOnly
CANADIAN DOLLAR - CHICAGO MERCANTILE EXCHANGE,190312,2019-03-12,090741,CME ,00,090 ,  159939,   46035,    7541,     801,   39925,   39144,    5017,   12666,   53284,    8296,   13560,     737,      73,  126373,  114893,   33566,   45046,   13387,    6717,   -2546,    -282,    -600,    4895,      96,    2548,     447,    1357,   -2508,       9,       6,    7334,    3982,    6053,    9405,  100.0,   28.8,    4.7,    0.5,   25.0,   24.5,    3.1,    7.9,   33.3,    5.2,    8.5,    0.5,    0.0,   79.0,   71.8,   21.0,   28.2,    101,      9,.,      4,     14,     16,     10,     15,     30,     10,     13,.,.,     61,     67,    27.2,    18.4,    44.8,    30.9,    26.7,    17.2,    43.6,    29.6,"(CONTRACTS OF CAD 100,000)",090741,CME ,090 ,F10,FutOnly
CANADIAN DOLLAR - CHICAGO MERCANTILE EXCHANGE,190305,2019-03-05,090741,CME ,00,090 ,  146552,   39318,   10087,    1083,   40525,   34249,    4921,   10118,   52837,    6939,   16068,     728,      67,  119039,  110911,   27513,   35641,   -1069,    3232,   -3596,     132,   -2613,    2168,      36,   -3266,   -4597,      44,    -545,     -11,     -62,   -3042,   -5886,    1973,    4817,  100.0,   26.8,    6.9,    0.7,   27.7,   23.4,    3.4,    6.9,   36.1,    4.7,   11.0,    0.5,    0.0,   81.2,   75.7,   18.8,   24.3,    106,     10,      5,      5,     15,     14,     11,     13,     34,     12,     14,.,.,     64,     73,    30.0,    21.5,    46.0,    34.9,    29.3,    20.2,    43.0,    33.6,"(CONTRACTS OF CAD 100,000)",090741,CME ,090 ,F10,FutOnly
CANADIAN DOLLAR - CHICAGO MERCANTILE EXCHANGE,190226,2019-02-26,090741,CME ,00,090 ,  147621,   36086,   13683,     951,   43138,   32081,    4885,   13384,   57434,    6895,   16613,     739,     129,  122081,  116797,   25540,   30824,    5001,   -5622,    4852,    -189,    8157,   -6375,    1614,    1757,    6054,     135,     189,      11,      76,    6117,    6178,   -1116,   -1177,  100.0,   24.4,    9.3,    0.6,   29.2,   21.7,    3.3,    9.1,   38.9,    4.7,   11.3,    0.5,    0.1,   82.7,   79.1,   17.3,   20.9,    106,      8,      6,      5,     17,     14,     11,     17,     28,     10,     14,.,.,     65,     68,    30.2,    22.0,    45.5,    35.3,    29.6,    20.7,    42.9,    33.8,"(CONTRACTS OF CAD 100,000)",090741,CME ,090 ,F10,FutOnly
CANADIAN DOLLAR - CHICAGO MERCANTILE EXCHANGE,190219,2019-02-19,090741,CME ,00,090 ,  142620,   41708,    8831,    1140,   34981,   38456,    3271,   11627,   51380,    6760,   16424,     728,      53,  115964,  110619,   26656,   32001,    1448,    -415,    2405,      -9,    3898,    2662,   -3654,    -526,   -1448,     359,     868,     728,      48,     569,    1091,     879,     357,  100.0,   29.2,    6.2,    0.8,   24.5,   27.0,    2.3,    8.2,   36.0,    4.7,   11.5,    0.5,    0.0,   81.3,   77.6,   18.7,   22.4,    101,      9,      5,      5,     16,     15,      9,     17,     24,     11,     14,.,.,     66,     62,    33.2,    24.2,    47.6,    38.1,    32.6,    22.9,    44.3,    36.8,"(CONTRACTS OF CAD 100,000)",090741,CME ,090 ,F10,FutOnly
CANADIAN DOLLAR - CHICAGO MERCANTILE EXCHANGE,190212,2019-02-12,090741,CME ,00,090 ,  141172,   42123,    6426,    1149,   31083,   35794,    6925,   12153,   52828,    6401,   15556,       0,       5,  115395,  109528,   25777,   31644,    -366,    1068,    2042,     138,    -601,    7071,    -651,    -452,   -7151,    -479,    1413,    -862,      -5,     431,     103,    -797,    -469,  100.0,   29.8,    4.6,    0.8,   22.0,   25.4,    4.9,    8.6,   37.4,    4.5,   11.0,    0.0,    0.0,   81.7,   77.6,   18.3,   22.4,    102,      9,      4,      5,     16,     17,     12,     18,     25,     12,     13,      0,.,     66,     66,    33.4,    24.3,    48.7,    37.0,    30.6,    22.9,    43.0,    35.6,"(CONTRACTS OF CAD 100,000)",090741,CME ,090 ,F10,FutOnly
CANADIAN DOLLAR - CHICAGO MERCANTILE EXCHANGE,190205,2019-02-05,090741,CME ,00,090 ,  141538,   41055,    4384,    1011,   31684,   28723,    7576,   12605,   59979,    6880,   14143,     862,      10,  114964,  109425,   26574,   32113,   -9608,  -16620,    2722,     415,    1816,   -8523,     993,    3106,     896,     399,    1222,   -3405,       0,   -8669,   -6503,    -939,   -3105,  100.0,   29.0,    3.1,    0.7,   22.4,   20.3,    5.4,    8.9,   42.4,    4.9,   10.0,    0.6,    0.0,   81.2,   77.3,   18.8,   22.7,    100,      9,.,      5,     16,     16,     11,     17,     25,     10,     13,.,.,     62,     65,    33.3,    25.9,    47.2,    37.6,    30.5,    24.5,    41.8,    35.7,"(CONTRACTS OF CAD 100,000)",090741,CME ,090 ,F10,FutOnly
CANADIAN DOLLAR - CHICAGO MERCANTILE EXCHANGE,190129,2019-01-29,090741,CME ,00,090 ,  151146,   57675,    1662,     596,   29868,   37246,    6583,    9499,   59083,    6481,   12921,    4267,      10,  123633,  115928,   27513,   35218,     136,     811,    -676,      80,    -540,    -799,     288,    -626,    1102,     -13,    1701,     662,    -379,    1322,     265,   -1186,    -129,  100.0,   38.2,    1.1,    0.4,   19.8,   24.6,    4.4,    6.3,   39.1,    4.3,    8.5,    2.8,    0.0,   81.8,   76.7,   18.2,   23.3,    100,     11,.,      5,     14,     17,      9,     14,     27,     10,     13,.,.,     60,     66,    36.6,    28.0,    53.2,    41.8,    34.1,    27.8,    49.3,    40.1,"(CONTRACTS OF CAD 100,000)",090741,CME ,090 ,F10,FutOnly
CANADIAN DOLLAR - CHICAGO MERCANTILE EXCHANGE,190122,2019-01-22,090741,CME ,00,090 ,  151010,   56864,    2338,     516,   30408,   38045,    6295,   10125,   57981,    6494,   11220,    3605,     389,  122311,  115663,   28699,   35347,   -4681,   -3004,    -167,     108,   -1014,   -1357,     102,   -1947,   -1877,    -221,    1598,   -2075,     374,   -4004,   -5113,    -677,     432,  100.0,   37.7,    1.5,    0.3,   20.1,   25.2,    4.2,    6.7,   38.4,    4.3,    7.4,    2.4,    0.3,   81.0,   76.6,   19.0,   23.4,     99,     12,.,      5,     13,     17,      8,     14,     28,     10,     11,.,.,     58,     66,    37.1,    26.8,    52.9,    40.5,    34.6,    26.5,    49.1,    38.9,"(CONTRACTS OF CAD 100,000)",090741,CME ,090 ,F10,FutOnly
CANADIAN DOLLAR - CHICAGO MERCANTILE EXCHANGE,190115,2019-01-15,090741,CME ,00,090 ,  155691,   59868,    2505,     408,   31422,   39402,    6193,   12072,   59858,    6715,    9622,    5680,      15,  126315,  120776,   29376,   34915,  -11314,  -12577,    2505,     347,     186,   -2179,     573,    -940,   -4549,     498,    -401,   -3836,       0,  -12314,   -6641,    1000,   -4673,  100.0,   38.5,    1.6,    0.3,   20.2,   25.3,    4.0,    7.8,   38.4,    4.3,    6.2,    3.6,    0.0,   81.1,   77.6,   18.9,   22.4,    100,     12,.,      5,     11,     17,      7,     16,     30,     12,      9,.,.,     57,     68,    36.2,    26.9,    54.1,    40.5,    34.0,    26.7,    50.6,    39.2,"(CONTRACTS OF CAD 100,000)",090741,CME ,090 ,F10,FutOnly
CANADIAN DOLLAR - CHICAGO MERCANTILE EXCHANGE,190108,2019-01-08,090741,CME ,00,090 ,  167005,   72445,       0,      61,   31236,   41581,    5620,   13012,   64407,    6217,   10023,    9516,      15,  138629,  127417,   28376,   39588,   -3163,   12168,       0,      12,    1054,   -3795,      47,  -17661,    1789,     872,     622,   -4082,      -2,   -2888,   -5159,    -275,    1996,  100.0,   43.4,    0.0,    0.0,   18.7,   24.9,    3.4,    7.8,   38.6,    3.7,    6.0,    5.7,    0.0,   83.0,   76.3,   17.0,   23.7,    102,     13,      0,.,     12,     17,      7,     15,     32,     12,      9,      4,.,     57,     68,    36.1,    26.1,    56.7,    39.3,    36.1,    25.8,    54.0,    37.8,"(CONTRACTS OF CAD 100,000)",090741,CME ,090 ,F10,FutOnly
SWISS FRANC - CHICAGO MERCANTILE EXCHANGE,191231,2019-12-31,092741,CME ,00,092 ,   55514,   21650,    5485,       0,    3014,   13477,     984,   17953,   15275,       8,    1261,     868,       0,   44870,   36097,   10644,   19417,   -4936,   -4953,    1835,       0,     611,   -8643,     426,   -2178,    3169,       6,     521,    -953,       0,   -5567,   -4160,     631,    -776,  100.0,   39.0,    9.9,    0.0,    5.4,   24.3,    1.8,   32.3,   27.5,    0.0,    2.3,    1.6,    0.0,   80.8,   65.0,   19.2,   35.0,     56,      4,      5,      0,      4,     14,.,     11,     15,.,.,.,      0,     24,     36,    56.1,    24.3,    64.6,    33.2,    56.1,    24.3,    64.6,    33.2,"(CONTRACTS OF CHF 125,000)",092741,CME ,092 ,F10,FutOnly
SWISS FRANC - CHICAGO MERCANTILE EXCHANGE,191224,2019-12-24,092741,CME ,00,092 ,   60450,   26603,    3650,       0,    2403,   22120,     558,   20131,   12106,       2,     740,    1821,       0,   50437,   40257,   10013,   20193,   -1180,   -1579,    1317,       0,    1065,   -4608,     -99,     447,    2478,     -16,       0,     336,       0,    -182,    -592,    -998,    -588,  100.0,   44.0,    6.0,    0.0,    4.0,   36.6,    0.9,   33.3,   20.0,    0.0,    1.2,    3.0,    0.0,   83.4,   66.6,   16.6,   33.4,     55,.,      4,      0,      4,     16,.,     12,     13,.,.,.,      0,     21,     36,    59.5,    22.7,    69.3,    32.9,    59.5,    22.7,    69.3,    32.9,"(CONTRACTS OF CHF 125,000)",092741,CME ,092 ,F10,FutOnly
SWISS FRANC - CHICAGO MERCANTILE EXCHANGE,191217,2019-12-17,092741,CME ,00,092 ,   61630,   28182,    2333,       0,    1338,   26728,     657,   19684,    9628,      18,     740,    1485,       0,   50619,   40849,   11011,   20781,  -14020,  -12074,     730,   -1733,      38,   -3467,     184,    4637,   -4292,   -4559,    -428,    -561,       0,  -13935,  -13698,     -85,    -322,  100.0,   45.7,    3.8,    0.0,    2.2,   43.4,    1.1,   31.9,   15.6,    0.0,    1.2,    2.4,    0.0,   82.1,   66.3,   17.9,   33.7,     51,.,.,      0,.,     16,.,     12,     11,.,.,.,      0,     19,     34,    61.0,    30.9,    69.7,    41.3,    61.0,    30.9,    69.7,    41.3,"(CONTRACTS OF CHF 125,000)",092741,CME ,092 ,F10,FutOnly
SWISS FRANC - CHICAGO MERCANTILE EXCHANGE,191210,2019-12-10,092741,CME ,00,092 ,   75650,   40256,    1603,    1733,    1300,   30195,     473,   15047,   13920,    4577,    1168,    2046,       0,   64554,   54547,   11096,   21103,   -3533,   -4720,     -32,    1709,     -10,    -681,       8,   -5104,   -6948,    3976,     200,    1178,       0,   -3941,    -790,     408,   -2743,  100.0,   53.2,    2.1,    2.3,    1.7,   39.9,    0.6,   19.9,   18.4,    6.1,    1.5,    2.7,    0.0,   85.3,   72.1,   14.7,   27.9,     60,      8,.,.,.,     19,.,     11,     13,      6,.,.,      0,     28,     42,    50.7,    28.9,    66.6,    39.1,    50.7,    28.9,    65.6,    38.4,"(CONTRACTS OF CHF 125,000)",092741,CME ,092 ,F10,FutOnly
SWISS FRANC - CHICAGO MERCANTILE EXCHANGE,191203,2019-12-03,092741,CME ,00,092 ,   79183,   44976,    1635,      24,    1310,   30876,     465,   20151,   20868,     601,     968,     868,       0,   68495,   55337,   10688,   23846,    1865,    1021,      54,       0,    -600,    1076,      -6,     382,     336,     473,       0,    -568,       0,    1270,    1365,     595,     500,  100.0,   56.8,    2.1,    0.0,    1.7,   39.0,    0.6,   25.4,   26.4,    0.8,    1.2,    1.1,    0.0,   86.5,   69.9,   13.5,   30.1,     66,      9,.,.,.,     20,.,     13,     18,      5,.,.,      0,     29,     44,    51.8,    26.4,    67.1,    38.3,    51.8,    26.4,    67.1,    38.1,"(CONTRACTS OF CHF 125,000)",092741,CME ,092 ,F10,FutOnly
SWISS FRANC - CHICAGO MERCANTILE EXCHANGE,191126,2019-11-26,092741,CME ,00,092 ,   77318,   43955,    1581,      24,    1910,   29800,     471,   19769,   20532,     128,     968,    1436,       0,   67225,   53972,   10093,   23346,    9095,    5412,      15,     -23,     -95,    2729,     -10,    2707,    6100,      21,       0,    -129,       0,    8012,    8703,    1083,     392,  100.0,   56.8,    2.0,    0.0,    2.5,   38.5,    0.6,   25.6,   26.6,    0.2,    1.3,    1.9,    0.0,   86.9,   69.8,   13.1,   30.2,     68,      9,.,.,.,     18,.,     10,     23,.,.,.,      0,     25,     48,    51.7,    26.3,    66.7,    37.4,    51.7,    26.3,    66.6,    37.4,"(CONTRACTS OF CHF 125,000)",092741,CME ,092 ,F10,FutOnly
SWISS FRANC - CHICAGO MERCANTILE EXCHANGE,191119,2019-11-19,092741,CME ,00,092 ,   68223,   38543,    1566,      47,    2005,   27071,     481,   17062,   14432,     107,     968,    1565,       0,   59213,   45269,    9010,   22954,     157,     271,      32,      23,    1124,    1898,      10,   -1133,    -888,      48,       0,       0,       0,     343,    1123,    -186,    -966,  100.0,   56.5,    2.3,    0.1,    2.9,   39.7,    0.7,   25.0,   21.2,    0.2,    1.4,    2.3,    0.0,   86.8,   66.4,   13.2,   33.6,     58,      9,.,.,.,     16,.,     10,     15,      4,.,.,      0,     26,     40,    52.5,    27.4,    68.2,    38.2,    52.5,    27.4,    68.2,    38.2,"(CONTRACTS OF CHF 125,000)",092741,CME ,092 ,F10,FutOnly
SWISS FRANC - CHICAGO MERCANTILE EXCHANGE,191112,2019-11-12,092741,CME ,00,092 ,   68066,   38272,    1534,      24,     881,   25173,     471,   18195,   15320,      59,     968,    1565,       0,   58870,   44146,    9196,   23920,     211,    1996,    -419,      24,      35,    1526,       0,   -1200,   -1673,     -15,    -550,       0,       0,     290,    -557,     -79,     768,  100.0,   56.2,    2.3,    0.0,    1.3,   37.0,    0.7,   26.7,   22.5,    0.1,    1.4,    2.3,    0.0,   86.5,   64.9,   13.5,   35.1,     56,      9,.,.,.,     15,.,     11,     15,.,.,.,      0,     23,     37,    52.2,    27.0,    68.3,    37.6,    52.2,    27.0,    68.2,    37.6,"(CONTRACTS OF CHF 125,000)",092741,CME ,092 ,F10,FutOnly
SWISS FRANC - CHICAGO MERCANTILE EXCHANGE,191105,2019-11-05,092741,CME ,00,092 ,   67855,   36276,    1953,       0,     846,   23647,     471,   19395,   16993,      74,    1518,    1565,       0,   58580,   44703,    9275,   23152,    2143,    2935,      -6,       0,       0,    1146,    -130,    -456,    1292,     -19,      70,       0,       0,    2400,    2283,    -257,    -140,  100.0,   53.5,    2.9,    0.0,    1.2,   34.8,    0.7,   28.6,   25.0,    0.1,    2.2,    2.3,    0.0,   86.3,   65.9,   13.7,   34.1,     59,      8,.,      0,.,     15,.,     11,     17,      4,.,.,      0,     24,     40,    52.1,    25.8,    69.3,    36.3,    52.1,    25.8,    69.2,    36.3,"(CONTRACTS OF CHF 125,000)",092741,CME ,092 ,F10,FutOnly
SWISS FRANC - CHICAGO MERCANTILE EXCHANGE,191029,2019-10-29,092741,CME ,00,092 ,   65712,   33341,    1959,       0,     846,   22501,     601,   19851,   15701,      93,    1448,    1565,       0,   56180,   42420,    9532,   23292,    4093,    3392,     229,       0,       0,    1115,    -340,    1287,     861,    -118,       0,      33,       0,    4221,    1780,    -128,    2313,  100.0,   50.7,    3.0,    0.0,    1.3,   34.2,    0.9,   30.2,   23.9,    0.1,    2.2,    2.4,    0.0,   85.5,   64.6,   14.5,   35.4,     56,      8,.,      0,.,     14,.,     10,     16,.,.,.,      0,     23,     38,    52.6,    27.7,    67.9,    37.3,    52.6,    27.7,    67.8,    37.3,"(CONTRACTS OF CHF 125,000)",092741,CME ,092 ,F10,FutOnly
SWISS FRANC - CHICAGO MERCANTILE EXCHANGE,191022,2019-10-22,092741,CME ,00,092 ,   61619,   29949,    1730,       0,     846,   21386,     941,   18564,   14840,     211,    1448,    1532,       0,   51959,   40640,    9660,   20979,   -3144,   -3023,      37,       0,    -396,   -1639,     -17,    -533,     897,    -129,       0,       0,       0,   -4098,    -851,     954,   -2293,  100.0,   48.6,    2.8,    0.0,    1.4,   34.7,    1.5,   30.1,   24.1,    0.3,    2.3,    2.5,    0.0,   84.3,   66.0,   15.7,   34.0,     56,      8,.,      0,.,     15,.,     10,     15,.,.,.,      0,     23,     38,    52.6,    28.7,    66.1,    38.7,    52.6,    28.7,    65.8,    38.7,"(CONTRACTS OF CHF 125,000)",092741,CME ,092 ,F10,FutOnly
SWISS FRANC - CHICAGO MERCANTILE EXCHANGE,191015,2019-10-15,092741,CME ,00,092 ,   64763,   32972,    1693,       0,    1242,   23025,     958,   19097,   13943,     340,    1448,    1532,       0,   56057,   41491,    8706,   23272,     -74,    2428,     -15,       0,      80,    1107,    -106,   -1436,    -851,    -464,    -410,      40,       0,      92,    -289,    -166,     215,  100.0,   50.9,    2.6,    0.0,    1.9,   35.6,    1.5,   29.5,   21.5,    0.5,    2.2,    2.4,    0.0,   86.6,   64.1,   13.4,   35.9,     59,      8,.,      0,.,     15,.,     11,     16,      4,.,.,      0,     25,     40,    53.3,    24.7,    69.2,    36.2,    53.3,    24.7,    69.2,    36.2,"(CONTRACTS OF CHF 125,000)",092741,CME ,092 ,F10,FutOnly
SWISS FRANC - CHICAGO MERCANTILE EXCHANGE,191008,2019-10-08,092741,CME ,00,092 ,   64837,   30544,    1708,       0,    1162,   21918,    1064,   20533,   14794,     804,    1858,    1492,       0,   55965,   41780,    8872,   23057,    -647,     520,     325,       0,      64,   -2441,      -7,   -2857,    1005,     124,      15,     -68,       0,   -2141,   -1062,    1494,     415,  100.0,   47.1,    2.6,    0.0,    1.8,   33.8,    1.6,   31.7,   22.8,    1.2,    2.9,    2.3,    0.0,   86.3,   64.4,   13.7,   35.6,     57,      7,.,      0,.,     14,.,     12,     15,      4,.,.,      0,     24,     39,    53.3,    23.9,    67.2,    35.9,    53.3,    23.9,    67.2,    35.9,"(CONTRACTS OF CHF 125,000)",092741,CME ,092 ,F10,FutOnly
SWISS FRANC - CHICAGO MERCANTILE EXCHANGE,191001,2019-10-01,092741,CME ,00,092 ,   65484,   30024,    1383,       0,    1098,   24359,    1071,   23390,   13789,     680,    1843,    1560,       0,   58106,   42842,    7378,   22642,    8550,    5187,     106,       0,    -259,    2824,      60,    3561,    2090,     558,     875,       0,       0,    9982,    5638,   -1432,    2912,  100.0,   45.8,    2.1,    0.0,    1.7,   37.2,    1.6,   35.7,   21.1,    1.0,    2.8,    2.4,    0.0,   88.7,   65.4,   11.3,   34.6,     61,      8,.,      0,.,     14,.,     14,     16,.,.,.,      0,     28,     38,    55.0,    24.1,    68.5,    36.0,    55.0,    24.1,    68.4,    36.0,"(CONTRACTS OF CHF 125,000)",092741,CME ,092 ,F10,FutOnly
SWISS FRANC - CHICAGO MERCANTILE EXCHANGE,190924,2019-09-24,092741,CME ,00,092 ,   56934,   24837,    1277,       0,    1357,   21535,    1011,   19829,   11699,     122,     968,    1560,       0,   48124,   37204,    8810,   19730,    4447,    5811,    -127,       0,       8,    2716,    -157,    -669,    2820,    -222,       0,      50,       0,    4771,    5080,    -324,    -633,  100.0,   43.6,    2.2,    0.0,    2.4,   37.8,    1.8,   34.8,   20.5,    0.2,    1.7,    2.7,    0.0,   84.5,   65.3,   15.5,   34.7,     53,      8,.,      0,.,     14,.,     12,     12,      4,.,.,      0,     27,     33,    52.8,    27.4,    63.8,    38.7,    52.8,    27.4,    63.8,    38.6,"(CONTRACTS OF CHF 125,000)",092741,CME ,092 ,F10,FutOnly
SWISS FRANC - CHICAGO MERCANTILE EXCHANGE,190917,2019-09-17,092741,CME ,00,092 ,   52487,   19026,    1404,       0,    1349,   18819,    1168,   20498,    8879,     344,     968,    1510,       0,   43353,   32124,    9134,   20363,  -11678,   -4939,   -5092,   -5574,    -568,    2821,     246,    1631,    -213,   -1614,      37,     -80,       0,  -10781,   -9506,    -897,   -2172,  100.0,   36.2,    2.7,    0.0,    2.6,   35.9,    2.2,   39.1,   16.9,    0.7,    1.8,    2.9,    0.0,   82.6,   61.2,   17.4,   38.8,     48,      5,.,      0,.,     13,.,     11,     11,.,.,.,      0,     22,     32,    52.1,    28.1,    64.5,    37.3,    52.1,    28.1,    63.9,    37.0,"(CONTRACTS OF CHF 125,000)",092741,CME ,092 ,F10,FutOnly
SWISS FRANC - CHICAGO MERCANTILE EXCHANGE,190910,2019-09-10,092741,CME ,00,092 ,   64165,   23965,    6496,    5574,    1917,   15998,     922,   18867,    9092,    1958,     931,    1590,       0,   54134,   41630,   10031,   22535,    3298,    -497,    -609,    4839,    -614,    -323,    -394,    -750,   -2185,     763,       0,     272,       0,    3347,    2363,     -49,     935,  100.0,   37.3,   10.1,    8.7,    3.0,   24.9,    1.4,   29.4,   14.2,    3.1,    1.5,    2.5,    0.0,   84.4,   64.9,   15.6,   35.1,     43,      4,      4,      4,.,     11,.,     10,      8,      5,.,.,      0,     21,     33,    57.1,    33.3,    70.4,    45.4,    48.7,    29.1,    61.5,    38.2,"(CONTRACTS OF CHF 125,000)",092741,CME ,092 ,F10,FutOnly
SWISS FRANC - CHICAGO MERCANTILE EXCHANGE,190903,2019-09-03,092741,CME ,00,092 ,   60867,   24462,    7105,     735,    2531,   16321,    1316,   19617,   11277,    1195,     931,    1318,       0,   50787,   39267,   10080,   21600,    5616,    2373,   -1003,     638,   -1020,    3521,     279,    2863,     269,     188,     -69,     500,       0,    5252,    4392,     364,    1224,  100.0,   40.2,   11.7,    1.2,    4.2,   26.8,    2.2,   32.2,   18.5,    2.0,    1.5,    2.2,    0.0,   83.4,   64.5,   16.6,   35.5,     49,      5,      5,.,      4,     10,      5,     10,     12,      4,.,.,      0,     25,     36,    52.0,    31.2,    65.7,    42.0,    52.0,    31.2,    65.1,    41.3,"(CONTRACTS OF CHF 125,000)",092741,CME ,092 ,F10,FutOnly
SWISS FRANC - CHICAGO MERCANTILE EXCHANGE,190827,2019-08-27,092741,CME ,00,092 ,   55251,   22089,    8108,      97,    3551,   12800,    1037,   16754,   11008,    1007,    1000,     818,       0,   45535,   34875,    9716,   20376,     310,     143,   -2008,      -2,    -868,    1994,     234,     896,   -1713,     573,      -6,       0,       0,     970,    -922,    -660,    1232,  100.0,   40.0,   14.7,    0.2,    6.4,   23.2,    1.9,   30.3,   19.9,    1.8,    1.8,    1.5,    0.0,   82.4,   63.1,   17.6,   36.9,     47,.,      5,.,      6,      9,      5,      8,     13,      5,.,.,      0,     21,     38,    55.5,    30.7,    68.6,    40.6,    55.5,    30.7,    67.5,    40.6,"(CONTRACTS OF CHF 125,000)",092741,CME ,092 ,F10,FutOnly
SWISS FRANC - CHICAGO MERCANTILE EXCHANGE,190820,2019-08-20,092741,CME ,00,092 ,   54941,   21946,   10116,      99,    4419,   10806,     803,   15858,   12721,     434,    1006,     818,       0,   44565,   35797,   10376,   19144,     674,    -381,    2359,      17,    1663,   -1305,     176,      -9,    -555,      45,      35,       0,       0,    1546,     737,    -872,     -63,  100.0,   39.9,   18.4,    0.2,    8.0,   19.7,    1.5,   28.9,   23.2,    0.8,    1.8,    1.5,    0.0,   81.1,   65.2,   18.9,   34.8,     48,.,      7,.,      6,      8,.,      9,     12,      5,.,.,      0,     24,     34,    54.3,    29.6,    65.2,    42.2,    53.7,    29.6,    64.2,    42.2,"(CONTRACTS OF CHF 125,000)",092741,CME ,092 ,F10,FutOnly
SWISS FRANC - CHICAGO MERCANTILE EXCHANGE,190813,2019-08-13,092741,CME ,00,092 ,   54267,   22327,    7757,      82,    2756,   12111,     627,   15867,   13276,     389,     971,     818,       0,   43019,   35060,   11248,   19207,   -2449,   -1699,    4427,      45,     310,   -2582,    -392,    -859,   -2959,      34,      40,     -20,       0,   -2521,   -1447,      72,   -1002,  100.0,   41.1,   14.3,    0.2,    5.1,   22.3,    1.2,   29.2,   24.5,    0.7,    1.8,    1.5,    0.0,   79.3,   64.6,   20.7,   35.4,     47,.,      6,.,      4,      9,.,      9,     13,      4,.,.,      0,     22,     33,    56.0,    27.5,    67.0,    39.7,    55.3,    27.5,    66.2,    39.7,"(CONTRACTS OF CHF 125,000)",092741,CME ,092 ,F10,FutOnly
SWISS FRANC - CHICAGO MERCANTILE EXCHANGE,190806,2019-08-06,092741,CME ,00,092 ,   56716,   24026,    3330,      37,    2446,   14693,    1019,   16726,   16235,     355,     931,     838,       0,   45540,   36507,   11176,   20209,   -1089,    -297,    1192,    -927,     989,   -3836,     107,   -3656,     700,       1,     -80,      20,       0,   -3863,   -2743,    2774,    1654,  100.0,   42.4,    5.9,    0.1,    4.3,   25.9,    1.8,   29.5,   28.6,    0.6,    1.6,    1.5,    0.0,   80.3,   64.4,   19.7,   35.6,     50,      5,      5,.,      4,     11,      4,      9,     13,.,.,.,      0,     22,     35,    53.8,    27.4,    66.1,    40.7,    53.2,    27.4,    65.4,    40.7,"(CONTRACTS OF CHF 125,000)",092741,CME ,092 ,F10,FutOnly
SWISS FRANC - CHICAGO MERCANTILE EXCHANGE,190730,2019-07-30,092741,CME ,00,092 ,   57805,   24323,    2138,     964,    1457,   18529,     912,   20382,   15535,     354,    1011,     818,       0,   49403,   39250,    8402,   18555,    4436,    1922,   -1853,     632,     -80,    4588,      24,    3902,    2199,      14,      80,       0,       0,    6494,    5604,   -2058,   -1168,  100.0,   42.1,    3.7,    1.7,    2.5,   32.1,    1.6,   35.3,   26.9,    0.6,    1.7,    1.4,    0.0,   85.5,   67.9,   14.5,   32.1,     57,      5,      5,.,.,     16,      4,     12,     14,.,.,.,      0,     25,     40,    53.5,    26.0,    66.8,    35.5,    52.9,    26.0,    66.1,    34.9,"(CONTRACTS OF CHF 125,000)",092741,CME ,092 ,F10,FutOnly
SWISS FRANC - CHICAGO MERCANTILE EXCHANGE,190723,2019-07-23,092741,CME ,00,092 ,   53369,   22401,    3991,     332,    1537,   13941,     888,   16480,   13336,     340,     931,     818,       0,   42909,   33646,   10460,   19723,    1166,    -872,    -875,    -414,     553,     861,      27,     894,    1983,      30,       0,       0,       0,     218,    1612,     948,    -446,  100.0,   42.0,    7.5,    0.6,    2.9,   26.1,    1.7,   30.9,   25.0,    0.6,    1.7,    1.5,    0.0,   80.4,   63.0,   19.6,   37.0,     45,.,      6,.,.,     13,      4,      9,     10,.,.,.,      0,     19,     33,    57.6,    26.0,    71.1,    34.8,    57.0,    26.0,    70.4,    34.8,"(CONTRACTS OF CHF 125,000)",092741,CME ,092 ,F10,FutOnly
SWISS FRANC - CHICAGO MERCANTILE EXCHANGE,190716,2019-07-16,092741,CME ,00,092 ,   52203,   23273,    4866,     746,     984,   13080,     861,   15586,   11353,     310,     931,     818,       0,   42691,   32034,    9512,   20169,     359,    2333,     781,    -194,    -468,    -622,      -5,    -728,      66,      -7,       0,       0,       0,     931,      19,    -572,     340,  100.0,   44.6,    9.3,    1.4,    1.9,   25.1,    1.6,   29.9,   21.7,    0.6,    1.8,    1.6,    0.0,   81.8,   61.4,   18.2,   38.6,     41,      4,      6,.,.,     12,.,      7,      9,.,.,.,      0,     17,     30,    60.3,    25.3,    74.1,    34.4,    59.7,    25.3,    73.5,    34.4,"(CONTRACTS OF CHF 125,000)",092741,CME ,092 ,F10,FutOnly
SWISS FRANC - CHICAGO MERCANTILE EXCHANGE,190709,2019-07-09,092741,CME ,00,092 ,   51844,   20940,    4085,     940,    1452,   13702,     866,   16314,   11287,     317,     931,     818,       0,   41760,   32015,   10084,   19829,    1078,    -355,      13,       8,    -140,    2171,     -27,    1557,    -964,       4,       0,       0,       0,    1047,    1205,      31,    -127,  100.0,   40.4,    7.9,    1.8,    2.8,   26.4,    1.7,   31.5,   21.8,    0.6,    1.8,    1.6,    0.0,   80.5,   61.8,   19.5,   38.2,     43,      5,      4,.,.,     13,.,      8,      9,.,.,.,      0,     19,     31,    57.6,    25.7,    69.7,    34.7,    57.0,    25.7,    68.7,    34.7,"(CONTRACTS OF CHF 125,000)",092741,CME ,092 ,F10,FutOnly
SWISS FRANC - CHICAGO MERCANTILE EXCHANGE,190702,2019-07-02,092741,CME ,00,092 ,   50766,   21295,    4072,     932,    1592,   11531,     893,   14757,   12251,     313,     931,     818,       0,   40713,   30810,   10053,   19956,   -4974,   -2875,    1435,       1,    -807,   -2001,     371,   -1265,   -5358,      26,       0,       0,       0,   -4549,   -5526,    -425,     552,  100.0,   41.9,    8.0,    1.8,    3.1,   22.7,    1.8,   29.1,   24.1,    0.6,    1.8,    1.6,    0.0,   80.2,   60.7,   19.8,   39.3,     41,      5,      4,.,.,     11,.,      8,      9,.,.,.,      0,     20,     29,    58.8,    26.7,    70.6,    36.4,    58.2,    26.7,    69.0,    36.4,"(CONTRACTS OF CHF 125,000)",092741,CME ,092 ,F10,FutOnly
SWISS FRANC - CHICAGO MERCANTILE EXCHANGE,190625,2019-06-25,092741,CME ,00,092 ,   55740,   24170,    2637,     931,    2399,   13532,     522,   16022,   17609,     287,     931,     818,       0,   45262,   36336,   10478,   19404,   -3221,   -6328,    1304,       0,     -46,   -4725,     -63,     719,    2858,      14,       0,    -664,       0,   -5704,   -1276,    2483,   -1945,  100.0,   43.4,    4.7,    1.7,    4.3,   24.3,    0.9,   28.7,   31.6,    0.5,    1.7,    1.5,    0.0,   81.2,   65.2,   18.8,   34.8,     50,      4,      4,.,.,     14,.,     10,     13,.,.,.,      0,     21,     35,    56.0,    26.3,    70.5,    35.4,    53.8,    26.3,    68.4,    35.4,"(CONTRACTS OF CHF 125,000)",092741,CME ,092 ,F10,FutOnly
SWISS FRANC - CHICAGO MERCANTILE EXCHANGE,190618,2019-06-18,092741,CME ,00,092 ,   58961,   30498,    1333,     931,    2445,   18257,     585,   15303,   14751,     273,     931,    1482,       0,   50966,   37612,    7995,   21349,  -13216,   -9698,   -1897,   -3847,     912,    2671,    -721,    1047,   -8294,       4,       0,      -6,       0,  -12303,  -12090,    -913,   -1126,  100.0,   51.7,    2.3,    1.6,    4.1,   31.0,    1.0,   26.0,   25.0,    0.5,    1.6,    2.5,    0.0,   86.4,   63.8,   13.6,   36.2,     52,      5,.,.,      4,     17,.,     10,     11,.,.,.,      0,     21,     36,    62.8,    24.4,    75.5,    33.9,    60.8,    24.4,    73.4,    33.9,"(CONTRACTS OF CHF 125,000)",092741,CME ,092 ,F10,FutOnly
SWISS FRANC - CHICAGO MERCANTILE EXCHANGE,190611,2019-06-11,092741,CME ,00,092 ,   72177,   40196,    3230,    4778,    1533,   15586,    1306,   14256,   23045,     269,     931,    1488,       0,   63269,   49702,    8908,   22475,  -10666,  -14151,    -539,    4776,     129,   -8380,     406,     -45,   -4624,    -591,      12,       6,       0,   -9464,   -8946,   -1202,   -1720,  100.0,   55.7,    4.5,    6.6,    2.1,   21.6,    1.8,   19.8,   31.9,    0.4,    1.3,    2.1,    0.0,   87.7,   68.9,   12.3,   31.1,     52,      6,      5,      5,.,     15,.,      7,     14,.,.,.,      0,     21,     41,    61.1,    23.6,    78.4,    35.4,    59.5,    22.3,    71.8,    32.2,"(CONTRACTS OF CHF 125,000)",092741,CME ,092 ,F10,FutOnly
SWISS FRANC - CHICAGO MERCANTILE EXCHANGE,190604,2019-06-04,092741,CME ,00,092 ,   82843,   54347,    3769,       2,    1404,   23966,     900,   14301,   27669,     860,     919,    1482,       0,   72733,   58648,   10110,   24195,   -2817,   -5366,    1357,       0,     419,   -4109,     192,    -311,    2388,     598,       0,     -34,       0,   -4468,     392,    1651,   -3209,  100.0,   65.6,    4.5,    0.0,    1.7,   28.9,    1.1,   17.3,   33.4,    1.0,    1.1,    1.8,    0.0,   87.8,   70.8,   12.2,   29.2,     56,      6,      5,.,.,     18,.,      9,     13,      6,.,.,      0,     25,     41,    66.3,    24.1,    78.0,    38.4,    66.0,    24.1,    77.6,    38.4,"(CONTRACTS OF CHF 125,000)",092741,CME ,092 ,F10,FutOnly
SWISS FRANC - CHICAGO MERCANTILE EXCHANGE,190528,2019-05-28,092741,CME ,00,092 ,   85660,   59713,    2412,       2,     985,   28075,     708,   14612,   25281,     262,     919,    1516,       0,   77201,   58256,    8459,   27404,   -2623,   -2292,    -176,     -11,       0,   -2216,     384,    -512,   -1663,      21,       0,      15,       0,   -2410,   -3646,    -213,    1023,  100.0,   69.7,    2.8,    0.0,    1.1,   32.8,    0.8,   17.1,   29.5,    0.3,    1.1,    1.8,    0.0,   90.1,   68.0,    9.9,   32.0,     55,      6,.,.,.,     19,.,      9,     14,      4,.,.,      0,     22,     41,    67.2,    25.9,    81.3,    38.4,    66.9,    25.9,    81.0,    38.4,"(CONTRACTS OF CHF 125,000)",092741,CME ,092 ,F10,FutOnly
SWISS FRANC - CHICAGO MERCANTILE EXCHANGE,190521,2019-05-21,092741,CME ,00,092 ,   88283,   62005,    2588,      13,     985,   30291,     324,   15124,   26944,     241,     919,    1501,       0,   79611,   61902,    8672,   26381,   -5499,   -3659,    -241,       0,    -575,   -1752,     -17,   -1382,   -4654,       2,       0,     643,       0,   -5631,   -6019,     132,     520,  100.0,   70.2,    2.9,    0.0,    1.1,   34.3,    0.4,   17.1,   30.5,    0.3,    1.0,    1.7,    0.0,   90.2,   70.1,    9.8,   29.9,     58,      7,.,.,.,     19,.,      9,     16,.,.,.,      0,     22,     43,    65.9,    27.1,    80.6,    40.2,    65.6,    27.1,    80.3,    40.2,"(CONTRACTS OF CHF 125,000)",092741,CME ,092 ,F10,FutOnly
SWISS FRANC - CHICAGO MERCANTILE EXCHANGE,190514,2019-05-14,092741,CME ,00,092 ,   93782,   65664,    2829,      13,    1560,   32043,     341,   16506,   31598,     239,     919,     858,       0,   85242,   67921,    8540,   25861,   -7813,   -2673,     -46,       0,    -138,    -398,      -3,   -4879,   -4833,       2,       0,       0,       0,   -7691,   -5278,    -122,   -2535,  100.0,   70.0,    3.0,    0.0,    1.7,   34.2,    0.4,   17.6,   33.7,    0.3,    1.0,    0.9,    0.0,   90.9,   72.4,    9.1,   27.6,     63,      7,.,.,.,     20,.,     11,     18,.,.,.,      0,     24,     47,    64.2,    27.4,    78.7,    39.3,    64.2,    27.4,    78.4,    39.3,"(CONTRACTS OF CHF 125,000)",092741,CME ,092 ,F10,FutOnly
SWISS FRANC - CHICAGO MERCANTILE EXCHANGE,190507,2019-05-07,092741,CME ,00,092 ,  101595,   68337,    2875,      13,    1698,   32441,     344,   21385,   36431,     237,     919,     858,       0,   92933,   73199,    8662,   28396,   -1127,     369,     146,       0,       0,    1319,      31,   -1601,    -836,     -14,       0,     -13,       0,   -1215,     633,      88,   -1760,  100.0,   67.3,    2.8,    0.0,    1.7,   31.9,    0.3,   21.0,   35.9,    0.2,    0.9,    0.8,    0.0,   91.5,   72.0,    8.5,   28.0,     67,      8,.,.,.,     20,.,     12,     20,.,.,.,      0,     26,     47,    60.9,    26.7,    76.7,    38.6,    60.9,    26.7,    76.5,    38.6,"(CONTRACTS OF CHF 125,000)",092741,CME ,092 ,F10,FutOnly
SWISS FRANC - CHICAGO MERCANTILE EXCHANGE,190430,2019-04-30,092741,CME ,00,092 ,  102722,   67968,    2729,      13,    1698,   31122,     313,   22986,   37267,     251,     919,     871,       0,   94148,   72566,    8574,   30156,    8607,    3440,      56,       0,     -96,    1676,    -526,    4169,    5711,      -1,       0,       0,       0,    6986,    6916,    1621,    1691,  100.0,   66.2,    2.7,    0.0,    1.7,   30.3,    0.3,   22.4,   36.3,    0.2,    0.9,    0.8,    0.0,   91.7,   70.6,    8.3,   29.4,     63,      7,.,.,.,     18,.,     11,     20,.,.,.,      0,     23,     44,    60.5,    25.7,    76.4,    38.5,    60.5,    25.7,    76.1,    38.5,"(CONTRACTS OF CHF 125,000)",092741,CME ,092 ,F10,FutOnly
SWISS FRANC - CHICAGO MERCANTILE EXCHANGE,190423,2019-04-23,092741,CME ,00,092 ,   94115,   64528,    2673,      13,    1794,   29446,     839,   18817,   31556,     252,     919,     871,       0,   87162,   65650,    6953,   28465,   12175,    9724,      95,       0,    -718,    3739,     351,    3188,    6733,    -497,     243,     -48,       0,   12291,   10373,    -116,    1802,  100.0,   68.6,    2.8,    0.0,    1.9,   31.3,    0.9,   20.0,   33.5,    0.3,    1.0,    0.9,    0.0,   92.6,   69.8,    7.4,   30.2,     65,      7,.,.,.,     20,.,     11,     20,.,.,.,      0,     25,     47,    63.0,    26.1,    78.4,    36.8,    62.9,    26.1,    78.1,    36.8,"(CONTRACTS OF CHF 125,000)",092741,CME ,092 ,F10,FutOnly
SWISS FRANC - CHICAGO MERCANTILE EXCHANGE,190416,2019-04-16,092741,CME ,00,092 ,   81940,   54804,    2578,      13,    2512,   25707,     488,   15629,   24823,     749,     676,     919,       0,   74871,   55277,    7069,   26663,    7783,    8663,      43,    -106,     523,    1624,      72,   -1293,    3584,     197,       0,       0,       0,    8056,    5414,    -273,    2369,  100.0,   66.9,    3.1,    0.0,    3.1,   31.4,    0.6,   19.1,   30.3,    0.9,    0.8,    1.1,    0.0,   91.4,   67.5,    8.6,   32.5,     60,      6,.,.,      4,     17,.,     11,     17,      6,.,.,      0,     25,     45,    65.4,    27.9,    78.6,    39.0,    65.1,    27.9,    78.3,    39.0,"(CONTRACTS OF CHF 125,000)",092741,CME ,092 ,F10,FutOnly
SWISS FRANC - CHICAGO MERCANTILE EXCHANGE,190409,2019-04-09,092741,CME ,00,092 ,   74157,   46141,    2535,     119,    1989,   24083,     416,   16922,   21239,     552,     676,     919,       0,   66815,   49863,    7342,   24294,     540,     634,     100,    -140,     523,      49,    -264,     495,    1082,      71,       0,       0,       0,    1319,     898,    -779,    -358,  100.0,   62.2,    3.4,    0.2,    2.7,   32.5,    0.6,   22.8,   28.6,    0.7,    0.9,    1.2,    0.0,   90.1,   67.2,    9.9,   32.8,     53,      4,.,.,.,     16,.,     11,     14,      5,.,.,      0,     23,     38,    67.1,    26.8,    80.1,    39.6,    66.6,    26.8,    79.6,    39.6,"(CONTRACTS OF CHF 125,000)",092741,CME ,092 ,F10,FutOnly
SWISS FRANC - CHICAGO MERCANTILE EXCHANGE,190402,2019-04-02,092741,CME ,00,092 ,   73617,   45507,    2435,     259,    1466,   24034,     680,   16427,   20157,     481,     676,     919,       0,   65496,   48965,    8121,   24652,    1078,     480,    -134,    -118,   -1541,   -1229,     338,    2552,     290,     164,       0,       0,       0,    1875,    -689,    -797,    1767,  100.0,   61.8,    3.3,    0.4,    2.0,   32.6,    0.9,   22.3,   27.4,    0.7,    0.9,    1.2,    0.0,   89.0,   66.5,   11.0,   33.5,     53,      4,      4,.,.,     17,.,     11,     13,.,.,.,      0,     22,     38,    66.8,    25.1,    79.4,    38.4,    66.1,    25.1,    78.7,    38.4,"(CONTRACTS OF CHF 125,000)",092741,CME ,092 ,F10,FutOnly
SWISS FRANC - CHICAGO MERCANTILE EXCHANGE,190326,2019-03-26,092741,CME ,00,092 ,   72539,   45027,    2569,     377,    3007,   25263,     342,   13875,   19867,     317,     676,     919,       0,   63621,   49654,    8918,   22885,   -3357,   -1876,    -139,      -2,    -363,   -2032,    -922,   -1582,     113,      20,     236,       0,       0,   -4489,   -2962,    1132,    -395,  100.0,   62.1,    3.5,    0.5,    4.1,   34.8,    0.5,   19.1,   27.4,    0.4,    0.9,    1.3,    0.0,   87.7,   68.5,   12.3,   31.5,     52,      5,.,.,      4,     17,.,      7,     14,      4,.,.,      0,     21,     39,    66.9,    23.7,    78.6,    37.5,    66.0,    23.7,    77.7,    37.5,"(CONTRACTS OF CHF 125,000)",092741,CME ,092 ,F10,FutOnly
SWISS FRANC - CHICAGO MERCANTILE EXCHANGE,190319,2019-03-19,092741,CME ,00,092 ,   75896,   46903,    2708,     379,    3370,   27295,    1264,   15457,   19754,     297,     440,     919,       0,   68110,   52616,    7786,   23280,   -9676,     545,     545,   -4908,     960,     270,    -196,   -3207,     253,   -1343,       0,       0,       0,   -8149,   -5379,   -1527,   -4297,  100.0,   61.8,    3.6,    0.5,    4.4,   36.0,    1.7,   20.4,   26.0,    0.4,    0.6,    1.2,    0.0,   89.7,   69.3,   10.3,   30.7,     57,      5,      4,.,      4,     18,      4,     11,     13,.,.,.,      0,     26,     39,    65.3,    23.2,    76.2,    37.9,    64.4,    23.2,    75.3,    37.9,"(CONTRACTS OF CHF 125,000)",092741,CME ,092 ,F10,FutOnly
SWISS FRANC - CHICAGO MERCANTILE EXCHANGE,190312,2019-03-12,092741,CME ,00,092 ,   85572,   46358,    2163,    5287,    2410,   27025,    1460,   18664,   19501,    1640,     440,     919,       0,   76259,   57995,    9313,   27577,    5951,   -1079,    -312,    5125,     751,    -512,    -428,    -821,    -914,    1258,       2,       0,       0,    4808,    4217,    1143,    1734,  100.0,   54.2,    2.5,    6.2,    2.8,   31.6,    1.7,   21.8,   22.8,    1.9,    0.5,    1.1,    0.0,   89.1,   67.8,   10.9,   32.2,     57,      8,.,      4,      4,     16,      5,     11,     13,      8,.,.,      0,     31,     43,    59.8,    19.8,    74.1,    33.9,    55.1,    19.8,    68.6,    33.2,"(CONTRACTS OF CHF 125,000)",092741,CME ,092 ,F10,FutOnly
SWISS FRANC - CHICAGO MERCANTILE EXCHANGE,190305,2019-03-05,092741,CME ,00,092 ,   79621,   47437,    2475,     162,    1659,   27537,    1888,   19485,   20415,     382,     438,     919,       0,   71451,   53778,    8170,   25843,    4344,    1326,    -153,     -20,     -66,     853,     572,    2972,     720,    -105,       0,       0,       0,    4679,    1867,    -335,    2477,  100.0,   59.6,    3.1,    0.2,    2.1,   34.6,    2.4,   24.5,   25.6,    0.5,    0.6,    1.2,    0.0,   89.7,   67.5,   10.3,   32.5,     59,      8,.,.,.,     19,      4,     12,     13,.,.,.,      0,     29,     38,    58.0,    20.5,    74.4,    35.0,    57.7,    20.5,    73.7,    34.8,"(CONTRACTS OF CHF 125,000)",092741,CME ,092 ,F10,FutOnly
SWISS FRANC - CHICAGO MERCANTILE EXCHANGE,190226,2019-02-26,092741,CME ,00,092 ,   75277,   46111,    2628,     182,    1725,   26684,    1316,   16513,   19695,     487,     438,     919,       0,   66772,   51911,    8505,   23366,     665,     464,    -494,       0,     248,    1812,     649,    -262,    -625,    -245,       0,       0,       0,     854,    1097,    -189,    -432,  100.0,   61.3,    3.5,    0.2,    2.3,   35.4,    1.7,   21.9,   26.2,    0.6,    0.6,    1.2,    0.0,   88.7,   69.0,   11.3,   31.0,     57,      7,.,.,.,     18,      5,     11,     13,      5,.,.,      0,     28,     40,    61.1,    21.0,    75.9,    36.0,    60.3,    21.0,    75.2,    36.0,"(CONTRACTS OF CHF 125,000)",092741,CME ,092 ,F10,FutOnly
SWISS FRANC - CHICAGO MERCANTILE EXCHANGE,190219,2019-02-19,092741,CME ,00,092 ,   74612,   45647,    3122,     182,    1477,   24872,     667,   16775,   20320,     732,     438,     919,       0,   65918,   50814,    8694,   23798,    2598,    3403,     119,       0,     140,    2332,   -1045,    -527,    1042,      35,     438,       0,       0,    2444,    2483,     154,     115,  100.0,   61.2,    4.2,    0.2,    2.0,   33.3,    0.9,   22.5,   27.2,    1.0,    0.6,    1.2,    0.0,   88.3,   68.1,   11.7,   31.9,     59,      7,.,.,.,     18,.,     12,     15,      4,.,.,      0,     25,     41,    60.7,    19.4,    75.7,    33.7,    60.0,    19.4,    75.0,    33.7,"(CONTRACTS OF CHF 125,000)",092741,CME ,092 ,F10,FutOnly
SWISS FRANC - CHICAGO MERCANTILE EXCHANGE,190212,2019-02-12,092741,CME ,00,092 ,   72014,   42244,    3003,     182,    1337,   22540,    1712,   17302,   19278,     697,       0,     919,       0,   63474,   48331,    8540,   23683,    3612,    1705,   -4593,      40,     -49,    2034,    1026,     877,    2640,    -238,       0,       0,       0,    3361,     909,     251,    2703,  100.0,   58.7,    4.2,    0.3,    1.9,   31.3,    2.4,   24.0,   26.8,    1.0,    0.0,    1.3,    0.0,   88.1,   67.1,   11.9,   32.9,     56,      6,.,.,.,     18,      4,     11,     15,.,      0,.,      0,     24,     40,    62.8,    17.6,    75.5,    31.8,    62.1,    17.6,    74.7,    31.8,"(CONTRACTS OF CHF 125,000)",092741,CME ,092 ,F10,FutOnly
SWISS FRANC - CHICAGO MERCANTILE EXCHANGE,190205,2019-02-05,092741,CME ,00,092 ,   68402,   40539,    7596,     142,    1386,   20506,     686,   16425,   16638,     935,       0,     919,       0,   60113,   47422,    8289,   20980,    3398,    1197,   -1399,       0,     -52,    3149,    -353,    3067,    1762,     -89,       0,    -725,       0,    3770,    2345,    -372,    1053,  100.0,   59.3,   11.1,    0.2,    2.0,   30.0,    1.0,   24.0,   24.3,    1.4,    0.0,    1.3,    0.0,   87.9,   69.3,   12.1,   30.7,     56,      5,      7,.,.,     17,.,     11,     13,      4,      0,.,      0,     22,     41,    64.6,    19.2,    75.4,    34.2,    63.8,    19.2,    74.7,    34.2,"(CONTRACTS OF CHF 125,000)",092741,CME ,092 ,F10,FutOnly
SWISS FRANC - CHICAGO MERCANTILE EXCHANGE,190129,2019-01-29,092741,CME ,00,092 ,   65004,   39342,    8995,     142,    1438,   17357,    1039,   13358,   14876,    1024,       0,    1644,       0,   56343,   45077,    8661,   19927,    1909,      24,   -1675,     -20,     180,    1966,     494,     789,    1300,      44,       0,     146,       0,    1511,    2255,     398,    -346,  100.0,   60.5,   13.8,    0.2,    2.2,   26.7,    1.6,   20.5,   22.9,    1.6,    0.0,    2.5,    0.0,   86.7,   69.3,   13.3,   30.7,     54,      5,      6,.,.,     13,.,     11,     15,      6,      0,.,      0,     24,     39,    67.5,    21.5,    76.5,    37.1,    66.7,    21.5,    75.7,    37.1,"(CONTRACTS OF CHF 125,000)",092741,CME ,092 ,F10,FutOnly
SWISS FRANC - CHICAGO MERCANTILE EXCHANGE,190122,2019-01-22,092741,CME ,00,092 ,   63095,   39318,   10670,     162,    1258,   15391,     545,   12569,   13576,     980,       0,    1498,       0,   54832,   42822,    8263,   20273,     572,    -348,   -2589,     162,      -9,    2929,    -167,     338,   -1749,      57,       0,      21,       0,      33,   -1336,     539,    1908,  100.0,   62.3,   16.9,    0.3,    2.0,   24.4,    0.9,   19.9,   21.5,    1.6,    0.0,    2.4,    0.0,   86.9,   67.9,   13.1,   32.1,     52,      5,      6,.,.,     13,.,     10,     14,      5,      0,.,      0,     21,     38,    69.5,    22.7,    78.4,    36.3,    68.6,    22.7,    77.6,    36.3,"(CONTRACTS OF CHF 125,000)",092741,CME ,092 ,F10,FutOnly
SWISS FRANC - CHICAGO MERCANTILE EXCHANGE,190115,2019-01-15,092741,CME ,00,092 ,   62523,   39666,   13259,       0,    1267,   12462,     712,   12231,   15325,     923,       0,    1477,       0,   54799,   44158,    7724,   18365,   -4577,   -4896,    5200,       0,    -268,    -282,     188,    1169,   -7141,    -157,       0,    -398,       0,   -3964,   -2590,    -613,   -1987,  100.0,   63.4,   21.2,    0.0,    2.0,   19.9,    1.1,   19.6,   24.5,    1.5,    0.0,    2.4,    0.0,   87.6,   70.6,   12.4,   29.4,     51,      4,      7,      0,.,     12,.,      9,     15,      5,      0,.,      0,     20,     38,    70.3,    25.8,    79.7,    37.6,    69.7,    25.7,    79.1,    37.6,"(CONTRACTS OF CHF 125,000)",092741,CME ,092 ,F10,FutOnly
SWISS FRANC - CHICAGO MERCANTILE EXCHANGE,190108,2019-01-08,092741,CME ,00,092 ,   67100,   44562,    8059,       0,    1535,   12744,     524,   11062,   22466,    1080,       0,    1875,       0,   58763,   46748,    8337,   20352,    -630,    -561,    6014,       0,     -20,   -3488,    -549,    -920,   -1107,     322,       0,   -1735,       0,   -1728,    -543,    1098,     -87,  100.0,   66.4,   12.0,    0.0,    2.3,   19.0,    0.8,   16.5,   33.5,    1.6,    0.0,    2.8,    0.0,   87.6,   69.7,   12.4,   30.3,     47,      5,      4,      0,.,     11,.,      8,     15,      6,      0,.,      0,     20,     34,    71.9,    23.9,    80.7,    39.4,    71.4,    23.9,    80.1,    39.4,"(CONTRACTS OF CHF 125,000)",092741,CME ,092 ,F10,FutOnly
BRITISH POUND STERLING - CHICAGO MERCANTILE EXCHANGE,191231,2019-12-31,096742,CME ,00,096 ,  206784,    4970,   46396,    6988,   72251,   60908,    7374,   60934,   43156,   10087,   11711,    7563,       0,  174315,  182472,   32469,   24312,     501,    -359,    1334,     367,    1080,   -3781,    1211,     618,   -4577,    4683,   -6530,    -456,       0,    1070,   -1219,    -569,    1720,  100.0,    2.4,   22.4,    3.4,   34.9,   29.5,    3.6,   29.5,   20.9,    4.9,    5.7,    3.7,    0.0,   84.3,   88.2,   15.7,   11.8,    114,.,     10,.,     23,     20,     14,     27,     23,     12,.,.,      0,     70,     71,    31.3,    31.2,    45.7,    43.3,    31.2,    31.0,    45.0,    40.8,"(CONTRACTS OF GBP 62,500)",096742,CME ,096 ,F10,FutOnly
BRITISH POUND STERLING - CHICAGO MERCANTILE EXCHANGE,191224,2019-12-24,096742,CME ,00,096 ,  206283,    5329,   45062,    6621,   71171,   64689,    6163,   60316,   47733,    5404,   18241,    8019,       0,  173245,  183691,   33038,   22592,    4697,   -4735,   11279,    -344,   -2675,   -3570,    -686,   10563,    1108,     569,    1060,    -330,       0,    3752,    8026,     945,   -3329,  100.0,    2.6,   21.8,    3.2,   34.5,   31.4,    3.0,   29.2,   23.1,    2.6,    8.8,    3.9,    0.0,   84.0,   89.0,   16.0,   11.0,    117,.,     10,.,     22,     21,     15,     24,     27,     10,      5,      4,      0,     66,     77,    30.7,    31.2,    47.0,    43.3,    30.6,    31.0,    46.8,    41.5,"(CONTRACTS OF GBP 62,500)",096742,CME ,096 ,F10,FutOnly
BRITISH POUND STERLING - CHICAGO MERCANTILE EXCHANGE,191217,2019-12-17,096742,CME ,00,096 ,  201586,   10064,   33783,    6965,   73846,   68259,    6849,   49753,   46625,    4835,   17181,    8349,       0,  169493,  175665,   32093,   25921,  -54967,  -47399,  -27175,   -7777,   -1078,   -4692,    1077,    4735,   -6708,   -7800,    5388,     208,       0,  -52854,  -52867,   -2113,   -2100,  100.0,    5.0,   16.8,    3.5,   36.6,   33.9,    3.4,   24.7,   23.1,    2.4,    8.5,    4.1,    0.0,   84.1,   87.1,   15.9,   12.9,    122,      7,      6,.,     23,     21,     12,     26,     29,      9,      5,      5,      0,     70,     75,    29.9,    29.1,    45.2,    40.3,    29.8,    28.9,    43.9,    39.0,"(CONTRACTS OF GBP 62,500)",096742,CME ,096 ,F10,FutOnly
BRITISH POUND STERLING - CHICAGO MERCANTILE EXCHANGE,191210,2019-12-10,096742,CME ,00,096 ,  256553,   57463,   60958,   14742,   74924,   72951,    5772,   45018,   53333,   12635,   11793,    8141,       0,  222347,  228532,   34206,   28021,   19839,   -2276,   12125,    9087,    8177,   -5955,    -518,   -3901,     838,    6524,    -877,     552,       0,   16216,   22653,    3623,   -2814,  100.0,   22.4,   23.8,    5.7,   29.2,   28.4,    2.2,   17.5,   20.8,    4.9,    4.6,    3.2,    0.0,   86.7,   89.1,   13.3,   10.9,    124,      5,     11,      9,     23,     22,     12,     24,     32,     20,.,      4,      0,     78,     87,    39.9,    30.0,    52.5,    42.1,    38.9,    27.7,    51.3,    39.0,"(CONTRACTS OF GBP 62,500)",096742,CME ,096 ,F10,FutOnly
BRITISH POUND STERLING - CHICAGO MERCANTILE EXCHANGE,191203,2019-12-03,096742,CME ,00,096 ,  236714,   59739,   48833,    5655,   66747,   78906,    6290,   48919,   52495,    6111,   12670,    7589,       0,  206131,  205879,   30583,   30835,   13533,    -815,    9088,    1785,     205,    5271,    -758,    9465,   -1680,     895,    1170,       0,       0,   11947,   14601,    1586,   -1068,  100.0,   25.2,   20.6,    2.4,   28.2,   33.3,    2.7,   20.7,   22.2,    2.6,    5.4,    3.2,    0.0,   87.1,   87.0,   12.9,   13.0,    125,      5,     10,      6,     20,     26,     13,     25,     31,     12,      4,.,      0,     70,     86,    44.8,    23.2,    58.2,    37.6,    43.0,    22.8,    56.5,    37.0,"(CONTRACTS OF GBP 62,500)",096742,CME ,096 ,F10,FutOnly
BRITISH POUND STERLING - CHICAGO MERCANTILE EXCHANGE,191126,2019-11-26,096742,CME ,00,096 ,  223181,   60554,   39745,    3870,   66542,   73635,    7048,   39454,   54175,    5216,   11500,    7589,       0,  194184,  191278,   28997,   31903,    5139,     357,   -4069,    2558,    4082,    4646,    -120,   -1201,    -159,     -55,    1846,       0,       0,    7467,    2801,   -2328,    2338,  100.0,   27.1,   17.8,    1.7,   29.8,   33.0,    3.2,   17.7,   24.3,    2.3,    5.2,    3.4,    0.0,   87.0,   85.7,   13.0,   14.3,    113,      5,      9,      5,     22,     26,     14,     20,     26,     11,.,.,      0,     63,     80,    47.2,    24.4,    62.6,    40.3,    46.1,    24.2,    61.5,    40.1,"(CONTRACTS OF GBP 62,500)",096742,CME ,096 ,F10,FutOnly
BRITISH POUND STERLING - CHICAGO MERCANTILE EXCHANGE,191119,2019-11-19,096742,CME ,00,096 ,  218042,   60197,   43814,    1312,   62460,   68989,    7168,   40655,   54334,    5271,    9654,    7589,       0,  186717,  188477,   31325,   29565,    8730,    -362,    5132,    -775,    3442,    1983,     357,   -1196,    2384,     378,    1681,   -1532,       0,    3525,    7927,    5205,     803,  100.0,   27.6,   20.1,    0.6,   28.6,   31.6,    3.3,   18.6,   24.9,    2.4,    4.4,    3.5,    0.0,   85.6,   86.4,   14.4,   13.6,    110,      5,      9,      5,     21,     25,     14,     20,     26,     11,.,.,      0,     62,     78,    47.9,    26.0,    63.3,    39.9,    47.3,    25.8,    62.7,    39.7,"(CONTRACTS OF GBP 62,500)",096742,CME ,096 ,F10,FutOnly
BRITISH POUND STERLING - CHICAGO MERCANTILE EXCHANGE,191112,2019-11-12,096742,CME ,00,096 ,  209312,   60559,   38682,    2087,   59018,   67006,    6811,   41851,   51950,    4893,    7973,    9121,       0,  183192,  180550,   26120,   28762,    2995,   -5741,    5876,     812,    8148,    -706,      51,      -9,   -1733,    -706,     744,       0,       0,    3299,    3594,    -304,    -599,  100.0,   28.9,   18.5,    1.0,   28.2,   32.0,    3.3,   20.0,   24.8,    2.3,    3.8,    4.4,    0.0,   87.5,   86.3,   12.5,   13.7,    113,      5,      9,      6,     19,     27,     14,     21,     27,     10,.,      4,      0,     61,     82,    49.3,    26.5,    64.6,    38.2,    49.0,    26.3,    64.3,    38.0,"(CONTRACTS OF GBP 62,500)",096742,CME ,096 ,F10,FutOnly
BRITISH POUND STERLING - CHICAGO MERCANTILE EXCHANGE,191105,2019-11-05,096742,CME ,00,096 ,  206317,   66300,   32806,    1275,   50870,   67712,    6760,   41860,   53683,    5599,    7229,    9121,       0,  179893,  176956,   26424,   29361,   -8089,   -8480,    -368,     172,    -267,   -5841,    -413,    -375,    -679,     384,       0,       0,       0,   -8979,   -6745,     890,   -1344,  100.0,   32.1,   15.9,    0.6,   24.7,   32.8,    3.3,   20.3,   26.0,    2.7,    3.5,    4.4,    0.0,   87.2,   85.8,   12.8,   14.2,    112,      7,      8,      5,     18,     23,     13,     19,     31,     11,.,      4,      0,     60,     81,    50.1,    26.2,    64.0,    37.2,    49.8,    26.0,    63.3,    36.9,"(CONTRACTS OF GBP 62,500)",096742,CME ,096 ,F10,FutOnly
BRITISH POUND STERLING - CHICAGO MERCANTILE EXCHANGE,191029,2019-10-29,096742,CME ,00,096 ,  214406,   74780,   33174,    1103,   51137,   73553,    7173,   42235,   54362,    5215,    7229,    9121,       0,  188872,  183701,   25534,   30705,  -15818,  -25217,    1865,    -772,    4966,   -5384,     263,    4603,   -9633,   -1222,      10,   -1021,       0,  -17369,  -15904,    1551,      86,  100.0,   34.9,   15.5,    0.5,   23.9,   34.3,    3.3,   19.7,   25.4,    2.4,    3.4,    4.3,    0.0,   88.1,   85.7,   11.9,   14.3,    119,      7,      7,      5,     16,     27,     11,     23,     33,     14,.,      4,      0,     64,     85,    48.6,    25.5,    63.2,    37.9,    48.1,    25.4,    62.7,    37.7,"(CONTRACTS OF GBP 62,500)",096742,CME ,096 ,F10,FutOnly
BRITISH POUND STERLING - CHICAGO MERCANTILE EXCHANGE,191022,2019-10-22,096742,CME ,00,096 ,  230224,   99997,   31309,    1875,   46171,   78937,    6910,   37632,   63995,    6437,    7219,   10142,       0,  206241,  199605,   23983,   30619,  -13085,  -29276,    5479,    1107,    1620,  -23330,    1404,    7772,    6458,     402,    3733,      30,       0,  -13238,   -8450,     153,   -4635,  100.0,   43.4,   13.6,    0.8,   20.1,   34.3,    3.0,   16.3,   27.8,    2.8,    3.1,    4.4,    0.0,   89.6,   86.7,   10.4,   13.3,    120,      8,      7,      5,     13,     29,     10,     22,     34,     12,.,      5,      0,     60,     87,    55.8,    23.8,    68.2,    35.8,    55.0,    23.7,    67.4,    35.7,"(CONTRACTS OF GBP 62,500)",096742,CME ,096 ,F10,FutOnly
BRITISH POUND STERLING - CHICAGO MERCANTILE EXCHANGE,191015,2019-10-15,096742,CME ,00,096 ,  243309,  129273,   25830,     768,   44551,  102267,    5506,   29860,   57537,    6035,    3486,   10112,       0,  219479,  208055,   23830,   35254,   -3587,   -7120,   11214,    -575,    1262,  -16755,     279,   -2849,    7279,    1847,    1315,     931,       0,   -5841,    4220,    2254,   -7807,  100.0,   53.1,   10.6,    0.3,   18.3,   42.0,    2.3,   12.3,   23.6,    2.5,    1.4,    4.2,    0.0,   90.2,   85.5,    9.8,   14.5,    121,      9,      6,      5,     12,     32,      9,     23,     31,     15,.,      7,      0,     60,     90,    63.3,    23.9,    72.7,    37.1,    63.0,    23.8,    71.9,    37.0,"(CONTRACTS OF GBP 62,500)",096742,CME ,096 ,F10,FutOnly
BRITISH POUND STERLING - CHICAGO MERCANTILE EXCHANGE,191008,2019-10-08,096742,CME ,00,096 ,  246896,  136393,   14616,    1343,   43289,  119022,    5227,   32709,   50258,    4188,    2171,    9181,       0,  225320,  203835,   21576,   43061,    8504,    5278,    7343,     629,     970,   -1116,      85,    2544,     870,   -1287,    1646,    -340,       0,    9865,    6184,   -1361,    2320,  100.0,   55.2,    5.9,    0.5,   17.5,   48.2,    2.1,   13.2,   20.4,    1.7,    0.9,    3.7,    0.0,   91.3,   82.6,    8.7,   17.4,    123,      9,      6,      4,      9,     34,      8,     21,     37,     10,.,      5,      0,     51,     94,    65.2,    23.3,    74.5,    33.2,    64.7,    23.2,    73.9,    33.1,"(CONTRACTS OF GBP 62,500)",096742,CME ,096 ,F10,FutOnly
BRITISH POUND STERLING - CHICAGO MERCANTILE EXCHANGE,191001,2019-10-01,096742,CME ,00,096 ,  238392,  131115,    7273,     714,   42319,  120138,    5142,   30165,   49388,    5475,     525,    9521,       0,  215455,  197651,   22937,   40741,    2311,    -951,    -628,     -10,    -153,   12843,    -840,    3022,   -9614,    -534,     525,    -150,       0,    1059,    1067,    1252,    1244,  100.0,   55.0,    3.1,    0.3,   17.8,   50.4,    2.2,   12.7,   20.7,    2.3,    0.2,    4.0,    0.0,   90.4,   82.9,    9.6,   17.1,    117,      9,      4,.,      9,     35,      6,     22,     32,     10,.,      4,      0,     49,     87,    65.4,    23.8,    74.5,    33.8,    65.0,    23.7,    73.5,    33.7,"(CONTRACTS OF GBP 62,500)",096742,CME ,096 ,F10,FutOnly
BRITISH POUND STERLING - CHICAGO MERCANTILE EXCHANGE,190924,2019-09-24,096742,CME ,00,096 ,  236081,  132066,    7901,     724,   42472,  107295,    5982,   27143,   59002,    6009,       0,    9671,       0,  214396,  196584,   21685,   39497,    5472,     984,    4903,     222,    -288,   -7169,     367,    4460,    6580,     672,       0,      30,       0,    6417,    5605,    -945,    -133,  100.0,   55.9,    3.3,    0.3,   18.0,   45.4,    2.5,   11.5,   25.0,    2.5,    0.0,    4.1,    0.0,   90.8,   83.3,    9.2,   16.7,    119,      9,      5,.,      9,     35,      8,     20,     36,     13,      0,      5,      0,     53,     90,    65.7,    21.7,    75.1,    33.7,    65.3,    21.6,    74.1,    33.6,"(CONTRACTS OF GBP 62,500)",096742,CME ,096 ,F10,FutOnly
BRITISH POUND STERLING - CHICAGO MERCANTILE EXCHANGE,190917,2019-09-17,096742,CME ,00,096 ,  230609,  131082,    2998,     502,   42760,  114464,    5615,   22683,   52422,    5337,       0,    9641,       0,  207979,  190979,   22630,   39630,  -52552,  -23475,   -1205,  -13021,   -1574,    -274,    -455,   -3169,  -24602,   -8552,       0,      54,       0,  -50246,  -48055,   -2306,   -4497,  100.0,   56.8,    1.3,    0.2,   18.5,   49.6,    2.4,    9.8,   22.7,    2.3,    0.0,    4.2,    0.0,   90.2,   82.8,    9.8,   17.2,    110,     10,.,.,      9,     35,      8,     17,     32,     11,      0,      5,      0,     45,     86,    66.8,    23.8,    76.7,    36.9,    66.6,    23.7,    75.7,    36.8,"(CONTRACTS OF GBP 62,500)",096742,CME ,096 ,F10,FutOnly
BRITISH POUND STERLING - CHICAGO MERCANTILE EXCHANGE,190910,2019-09-10,096742,CME ,00,096 ,  283161,  154557,    4203,   13523,   44334,  114738,    6070,   25852,   77024,   13889,       0,    9587,       0,  258225,  239034,   24936,   44127,   10765,   -1720,    -815,   11905,     430,  -10559,    -381,   -1198,   13110,    2433,    -515,    -572,       0,   10954,   15121,    -189,   -4356,  100.0,   54.6,    1.5,    4.8,   15.7,   40.5,    2.1,    9.1,   27.2,    4.9,    0.0,    3.4,    0.0,   91.2,   84.4,    8.8,   15.6,    125,     11,.,      6,     12,     33,     13,     19,     42,     20,      0,      5,      0,     66,     98,    57.3,    20.4,    69.4,    34.1,    52.8,    20.0,    64.9,    31.8,"(CONTRACTS OF GBP 62,500)",096742,CME ,096 ,F10,FutOnly
BRITISH POUND STERLING - CHICAGO MERCANTILE EXCHANGE,190903,2019-09-03,096742,CME ,00,096 ,  272396,  156277,    5018,    1618,   43904,  125297,    6451,   27050,   63914,   11456,     515,   10159,       0,  247271,  223913,   25125,   48483,   -1254,   -6158,    -874,    -343,    -203,    1174,      -5,     533,   -1948,    1393,     515,    -171,       0,   -4268,    -774,    3014,    -480,  100.0,   57.4,    1.8,    0.6,   16.1,   46.0,    2.4,    9.9,   23.5,    4.2,    0.2,    3.7,    0.0,   90.8,   82.2,    9.2,   17.8,    136,     10,      5,      6,     11,     34,     10,     19,     50,     19,.,      5,      0,     61,    110,    55.9,    20.9,    68.9,    31.2,    55.7,    20.8,    68.7,    31.1,"(CONTRACTS OF GBP 62,500)",096742,CME ,096 ,F10,FutOnly
BRITISH POUND STERLING - CHICAGO MERCANTILE EXCHANGE,190827,2019-08-27,096742,CME ,00,096 ,  273650,  162435,    5892,    1961,   44107,  124123,    6456,   26517,   65862,   10063,       0,   10330,       0,  251539,  224687,   22111,   48963,     169,    2186,     770,     330,    1019,   -4239,     314,     133,    2639,    -221,    -284,     125,       0,    3477,    -282,   -3308,     451,  100.0,   59.4,    2.2,    0.7,   16.1,   45.4,    2.4,    9.7,   24.1,    3.7,    0.0,    3.8,    0.0,   91.9,   82.1,    8.1,   17.9,    133,     11,      5,      6,     10,     34,     12,     26,     42,     15,      0,      5,      0,     62,    104,    56.7,    21.9,    70.0,    33.5,    56.4,    21.8,    69.6,    33.4,"(CONTRACTS OF GBP 62,500)",096742,CME ,096 ,F10,FutOnly
BRITISH POUND STERLING - CHICAGO MERCANTILE EXCHANGE,190820,2019-08-20,096742,CME ,00,096 ,  273481,  160249,    5122,    1631,   43088,  128362,    6142,   26384,   63223,   10284,     284,   10205,       0,  248062,  224969,   25419,   48512,    -450,     648,    -408,     748,    -658,   -2157,    -387,    2224,   -2974,     897,   -1511,    -425,       0,    1961,   -4706,   -2411,    4256,  100.0,   58.6,    1.9,    0.6,   15.8,   46.9,    2.2,    9.6,   23.1,    3.8,    0.1,    3.7,    0.0,   90.7,   82.3,    9.3,   17.7,    128,     11,      5,      5,     10,     33,     11,     24,     39,     16,.,      5,      0,     61,     99,    55.5,    22.2,    68.1,    34.3,    55.2,    22.1,    67.7,    34.1,"(CONTRACTS OF GBP 62,500)",096742,CME ,096 ,F10,FutOnly
BRITISH POUND STERLING - CHICAGO MERCANTILE EXCHANGE,190813,2019-08-13,096742,CME ,00,096 ,  273931,  159601,    5530,     883,   43746,  130519,    6529,   24160,   66197,    9387,    1795,   10630,       0,  246101,  229675,   27830,   44256,  -22973,   -9397,    1466,    -989,     326,  -12059,   -1131,  -11290,  -12004,   -1363,     667,    2675,       0,  -23177,  -23405,     204,     432,  100.0,   58.3,    2.0,    0.3,   16.0,   47.6,    2.4,    8.8,   24.2,    3.4,    0.7,    3.9,    0.0,   89.8,   83.8,   10.2,   16.2,    131,     10,      5,      4,     11,     33,     10,     21,     43,     15,.,      5,      0,     61,     99,    55.0,    24.0,    68.0,    35.1,    54.8,    23.9,    67.8,    34.8,"(CONTRACTS OF GBP 62,500)",096742,CME ,096 ,F10,FutOnly
BRITISH POUND STERLING - CHICAGO MERCANTILE EXCHANGE,190806,2019-08-06,096742,CME ,00,096 ,  296904,  168998,    4064,    1872,   43420,  142578,    7660,   35450,   78201,   10750,    1128,    7955,       0,  269278,  253080,   27626,   43824,   20920,   24583,    -538,     833,   -8499,    8444,    1290,     358,   10397,    1362,    -855,      -2,       0,   19072,   21786,    1848,    -866,  100.0,   56.9,    1.4,    0.6,   14.6,   48.0,    2.6,   11.9,   26.3,    3.6,    0.4,    2.7,    0.0,   90.7,   85.2,    9.3,   14.8,    137,     12,      5,      5,     11,     36,     11,     27,     41,     18,.,.,      0,     66,    105,    51.8,    25.5,    64.7,    37.1,    51.4,    25.4,    64.3,    36.7,"(CONTRACTS OF GBP 62,500)",096742,CME ,096 ,F10,FutOnly
BRITISH POUND STERLING - CHICAGO MERCANTILE EXCHANGE,190730,2019-07-30,096742,CME ,00,096 ,  275984,  144415,    4602,    1039,   51919,  134134,    6370,   35092,   67804,    9388,    1983,    7957,       0,  250206,  231294,   25778,   44690,   27921,   15356,     417,    -125,    -248,   15251,      20,    7249,   11830,    2003,    1533,     708,       0,   25788,   30104,    2133,   -2183,  100.0,   52.3,    1.7,    0.4,   18.8,   48.6,    2.3,   12.7,   24.6,    3.4,    0.7,    2.9,    0.0,   90.7,   83.8,    9.3,   16.2,    138,     12,      5,      6,     12,     36,     10,     23,     43,     21,.,      4,      0,     65,    110,    50.5,    25.2,    62.1,    36.3,    50.3,    25.1,    61.3,    35.8,"(CONTRACTS OF GBP 62,500)",096742,CME ,096 ,F10,FutOnly
BRITISH POUND STERLING - CHICAGO MERCANTILE EXCHANGE,190723,2019-07-23,096742,CME ,00,096 ,  248063,  129059,    4185,    1164,   52167,  118883,    6350,   27843,   55974,    7385,     450,    7249,       0,  224418,  201190,   23645,   46873,   -5401,     354,     -23,     691,   -1921,   -4567,     863,     369,   -3362,   -1484,   -3615,    -102,       0,   -4743,   -7984,    -658,    2583,  100.0,   52.0,    1.7,    0.5,   21.0,   47.9,    2.6,   11.2,   22.6,    3.0,    0.2,    2.9,    0.0,   90.5,   81.1,    9.5,   18.9,    131,     12,      5,      6,     12,     34,     10,     20,     44,     18,.,.,      0,     62,    103,    51.7,    24.1,    64.5,    34.0,    51.3,    24.0,    63.4,    33.6,"(CONTRACTS OF GBP 62,500)",096742,CME ,096 ,F10,FutOnly
BRITISH POUND STERLING - CHICAGO MERCANTILE EXCHANGE,190716,2019-07-16,096742,CME ,00,096 ,  253464,  128705,    4208,     473,   54088,  123450,    5487,   27474,   59336,    8869,    4065,    7351,       0,  229161,  209174,   24303,   44290,    6416,    4724,   -1114,     -17,    -635,    6556,    1562,    -315,   -1052,    -111,   -1388,    -154,       0,    3820,    5670,    2596,     746,  100.0,   50.8,    1.7,    0.2,   21.3,   48.7,    2.2,   10.8,   23.4,    3.5,    1.6,    2.9,    0.0,   90.4,   82.5,    9.6,   17.5,    135,     10,      6,      4,     14,     32,      9,     23,     44,     17,.,.,      0,     62,    103,    51.5,    23.5,    63.4,    35.4,    51.3,    23.4,    62.6,    35.0,"(CONTRACTS OF GBP 62,500)",096742,CME ,096 ,F10,FutOnly
BRITISH POUND STERLING - CHICAGO MERCANTILE EXCHANGE,190709,2019-07-09,096742,CME ,00,096 ,  247048,  123981,    5322,     490,   54723,  116894,    3925,   27789,   60388,    8980,    5453,    7505,       0,  225341,  203504,   21707,   43544,   22457,   23816,    1326,     165,   -4474,    4533,    -127,    4118,   11025,   -1099,    1723,     151,       0,   24122,   15974,   -1665,    6483,  100.0,   50.2,    2.2,    0.2,   22.2,   47.3,    1.6,   11.2,   24.4,    3.6,    2.2,    3.0,    0.0,   91.2,   82.4,    8.8,   17.6,    135,     11,      7,      4,     13,     34,     10,     22,     41,     19,.,      4,      0,     64,    104,    51.4,    22.6,    63.4,    33.3,    51.2,    22.4,    62.6,    33.0,"(CONTRACTS OF GBP 62,500)",096742,CME ,096 ,F10,FutOnly
BRITISH POUND STERLING - CHICAGO MERCANTILE EXCHANGE,190702,2019-07-02,096742,CME ,00,096 ,  224591,  100165,    3996,     325,   59197,  112361,    4052,   23671,   49363,   10079,    3730,    7354,       0,  201219,  187530,   23372,   37061,   17048,   18407,     198,     -11,     814,    2779,    -272,   -5274,    9493,    2045,    3710,      -8,       0,   19419,   14224,   -2371,    2824,  100.0,   44.6,    1.8,    0.1,   26.4,   50.0,    1.8,   10.5,   22.0,    4.5,    1.7,    3.3,    0.0,   89.6,   83.5,   10.4,   16.5,    130,     12,      4,.,     13,     32,     12,     20,     42,     20,.,.,      0,     66,     99,    48.0,    24.1,    60.9,    34.1,    47.8,    23.9,    59.9,    33.6,"(CONTRACTS OF GBP 62,500)",096742,CME ,096 ,F10,FutOnly
BRITISH POUND STERLING - CHICAGO MERCANTILE EXCHANGE,190625,2019-06-25,096742,CME ,00,096 ,  207543,   81758,    3798,     336,   58383,  109582,    4324,   28945,   39870,    8034,      20,    7362,       0,  181800,  173306,   25743,   34237,   -2878,   -4691,     105,       6,    4150,    3337,    -337,   -1579,     466,   -2569,    -620,      22,       0,   -5640,    1030,    2762,   -3908,  100.0,   39.4,    1.8,    0.2,   28.1,   52.8,    2.1,   13.9,   19.2,    3.9,    0.0,    3.5,    0.0,   87.6,   83.5,   12.4,   16.5,    120,     11,.,.,     15,     30,     11,     24,     33,     16,.,.,      0,     63,     86,    45.7,    25.5,    59.3,    36.7,    45.5,    25.3,    58.2,    36.1,"(CONTRACTS OF GBP 62,500)",096742,CME ,096 ,F10,FutOnly
BRITISH POUND STERLING - CHICAGO MERCANTILE EXCHANGE,190618,2019-06-18,096742,CME ,00,096 ,  210421,   86449,    3693,     330,   54233,  106245,    4661,   30524,   39404,   10603,     640,    7340,       0,  187440,  172276,   22981,   38145,  -10760,    3131,   -1557,  -16933,    1461,    3752,    -464,    4019,    6468,   -1319,     500,     526,       0,   -9605,   -9527,   -1155,   -1233,  100.0,   41.1,    1.8,    0.2,   25.8,   50.5,    2.2,   14.5,   18.7,    5.0,    0.3,    3.5,    0.0,   89.1,   81.9,   10.9,   18.1,    129,     11,.,.,     15,     31,     11,     27,     37,     19,.,.,      0,     69,     92,    47.3,    22.7,    60.6,    34.3,    47.0,    22.6,    59.6,    33.8,"(CONTRACTS OF GBP 62,500)",096742,CME ,096 ,F10,FutOnly
BRITISH POUND STERLING - CHICAGO MERCANTILE EXCHANGE,190611,2019-06-11,096742,CME ,00,096 ,  221181,   83318,    5250,   17263,   52772,  102493,    5125,   26505,   32936,   11922,     140,    6814,       0,  197045,  181803,   24136,   39378,     453,   -7883,    1891,   15476,     421,  -10271,   -1044,   -8317,   -6762,    1297,     140,       0,       0,      90,     587,     363,    -134,  100.0,   37.7,    2.4,    7.8,   23.9,   46.3,    2.3,   12.0,   14.9,    5.4,    0.1,    3.1,    0.0,   89.1,   82.2,   10.9,   17.8,    121,     10,      4,      6,     15,     29,     11,     24,     36,     20,.,.,      0,     69,     89,    46.4,    21.8,    60.0,    34.7,    40.8,    20.4,    53.0,    31.2,"(CONTRACTS OF GBP 62,500)",096742,CME ,096 ,F10,FutOnly
BRITISH POUND STERLING - CHICAGO MERCANTILE EXCHANGE,190604,2019-06-04,096742,CME ,00,096 ,  220728,   91201,    3359,    1787,   52351,  112764,    6169,   34822,   39698,   10625,       0,    6814,       0,  196955,  181216,   23773,   39512,    6798,   11761,      16,    1242,   -2485,    5437,    1095,   -6263,   -1470,    1119,       0,    -320,       0,    6469,    7119,     329,    -321,  100.0,   41.3,    1.5,    0.8,   23.7,   51.1,    2.8,   15.8,   18.0,    4.8,    0.0,    3.1,    0.0,   89.2,   82.1,   10.8,   17.9,    125,     11,.,      5,     14,     31,     10,     30,     34,     20,      0,.,      0,     69,     91,    42.3,    20.7,    56.0,    33.8,    42.2,    20.6,    55.2,    33.3,"(CONTRACTS OF GBP 62,500)",096742,CME ,096 ,F10,FutOnly
BRITISH POUND STERLING - CHICAGO MERCANTILE EXCHANGE,190528,2019-05-28,096742,CME ,00,096 ,  213930,   79440,    3343,     545,   54836,  107327,    5074,   41085,   41168,    9506,       0,    7134,       0,  190486,  174097,   23444,   39833,   23739,   19912,    -473,     -26,   -3468,   12028,     633,    7856,    6801,     377,       0,       0,       0,   25284,   19340,   -1545,    4399,  100.0,   37.1,    1.6,    0.3,   25.6,   50.2,    2.4,   19.2,   19.2,    4.4,    0.0,    3.3,    0.0,   89.0,   81.4,   11.0,   18.6,    120,     10,      4,.,     13,     29,     12,     28,     34,     19,      0,.,      0,     65,     89,    37.0,    20.8,    51.5,    33.8,    36.9,    20.6,    50.9,    33.4,"(CONTRACTS OF GBP 62,500)",096742,CME ,096 ,F10,FutOnly
BRITISH POUND STERLING - CHICAGO MERCANTILE EXCHANGE,190521,2019-05-21,096742,CME ,00,096 ,  190191,   59528,    3816,     571,   58304,   95299,    4441,   33229,   34367,    9129,       0,    7134,       0,  165202,  154757,   24989,   35434,   33298,   34698,    -531,    -245,   -1828,   17185,     -12,   -3776,   10900,    3015,       0,    -240,       0,   31852,   30072,    1446,    3226,  100.0,   31.3,    2.0,    0.3,   30.7,   50.1,    2.3,   17.5,   18.1,    4.8,    0.0,    3.8,    0.0,   86.9,   81.4,   13.1,   18.6,    116,      9,      5,      4,     14,     28,     10,     26,     32,     20,      0,.,      0,     63,     87,    33.7,    20.8,    48.3,    33.3,    33.6,    20.4,    47.3,    32.9,"(CONTRACTS OF GBP 62,500)",096742,CME ,096 ,F10,FutOnly
BRITISH POUND STERLING - CHICAGO MERCANTILE EXCHANGE,190514,2019-05-14,096742,CME ,00,096 ,  156893,   24830,    4347,     816,   60132,   78114,    4453,   37005,   23467,    6114,       0,    7374,       0,  133350,  124685,   23543,   32208,    1902,    1727,   -2673,    -108,   -3477,    4406,     -33,    5038,    -318,     195,    -517,    -415,       0,    2825,    1054,    -923,     848,  100.0,   15.8,    2.8,    0.5,   38.3,   49.8,    2.8,   23.6,   15.0,    3.9,    0.0,    4.7,    0.0,   85.0,   79.5,   15.0,   20.5,    108,      8,.,.,     14,     28,      9,     25,     28,     16,      0,.,      0,     57,     79,    29.7,    24.3,    46.1,    36.2,    28.9,    24.1,    44.9,    34.9,"(CONTRACTS OF GBP 62,500)",096742,CME ,096 ,F10,FutOnly
BRITISH POUND STERLING - CHICAGO MERCANTILE EXCHANGE,190507,2019-05-07,096742,CME ,00,096 ,  154991,   23103,    7020,     924,   63609,   73708,    4486,   31967,   23785,    5919,     517,    7789,       0,  130525,  123631,   24466,   31360,   -6773,   -1631,    -131,     391,      82,   -6140,     661,   -5695,    2225,     450,    -308,   -2301,       0,   -6050,   -4845,    -723,   -1928,  100.0,   14.9,    4.5,    0.6,   41.0,   47.6,    2.9,   20.6,   15.3,    3.8,    0.3,    5.0,    0.0,   84.2,   79.8,   15.8,   20.2,    107,      7,      6,.,     16,     27,     11,     24,     23,     12,.,.,      0,     60,     73,    30.5,    25.2,    47.5,    37.3,    30.3,    25.1,    46.3,    36.2,"(CONTRACTS OF GBP 62,500)",096742,CME ,096 ,F10,FutOnly
BRITISH POUND STERLING - CHICAGO MERCANTILE EXCHANGE,190430,2019-04-30,096742,CME ,00,096 ,  161764,   24734,    7151,     533,   63527,   79848,    3825,   37662,   21560,    5469,     825,   10090,       0,  136575,  128476,   25189,   33288,    3913,   11130,   -2037,    -221,    1487,    6667,    -149,   -5597,     259,     827,   -1886,    -800,       0,    5591,    4546,   -1678,    -633,  100.0,   15.3,    4.4,    0.3,   39.3,   49.4,    2.4,   23.3,   13.3,    3.4,    0.5,    6.2,    0.0,   84.4,   79.4,   15.6,   20.6,    113,      7,      5,.,     16,     26,     11,     30,     23,     12,.,      4,      0,     67,     71,    30.6,    25.9,    47.8,    37.7,    30.3,    25.8,    46.6,    36.3,"(CONTRACTS OF GBP 62,500)",096742,CME ,096 ,F10,FutOnly
BRITISH POUND STERLING - CHICAGO MERCANTILE EXCHANGE,190423,2019-04-23,096742,CME ,00,096 ,  157851,   13604,    9188,     754,   62040,   73181,    3974,   43259,   21301,    4642,    2711,   10890,       0,  130984,  123930,   26867,   33921,    9649,    1638,   -7457,    -684,    5465,   10267,     276,    4299,     752,     360,       0,     800,       0,   11354,    4314,   -1705,    5335,  100.0,    8.6,    5.8,    0.5,   39.3,   46.4,    2.5,   27.4,   13.5,    2.9,    1.7,    6.9,    0.0,   83.0,   78.5,   17.0,   21.5,    113,      6,      6,.,     16,     25,     10,     32,     20,     11,.,      5,      0,     69,     68,    28.5,    26.0,    43.8,    37.8,    28.0,    25.9,    42.7,    36.6,"(CONTRACTS OF GBP 62,500)",096742,CME ,096 ,F10,FutOnly
BRITISH POUND STERLING - CHICAGO MERCANTILE EXCHANGE,190416,2019-04-16,096742,CME ,00,096 ,  148202,   11966,   16645,    1438,   56575,   62914,    3698,   38960,   20549,    4282,    2711,   10090,       0,  119630,  119616,   28572,   28586,    5677,   -3002,    5954,    -638,    4323,    2879,    -130,    4994,    -605,    -126,    -867,      -3,       0,    4554,    7331,    1123,   -1654,  100.0,    8.1,   11.2,    1.0,   38.2,   42.5,    2.5,   26.3,   13.9,    2.9,    1.8,    6.8,    0.0,   80.7,   80.7,   19.3,   19.3,    106,      6,      7,      4,     14,     23,      9,     28,     21,     10,.,      4,      0,     64,     65,    29.4,    26.8,    43.7,    38.6,    28.2,    26.4,    42.5,    37.0,"(CONTRACTS OF GBP 62,500)",096742,CME ,096 ,F10,FutOnly
BRITISH POUND STERLING - CHICAGO MERCANTILE EXCHANGE,190409,2019-04-09,096742,CME ,00,096 ,  142525,   14968,   10691,    2076,   52252,   60035,    3828,   33966,   21154,    4408,    3578,   10093,       0,  115076,  112285,   27449,   30240,   -4906,   -4119,    5027,    -361,   -1091,   -2547,    -390,     -37,   -6207,   -1141,     145,      20,       0,   -6994,   -5599,    2088,     693,  100.0,   10.5,    7.5,    1.5,   36.7,   42.1,    2.7,   23.8,   14.8,    3.1,    2.5,    7.1,    0.0,   80.7,   78.8,   19.3,   21.2,    103,      7,      6,      4,     15,     22,     11,     20,     25,     11,      4,      4,      0,     61,     68,    30.9,    27.4,    46.1,    38.7,    29.9,    27.2,    44.8,    36.6,"(CONTRACTS OF GBP 62,500)",096742,CME ,096 ,F10,FutOnly
BRITISH POUND STERLING - CHICAGO MERCANTILE EXCHANGE,190402,2019-04-02,096742,CME ,00,096 ,  147431,   19087,    5664,    2437,   53343,   62582,    4218,   34003,   27361,    5549,    3433,   10073,       0,  122070,  117884,   25361,   29547,    4474,    5551,   -4186,    -488,     719,    4084,    -199,    4052,    1845,     839,   -4232,    1797,       0,    6242,    3692,   -1768,     782,  100.0,   12.9,    3.8,    1.7,   36.2,   42.4,    2.9,   23.1,   18.6,    3.8,    2.3,    6.8,    0.0,   82.8,   80.0,   17.2,   20.0,    104,      8,      4,      5,     17,     22,     11,     18,     27,     13,.,      4,      0,     59,     74,    31.8,    26.3,    47.4,    37.9,    31.4,    26.2,    45.7,    36.6,"(CONTRACTS OF GBP 62,500)",096742,CME ,096 ,F10,FutOnly
BRITISH POUND STERLING - CHICAGO MERCANTILE EXCHANGE,190326,2019-03-26,096742,CME ,00,096 ,  142957,   13536,    9850,    2925,   52624,   58498,    4417,   29951,   25516,    4710,    7665,    8276,       0,  115828,  114192,   27129,   28765,    2674,    3070,   -2428,    -352,    1661,    3738,     249,    1605,     120,    -451,   -3844,     465,       0,    1938,    1341,     736,    1333,  100.0,    9.5,    6.9,    2.0,   36.8,   40.9,    3.1,   21.0,   17.8,    3.3,    5.4,    5.8,    0.0,   81.0,   79.9,   19.0,   20.1,    101,      7,      6,      5,     17,     21,     10,     19,     24,     10,.,      4,      0,     56,     70,    31.1,    27.4,    46.1,    38.3,    30.3,    27.2,    44.8,    36.6,"(CONTRACTS OF GBP 62,500)",096742,CME ,096 ,F10,FutOnly
BRITISH POUND STERLING - CHICAGO MERCANTILE EXCHANGE,190319,2019-03-19,096742,CME ,00,096 ,  140283,   10466,   12278,    3277,   50963,   54760,    4168,   28346,   25396,    5161,   11509,    7811,       0,  113890,  112851,   26393,   27432,  -51655,  -42802,  -19333,   -4106,     943,   -6676,     -74,    -634,  -13219,   -4155,    -700,     437,       0,  -51528,  -47126,    -127,   -4529,  100.0,    7.5,    8.8,    2.3,   36.3,   39.0,    3.0,   20.2,   18.1,    3.7,    8.2,    5.6,    0.0,   81.2,   80.4,   18.8,   19.6,    101,      7,      6,      6,     12,     23,     13,     19,     27,     11,      4,.,      0,     58,     73,    32.8,    28.7,    46.9,    38.1,    31.5,    27.8,    45.6,    36.2,"(CONTRACTS OF GBP 62,500)",096742,CME ,096 ,F10,FutOnly
BRITISH POUND STERLING - CHICAGO MERCANTILE EXCHANGE,190312,2019-03-12,096742,CME ,00,096 ,  191938,   53268,   31611,    7383,   50020,   61436,    4242,   28980,   38615,    9316,   12209,    7374,       0,  165418,  159977,   26520,   31961,   -1559,    1392,     559,    2153,   -4331,     980,    -734,   -3455,   -5742,    3015,     426,    -236,       0,   -1534,      -5,     -25,   -1554,  100.0,   27.8,   16.5,    3.8,   26.1,   32.0,    2.2,   15.1,   20.1,    4.9,    6.4,    3.8,    0.0,   86.2,   83.3,   13.8,   16.7,    101,      7,      8,      7,     11,     23,     13,     20,     28,     14,.,.,      0,     60,     75,    41.3,    28.9,    56.4,    40.6,    38.8,    28.4,    53.0,    39.7,"(CONTRACTS OF GBP 62,500)",096742,CME ,096 ,F10,FutOnly
BRITISH POUND STERLING - CHICAGO MERCANTILE EXCHANGE,190305,2019-03-05,096742,CME ,00,096 ,  193497,   51876,   31052,    5230,   54351,   60456,    4976,   32435,   44357,    6301,   11783,    7610,       0,  166952,  159982,   26545,   33515,   -8568,   -6572,     213,    2180,    4149,   -6866,     409,   -7220,   -6188,     691,      -8,     -98,       0,   -6371,   -9659,   -2197,    1091,  100.0,   26.8,   16.0,    2.7,   28.1,   31.2,    2.6,   16.8,   22.9,    3.3,    6.1,    3.9,    0.0,   86.3,   82.7,   13.7,   17.3,    110,      8,      8,      7,     14,     22,     12,     25,     27,     15,.,.,      0,     68,     76,    40.4,    28.1,    53.5,    38.7,    39.7,    27.4,    51.9,    37.7,"(CONTRACTS OF GBP 62,500)",096742,CME ,096 ,F10,FutOnly
BRITISH POUND STERLING - CHICAGO MERCANTILE EXCHANGE,190226,2019-02-26,096742,CME ,00,096 ,  202065,   58448,   30839,    3050,   50202,   67322,    4567,   39655,   50545,    5610,   11791,    7708,       0,  173323,  169641,   28742,   32424,     161,  -14922,    7666,     180,    2541,  -10146,     237,    7041,    4050,    -429,     -81,     203,       0,   -5433,    1761,    5594,   -1600,  100.0,   28.9,   15.3,    1.5,   24.8,   33.3,    2.3,   19.6,   25.0,    2.8,    5.8,    3.8,    0.0,   85.8,   84.0,   14.2,   16.0,    115,      9,      7,      5,     13,     25,     10,     27,     27,     18,.,      4,      0,     67,     81,    42.2,    27.6,    54.9,    38.5,    41.8,    27.5,    53.6,    37.9,"(CONTRACTS OF GBP 62,500)",096742,CME ,096 ,F10,FutOnly
BRITISH POUND STERLING - CHICAGO MERCANTILE EXCHANGE,190219,2019-02-19,096742,CME ,00,096 ,  201904,   73370,   23173,    2870,   47661,   77468,    4330,   32614,   46495,    6039,   11872,    7505,       0,  178756,  167880,   23148,   34024,    6906,    3947,     155,    -444,   -1083,    -115,     540,    2497,    6272,    1296,      70,     -69,       0,    6823,    7635,      83,    -729,  100.0,   36.3,   11.5,    1.4,   23.6,   38.4,    2.1,   16.2,   23.0,    3.0,    5.9,    3.7,    0.0,   88.5,   83.1,   11.5,   16.9,    114,      8,      9,      5,     10,     28,     11,     22,     30,     15,.,      4,      0,     62,     83,    44.3,    27.8,    60.3,    39.0,    43.9,    27.7,    59.0,    38.9,"(CONTRACTS OF GBP 62,500)",096742,CME ,096 ,F10,FutOnly
BRITISH POUND STERLING - CHICAGO MERCANTILE EXCHANGE,190212,2019-02-12,096742,CME ,00,096 ,  194998,   69423,   23018,    3314,   48744,   77583,    3790,   30117,   40223,    4743,   11802,    7574,       0,  171933,  160245,   23065,   34753,   -1618,    7074,   -5068,    -856,   -2424,   10054,    -701,   -3473,   -4386,   -1563,    1319,   -1121,     -45,    -669,   -3686,    -949,    2068,  100.0,   35.6,   11.8,    1.7,   25.0,   39.8,    1.9,   15.4,   20.6,    2.4,    6.1,    3.9,    0.0,   88.2,   82.2,   11.8,   17.8,    110,      7,      9,      6,     12,     28,     12,     21,     26,     13,.,      4,      0,     60,     81,    44.5,    28.0,    61.2,    39.1,    43.7,    27.8,    59.5,    38.7,"(CONTRACTS OF GBP 62,500)",096742,CME ,096 ,F10,FutOnly
BRITISH POUND STERLING - CHICAGO MERCANTILE EXCHANGE,190205,2019-02-05,096742,CME ,00,096 ,  196616,   62349,   28086,    4170,   51168,   67529,    4491,   33590,   44609,    6306,   10483,    8695,      45,  172602,  163931,   24014,   32685,  -10080,   -1737,   -2340,    -625,    3076,   -1848,      96,   -7710,   -3822,   -1568,    -890,      94,    -239,   -9597,  -10252,    -483,     172,  100.0,   31.7,   14.3,    2.1,   26.0,   34.3,    2.3,   17.1,   22.7,    3.2,    5.3,    4.4,    0.0,   87.8,   83.4,   12.2,   16.6,    109,      7,      8,      5,     13,     24,     13,     19,     31,     14,.,      5,.,     57,     85,    42.7,    29.2,    57.4,    39.5,    41.5,    28.9,    55.3,    39.2,"(CONTRACTS OF GBP 62,500)",096742,CME ,096 ,F10,FutOnly
BRITISH POUND STERLING - CHICAGO MERCANTILE EXCHANGE,190129,2019-01-29,096742,CME ,00,096 ,  206696,   64086,   30426,    4795,   48092,   69377,    4395,   41300,   48431,    7874,   11373,    8601,     284,  182199,  174183,   24497,   32513,   -3949,  -21553,    7970,    2146,     423,  -11227,    1297,   10077,   -1438,    1685,    1248,    -624,      29,   -4648,    -162,     699,   -3787,  100.0,   31.0,   14.7,    2.3,   23.3,   33.6,    2.1,   20.0,   23.4,    3.8,    5.5,    4.2,    0.1,   88.1,   84.3,   11.9,   15.7,    120,      7,      8,      6,     11,     24,     11,     27,     34,     17,      4,      5,.,     70,     86,    42.3,    29.0,    55.7,    38.8,    41.1,    28.9,    53.7,    38.7,"(CONTRACTS OF GBP 62,500)",096742,CME ,096 ,F10,FutOnly
BRITISH POUND STERLING - CHICAGO MERCANTILE EXCHANGE,190122,2019-01-22,096742,CME ,00,096 ,  210645,   85639,   22456,    2649,   47669,   80604,    3098,   31223,   49869,    6189,   10125,    9225,     255,  186847,  174345,   23798,   36300,   -8681,  -14452,    2944,    1102,    1167,   -9276,    -775,   -1616,   -3339,    1228,    1358,    -530,     -56,  -12044,   -8702,    3363,      21,  100.0,   40.7,   10.7,    1.3,   22.6,   38.3,    1.5,   14.8,   23.7,    2.9,    4.8,    4.4,    0.1,   88.7,   82.8,   11.3,   17.2,    117,      9,      6,      5,     10,     27,     11,     22,     34,     19,      4,      5,.,     65,     88,    48.5,    29.8,    63.5,    41.8,    47.9,    29.6,    62.1,    41.6,"(CONTRACTS OF GBP 62,500)",096742,CME ,096 ,F10,FutOnly
BRITISH POUND STERLING - CHICAGO MERCANTILE EXCHANGE,190115,2019-01-15,096742,CME ,00,096 ,  219326,  100091,   19512,    1547,   46502,   89880,    3873,   32839,   53208,    4961,    8767,    9755,     311,  198891,  183047,   20435,   36279,    8526,   -1535,   10475,    -961,    3826,   -4023,    -300,    -180,    4727,   -1002,    8695,    -169,      18,    8561,    8765,     -35,    -239,  100.0,   45.6,    8.9,    0.7,   21.2,   41.0,    1.8,   15.0,   24.3,    2.3,    4.0,    4.4,    0.1,   90.7,   83.5,    9.3,   16.5,    121,      9,      6,      5,     10,     29,     11,     27,     32,     18,.,      6,.,     63,     94,    51.7,    28.2,    65.7,    42.4,    51.6,    28.1,    64.8,    42.3,"(CONTRACTS OF GBP 62,500)",096742,CME ,096 ,F10,FutOnly
BRITISH POUND STERLING - CHICAGO MERCANTILE EXCHANGE,190108,2019-01-08,096742,CME ,00,096 ,  210800,  101626,    9037,    2508,   42676,   93903,    4173,   33019,   48481,    5963,      72,    9924,     293,  190330,  174282,   20470,   36518,   -1670,    3382,    4081,    -257,   -1681,   -4392,    -922,   -5649,     379,     614,     -15,   -1069,     165,   -4363,   -1401,    2693,    -269,  100.0,   48.2,    4.3,    1.2,   20.2,   44.5,    2.0,   15.7,   23.0,    2.8,    0.0,    4.7,    0.1,   90.3,   82.7,    9.7,   17.3,    115,     10,      5,      4,     10,     28,     10,     26,     29,     18,.,      6,.,     62,     87,    54.7,    27.8,    66.3,    40.3,    54.2,    27.7,    65.0,    40.2,"(CONTRACTS OF GBP 62,500)",096742,CME ,096 ,F10,FutOnly
JAPANESE YEN - CHICAGO MERCANTILE EXCHANGE,191231,2019-12-31,097741,CME ,00,097 ,  174966,   50721,   20561,    1371,   43204,   47687,   11903,   32687,   43688,    5041,    2403,    7215,       0,  147330,  137466,   27636,   37500,    1824,    -832,    1566,     109,    -178,   -8835,     861,    2065,    3854,    1709,    -268,   -1192,       0,    3466,   -1928,   -1642,    3752,  100.0,   29.0,   11.8,    0.8,   24.7,   27.3,    6.8,   18.7,   25.0,    2.9,    1.4,    4.1,    0.0,   84.2,   78.6,   15.8,   21.4,    121,      6,      7,.,     16,     25,     13,     26,     32,     15,.,      6,      0,     65,     87,    43.4,    22.6,    56.2,    33.9,    41.3,    22.6,    53.9,    32.6,"(CONTRACTS OF JPY 12,500,000)",097741,CME ,097 ,F10,FutOnly
JAPANESE YEN - CHICAGO MERCANTILE EXCHANGE,191224,2019-12-24,097741,CME ,00,097 ,  173142,   51553,   18995,    1262,   43382,   56522,   11042,   30622,   39834,    3332,    2671,    8407,       0,  143864,  139394,   29278,   33748,   -5387,   -3528,    4938,    1245,   -1647,   -3395,     -97,   -1772,   -5893,   -1347,     243,    -142,       0,   -6903,   -4691,    1516,    -696,  100.0,   29.8,   11.0,    0.7,   25.1,   32.6,    6.4,   17.7,   23.0,    1.9,    1.5,    4.9,    0.0,   83.1,   80.5,   16.9,   19.5,    120,      6,      8,.,     16,     27,     11,     23,     30,     12,      5,      5,      0,     62,     84,    43.8,    22.3,    56.7,    33.8,    41.6,    22.2,    54.5,    33.8,"(CONTRACTS OF JPY 12,500,000)",097741,CME ,097 ,F10,FutOnly
JAPANESE YEN - CHICAGO MERCANTILE EXCHANGE,191217,2019-12-17,097741,CME ,00,097 ,  178529,   55081,   14057,      17,   45029,   59917,   11139,   32394,   45727,    4679,    2428,    8549,       0,  150767,  144085,   27762,   34444,  -20171,  -12014,  -14734,   -5746,    2518,    4462,    -330,   -3391,   -1007,   -1139,    -217,    -558,       0,  -20319,  -19052,     148,   -1119,  100.0,   30.9,    7.9,    0.0,   25.2,   33.6,    6.2,   18.1,   25.6,    2.6,    1.4,    4.8,    0.0,   84.4,   80.7,   15.6,   19.3,    122,      7,      6,.,     17,     26,     10,     26,     30,     15,      4,      6,      0,     66,     82,    43.0,    26.8,    56.3,    37.5,    41.5,    26.8,    54.9,    37.5,"(CONTRACTS OF JPY 12,500,000)",097741,CME ,097 ,F10,FutOnly
JAPANESE YEN - CHICAGO MERCANTILE EXCHANGE,191210,2019-12-10,097741,CME ,00,097 ,  198700,   67095,   28791,    5763,   42511,   55455,   11469,   35785,   46734,    5818,    2645,    9107,       0,  171086,  163137,   27614,   35563,  -15523,   -4272,    1874,   -3413,    3755,   -6825,    -311,   -5286,   -9951,     276,   -1080,    1600,      -6,  -10337,  -16756,   -5186,    1233,  100.0,   33.8,   14.5,    2.9,   21.4,   27.9,    5.8,   18.0,   23.5,    2.9,    1.3,    4.6,    0.0,   86.1,   82.1,   13.9,   17.9,    116,      8,      8,      6,     15,     25,     13,     23,     28,     12,.,      6,      0,     65,     82,    38.1,    31.3,    52.9,    41.3,    37.0,    31.3,    50.7,    41.0,"(CONTRACTS OF JPY 12,500,000)",097741,CME ,097 ,F10,FutOnly
JAPANESE YEN - CHICAGO MERCANTILE EXCHANGE,191203,2019-12-03,097741,CME ,00,097 ,  214223,   71367,   26917,    9176,   38756,   62280,   11780,   41071,   56685,    5542,    3725,    7507,       6,  181423,  179893,   32800,   34330,   17329,   -2598,   -3423,    8854,    2633,    7955,     241,     816,    1983,    1430,    1165,    1083,       6,   12547,   18129,    4782,    -800,  100.0,   33.3,   12.6,    4.3,   18.1,   29.1,    5.5,   19.2,   26.5,    2.6,    1.7,    3.5,    0.0,   84.7,   84.0,   15.3,   16.0,    128,     10,      7,      6,     17,     25,     10,     30,     30,     15,      4,      5,.,     75,     85,    37.9,    32.6,    50.8,    44.6,    34.7,    32.6,    47.2,    43.3,"(CONTRACTS OF JPY 12,500,000)",097741,CME ,097 ,F10,FutOnly
JAPANESE YEN - CHICAGO MERCANTILE EXCHANGE,191126,2019-11-26,097741,CME ,00,097 ,  196894,   73965,   30340,     322,   36123,   54325,   11539,   40255,   54702,    4112,    2560,    6424,       0,  168876,  161764,   28018,   35130,   14449,    9694,    1547,    -101,    1718,    4285,     548,    2971,    3462,    1923,    1000,    -563,       0,   17753,   11101,   -3304,    3348,  100.0,   37.6,   15.4,    0.2,   18.3,   27.6,    5.9,   20.4,   27.8,    2.1,    1.3,    3.3,    0.0,   85.8,   82.2,   14.2,   17.8,    119,      8,      8,      4,     16,     22,      9,     31,     27,     16,.,      5,      0,     69,     79,    39.8,    34.5,    51.6,    45.5,    39.7,    34.5,    51.5,    45.5,"(CONTRACTS OF JPY 12,500,000)",097741,CME ,097 ,F10,FutOnly
JAPANESE YEN - CHICAGO MERCANTILE EXCHANGE,191119,2019-11-19,097741,CME ,00,097 ,  182445,   64271,   28793,     423,   34405,   50040,   10991,   37284,   51240,    2189,    1560,    6987,       0,  151123,  150663,   31322,   31782,   -1035,   -6092,    -551,     335,    2274,    3157,    1068,     842,   -1834,   -1243,       0,     -87,       0,   -2816,     845,    1781,   -1880,  100.0,   35.2,   15.8,    0.2,   18.9,   27.4,    6.0,   20.4,   28.1,    1.2,    0.9,    3.8,    0.0,   82.8,   82.6,   17.2,   17.4,    110,      7,      8,.,     13,     24,     11,     28,     25,     12,.,      4,      0,     61,     75,    39.3,    36.7,    52.4,    47.3,    39.3,    36.7,    52.4,    47.0,"(CONTRACTS OF JPY 12,500,000)",097741,CME ,097 ,F10,FutOnly
JAPANESE YEN - CHICAGO MERCANTILE EXCHANGE,191112,2019-11-12,097741,CME ,00,097 ,  183480,   70363,   29344,      88,   32131,   46883,    9923,   36442,   53074,    3432,    1560,    7074,       0,  153939,  149818,   29541,   33662,    6374,    4062,   -1756,    -331,    4959,    1053,    2325,   -5691,    5350,   -2201,    -189,    2463,       0,    2934,    6903,    3440,    -529,  100.0,   38.3,   16.0,    0.0,   17.5,   25.6,    5.4,   19.9,   28.9,    1.9,    0.9,    3.9,    0.0,   83.9,   81.7,   16.1,   18.3,    115,      8,      8,.,     14,     24,     11,     27,     28,     12,.,      5,      0,     63,     78,    39.2,    34.3,    51.4,    44.5,    39.2,    34.3,    51.1,    44.4,"(CONTRACTS OF JPY 12,500,000)",097741,CME ,097 ,F10,FutOnly
JAPANESE YEN - CHICAGO MERCANTILE EXCHANGE,191105,2019-11-05,097741,CME ,00,097 ,  177106,   66301,   31100,     419,   27172,   45830,    7598,   42133,   47724,    5633,    1749,    4611,       0,  151005,  142915,   26101,   34191,   13620,    8157,    -851,      55,    1958,    -165,    -279,    3545,    9714,    1987,    -200,    2071,       0,   15223,   12532,   -1603,    1088,  100.0,   37.4,   17.6,    0.2,   15.3,   25.9,    4.3,   23.8,   26.9,    3.2,    1.0,    2.6,    0.0,   85.3,   80.7,   14.7,   19.3,    118,      9,      7,.,     15,     24,     11,     27,     30,     13,.,      4,      0,     65,     79,    39.0,    33.7,    49.0,    43.7,    39.0,    33.7,    48.4,    43.1,"(CONTRACTS OF JPY 12,500,000)",097741,CME ,097 ,F10,FutOnly
JAPANESE YEN - CHICAGO MERCANTILE EXCHANGE,191029,2019-10-29,097741,CME ,00,097 ,  163486,   58144,   31951,     364,   25214,   45995,    7877,   38588,   38010,    3646,    1949,    2540,       0,  135782,  130383,   27704,   33103,    4236,    5701,    -554,      15,    -404,    1504,    -261,   -2235,    -676,     730,     200,       0,       0,    3746,     758,     490,    3478,  100.0,   35.6,   19.5,    0.2,   15.4,   28.1,    4.8,   23.6,   23.2,    2.2,    1.2,    1.6,    0.0,   83.1,   79.8,   16.9,   20.2,    108,     10,      6,.,     14,     24,     11,     23,     25,     10,.,.,      0,     63,     69,    37.8,    36.7,    47.3,    46.3,    37.8,    36.4,    46.9,    45.2,"(CONTRACTS OF JPY 12,500,000)",097741,CME ,097 ,F10,FutOnly
JAPANESE YEN - CHICAGO MERCANTILE EXCHANGE,191022,2019-10-22,097741,CME ,00,097 ,  159250,   52443,   32505,     349,   25618,   44491,    8138,   40823,   38686,    2916,    1749,    2540,       0,  132036,  129625,   27214,   29625,    1543,    8884,   -1255,    -126,   -2381,    6435,   -1377,   -3496,   -3185,      53,       0,    1732,       0,    1557,    2277,     -14,    -734,  100.0,   32.9,   20.4,    0.2,   16.1,   27.9,    5.1,   25.6,   24.3,    1.8,    1.1,    1.6,    0.0,   82.9,   81.4,   17.1,   18.6,    109,     10,      6,.,     15,     23,     13,     25,     25,     12,.,.,      0,     65,     71,    36.1,    37.1,    46.0,    47.4,    36.1,    36.8,    45.8,    46.5,"(CONTRACTS OF JPY 12,500,000)",097741,CME ,097 ,F10,FutOnly
JAPANESE YEN - CHICAGO MERCANTILE EXCHANGE,191015,2019-10-15,097741,CME ,00,097 ,  157707,   43559,   33760,     475,   27999,   38056,    9515,   44319,   41871,    2863,    1749,     808,       0,  130479,  127348,   27228,   30359,    7688,   20900,   -5185,   -1560,   -2791,    2423,     157,   -4513,    6706,    -603,   -2143,       0,       0,    9447,    1938,   -1759,    5750,  100.0,   27.6,   21.4,    0.3,   17.8,   24.1,    6.0,   28.1,   26.5,    1.8,    1.1,    0.5,    0.0,   82.7,   80.7,   17.3,   19.3,    103,     10,      6,.,     18,     19,     13,     22,     24,     10,.,.,      0,     62,     66,    31.4,    37.5,    43.3,    47.8,    31.4,    37.0,    42.8,    47.2,"(CONTRACTS OF JPY 12,500,000)",097741,CME ,097 ,F10,FutOnly
JAPANESE YEN - CHICAGO MERCANTILE EXCHANGE,191008,2019-10-08,097741,CME ,00,097 ,  150019,   22659,   38945,    2035,   30790,   35633,    9358,   48832,   35165,    3466,    3892,     808,       0,  121032,  125410,   28987,   24609,   -1841,    5092,    1795,      -9,     135,  -10851,     -20,   -3054,    6826,     213,   -2065,       0,       0,     292,   -2046,   -2133,     205,  100.0,   15.1,   26.0,    1.4,   20.5,   23.8,    6.2,   32.6,   23.4,    2.3,    2.6,    0.5,    0.0,   80.7,   83.6,   19.3,   16.4,    101,      8,      7,.,     19,     19,     15,     26,     17,      7,.,.,      0,     67,     59,    25.2,    41.5,    37.7,    52.0,    24.0,    41.3,    36.4,    51.8,"(CONTRACTS OF JPY 12,500,000)",097741,CME ,097 ,F10,FutOnly
JAPANESE YEN - CHICAGO MERCANTILE EXCHANGE,191001,2019-10-01,097741,CME ,00,097 ,  151860,   17567,   37150,    2044,   30655,   46484,    9378,   51886,   28339,    3253,    5957,     808,       0,  120740,  127456,   31120,   24404,    9834,    2726,   -1397,      74,    -604,   -1247,    -109,    6758,   14393,   -3146,    2774,       0,       0,    8473,    8568,    1361,    1266,  100.0,   11.6,   24.5,    1.3,   20.2,   30.6,    6.2,   34.2,   18.7,    2.1,    3.9,    0.5,    0.0,   79.5,   83.9,   20.5,   16.1,    111,      8,      6,.,     18,     21,     13,     30,     22,     12,      4,.,      0,     73,     66,    24.0,    41.1,    35.6,    53.1,    23.1,    40.5,    33.7,    52.1,"(CONTRACTS OF JPY 12,500,000)",097741,CME ,097 ,F10,FutOnly
JAPANESE YEN - CHICAGO MERCANTILE EXCHANGE,190924,2019-09-24,097741,CME ,00,097 ,  142026,   14841,   38547,    1970,   31259,   47731,    9487,   45128,   13946,    6399,    3183,     808,       0,  112267,  118888,   29759,   23138,   11086,    6253,   -1162,     816,     543,     450,     -88,    -828,    5732,    4289,    -838,       0,       0,   10147,   10037,     939,    1049,  100.0,   10.4,   27.1,    1.4,   22.0,   33.6,    6.7,   31.8,    9.8,    4.5,    2.2,    0.6,    0.0,   79.0,   83.7,   21.0,   16.3,    106,      8,      5,.,     18,     21,     13,     28,     20,     10,      4,.,      0,     70,     62,    20.4,    43.7,    31.4,    55.3,    20.0,    43.5,    29.6,    53.1,"(CONTRACTS OF JPY 12,500,000)",097741,CME ,097 ,F10,FutOnly
JAPANESE YEN - CHICAGO MERCANTILE EXCHANGE,190917,2019-09-17,097741,CME ,00,097 ,  130940,    8588,   39709,    1154,   30716,   47281,    9575,   45956,    8214,    2110,    4021,     808,       0,  102120,  108851,   28820,   22089,  -20457,    3590,  -14565,   -1607,   -7078,    9018,     339,   -5361,   -4820,   -4800,   -1639,       0,       0,  -16556,  -16435,   -3901,   -4022,  100.0,    6.6,   30.3,    0.9,   23.5,   36.1,    7.3,   35.1,    6.3,    1.6,    3.1,    0.6,    0.0,   78.0,   83.1,   22.0,   16.9,     94,      5,      6,.,     18,     19,     12,     28,     12,     11,      4,.,      0,     66,     53,    22.7,    49.6,    34.4,    59.8,    22.2,    49.4,    32.9,    58.8,"(CONTRACTS OF JPY 12,500,000)",097741,CME ,097 ,F10,FutOnly
JAPANESE YEN - CHICAGO MERCANTILE EXCHANGE,190910,2019-09-10,097741,CME ,00,097 ,  151397,    4998,   54274,    2761,   37794,   38263,    9236,   51317,   13034,    6910,    5660,     808,       0,  118676,  125286,   32721,   26111,   -6391,    1366,   -6903,    1720,   -4166,    4034,    -869,    -272,   -7345,    3583,   -2453,       3,       0,   -1091,   -5777,   -5300,    -614,  100.0,    3.3,   35.8,    1.8,   25.0,   25.3,    6.1,   33.9,    8.6,    4.6,    3.7,    0.5,    0.0,   78.4,   82.8,   21.6,   17.2,    101,.,     11,      7,     21,     17,     14,     26,     18,     15,.,.,      0,     69,     68,    22.1,    43.5,    33.8,    53.7,    21.7,    43.0,    31.0,    52.0,"(CONTRACTS OF JPY 12,500,000)",097741,CME ,097 ,F10,FutOnly
JAPANESE YEN - CHICAGO MERCANTILE EXCHANGE,190903,2019-09-03,097741,CME ,00,097 ,  157788,    3632,   61177,    1041,   41960,   34229,   10105,   51589,   20379,    3327,    8113,     805,       0,  119767,  131063,   38021,   26725,     -74,     -57,   -1214,     173,    -719,     -67,     766,   -3548,    3182,    -684,       0,    -939,       0,   -4069,    1217,    3995,   -1291,  100.0,    2.3,   38.8,    0.7,   26.6,   21.7,    6.4,   32.7,   12.9,    2.1,    5.1,    0.5,    0.0,   75.9,   83.1,   24.1,   16.9,    108,.,     13,      6,     21,     20,     14,     33,     16,     14,.,.,      0,     76,     66,    22.1,    42.2,    32.4,    54.7,    22.1,    41.7,    31.4,    53.7,"(CONTRACTS OF JPY 12,500,000)",097741,CME ,097 ,F10,FutOnly
JAPANESE YEN - CHICAGO MERCANTILE EXCHANGE,190827,2019-08-27,097741,CME ,00,097 ,  157862,    3689,   62391,     868,   42679,   34296,    9339,   55137,   17197,    4011,    8113,    1744,       0,  123836,  129846,   34026,   28016,    3200,       0,   -5080,     265,    -721,    1765,    -306,    6830,    5562,    -852,   -2105,     939,      -2,    3109,    2291,      91,     909,  100.0,    2.3,   39.5,    0.5,   27.0,   21.7,    5.9,   34.9,   10.9,    2.5,    5.1,    1.1,    0.0,   78.4,   82.3,   21.6,   17.7,    115,.,     13,      6,     23,     19,     13,     35,     19,     15,.,.,      0,     78,     71,    20.3,    42.9,    31.0,    52.9,    20.3,    42.5,    30.3,    51.3,"(CONTRACTS OF JPY 12,500,000)",097741,CME ,097 ,F10,FutOnly
JAPANESE YEN - CHICAGO MERCANTILE EXCHANGE,190820,2019-08-20,097741,CME ,00,097 ,  154662,    3689,   67471,     603,   43400,   32531,    9645,   48307,   11635,    4863,   10218,     805,       2,  120727,  127555,   33935,   27107,   -5609,   -1570,    8815,      51,   -2395,    1904,   -1645,    -294,  -10915,   -4021,    2035,       0,       0,   -7839,   -5811,    2230,     202,  100.0,    2.4,   43.6,    0.4,   28.1,   21.0,    6.2,   31.2,    7.5,    3.1,    6.6,    0.5,    0.0,   78.1,   82.5,   21.9,   17.5,    109,.,     11,      5,     25,     18,     14,     32,     17,     15,.,.,.,     78,     66,    18.4,    47.5,    28.5,    56.3,    17.7,    47.1,    27.1,    54.7,"(CONTRACTS OF JPY 12,500,000)",097741,CME ,097 ,F10,FutOnly
JAPANESE YEN - CHICAGO MERCANTILE EXCHANGE,190813,2019-08-13,097741,CME ,00,097 ,  160271,    5259,   58656,     552,   45795,   30627,   11290,   48601,   22550,    8884,    8183,     805,       2,  128566,  133366,   31705,   26905,    6933,    1316,   10186,    -507,    -466,   -5729,     669,    3707,     -43,    3022,    1743,   -1400,       0,    9484,    6198,   -2551,     735,  100.0,    3.3,   36.6,    0.3,   28.6,   19.1,    7.0,   30.3,   14.1,    5.5,    5.1,    0.5,    0.0,   80.2,   83.2,   19.8,   16.8,    120,      5,     10,      4,     27,     19,     13,     32,     23,     18,.,.,.,     85,     71,    16.9,    41.5,    27.3,    50.7,    16.4,    41.2,    25.0,    49.2,"(CONTRACTS OF JPY 12,500,000)",097741,CME ,097 ,F10,FutOnly
JAPANESE YEN - CHICAGO MERCANTILE EXCHANGE,190806,2019-08-06,097741,CME ,00,097 ,  153338,    3943,   48470,    1059,   46261,   36356,   10621,   44894,   22593,    5862,    6440,    2205,       2,  119082,  127168,   34256,   26170,   14496,    -522,   13674,     446,    4187,   -8918,     792,    5097,    7823,     855,   -2104,     305,       2,    8753,   14979,    5743,    -483,  100.0,    2.6,   31.6,    0.7,   30.2,   23.7,    6.9,   29.3,   14.7,    3.8,    4.2,    1.4,    0.0,   77.7,   82.9,   22.3,   17.1,    120,      4,      9,      4,     26,     21,     12,     35,     18,     17,      4,.,.,     82,     72,    16.5,    35.1,    27.1,    45.6,    16.0,    34.8,    25.2,    44.2,"(CONTRACTS OF JPY 12,500,000)",097741,CME ,097 ,F10,FutOnly
JAPANESE YEN - CHICAGO MERCANTILE EXCHANGE,190730,2019-07-30,097741,CME ,00,097 ,  138842,    4465,   34796,     613,   42074,   45274,    9829,   39797,   14770,    5007,    8544,    1900,       0,  110329,  112189,   28513,   26653,    2597,     172,   -1142,      35,   -1272,    9340,      24,    1065,   -6134,     124,    1975,   -1603,       0,    2123,     644,     474,    1953,  100.0,    3.2,   25.1,    0.4,   30.3,   32.6,    7.1,   28.7,   10.6,    3.6,    6.2,    1.4,    0.0,   79.5,   80.8,   20.5,   19.2,    119,.,     11,      5,     24,     21,     12,     34,     19,     13,      4,.,      0,     78,     71,    20.5,    33.0,    30.8,    44.4,    19.9,    32.4,    28.3,    43.3,"(CONTRACTS OF JPY 12,500,000)",097741,CME ,097 ,F10,FutOnly
JAPANESE YEN - CHICAGO MERCANTILE EXCHANGE,190723,2019-07-23,097741,CME ,00,097 ,  136245,    4293,   35938,     578,   43346,   35934,    9805,   38732,   20904,    4883,    6569,    3503,       0,  108206,  111545,   28039,   24700,    5941,   -2074,    2977,      37,    2429,    1517,     401,    3182,    1585,     645,    -161,   -1104,       0,    4459,    6058,    1482,    -117,  100.0,    3.2,   26.4,    0.4,   31.8,   26.4,    7.2,   28.4,   15.3,    3.6,    4.8,    2.6,    0.0,   79.4,   81.9,   20.6,   18.1,    117,.,     10,      4,     28,     18,     14,     27,     24,     14,.,      5,      0,     73,     76,    21.8,    30.0,    32.8,    43.0,    21.1,    29.4,    30.4,    41.4,"(CONTRACTS OF JPY 12,500,000)",097741,CME ,097 ,F10,FutOnly
JAPANESE YEN - CHICAGO MERCANTILE EXCHANGE,190716,2019-07-16,097741,CME ,00,097 ,  130304,    6367,   32961,     541,   40917,   34417,    9404,   35550,   19319,    4238,    6730,    4607,       0,  103747,  105487,   26557,   24817,   -5433,   -2612,   -4278,       5,    -328,    -741,     796,   -3311,     921,    -590,     669,    1089,       0,   -5371,   -2798,     -62,   -2635,  100.0,    4.9,   25.3,    0.4,   31.4,   26.4,    7.2,   27.3,   14.8,    3.3,    5.2,    3.5,    0.0,   79.6,   81.0,   20.4,   19.0,    117,      4,      9,.,     27,     20,     14,     27,     22,     16,.,      6,      0,     74,     75,    23.0,    30.2,    33.4,    42.9,    22.3,    29.1,    30.6,    41.7,"(CONTRACTS OF JPY 12,500,000)",097741,CME ,097 ,F10,FutOnly
JAPANESE YEN - CHICAGO MERCANTILE EXCHANGE,190709,2019-07-09,097741,CME ,00,097 ,  135737,    8979,   37239,     536,   41245,   35158,    8608,   38861,   18398,    4828,    6061,    3518,       0,  109118,  108285,   26619,   27452,   -3618,    4444,     316,     352,   -1625,    3697,     626,     275,   -2542,   -3339,       0,   -1764,       0,     733,   -2654,   -4351,    -964,  100.0,    6.6,   27.4,    0.4,   30.4,   25.9,    6.3,   28.6,   13.6,    3.6,    4.5,    2.6,    0.0,   80.4,   79.8,   19.6,   20.2,    114,      4,     10,.,     27,     20,     13,     28,     19,     15,.,      5,      0,     70,     73,    21.7,    30.7,    32.8,    41.5,    21.0,    30.3,    30.5,    40.6,"(CONTRACTS OF JPY 12,500,000)",097741,CME ,097 ,F10,FutOnly
JAPANESE YEN - CHICAGO MERCANTILE EXCHANGE,190702,2019-07-02,097741,CME ,00,097 ,  139355,    4535,   36923,     184,   42870,   31461,    7982,   38586,   20940,    8167,    6061,    5282,       0,  108385,  110939,   30970,   28416,     -84,     320,    2208,    -145,     403,   -2780,    -916,    2813,   -1033,   -1258,    1192,    2521,       0,    2409,   -1403,   -2493,    1319,  100.0,    3.3,   26.5,    0.1,   30.8,   22.6,    5.7,   27.7,   15.0,    5.9,    4.3,    3.8,    0.0,   77.8,   79.6,   22.2,   20.4,    119,      4,      8,.,     27,     20,     13,     35,     19,     15,.,      5,      0,     77,     71,    20.2,    27.2,    31.4,    37.8,    19.6,    27.1,    28.5,    37.7,"(CONTRACTS OF JPY 12,500,000)",097741,CME ,097 ,F10,FutOnly
JAPANESE YEN - CHICAGO MERCANTILE EXCHANGE,190625,2019-06-25,097741,CME ,00,097 ,  139439,    4215,   34715,     329,   42467,   34241,    8898,   35773,   21973,    9425,    4869,    2761,       0,  105976,  112342,   33463,   27097,   15810,     -11,   20121,     181,    5954,   -4664,     595,     718,   -3814,    4742,   -1534,     773,       0,   10645,   17934,    5165,   -2124,  100.0,    3.0,   24.9,    0.2,   30.5,   24.6,    6.4,   25.7,   15.8,    6.8,    3.5,    2.0,    0.0,   76.0,   80.6,   24.0,   19.4,    116,.,      9,.,     27,     20,     16,     28,     23,     15,.,      5,      0,     73,     75,    19.9,    25.7,    30.6,    36.5,    19.3,    25.2,    28.0,    35.4,"(CONTRACTS OF JPY 12,500,000)",097741,CME ,097 ,F10,FutOnly
JAPANESE YEN - CHICAGO MERCANTILE EXCHANGE,190618,2019-06-18,097741,CME ,00,097 ,  123629,    4226,   14594,     148,   36513,   38905,    8303,   35055,   25787,    4683,    6403,    1988,       0,   95331,   94408,   28298,   29221,  -45758,  -34393,   -4701,  -14808,     741,   -4597,    -749,    8648,  -16218,   -3729,       6,       0,       0,  -44284,  -44802,   -1474,    -956,  100.0,    3.4,   11.8,    0.1,   29.5,   31.5,    6.7,   28.4,   20.9,    3.8,    5.2,    1.6,    0.0,   77.1,   76.4,   22.9,   23.6,    112,.,      8,.,     24,     22,     13,     25,     25,     14,.,.,      0,     67,     74,    21.7,    26.5,    33.4,    36.3,    21.0,    25.7,    31.0,    34.2,"(CONTRACTS OF JPY 12,500,000)",097741,CME ,097 ,F10,FutOnly
JAPANESE YEN - CHICAGO MERCANTILE EXCHANGE,190611,2019-06-11,097741,CME ,00,097 ,  169387,   38619,   19295,   14956,   35772,   43502,    9052,   26407,   42005,    8412,    6397,    1988,       0,  139615,  139210,   29772,   30177,    1577,   -4781,   -4065,   11839,    -757,   -7666,     307,   -6411,     205,    2243,    -110,    -785,       0,    2330,    2078,    -753,    -501,  100.0,   22.8,   11.4,    8.8,   21.1,   25.7,    5.3,   15.6,   24.8,    5.0,    3.8,    1.2,    0.0,   82.4,   82.2,   17.6,   17.8,    112,      8,      7,      5,     22,     23,     13,     23,     24,     18,.,.,      0,     74,     74,    34.6,    26.7,    45.4,    42.8,    28.3,    24.6,    36.8,    37.2,"(CONTRACTS OF JPY 12,500,000)",097741,CME ,097 ,F10,FutOnly
JAPANESE YEN - CHICAGO MERCANTILE EXCHANGE,190604,2019-06-04,097741,CME ,00,097 ,  167810,   43400,   23360,    3117,   36529,   51168,    8745,   32818,   41800,    6169,    6507,    2773,       0,  137285,  137132,   30525,   30678,   -1980,  -15392,    6305,    2401,    5898,   -4102,    -108,    1431,   -6173,    1439,     367,     161,       0,   -3964,     -77,    1984,   -1903,  100.0,   25.9,   13.9,    1.9,   21.8,   30.5,    5.2,   19.6,   24.9,    3.7,    3.9,    1.7,    0.0,   81.8,   81.7,   18.2,   18.3,    120,      8,      7,      4,     23,     24,     13,     22,     29,     16,.,      4,      0,     71,     82,    31.4,    28.1,    41.8,    39.5,    30.3,    26.9,    38.6,    37.4,"(CONTRACTS OF JPY 12,500,000)",097741,CME ,097 ,F10,FutOnly
JAPANESE YEN - CHICAGO MERCANTILE EXCHANGE,190528,2019-05-28,097741,CME ,00,097 ,  169790,   58792,   17055,     716,   30631,   55270,    8853,   31387,   47973,    4730,    6140,    2612,       0,  141249,  137209,   28541,   32581,   -1044,   -3849,    4883,     366,   -1110,   -2760,     210,   -1939,   -2286,     365,    1620,     270,       0,   -4337,    1048,    3293,   -2092,  100.0,   34.6,   10.0,    0.4,   18.0,   32.6,    5.2,   18.5,   28.3,    2.8,    3.6,    1.5,    0.0,   83.2,   80.8,   16.8,   19.2,    120,      8,      5,      4,     19,     25,     14,     19,     36,     13,      4,      4,      0,     65,     86,    38.5,    31.8,    49.7,    40.2,    37.6,    31.6,    47.7,    39.9,"(CONTRACTS OF JPY 12,500,000)",097741,CME ,097 ,F10,FutOnly
JAPANESE YEN - CHICAGO MERCANTILE EXCHANGE,190521,2019-05-21,097741,CME ,00,097 ,  170834,   62641,   12172,     350,   31741,   58030,    8643,   33326,   50259,    4365,    4520,    2342,       0,  145586,  136161,   25248,   34673,   -9739,    -398,    4952,    -666,   -2381,   -2999,   -1709,   -4409,  -10735,    1292,     501,     886,       0,   -7770,   -8979,   -1969,    -760,  100.0,   36.7,    7.1,    0.2,   18.6,   34.0,    5.1,   19.5,   29.4,    2.6,    2.6,    1.4,    0.0,   85.2,   79.7,   14.8,   20.3,    122,      6,      7,      4,     20,     25,     12,     20,     37,     13,.,      4,      0,     62,     89,    41.0,    30.5,    51.6,    38.6,    40.3,    30.3,    49.7,    38.1,"(CONTRACTS OF JPY 12,500,000)",097741,CME ,097 ,F10,FutOnly
JAPANESE YEN - CHICAGO MERCANTILE EXCHANGE,190514,2019-05-14,097741,CME ,00,097 ,  180573,   63039,    7220,    1016,   34122,   61029,   10352,   37735,   60994,    3073,    4019,    1456,       0,  153356,  145140,   27217,   35433,  -20889,  -35519,    5532,     797,     104,  -21646,    1585,   11407,   -3073,     661,     764,    -440,       0,  -20201,  -16584,    -688,   -4305,  100.0,   34.9,    4.0,    0.6,   18.9,   33.8,    5.7,   20.9,   33.8,    1.7,    2.2,    0.8,    0.0,   84.9,   80.4,   15.1,   19.6,    119,      7,      6,.,     22,     24,     13,     22,     32,     15,      4,.,      0,     69,     81,    39.5,    30.7,    48.9,    41.6,    38.5,    30.5,    47.4,    41.1,"(CONTRACTS OF JPY 12,500,000)",097741,CME ,097 ,F10,FutOnly
JAPANESE YEN - CHICAGO MERCANTILE EXCHANGE,190507,2019-05-07,097741,CME ,00,097 ,  201462,   98558,    1688,     219,   34018,   82675,    8767,   26328,   64067,    2412,    3255,    1896,       0,  173557,  161724,   27905,   39738,   -1861,   -5959,      97,      54,     507,   -6313,    1701,    4226,    1866,     266,      56,     357,       0,     851,   -1972,   -2712,     111,  100.0,   48.9,    0.8,    0.1,   16.9,   41.0,    4.4,   13.1,   31.8,    1.2,    1.6,    0.9,    0.0,   86.1,   80.3,   13.9,   19.7,    120,     11,.,.,     22,     28,     11,     19,     31,     14,.,.,      0,     68,     80,    46.9,    34.4,    56.7,    44.4,    46.4,    34.4,    55.3,    44.4,"(CONTRACTS OF JPY 12,500,000)",097741,CME ,097 ,F10,FutOnly
JAPANESE YEN - CHICAGO MERCANTILE EXCHANGE,190430,2019-04-30,097741,CME ,00,097 ,  203323,  104517,    1591,     165,   33511,   88988,    7066,   22102,   62201,    2146,    3199,    1539,       0,  172706,  163696,   30617,   39627,   -3993,    6964,    -263,    -344,   -6263,    3180,    -510,   -2769,   -4342,     185,    -754,    -328,       0,   -3491,   -2422,    -502,   -1571,  100.0,   51.4,    0.8,    0.1,   16.5,   43.8,    3.5,   10.9,   30.6,    1.1,    1.6,    0.8,    0.0,   84.9,   80.5,   15.1,   19.5,    123,     12,      4,.,     19,     32,     10,     19,     30,     12,      4,.,      0,     65,     82,    47.5,    34.9,    57.2,    45.4,    47.0,    34.9,    56.0,    45.4,"(CONTRACTS OF JPY 12,500,000)",097741,CME ,097 ,F10,FutOnly
JAPANESE YEN - CHICAGO MERCANTILE EXCHANGE,190423,2019-04-23,097741,CME ,00,097 ,  207316,   97553,    1854,     509,   39774,   85808,    7576,   24871,   66543,    1961,    3953,    1867,       0,  176197,  166118,   31119,   41198,    7298,    7106,    -175,     465,    -379,    4994,    1184,   -2466,    -422,    -154,     210,     389,       0,    5966,    6281,    1332,    1017,  100.0,   47.1,    0.9,    0.2,   19.2,   41.4,    3.7,   12.0,   32.1,    0.9,    1.9,    0.9,    0.0,   85.0,   80.1,   15.0,   19.9,    127,     10,      4,.,     21,     30,      8,     15,     40,      9,      4,.,      0,     54,     92,    44.1,    31.7,    54.7,    42.9,    43.5,    31.7,    54.0,    42.9,"(CONTRACTS OF JPY 12,500,000)",097741,CME ,097 ,F10,FutOnly
JAPANESE YEN - CHICAGO MERCANTILE EXCHANGE,190416,2019-04-16,097741,CME ,00,097 ,  200018,   90447,    2029,      44,   40153,   80814,    6392,   27337,   66965,    2115,    3743,    1478,       0,  170231,  159837,   29787,   40181,   34282,   26318,     434,   -1642,    3956,    8824,   -1195,    5346,   21977,    -453,       0,       0,       0,   32330,   27945,    1952,    6337,  100.0,   45.2,    1.0,    0.0,   20.1,   40.4,    3.2,   13.7,   33.5,    1.1,    1.9,    0.7,    0.0,   85.1,   79.9,   14.9,   20.1,    125,     11,      4,.,     21,     28,      7,     15,     41,      9,.,.,      0,     53,     90,    42.6,    29.4,    53.9,    39.8,    42.2,    29.4,    53.5,    39.8,"(CONTRACTS OF JPY 12,500,000)",097741,CME ,097 ,F10,FutOnly
JAPANESE YEN - CHICAGO MERCANTILE EXCHANGE,190409,2019-04-09,097741,CME ,00,097 ,  165736,   64129,    1595,    1686,   36197,   71990,    7587,   21991,   44988,    2568,    3743,    1478,       0,  137901,  131892,   27835,   33844,    8898,    5146,   -1562,    1045,    -600,    5162,     908,    -108,    5048,    -982,       0,     -44,       0,    5409,    9575,    3489,    -677,  100.0,   38.7,    1.0,    1.0,   21.8,   43.4,    4.6,   13.3,   27.1,    1.5,    2.3,    0.9,    0.0,   83.2,   79.6,   16.8,   20.4,    113,     10,      4,.,     21,     27,      9,     16,     30,     13,.,.,      0,     58,     79,    39.5,    30.4,    49.6,    40.8,    37.9,    30.2,    47.4,    40.6,"(CONTRACTS OF JPY 12,500,000)",097741,CME ,097 ,F10,FutOnly
JAPANESE YEN - CHICAGO MERCANTILE EXCHANGE,190402,2019-04-02,097741,CME ,00,097 ,  156838,   58983,    3157,     641,   36797,   66828,    6679,   22099,   39940,    3550,    3743,    1522,       0,  132492,  122317,   24346,   34521,    -307,    2828,    -454,    -238,    3045,    5796,   -1044,   -3144,   -5502,   -1049,    -400,     -15,       0,      -2,   -2506,    -305,    2199,  100.0,   37.6,    2.0,    0.4,   23.5,   42.6,    4.3,   14.1,   25.5,    2.3,    2.4,    1.0,    0.0,   84.5,   78.0,   15.5,   22.0,    113,     11,.,.,     20,     28,      8,     14,     32,     12,.,.,      0,     56,     79,    39.3,    28.3,    49.9,    38.7,    38.3,    28.0,    48.0,    38.2,"(CONTRACTS OF JPY 12,500,000)",097741,CME ,097 ,F10,FutOnly
JAPANESE YEN - CHICAGO MERCANTILE EXCHANGE,190326,2019-03-26,097741,CME ,00,097 ,  157145,   56155,    3611,     879,   33752,   61032,    7723,   25243,   45442,    4599,    4143,    1537,       0,  132494,  124823,   24651,   32322,    -929,   -1427,    2216,    -338,   -1626,   -1061,    -125,   -1102,    1879,       3,     610,      81,       0,   -4005,    2655,    3076,   -3584,  100.0,   35.7,    2.3,    0.6,   21.5,   38.8,    4.9,   16.1,   28.9,    2.9,    2.6,    1.0,    0.0,   84.3,   79.4,   15.7,   20.6,    123,     11,      5,      4,     20,     26,     10,     22,     33,     10,.,.,      0,     65,     82,    38.0,    24.6,    48.3,    36.0,    37.0,    24.3,    46.1,    35.4,"(CONTRACTS OF JPY 12,500,000)",097741,CME ,097 ,F10,FutOnly
JAPANESE YEN - CHICAGO MERCANTILE EXCHANGE,190319,2019-03-19,097741,CME ,00,097 ,  158074,   57582,    1395,    1217,   35378,   62093,    7848,   26345,   43563,    4596,    3533,    1456,       0,  136499,  122168,   21575,   35906,  -38692,  -23328,  -44004,   -2461,    1257,    3358,   -2183,   -1257,    8127,   -1207,    -418,   -1050,       0,  -29597,  -39420,   -9095,     728,  100.0,   36.4,    0.9,    0.8,   22.4,   39.3,    5.0,   16.7,   27.6,    2.9,    2.2,    0.9,    0.0,   86.4,   77.3,   13.6,   22.7,    115,      9,      5,.,     20,     25,     12,     22,     30,     13,.,.,      0,     64,     79,    39.3,    27.0,    50.0,    38.5,    38.0,    26.6,    47.6,    38.2,"(CONTRACTS OF JPY 12,500,000)",097741,CME ,097 ,F10,FutOnly
JAPANESE YEN - CHICAGO MERCANTILE EXCHANGE,190312,2019-03-12,097741,CME ,00,097 ,  196766,   80910,   45399,    3678,   34121,   58735,   10031,   27602,   35436,    5803,    3951,    2506,       0,  166096,  161588,   30670,   35178,  -10317,   -3494,   -3827,      27,     708,    1533,     900,   -9730,   -6504,   -1247,     868,      -2,       0,  -11968,   -9120,    1651,   -1197,  100.0,   41.1,   23.1,    1.9,   17.3,   29.9,    5.1,   14.0,   18.0,    2.9,    2.0,    1.3,    0.0,   84.4,   82.1,   15.6,   17.9,    115,      7,      9,      6,     21,     24,     13,     23,     24,     18,.,.,      0,     72,     80,    46.6,    30.7,    54.1,    44.3,    46.1,    29.0,    52.1,    42.3,"(CONTRACTS OF JPY 12,500,000)",097741,CME ,097 ,F10,FutOnly
JAPANESE YEN - CHICAGO MERCANTILE EXCHANGE,190305,2019-03-05,097741,CME ,00,097 ,  207083,   84404,   49226,    3651,   33413,   57202,    9131,   37332,   41940,    7050,    3083,    2508,       0,  178064,  170708,   29019,   36375,   20925,    9176,  -10775,    -871,     636,   16559,     -44,    7213,    9250,    2665,    -605,       0,       0,   18170,   16784,    2755,    4141,  100.0,   40.8,   23.8,    1.8,   16.1,   27.6,    4.4,   18.0,   20.3,    3.4,    1.5,    1.2,    0.0,   86.0,   82.4,   14.0,   17.6,    115,      8,      9,      5,     18,     23,     10,     22,     30,     17,.,      4,      0,     61,     86,    45.7,    30.2,    55.1,    41.5,    44.4,    28.6,    53.6,    39.4,"(CONTRACTS OF JPY 12,500,000)",097741,CME ,097 ,F10,FutOnly
JAPANESE YEN - CHICAGO MERCANTILE EXCHANGE,190226,2019-02-26,097741,CME ,00,097 ,  186158,   75228,   60001,    4522,   32777,   40643,    9175,   30119,   32690,    4385,    3688,    2508,       0,  159894,  153924,   26264,   32234,    2135,     930,   -8640,    -214,     850,    5004,    -267,    2578,    3822,    -651,   -1214,       0,       0,    2012,    -946,     123,    3081,  100.0,   40.4,   32.2,    2.4,   17.6,   21.8,    4.9,   16.2,   17.6,    2.4,    2.0,    1.3,    0.0,   85.9,   82.7,   14.1,   17.3,    112,      5,     11,      5,     18,     20,     11,     28,     25,     17,.,      4,      0,     64,     81,    47.6,    35.6,    56.0,    46.5,    46.8,    33.9,    54.2,    44.2,"(CONTRACTS OF JPY 12,500,000)",097741,CME ,097 ,F10,FutOnly
JAPANESE YEN - CHICAGO MERCANTILE EXCHANGE,190219,2019-02-19,097741,CME ,00,097 ,  184023,   74298,   68641,    4736,   31927,   35639,    9442,   27541,   28868,    5036,    4902,    2508,       0,  157882,  154870,   26141,   29153,   -1702,    2995,  -13252,      31,   -1049,    8822,     -68,     969,    3668,    -282,   -3638,       0,       0,   -1042,   -1081,    -660,    -621,  100.0,   40.4,   37.3,    2.6,   17.3,   19.4,    5.1,   15.0,   15.7,    2.7,    2.7,    1.4,    0.0,   85.8,   84.2,   14.2,   15.8,    111,      6,     11,      6,     17,     21,     11,     25,     26,     20,.,      4,      0,     67,     81,    48.3,    37.6,    57.4,    50.5,    47.5,    35.7,    54.9,    48.1,"(CONTRACTS OF JPY 12,500,000)",097741,CME ,097 ,F10,FutOnly
JAPANESE YEN - CHICAGO MERCANTILE EXCHANGE,190212,2019-02-12,097741,CME ,00,097 ,  185725,   71303,   81893,    4705,   32976,   26817,    9510,   26572,   25200,    5318,    8540,    2508,       0,  158924,  155951,   26801,   29774,   -7064,    -574,  -11050,      57,   -3319,    6321,   -1520,    3388,     -27,   -1281,   -3024,    -233,     -46,   -6319,   -7779,    -745,     715,  100.0,   38.4,   44.1,    2.5,   17.8,   14.4,    5.1,   14.3,   13.6,    2.9,    4.6,    1.4,    0.0,   85.6,   84.0,   14.4,   16.0,    106,      4,     11,      6,     20,     20,     14,     25,     21,     20,.,      4,      0,     66,     80,    49.4,    42.4,    58.0,    53.1,    48.7,    40.4,    55.2,    50.5,"(CONTRACTS OF JPY 12,500,000)",097741,CME ,097 ,F10,FutOnly
JAPANESE YEN - CHICAGO MERCANTILE EXCHANGE,190205,2019-02-05,097741,CME ,00,097 ,  192789,   71877,   92943,    4648,   36295,   20496,   11030,   23184,   25227,    6599,   11564,    2741,      46,  165243,  163730,   27546,   29059,  -12027,    -952,   -1404,    1365,   -2319,    4500,    -272,   -5725,  -17770,     505,   -2401,     510,      17,   -9782,  -12549,   -2245,     522,  100.0,   37.3,   48.2,    2.4,   18.8,   10.6,    5.7,   12.0,   13.1,    3.4,    6.0,    1.4,    0.0,   85.7,   84.9,   14.3,   15.1,    112,      4,     13,      6,     21,     18,     13,     23,     26,     19,.,      6,.,     71,     80,    49.3,    45.7,    58.3,    54.1,    48.7,    43.9,    55.2,    51.4,"(CONTRACTS OF JPY 12,500,000)",097741,CME ,097 ,F10,FutOnly
JAPANESE YEN - CHICAGO MERCANTILE EXCHANGE,190129,2019-01-29,097741,CME ,00,097 ,  204816,   72829,   94347,    3283,   38614,   15996,   11302,   28909,   42997,    6094,   13965,    2231,      29,  175025,  176279,   29791,   28537,   -7747,   -1010,   -1280,     193,   -3301,    -342,     390,     -85,   -6943,     410,       0,    -301,       1,   -3402,   -7872,   -4345,     125,  100.0,   35.6,   46.1,    1.6,   18.9,    7.8,    5.5,   14.1,   21.0,    3.0,    6.8,    1.1,    0.0,   85.5,   86.1,   14.5,   13.9,    106,.,     12,.,     22,     14,     14,     24,     24,     20,.,      5,.,     71,     73,    48.1,    42.0,    57.5,    55.4,    47.5,    40.6,    54.7,    53.2,"(CONTRACTS OF JPY 12,500,000)",097741,CME ,097 ,F10,FutOnly
JAPANESE YEN - CHICAGO MERCANTILE EXCHANGE,190122,2019-01-22,097741,CME ,00,097 ,  212563,   73839,   95627,    3090,   41915,   16338,   10912,   28994,   49940,    5684,   13965,    2532,      28,  178427,  184151,   34136,   28412,  -16732,   -2030,    4596,     -79,   -2900,    -425,    -560,   -8236,  -19284,    -154,    -664,       5,     -72,  -14695,  -15973,   -2037,    -759,  100.0,   34.7,   45.0,    1.5,   19.7,    7.7,    5.1,   13.6,   23.5,    2.7,    6.6,    1.2,    0.0,   83.9,   86.6,   16.1,   13.4,    105,.,     12,.,     22,     12,     11,     22,     26,     18,.,      6,.,     66,     72,    47.9,    40.4,    56.8,    54.8,    47.4,    39.0,    54.6,    52.8,"(CONTRACTS OF JPY 12,500,000)",097741,CME ,097 ,F10,FutOnly
JAPANESE YEN - CHICAGO MERCANTILE EXCHANGE,190115,2019-01-15,097741,CME ,00,097 ,  229295,   75869,   91031,    3169,   44815,   16763,   11472,   37230,   69224,    5838,   14629,    2527,     100,  193122,  200124,   36173,   29171,   -1229,   -1245,   20838,    -308,     -40,   -3819,     562,   -3402,  -18480,    1440,   -1316,     -28,       3,   -4306,     208,    3077,   -1437,  100.0,   33.1,   39.7,    1.4,   19.5,    7.3,    5.0,   16.2,   30.2,    2.5,    6.4,    1.1,    0.0,   84.2,   87.3,   15.8,   12.7,    115,      6,     11,      4,     24,     12,     11,     24,     28,     20,      4,      6,.,     80,     72,    44.9,    40.1,    53.3,    56.4,    44.5,    38.9,    51.9,    54.7,"(CONTRACTS OF JPY 12,500,000)",097741,CME ,097 ,F10,FutOnly
JAPANESE YEN - CHICAGO MERCANTILE EXCHANGE,190108,2019-01-08,097741,CME ,00,097 ,  230524,   77114,   70193,    3477,   44855,   20582,   10910,   40632,   87704,    4398,   15945,    2555,      97,  197428,  199916,   33096,   30608,   14300,  -10681,   39740,    2373,   -2086,   -6570,    -466,   12238,  -14257,     164,    1930,   -2573,      96,    3568,   18507,   10732,   -4207,  100.0,   33.5,   30.4,    1.5,   19.5,    8.9,    4.7,   17.6,   38.0,    1.9,    6.9,    1.1,    0.0,   85.6,   86.7,   14.4,   13.3,    115,      4,     11,      4,     19,     16,     11,     25,     29,     16,      5,      6,.,     70,     78,    45.6,    35.4,    54.3,    54.7,    45.5,    34.1,    53.5,    53.4,"(CONTRACTS OF JPY 12,500,000)",097741,CME ,097 ,F10,FutOnly
EURO FX - CHICAGO MERCANTILE EXCHANGE,191231,2019-12-31,099741,CME ,00,099 ,  557585,   25642,  144791,    1398,  338307,  139559,   27984,   44827,  172022,    5414,   24209,   11008,      84,  467865,  502260,   89720,   55325,   17190,    -257,    9367,     341,    7624,  -13365,     350,    2243,   16531,     846,     970,     836,     -47,   12070,   14859,    5120,    2331,  100.0,    4.6,   26.0,    0.3,   60.7,   25.0,    5.0,    8.0,   30.9,    1.0,    4.3,    2.0,    0.0,   83.9,   90.1,   16.1,    9.9,    282,     13,     14,     10,     90,     40,     43,     38,     46,     17,     26,     15,      4,    190,    166,    16.6,    34.6,    27.3,    48.5,    15.9,    34.5,    25.9,    48.4,"(CONTRACTS OF EUR 125,000)",099741,CME ,099 ,F10,FutOnly
EURO FX - CHICAGO MERCANTILE EXCHANGE,191224,2019-12-24,099741,CME ,00,099 ,  540395,   25899,  135424,    1057,  330683,  152924,   27634,   42584,  155491,    4568,   23239,   10172,     131,  455795,  487401,   84600,   52994,   -2528,   -1048,   -2508,    -142,   -7412,   -5018,    1415,   -1681,    7434,    -601,     124,      25,     -13,   -9358,     592,    6830,   -3120,  100.0,    4.8,   25.1,    0.2,   61.2,   28.3,    5.1,    7.9,   28.8,    0.8,    4.3,    1.9,    0.0,   84.3,   90.2,   15.7,    9.8,    277,     12,     14,     10,     88,     44,     43,     32,     46,     18,     25,     16,      4,    182,    170,    17.0,    36.8,    27.9,    50.2,    16.3,    36.7,    26.6,    50.2,"(CONTRACTS OF EUR 125,000)",099741,CME ,099 ,F10,FutOnly
EURO FX - CHICAGO MERCANTILE EXCHANGE,191217,2019-12-17,099741,CME ,00,099 ,  542923,   26947,  137932,    1199,  338095,  157942,   26219,   44265,  148057,    5169,   23115,   10147,     144,  465153,  486809,   77770,   56114, -103494,   -5176,   -6429,  -68222,   -4413,  -12373,   -3575,    -769,    1785,   -5785,    2633,    1474,    -116,  -85423,  -93241,  -18071,  -10253,  100.0,    5.0,   25.4,    0.2,   62.3,   29.1,    4.8,    8.2,   27.3,    1.0,    4.3,    1.9,    0.0,   85.7,   89.7,   14.3,   10.3,    277,     14,     13,     11,     90,     42,     45,     39,     40,     19,     23,     16,      4,    186,    170,    17.7,    35.9,    28.5,    50.4,    17.0,    35.9,    27.5,    50.3,"(CONTRACTS OF EUR 125,000)",099741,CME ,099 ,F10,FutOnly
EURO FX - CHICAGO MERCANTILE EXCHANGE,191210,2019-12-10,099741,CME ,00,099 ,  646417,   32123,  144361,   69421,  342508,  170315,   29794,   45034,  146272,   10954,   20482,    8673,     260,  550576,  580050,   95841,   66367,   56293,   -6439,   -6462,   53908,   -1943,  -10907,    -624,    1477,    8354,    2332,     246,   -1767,      63,   49020,   44897,    7273,   11396,  100.0,    5.0,   22.3,   10.7,   53.0,   26.3,    4.6,    7.0,   22.6,    1.7,    3.2,    1.3,    0.0,   85.2,   89.7,   14.8,   10.3,    279,     18,     10,     18,     86,     43,     49,     40,     45,     23,     23,     13,      5,    193,    181,    20.3,    33.4,    31.1,    49.0,    14.4,    28.5,    23.9,    42.1,"(CONTRACTS OF EUR 125,000)",099741,CME ,099 ,F10,FutOnly
EURO FX - CHICAGO MERCANTILE EXCHANGE,191203,2019-12-03,099741,CME ,00,099 ,  590124,   38562,  150823,   15513,  344451,  181222,   30418,   43557,  137918,    8622,   20236,   10440,     197,  501556,  535153,   88568,   54971,   11674,   -2364,    1104,    9327,     109,    2235,    1375,    2096,    -950,    2630,   -1400,    -396,     -33,   11740,   15292,     -66,   -3618,  100.0,    6.5,   25.6,    2.6,   58.4,   30.7,    5.2,    7.4,   23.4,    1.5,    3.4,    1.8,    0.0,   85.0,   90.7,   15.0,    9.3,    284,     18,     10,     13,     89,     45,     48,     37,     48,     21,     23,     14,      6,    193,    179,    16.5,    33.8,    27.6,    49.2,    16.0,    31.6,    26.6,    47.0,"(CONTRACTS OF EUR 125,000)",099741,CME ,099 ,F10,FutOnly
EURO FX - CHICAGO MERCANTILE EXCHANGE,191126,2019-11-26,099741,CME ,00,099 ,  578450,   40926,  149719,    6186,  344342,  178987,   29043,   41461,  138868,    5992,   21636,   10836,     230,  489816,  519861,   88634,   58589,     761,   -1074,   -5040,    1625,   -2021,    2091,     513,   -1635,    6915,     105,    6800,   -2145,   -4706,    -393,    -642,    1154,    1403,  100.0,    7.1,   25.9,    1.1,   59.5,   30.9,    5.0,    7.2,   24.0,    1.0,    3.7,    1.9,    0.0,   84.7,   89.9,   15.3,   10.1,    283,     17,      9,     13,     87,     44,     45,     38,     48,     19,     26,     14,      5,    193,    172,    17.1,    32.9,    28.5,    48.2,    16.6,    32.0,    27.5,    47.3,"(CONTRACTS OF EUR 125,000)",099741,CME ,099 ,F10,FutOnly
EURO FX - CHICAGO MERCANTILE EXCHANGE,191119,2019-11-19,099741,CME ,00,099 ,  577689,   42000,  154759,    4561,  346363,  176896,   28530,   43096,  131953,    5887,   14836,   12981,    4936,  490209,  520503,   87480,   57186,    8162,    4675,   -2088,    -189,    -514,    7007,    1397,    3519,   -5140,     248,   -5257,    1939,    4709,    8588,    7883,    -426,     279,  100.0,    7.3,   26.8,    0.8,   60.0,   30.6,    4.9,    7.5,   22.8,    1.0,    2.6,    2.2,    0.9,   84.9,   90.1,   15.1,    9.9,    284,     18,      8,     13,     87,     45,     45,     41,     43,     21,     23,     18,      6,    195,    174,    17.3,    33.1,    28.5,    48.3,    16.7,    32.7,    27.5,    47.9,"(CONTRACTS OF EUR 125,000)",099741,CME ,099 ,F10,FutOnly
EURO FX - CHICAGO MERCANTILE EXCHANGE,191112,2019-11-12,099741,CME ,00,099 ,  569527,   37325,  156847,    4750,  346877,  169889,   27133,   39577,  137093,    5639,   20093,   11042,     227,  481621,  512620,   87906,   56907,    6191,     790,    3648,     312,    5791,   14591,    -903,   -2534,   -6088,      90,    4258,   -1526,   -5069,    2735,    5055,    3456,    1136,  100.0,    6.6,   27.5,    0.8,   60.9,   29.8,    4.8,    6.9,   24.1,    1.0,    3.5,    1.9,    0.0,   84.6,   90.0,   15.4,   10.0,    278,     17,      8,     12,     87,     45,     45,     38,     45,     20,     24,     14,      4,    191,    168,    17.1,    34.4,    28.4,    49.3,    16.5,    33.9,    27.5,    48.7,"(CONTRACTS OF EUR 125,000)",099741,CME ,099 ,F10,FutOnly
EURO FX - CHICAGO MERCANTILE EXCHANGE,191105,2019-11-05,099741,CME ,00,099 ,  563336,   36535,  153199,    4438,  341086,  155298,   28036,   42111,  143181,    5549,   15835,   12568,    5296,  478886,  507565,   84450,   55771,   24489,     113,   10453,     589,   20421,   -1044,    -114,    1182,    8756,     435,   -4719,     -10,    5072,   22979,   24137,    1510,     352,  100.0,    6.5,   27.2,    0.8,   60.5,   27.6,    5.0,    7.5,   25.4,    1.0,    2.8,    2.2,    0.9,   85.0,   90.1,   15.0,    9.9,    285,     17,     10,     10,     88,     46,     47,     37,     47,     17,     22,     18,      4,    190,    173,    17.4,    34.7,    28.5,    48.9,    16.7,    34.1,    27.6,    48.4,"(CONTRACTS OF EUR 125,000)",099741,CME ,099 ,F10,FutOnly
EURO FX - CHICAGO MERCANTILE EXCHANGE,191029,2019-10-29,099741,CME ,00,099 ,  538847,   36422,  142746,    3849,  320665,  156342,   28150,   40929,  134425,    5114,   20554,   12578,     224,  455907,  483428,   82940,   55419,   10302,   -2009,    6752,    1401,   11007,     934,   -1405,    2468,    1414,    -537,   -1001,    -154,      -3,    9921,    8402,     381,    1900,  100.0,    6.8,   26.5,    0.7,   59.5,   29.0,    5.2,    7.6,   24.9,    0.9,    3.8,    2.3,    0.0,   84.6,   89.7,   15.4,   10.3,    281,     17,     11,     10,     88,     46,     46,     39,     41,     17,     23,     16,      4,    190,    168,    16.9,    35.6,    27.9,    50.3,    16.3,    35.0,    26.9,    49.7,"(CONTRACTS OF EUR 125,000)",099741,CME ,099 ,F10,FutOnly
EURO FX - CHICAGO MERCANTILE EXCHANGE,191022,2019-10-22,099741,CME ,00,099 ,  528545,   38431,  135994,    2448,  309658,  155408,   29555,   38461,  133011,    5651,   21555,   12732,     227,  445986,  475026,   82559,   53519,   11363,   -5091,   32019,     857,    9100,  -12790,     -72,    5323,   -1954,     453,    5332,      50,   -5061,   10841,   13502,     522,   -2139,  100.0,    7.3,   25.7,    0.5,   58.6,   29.4,    5.6,    7.3,   25.2,    1.1,    4.1,    2.4,    0.0,   84.4,   89.9,   15.6,   10.1,    284,     18,     10,      9,     89,     46,     47,     37,     43,     22,     24,     17,      4,    195,    171,    16.5,    34.4,    27.2,    48.9,    15.6,    34.2,    25.8,    48.6,"(CONTRACTS OF EUR 125,000)",099741,CME ,099 ,F10,FutOnly
EURO FX - CHICAGO MERCANTILE EXCHANGE,191015,2019-10-15,099741,CME ,00,099 ,  517182,   43522,  103975,    1591,  300558,  168198,   29627,   33138,  134965,    5198,   16223,   12682,    5288,  435145,  461524,   82037,   55658,    2544,    2279,   13573,   -1849,    6085,   -4508,     939,   -5853,   -7016,    1064,   -6271,    -252,    3600,      -6,    5551,    2550,   -3007,  100.0,    8.4,   20.1,    0.3,   58.1,   32.5,    5.7,    6.4,   26.1,    1.0,    3.1,    2.5,    1.0,   84.1,   89.2,   15.9,   10.8,    278,     20,      9,     10,     85,     45,     46,     35,     46,     20,     22,     16,      4,    185,    173,    16.8,    34.4,    27.2,    47.5,    15.9,    34.4,    25.6,    47.5,"(CONTRACTS OF EUR 125,000)",099741,CME ,099 ,F10,FutOnly
EURO FX - CHICAGO MERCANTILE EXCHANGE,191008,2019-10-08,099741,CME ,00,099 ,  514638,   41243,   90402,    3440,  294473,  172706,   28688,   38991,  141981,    4134,   22494,   12934,    1688,  435151,  455973,   79487,   58665,    2704,    5100,    2068,    1624,    7145,   -9466,   -3515,   -5930,    7575,    -397,    -272,    1384,    1481,    5236,     754,   -2532,    1950,  100.0,    8.0,   17.6,    0.7,   57.2,   33.6,    5.6,    7.6,   27.6,    0.8,    4.4,    2.5,    0.3,   84.6,   88.6,   15.4,   11.4,    278,     19,     10,     12,     82,     46,     46,     35,     44,     19,     26,     16,      4,    185,    174,    16.9,    32.8,    27.4,    45.9,    16.0,    32.6,    25.8,    45.7,"(CONTRACTS OF EUR 125,000)",099741,CME ,099 ,F10,FutOnly
EURO FX - CHICAGO MERCANTILE EXCHANGE,191001,2019-10-01,099741,CME ,00,099 ,  511934,   36143,   88334,    1816,  287328,  182172,   32203,   44921,  134406,    4531,   22766,   11550,     207,  429915,  455219,   82019,   56715,    9322,   -2517,   -8558,    -265,   -3471,   12831,     -94,   15191,   13387,   -2055,     212,   -4703,     -57,    6944,   10486,    2378,   -1164,  100.0,    7.1,   17.3,    0.4,   56.1,   35.6,    6.3,    8.8,   26.3,    0.9,    4.4,    2.3,    0.0,   84.0,   88.9,   16.0,   11.1,    284,     19,     11,     12,     81,     46,     42,     38,     47,     21,     28,     14,      4,    190,    173,    17.1,    32.7,    28.1,    45.5,    16.2,    32.5,    26.3,    45.3,"(CONTRACTS OF EUR 125,000)",099741,CME ,099 ,F10,FutOnly
EURO FX - CHICAGO MERCANTILE EXCHANGE,190924,2019-09-24,099741,CME ,00,099 ,  502612,   38660,   96892,    2081,  290799,  169341,   32297,   29730,  121019,    6586,   22554,   16253,     264,  422971,  444733,   79641,   57879,    -660,   -3303,    4011,   -1958,    1649,    1890,    3240,    -787,  -16159,    2251,   -4679,    1847,     -36,   -3623,   -4914,    2963,    4254,  100.0,    7.7,   19.3,    0.4,   57.9,   33.7,    6.4,    5.9,   24.1,    1.3,    4.5,    3.2,    0.1,   84.2,   88.5,   15.8,   11.5,    278,     20,      9,     11,     84,     46,     45,     30,     46,     20,     26,     17,      5,    185,    174,    17.4,    32.6,    28.7,    45.4,    16.6,    32.4,    27.0,    45.2,"(CONTRACTS OF EUR 125,000)",099741,CME ,099 ,F10,FutOnly
EURO FX - CHICAGO MERCANTILE EXCHANGE,190917,2019-09-17,099741,CME ,00,099 ,  503272,   41963,   92881,    4039,  289150,  167451,   29057,   30517,  137178,    4335,   27233,   14406,     300,  426594,  449647,   76678,   53625,  -81845,   -8916,  -13228,  -48546,   -5370,      47,   -4202,   -6248,    3684,  -11721,    6382,    1516,     -22,  -78643,  -72472,   -3202,   -9373,  100.0,    8.3,   18.5,    0.8,   57.5,   33.3,    5.8,    6.1,   27.3,    0.9,    5.4,    2.9,    0.1,   84.8,   89.3,   15.2,   10.7,    278,     20,      9,     12,     81,     46,     43,     35,     45,     15,     25,     17,      5,    183,    170,    17.4,    33.6,    28.4,    46.5,    16.6,    33.5,    26.9,    46.3,"(CONTRACTS OF EUR 125,000)",099741,CME ,099 ,F10,FutOnly
EURO FX - CHICAGO MERCANTILE EXCHANGE,190910,2019-09-10,099741,CME ,00,099 ,  585117,   50879,  106109,   52585,  294520,  167404,   33259,   36765,  133494,   16056,   20851,   12890,     322,  505237,  522119,   79880,   62998,   38163,     841,  -10312,   47765,   -5998,   -7562,    1628,  -11460,   -4749,    7495,    1396,    2613,       6,   41673,   36884,   -3510,    1279,  100.0,    8.7,   18.1,    9.0,   50.3,   28.6,    5.7,    6.3,   22.8,    2.7,    3.6,    2.2,    0.1,   86.3,   89.2,   13.7,   10.8,    284,     19,     11,     16,     84,     44,     43,     34,     48,     24,     24,     17,      5,    189,    183,    18.2,    29.3,    28.5,    44.4,    14.3,    23.3,    23.3,    36.4,"(CONTRACTS OF EUR 125,000)",099741,CME ,099 ,F10,FutOnly
EURO FX - CHICAGO MERCANTILE EXCHANGE,190903,2019-09-03,099741,CME ,00,099 ,  546954,   50038,  116421,    4820,  300518,  174966,   31631,   48225,  138243,    8561,   19455,   10277,     316,  463564,  485235,   83390,   61719,   21889,    8940,   -7320,    1599,   -6886,    6988,    3166,   14295,   16418,     313,     434,    -379,      72,   21933,   20857,     -44,    1032,  100.0,    9.1,   21.3,    0.9,   54.9,   32.0,    5.8,    8.8,   25.3,    1.6,    3.6,    1.9,    0.1,   84.8,   88.7,   15.2,   11.3,    289,     20,     12,     14,     78,     47,     42,     41,     52,     19,     24,     14,      4,    187,    181,    16.7,    25.5,    26.7,    40.3,    15.9,    25.3,    25.4,    39.8,"(CONTRACTS OF EUR 125,000)",099741,CME ,099 ,F10,FutOnly
EURO FX - CHICAGO MERCANTILE EXCHANGE,190827,2019-08-27,099741,CME ,00,099 ,  525065,   41098,  123741,    3221,  307404,  167978,   28465,   33930,  121825,    8248,   19021,   10656,     244,  441631,  464378,   83434,   60687,  -17741,    2929,  -11175,      11,  -24030,   -1737,    1351,    3287,   -4290,   -1216,    -417,     -52,     -12,  -18097,  -17120,     356,    -621,  100.0,    7.8,   23.6,    0.6,   58.5,   32.0,    5.4,    6.5,   23.2,    1.6,    3.6,    2.0,    0.0,   84.1,   88.4,   15.9,   11.6,    267,     19,     12,     13,     80,     43,     40,     34,     44,     17,     21,     13,.,    175,    165,    17.4,    26.5,    28.0,    41.5,    16.7,    26.4,    26.4,    41.2,"(CONTRACTS OF EUR 125,000)",099741,CME ,099 ,F10,FutOnly
EURO FX - CHICAGO MERCANTILE EXCHANGE,190820,2019-08-20,099741,CME ,00,099 ,  542806,   38169,  134916,    3210,  331434,  169715,   27114,   30643,  126115,    9464,   19438,   10708,     256,  459728,  481498,   83078,   61308,   -7801,    -311,    3467,    -947,   -6373,    4304,   -2375,    1923,  -11136,    -246,     264,    1095,      28,   -8037,   -5810,     236,   -1991,  100.0,    7.0,   24.9,    0.6,   61.1,   31.3,    5.0,    5.6,   23.2,    1.7,    3.6,    2.0,    0.0,   84.7,   88.7,   15.3,   11.3,    278,     18,     14,     12,     80,     44,     42,     30,     55,     20,     22,     14,.,    176,    179,    19.6,    26.5,    30.3,    41.6,    19.1,    26.3,    29.3,    41.2,"(CONTRACTS OF EUR 125,000)",099741,CME ,099 ,F10,FutOnly
EURO FX - CHICAGO MERCANTILE EXCHANGE,190813,2019-08-13,099741,CME ,00,099 ,  550607,   38480,  131449,    4157,  337807,  165411,   29489,   28720,  137251,    9710,   19174,    9613,     228,  467765,  487308,   82842,   63299,    5154,   -9464,   17897,     263,   26582,  -23806,     279,  -13570,    9617,     641,     350,   -1012,     -78,    5003,    3801,     151,    1353,  100.0,    7.0,   23.9,    0.8,   61.4,   30.0,    5.4,    5.2,   24.9,    1.8,    3.5,    1.7,    0.0,   85.0,   88.5,   15.0,   11.5,    269,     18,     14,     12,     81,     44,     44,     28,     50,     21,     21,     12,.,    176,    172,    19.3,    26.5,    30.4,    41.2,    18.7,    26.3,    29.5,    40.8,"(CONTRACTS OF EUR 125,000)",099741,CME ,099 ,F10,FutOnly
EURO FX - CHICAGO MERCANTILE EXCHANGE,190806,2019-08-06,099741,CME ,00,099 ,  545453,   47944,  113552,    3894,  311225,  189217,   29210,   42290,  127634,    9069,   18824,   10625,     306,  462762,  483507,   82691,   61946,  -17571,    4585,   -7629,   -1773,  -18074,    7438,    -497,    4060,  -13860,     538,   -1972,     382,      55,  -13078,  -15346,   -4493,   -2225,  100.0,    8.8,   20.8,    0.7,   57.1,   34.7,    5.4,    7.8,   23.4,    1.7,    3.5,    1.9,    0.1,   84.8,   88.6,   15.2,   11.4,    276,     21,     11,     12,     82,     45,     44,     34,     48,     19,     20,     14,      4,    181,    174,    16.4,    26.9,    27.2,    42.7,    15.7,    26.8,    26.0,    42.5,"(CONTRACTS OF EUR 125,000)",099741,CME ,099 ,F10,FutOnly
EURO FX - CHICAGO MERCANTILE EXCHANGE,190730,2019-07-30,099741,CME ,00,099 ,  563024,   43359,  121181,    5667,  329299,  181779,   29707,   38230,  141494,    8531,   20796,   10243,     251,  475840,  498853,   87184,   64171,   21922,    3538,   -4982,    1933,   15126,   15168,     140,     704,    7716,    1488,     -92,     280,      11,   22848,   21754,    -926,     168,  100.0,    7.7,   21.5,    1.0,   58.5,   32.3,    5.3,    6.8,   25.1,    1.5,    3.7,    1.8,    0.0,   84.5,   88.6,   15.5,   11.4,    277,     21,     10,     13,     82,     41,     42,     34,     54,     18,     23,     12,.,    180,    173,    18.8,    26.8,    29.5,    41.9,    18.2,    26.7,    28.6,    41.7,"(CONTRACTS OF EUR 125,000)",099741,CME ,099 ,F10,FutOnly
EURO FX - CHICAGO MERCANTILE EXCHANGE,190723,2019-07-23,099741,CME ,00,099 ,  541102,   39821,  126163,    3734,  314173,  166611,   29567,   37526,  133778,    7043,   20888,    9963,     240,  452992,  477099,   88110,   64003,    5254,    3041,  -12488,    1575,    3425,    5300,   -1382,      71,    7221,     443,   -4086,    -673,      96,    3183,      92,    2071,    5162,  100.0,    7.4,   23.3,    0.7,   58.1,   30.8,    5.5,    6.9,   24.7,    1.3,    3.9,    1.8,    0.0,   83.7,   88.2,   16.3,   11.8,    273,     20,     11,     12,     85,     39,     43,     34,     49,     15,     21,     14,      4,    182,    165,    17.3,    27.7,    27.6,    43.3,    16.7,    27.5,    26.6,    43.1,"(CONTRACTS OF EUR 125,000)",099741,CME ,099 ,F10,FutOnly
EURO FX - CHICAGO MERCANTILE EXCHANGE,190716,2019-07-16,099741,CME ,00,099 ,  535848,   36780,  138651,    2159,  310748,  161311,   30949,   37455,  126557,    6600,   24974,   10636,     144,  449809,  477007,   86039,   58841,   14469,     441,    2290,    -469,    3689,    5907,    -522,    5634,    3105,    -310,    5427,    1186,    -106,   13784,   11081,     685,    3388,  100.0,    6.9,   25.9,    0.4,   58.0,   30.1,    5.8,    7.0,   23.6,    1.2,    4.7,    2.0,    0.0,   83.9,   89.0,   16.1,   11.0,    275,     18,     13,     11,     88,     36,     44,     34,     49,     16,     21,     16,.,    184,    165,    17.4,    28.3,    27.8,    43.8,    16.8,    28.1,    26.8,    43.4,"(CONTRACTS OF EUR 125,000)",099741,CME ,099 ,F10,FutOnly
EURO FX - CHICAGO MERCANTILE EXCHANGE,190709,2019-07-09,099741,CME ,00,099 ,  521379,   36339,  136361,    2628,  307059,  155404,   31471,   31821,  123452,    6910,   19547,    9450,     250,  436025,  465926,   85354,   55453,     409,    2404,   -6756,      83,   -1739,   12346,    -203,   -4369,     907,     805,    2366,   -2351,     110,    -543,    4941,     952,   -4532,  100.0,    7.0,   26.2,    0.5,   58.9,   29.8,    6.0,    6.1,   23.7,    1.3,    3.7,    1.8,    0.0,   83.6,   89.4,   16.4,   10.6,    276,     19,     12,     12,     88,     38,     44,     33,     49,     17,     22,     15,      4,    186,    167,    17.9,    29.2,    28.4,    44.1,    17.3,    29.0,    27.2,    43.9,"(CONTRACTS OF EUR 125,000)",099741,CME ,099 ,F10,FutOnly
EURO FX - CHICAGO MERCANTILE EXCHANGE,190702,2019-07-02,099741,CME ,00,099 ,  520970,   33935,  143117,    2545,  308798,  143058,   31674,   36190,  122545,    6105,   17181,   11801,     140,  436568,  460985,   84402,   59985,    -937,    1879,    3416,    -402,    3851,    1886,   -1792,   -1674,   -8268,    -160,     531,    -716,    -138,    2095,   -6174,   -3032,    5237,  100.0,    6.5,   27.5,    0.5,   59.3,   27.5,    6.1,    6.9,   23.5,    1.2,    3.3,    2.3,    0.0,   83.8,   88.5,   16.2,   11.5,    270,     19,     12,     12,     89,     37,     44,     31,     48,     16,     18,     16,.,    181,    164,    18.5,    29.7,    28.8,    44.1,    18.0,    29.5,    27.6,    43.9,"(CONTRACTS OF EUR 125,000)",099741,CME ,099 ,F10,FutOnly
EURO FX - CHICAGO MERCANTILE EXCHANGE,190625,2019-06-25,099741,CME ,00,099 ,  521907,   32056,  139701,    2947,  304947,  141172,   33466,   37864,  130813,    6265,   16650,   12517,     278,  434473,  467159,   87434,   54748,   18082,   -1594,   16865,     904,   12998,  -10850,    4063,    2724,    6829,     979,   -7480,    1299,     135,   12729,   20224,    5353,   -2142,  100.0,    6.1,   26.8,    0.6,   58.4,   27.0,    6.4,    7.3,   25.1,    1.2,    3.2,    2.4,    0.1,   83.2,   89.5,   16.8,   10.5,    269,     18,     12,     12,     89,     37,     44,     34,     47,     19,     16,     16,.,    184,    163,    18.4,    29.5,    28.6,    43.7,    18.0,    29.2,    27.5,    43.5,"(CONTRACTS OF EUR 125,000)",099741,CME ,099 ,F10,FutOnly
EURO FX - CHICAGO MERCANTILE EXCHANGE,190618,2019-06-18,099741,CME ,00,099 ,  503825,   33650,  122836,    2043,  291949,  152022,   29403,   35140,  123984,    5286,   24130,   11218,     143,  421744,  446935,   82081,   56890,  -38985,   -1412,   10378,  -24111,   -5273,    3118,   -4246,    3974,  -10581,   -4992,    4134,    -947,      -2,  -31928,  -31383,   -7057,   -7602,  100.0,    6.7,   24.4,    0.4,   57.9,   30.2,    5.8,    7.0,   24.6,    1.0,    4.8,    2.2,    0.0,   83.7,   88.7,   16.3,   11.3,    272,     17,     13,      9,     86,     40,     41,     28,     54,     13,     17,     17,.,    168,    170,    18.1,    29.4,    28.2,    44.6,    17.6,    29.4,    27.1,    44.4,"(CONTRACTS OF EUR 125,000)",099741,CME ,099 ,F10,FutOnly
EURO FX - CHICAGO MERCANTILE EXCHANGE,190611,2019-06-11,099741,CME ,00,099 ,  542810,   35062,  112458,   26154,  297222,  148904,   33649,   31166,  134565,   10278,   19996,   12165,     145,  453672,  478318,   89138,   64492,   25382,    3571,   11203,   18732,    1460,  -14584,    4409,  -11817,    -400,    2324,    2490,   -2864,       2,   21171,   18822,    4211,    6560,  100.0,    6.5,   20.7,    4.8,   54.8,   27.4,    6.2,    5.7,   24.8,    1.9,    3.7,    2.2,    0.0,   83.6,   88.1,   16.4,   11.9,    273,     19,     10,     13,     87,     41,     48,     30,     52,     18,     18,     16,.,    181,    174,    16.8,    25.6,    27.5,    38.5,    16.2,    22.6,    25.4,    34.7,"(CONTRACTS OF EUR 125,000)",099741,CME ,099 ,F10,FutOnly
EURO FX - CHICAGO MERCANTILE EXCHANGE,190604,2019-06-04,099741,CME ,00,099 ,  517428,   31491,  101255,    7422,  295762,  163488,   29240,   42983,  134965,    7954,   17506,   15029,     143,  432501,  459496,   84927,   57932,  -19370,   -4178,   11449,  -13207,    -726,   -1852,    -179,    6449,   -5532,   -6576,    1027,   -2511,    -189,  -17579,  -18597,   -1791,    -773,  100.0,    6.1,   19.6,    1.4,   57.2,   31.6,    5.7,    8.3,   26.1,    1.5,    3.4,    2.9,    0.0,   83.6,   88.8,   16.4,   11.2,    288,     19,     13,     10,     85,     42,     43,     43,     53,     20,     15,     18,.,    186,    178,    17.6,    24.6,    28.0,    37.3,    17.0,    23.5,    26.5,    36.2,"(CONTRACTS OF EUR 125,000)",099741,CME ,099 ,F10,FutOnly
EURO FX - CHICAGO MERCANTILE EXCHANGE,190528,2019-05-28,099741,CME ,00,099 ,  536798,   35669,   89806,   20629,  296488,  165340,   29419,   36534,  140497,   14530,   16479,   17540,     332,  450080,  478093,   86718,   58705,   20676,     513,    2324,   12506,   -4078,    1952,     759,    1124,   -2323,    7474,    -376,     344,     141,   18063,   23177,    2613,   -2501,  100.0,    6.6,   16.7,    3.8,   55.2,   30.8,    5.5,    6.8,   26.2,    2.7,    3.1,    3.3,    0.1,   83.8,   89.1,   16.2,   10.9,    286,     18,     13,     11,     87,     41,     42,     34,     58,     20,     15,     19,      4,    182,    181,    17.5,    27.4,    28.2,    39.4,    16.5,    23.8,    25.3,    35.7,"(CONTRACTS OF EUR 125,000)",099741,CME ,099 ,F10,FutOnly
EURO FX - CHICAGO MERCANTILE EXCHANGE,190521,2019-05-21,099741,CME ,00,099 ,  516122,   35156,   87482,    8123,  300566,  163388,   28660,   35410,  142820,    7056,   16855,   17196,     191,  432017,  454916,   84105,   61206,   11662,    -283,    3500,    1376,    4655,    7159,   -2202,    4972,     689,     725,     339,    1717,     -46,    9536,   12918,    2126,   -1256,  100.0,    6.8,   16.9,    1.6,   58.2,   31.7,    5.6,    6.9,   27.7,    1.4,    3.3,    3.3,    0.0,   83.7,   88.1,   16.3,   11.9,    286,     18,     13,     11,     90,     39,     40,     34,     58,     17,     16,     18,.,    181,    176,    17.7,    25.6,    27.9,    38.1,    17.1,    24.3,    26.3,    36.7,"(CONTRACTS OF EUR 125,000)",099741,CME ,099 ,F10,FutOnly
EURO FX - CHICAGO MERCANTILE EXCHANGE,190514,2019-05-14,099741,CME ,00,099 ,  504460,   35439,   83982,    6747,  295911,  156229,   30862,   30438,  142131,    6331,   16516,   15479,     237,  422481,  441998,   81979,   62462,  -11822,   -3069,    5228,      93,   -3943,   -8271,     504,   -1814,   -4713,    -899,    -293,   -3207,      -1,   -9422,  -11266,   -2400,    -556,  100.0,    7.0,   16.6,    1.3,   58.7,   31.0,    6.1,    6.0,   28.2,    1.3,    3.3,    3.1,    0.0,   83.7,   87.6,   16.3,   12.4,    284,     18,     14,     10,     91,     38,     40,     32,     58,     18,     16,     17,      4,    178,    178,    17.1,    26.1,    27.3,    39.0,    16.4,    25.0,    25.7,    37.8,"(CONTRACTS OF EUR 125,000)",099741,CME ,099 ,F10,FutOnly
EURO FX - CHICAGO MERCANTILE EXCHANGE,190507,2019-05-07,099741,CME ,00,099 ,  516282,   38508,   78754,    6654,  299854,  164500,   30358,   32252,  146844,    7230,   16809,   18686,     238,  431903,  453264,   84379,   63018,   -1653,    2848,    5641,    -150,    1632,   -8276,    -337,   -3396,    1671,    -188,     -71,     414,     -77,     261,   -1302,   -1914,    -351,  100.0,    7.5,   15.3,    1.3,   58.1,   31.9,    5.9,    6.2,   28.4,    1.4,    3.3,    3.6,    0.0,   83.7,   87.8,   16.3,   12.2,    284,     19,     12,     10,     91,     40,     39,     34,     56,     17,     16,     16,      4,    181,    173,    17.0,    26.9,    26.9,    39.7,    16.3,    25.8,    25.4,    38.6,"(CONTRACTS OF EUR 125,000)",099741,CME ,099 ,F10,FutOnly
EURO FX - CHICAGO MERCANTILE EXCHANGE,190430,2019-04-30,099741,CME ,00,099 ,  517935,   35660,   73113,    6804,  298222,  172776,   30695,   35648,  145173,    7418,   16880,   18272,     315,  431642,  454566,   86293,   63369,   10213,   -1662,   -1741,    2066,    5088,    1924,    2350,     -65,    5640,    1599,   -1614,    -618,      96,    7858,   11316,    2355,   -1103,  100.0,    6.9,   14.1,    1.3,   57.6,   33.4,    5.9,    6.9,   28.0,    1.4,    3.3,    3.5,    0.1,   83.3,   87.8,   16.7,   12.2,    288,     17,     13,     11,     91,     42,     39,     37,     54,     18,     18,     16,      5,    187,    174,    17.4,    26.4,    27.4,    39.3,    16.6,    25.4,    25.9,    38.3,"(CONTRACTS OF EUR 125,000)",099741,CME ,099 ,F10,FutOnly
EURO FX - CHICAGO MERCANTILE EXCHANGE,190423,2019-04-23,099741,CME ,00,099 ,  507722,   37322,   74854,    4738,  293134,  170852,   28345,   35713,  139533,    5819,   18494,   18890,     219,  423784,  443250,   83938,   64472,    8442,    1987,   -7922,    1096,    1658,    5375,    -572,    2432,    6871,     835,     537,   -1781,     -19,    7954,    3883,     488,    4559,  100.0,    7.4,   14.7,    0.9,   57.7,   33.7,    5.6,    7.0,   27.5,    1.1,    3.6,    3.7,    0.0,   83.5,   87.3,   16.5,   12.7,    289,     20,     10,     11,     91,     42,     39,     36,     53,     17,     20,     16,      5,    190,    171,    18.1,    27.2,    28.3,    40.3,    17.4,    26.6,    26.8,    39.7,"(CONTRACTS OF EUR 125,000)",099741,CME ,099 ,F10,FutOnly
EURO FX - CHICAGO MERCANTILE EXCHANGE,190416,2019-04-16,099741,CME ,00,099 ,  499280,   35335,   82776,    3642,  291476,  165477,   28917,   33281,  132662,    4984,   17957,   20671,     238,  415830,  439367,   83450,   59913,    4476,   -1252,    9079,     831,    4516,   -5498,     936,    4275,     -26,   -1236,   -1227,    1413,     -47,    6796,    5452,   -2320,    -976,  100.0,    7.1,   16.6,    0.7,   58.4,   33.1,    5.8,    6.7,   26.6,    1.0,    3.6,    4.1,    0.0,   83.3,   88.0,   16.7,   12.0,    281,     18,     12,     10,     91,     41,     42,     38,     44,     15,     19,     17,      5,    190,    163,    18.5,    27.6,    28.9,    40.8,    17.7,    27.0,    27.3,    40.3,"(CONTRACTS OF EUR 125,000)",099741,CME ,099 ,F10,FutOnly
EURO FX - CHICAGO MERCANTILE EXCHANGE,190409,2019-04-09,099741,CME ,00,099 ,  494804,   36587,   73697,    2811,  286960,  170975,   27981,   29006,  132688,    6220,   19184,   19258,     285,  409034,  433915,   85770,   60889,   -2913,   -1172,    7520,     199,   -2148,  -10164,    -186,    -977,   -1013,     -76,     162,     429,     -49,   -4247,   -3340,    1334,     427,  100.0,    7.4,   14.9,    0.6,   58.0,   34.6,    5.7,    5.9,   26.8,    1.3,    3.9,    3.9,    0.1,   82.7,   87.7,   17.3,   12.3,    277,     18,     11,      9,     89,     42,     39,     34,     46,     17,     22,     15,      4,    186,    160,    18.6,    27.5,    29.0,    40.9,    17.7,    27.1,    27.4,    40.5,"(CONTRACTS OF EUR 125,000)",099741,CME ,099 ,F10,FutOnly
EURO FX - CHICAGO MERCANTILE EXCHANGE,190402,2019-04-02,099741,CME ,00,099 ,  497717,   37759,   66177,    2612,  289108,  181139,   28167,   29983,  133701,    6296,   19022,   18829,     334,  413281,  437255,   84436,   60462,   10913,    6384,  -13757,     611,    -782,   11949,     158,    2919,   18124,     611,    1270,   -2030,     119,   11290,   15785,    -377,   -4872,  100.0,    7.6,   13.3,    0.5,   58.1,   36.4,    5.7,    6.0,   26.9,    1.3,    3.8,    3.8,    0.1,   83.0,   87.9,   17.0,   12.1,    278,     18,     10,     10,     90,     42,     38,     30,     50,     16,     22,     16,      5,    178,    169,    18.4,    26.7,    29.0,    40.5,    17.6,    26.5,    27.5,    40.0,"(CONTRACTS OF EUR 125,000)",099741,CME ,099 ,F10,FutOnly
EURO FX - CHICAGO MERCANTILE EXCHANGE,190326,2019-03-26,099741,CME ,00,099 ,  486804,   31375,   79934,    2001,  289890,  169190,   28009,   27064,  115577,    5685,   17752,   20859,     215,  401991,  421470,   84813,   65334,    3632,   -1193,    2277,    1017,   -1000,   -3071,    -393,     312,    1984,   -3018,    -425,   -1489,     -57,   -4757,   -2750,    8389,    6382,  100.0,    6.4,   16.4,    0.4,   59.5,   34.8,    5.8,    5.6,   23.7,    1.2,    3.6,    4.3,    0.0,   82.6,   86.6,   17.4,   13.4,    273,     16,     12,      9,     91,     41,     40,     33,     44,     18,     20,     16,      5,    182,    163,    18.6,    26.9,    29.5,    41.3,    17.8,    26.8,    28.0,    40.5,"(CONTRACTS OF EUR 125,000)",099741,CME ,099 ,F10,FutOnly
EURO FX - CHICAGO MERCANTILE EXCHANGE,190319,2019-03-19,099741,CME ,00,099 ,  483172,   32568,   77657,     984,  290890,  172261,   28402,   26752,  113593,    8703,   18177,   22348,     272,  406748,  424220,   76424,   58952,  -53552,  -21045,  -16663,   -3331,     836,   -8135,   -1048,   -8735,   -5068,   -7155,     448,      91,     140,  -39890,  -41169,  -13662,  -12383,  100.0,    6.7,   16.1,    0.2,   60.2,   35.7,    5.9,    5.5,   23.5,    1.8,    3.8,    4.6,    0.1,   84.2,   87.8,   15.8,   12.2,    274,     17,     11,      9,     90,     40,     43,     34,     46,     21,     20,     16,      4,    184,    167,    19.0,    26.1,    30.0,    40.7,    18.2,    26.1,    28.6,    40.1,"(CONTRACTS OF EUR 125,000)",099741,CME ,099 ,F10,FutOnly
EURO FX - CHICAGO MERCANTILE EXCHANGE,190312,2019-03-12,099741,CME ,00,099 ,  536724,   53613,   94320,    4315,  290054,  180396,   29450,   35487,  118661,   15858,   17729,   22257,     132,  446638,  465389,   90086,   71335,   -5029,    -166,  -12000,    -277,   -4122,    -297,    5213,   -8558,   -6459,    6137,    -670,     481,    -103,   -2546,   -7305,   -2483,    2276,  100.0,   10.0,   17.6,    0.8,   54.0,   33.6,    5.5,    6.6,   22.1,    3.0,    3.3,    4.1,    0.0,   83.2,   86.7,   16.8,   13.3,    272,     19,     11,     13,     94,     38,     48,     32,     44,     24,     19,     13,.,    191,    169,    17.1,    26.6,    27.3,    40.1,    16.5,    26.6,    26.1,    39.6,"(CONTRACTS OF EUR 125,000)",099741,CME ,099 ,F10,FutOnly
EURO FX - CHICAGO MERCANTILE EXCHANGE,190305,2019-03-05,099741,CME ,00,099 ,  541753,   53779,  106320,    4592,  294176,  180693,   24237,   44045,  125120,    9721,   18399,   21776,     235,  449184,  472694,   92569,   69059,   13377,    4858,   -9967,    -183,   -2563,    6935,   -1455,   13179,   12074,   -1414,    -901,     427,     -26,   11495,    6391,    1882,    6986,  100.0,    9.9,   19.6,    0.8,   54.3,   33.4,    4.5,    8.1,   23.1,    1.8,    3.4,    4.0,    0.0,   82.9,   87.3,   17.1,   12.7,    276,     19,      9,     10,     93,     38,     41,     30,     51,     20,     21,     14,.,    183,    167,    17.3,    28.4,    27.5,    41.1,    16.7,    28.4,    26.1,    40.7,"(CONTRACTS OF EUR 125,000)",099741,CME ,099 ,F10,FutOnly
EURO FX - CHICAGO MERCANTILE EXCHANGE,190226,2019-02-26,099741,CME ,00,099 ,  528376,   48921,  116287,    4775,  296739,  173758,   25692,   30866,  113046,   11135,   19300,   21349,     261,  437689,  466303,   90687,   62073,   -9020,    1928,   -3752,    -186,   -8436,    3335,    -700,    -154,   -8616,     -15,    -111,    1254,      -6,   -7680,   -8686,   -1340,    -334,  100.0,    9.3,   22.0,    0.9,   56.2,   32.9,    4.9,    5.8,   21.4,    2.1,    3.7,    4.0,    0.0,   82.8,   88.3,   17.2,   11.7,    276,     18,      9,     11,     94,     38,     44,     31,     49,     21,     21,     15,      4,    184,    172,    17.8,    29.1,    28.1,    43.3,    17.2,    29.1,    26.9,    42.8,"(CONTRACTS OF EUR 125,000)",099741,CME ,099 ,F10,FutOnly
EURO FX - CHICAGO MERCANTILE EXCHANGE,190219,2019-02-19,099741,CME ,00,099 ,  537396,   46993,  120039,    4961,  305175,  170423,   26392,   31020,  121662,   11150,   19411,   20095,     267,  445369,  474989,   92027,   62407,   -1231,    2661,   -5222,    1227,   -2042,     536,    1947,   -6898,    -497,    1661,   -1728,     412,    -176,   -3348,    -112,    2117,   -1119,  100.0,    8.7,   22.3,    0.9,   56.8,   31.7,    4.9,    5.8,   22.6,    2.1,    3.6,    3.7,    0.0,   82.9,   88.4,   17.1,   11.6,    273,     18,      8,     12,     94,     39,     44,     28,     52,     18,     20,     13,      4,    183,    168,    18.6,    28.4,    29.0,    42.7,    18.0,    28.3,    27.9,    42.1,"(CONTRACTS OF EUR 125,000)",099741,CME ,099 ,F10,FutOnly
EURO FX - CHICAGO MERCANTILE EXCHANGE,190212,2019-02-12,099741,CME ,00,099 ,  538627,   44332,  125261,    3734,  307217,  169887,   24445,   37918,  122159,    9489,   21139,   19683,     443,  448717,  475101,   89910,   63526,   14759,    9397,  -19462,    -945,   -5017,   12149,     370,    7828,   15116,    -722,    2887,    1011,     192,   13990,    7709,     769,    7050,  100.0,    8.2,   23.3,    0.7,   57.0,   31.5,    4.5,    7.0,   22.7,    1.8,    3.9,    3.7,    0.1,   83.3,   88.2,   16.7,   11.8,    277,     18,      8,     11,     92,     40,     43,     32,     50,     20,     24,     12,      5,    192,    164,    18.9,    28.3,    29.2,    42.4,    18.3,    28.2,    28.1,    41.9,"(CONTRACTS OF EUR 125,000)",099741,CME ,099 ,F10,FutOnly
EURO FX - CHICAGO MERCANTILE EXCHANGE,190205,2019-02-05,099741,CME ,00,099 ,  523868,   34935,  144723,    4679,  312234,  157738,   24075,   30090,  107043,   10211,   18252,   18672,     251,  434727,  467392,   89141,   56476,   -3653,   -4218,    7250,     -64,    2056,   -1915,    1448,    1714,   -5065,   -4708,     444,    1110,      29,   -3299,   -1915,    -354,   -1738,  100.0,    6.7,   27.6,    0.9,   59.6,   30.1,    4.6,    5.7,   20.4,    1.9,    3.5,    3.6,    0.0,   83.0,   89.2,   17.0,   10.8,    268,     17,     10,     14,     92,     39,     44,     28,     46,     20,     18,     17,.,    184,    165,    20.3,    31.5,    31.6,    45.9,    19.7,    31.4,    30.3,    45.2,"(CONTRACTS OF EUR 125,000)",099741,CME ,099 ,F10,FutOnly
EURO FX - CHICAGO MERCANTILE EXCHANGE,190129,2019-01-29,099741,CME ,00,099 ,  527521,   39153,  137473,    4743,  310178,  159653,   22627,   28376,  112108,   14919,   17808,   17562,     222,  438026,  469307,   89495,   58214,     345,     -78,    -450,    -285,    -365,   -3090,    -219,     473,    -700,    2137,    -655,      25,      57,    1065,   -2525,    -720,    2870,  100.0,    7.4,   26.1,    0.9,   58.8,   30.3,    4.3,    5.4,   21.3,    2.8,    3.4,    3.3,    0.0,   83.0,   89.0,   17.0,   11.0,    268,     18,      9,     14,     92,     38,     43,     30,     48,     23,     17,     15,.,    188,    163,    20.4,    30.6,    31.0,    45.0,    19.9,    30.4,    29.9,    44.2,"(CONTRACTS OF EUR 125,000)",099741,CME ,099 ,F10,FutOnly
EURO FX - CHICAGO MERCANTILE EXCHANGE,190122,2019-01-22,099741,CME ,00,099 ,  527176,   39231,  137923,    5028,  310543,  162743,   22846,   27903,  112808,   12782,   18463,   17537,     165,  436961,  471832,   90215,   55344,    2124,     456,   -1895,      58,    3024,    1239,     901,   -4187,     832,    -851,   -1473,     374,      41,   -2031,     699,    4155,    1425,  100.0,    7.4,   26.2,    1.0,   58.9,   30.9,    4.3,    5.3,   21.4,    2.4,    3.5,    3.3,    0.0,   82.9,   89.5,   17.1,   10.5,    273,     17,     10,     13,     92,     39,     43,     27,     55,     23,     20,     13,.,    188,    166,    20.5,    31.2,    31.0,    45.5,    19.8,    30.6,    29.9,    44.8,"(CONTRACTS OF EUR 125,000)",099741,CME ,099 ,F10,FutOnly
EURO FX - CHICAGO MERCANTILE EXCHANGE,190115,2019-01-15,099741,CME ,00,099 ,  525052,   38775,  139818,    4970,  307519,  161504,   21945,   32090,  111976,   13633,   19936,   17163,     124,  438992,  471133,   86060,   53919,   10507,   -2374,   11049,    1847,    2666,   -5881,    4212,    2520,      60,    -190,    2558,    -725,      41,   11280,   10413,    -773,      94,  100.0,    7.4,   26.6,    0.9,   58.6,   30.8,    4.2,    6.1,   21.3,    2.6,    3.8,    3.3,    0.0,   83.6,   89.7,   16.4,   10.3,    278,     17,      9,     13,     93,     40,     43,     31,     54,     24,     22,     12,.,    195,    165,    19.8,    31.2,    30.4,    45.2,    19.2,    30.7,    29.3,    44.5,"(CONTRACTS OF EUR 125,000)",099741,CME ,099 ,F10,FutOnly
EURO FX - CHICAGO MERCANTILE EXCHANGE,190108,2019-01-08,099741,CME ,00,099 ,  514545,   41149,  128769,    3123,  304853,  167385,   17733,   29570,  111916,   13823,   17378,   17888,      83,  427712,  460720,   86833,   53825,    8559,     610,   17873,     871,    5065,   -9031,   -1762,     765,    -364,    -670,   -1247,    1053,     -61,    3571,    7909,    4988,     650,  100.0,    8.0,   25.0,    0.6,   59.2,   32.5,    3.4,    5.7,   21.8,    2.7,    3.4,    3.5,    0.0,   83.1,   89.5,   16.9,   10.5,    273,     18,      8,     13,     92,     39,     45,     28,     53,     21,     18,     16,.,    185,    169,    20.1,    31.8,    31.2,    45.2,    19.5,    31.6,    30.1,    45.1,"(CONTRACTS OF EUR 125,000)",099741,CME ,099 ,F10,FutOnly
AUSTRALIAN DOLLAR - CHICAGO MERCANTILE EXCHANGE,191231,2019-12-31,232741,CME ,00,232 ,  164305,   57711,   15404,    1349,   25534,   37273,    2389,   36001,   69975,    2719,   11660,   10185,       0,  137363,  139294,   26942,   25011,    8495,   -6098,    8218,      39,    4275,  -16968,    -175,    3376,   18371,     674,    3137,      12,       0,    5228,   10171,    3267,   -1676,  100.0,   35.1,    9.4,    0.8,   15.5,   22.7,    1.5,   21.9,   42.6,    1.7,    7.1,    6.2,    0.0,   83.6,   84.8,   16.4,   15.2,     89,      5,      7,      5,     12,     17,      8,     21,     21,      7,.,.,      0,     52,     57,    42.8,    27.6,    57.3,    43.7,    42.0,    26.6,    56.2,    42.7,"(CONTRACTS OF AUD 100,000)",232741,CME ,232 ,F10,FutOnly
AUSTRALIAN DOLLAR - CHICAGO MERCANTILE EXCHANGE,191224,2019-12-24,232741,CME ,00,232 ,  155810,   63809,    7186,    1310,   21259,   54241,    2564,   32625,   51604,    2045,    8523,   10173,       0,  132135,  129123,   23675,   26687,    2306,   -2540,     697,      -1,    4567,   -6532,    -246,    3000,   10396,    -265,    -410,    -424,       0,    4105,    3625,   -1799,   -1319,  100.0,   41.0,    4.6,    0.8,   13.6,   34.8,    1.6,   20.9,   33.1,    1.3,    5.5,    6.5,    0.0,   84.8,   82.9,   15.2,   17.1,     93,      5,      5,      4,     11,     23,     10,     18,     26,      5,.,.,      0,     47,     65,    46.8,    25.4,    63.5,    39.6,    46.1,    25.2,    62.7,    38.8,"(CONTRACTS OF AUD 100,000)",232741,CME ,232 ,F10,FutOnly
AUSTRALIAN DOLLAR - CHICAGO MERCANTILE EXCHANGE,191217,2019-12-17,232741,CME ,00,232 ,  153504,   66349,    6489,    1311,   16692,   60773,    2810,   29625,   41208,    2310,    8933,   10597,       0,  128030,  125498,   25474,   28006,  -27992,   -3438,   -5581,   -8291,      44,  -11204,    -470,  -13092,     515,    -129,    1031,     384,       0,  -24345,  -24776,   -3647,   -3216,  100.0,   43.2,    4.2,    0.9,   10.9,   39.6,    1.8,   19.3,   26.8,    1.5,    5.8,    6.9,    0.0,   83.4,   81.8,   16.6,   18.2,     91,      5,      4,      4,      9,     24,      9,     13,     29,      6,.,      4,      0,     43,     67,    49.0,    26.9,    66.1,    39.4,    48.2,    26.7,    65.1,    38.9,"(CONTRACTS OF AUD 100,000)",232741,CME ,232 ,F10,FutOnly
AUSTRALIAN DOLLAR - CHICAGO MERCANTILE EXCHANGE,191210,2019-12-10,232741,CME ,00,232 ,  181496,   69787,   12070,    9602,   16648,   71977,    3280,   42717,   40693,    2439,    7902,   10213,       0,  152375,  150274,   29121,   31222,   -4332,   -4178,    1098,    7420,    3448,   -2902,   -1879,  -11075,   -9151,    1077,    1257,     451,       0,   -3930,   -3886,    -402,    -446,  100.0,   38.5,    6.7,    5.3,    9.2,   39.7,    1.8,   23.5,   22.4,    1.3,    4.4,    5.6,    0.0,   84.0,   82.8,   16.0,   17.2,     98,      7,      5,      9,      9,     25,     12,     21,     24,     10,.,      4,      0,     53,     76,    45.3,    24.5,    59.5,    36.9,    44.6,    24.3,    57.2,    36.7,"(CONTRACTS OF AUD 100,000)",232741,CME ,232 ,F10,FutOnly
AUSTRALIAN DOLLAR - CHICAGO MERCANTILE EXCHANGE,191203,2019-12-03,232741,CME ,00,232 ,  185828,   73965,   10972,    2182,   13200,   74879,    5159,   53792,   49844,    1362,    6645,    9762,       0,  156305,  154160,   29523,   31668,    1357,   -4354,     699,    1748,   -1298,    -512,    1151,    3586,    -271,   -1423,     125,    -594,       0,    -465,     798,    1822,     559,  100.0,   39.8,    5.9,    1.2,    7.1,   40.3,    2.8,   28.9,   26.8,    0.7,    3.6,    5.3,    0.0,   84.1,   83.0,   15.9,   17.0,    100,      8,      4,      7,     10,     25,     11,     23,     26,      7,.,.,      0,     53,     72,    42.8,    24.7,    55.5,    38.9,    42.0,    24.5,    54.0,    38.7,"(CONTRACTS OF AUD 100,000)",232741,CME ,232 ,F10,FutOnly
AUSTRALIAN DOLLAR - CHICAGO MERCANTILE EXCHANGE,191126,2019-11-26,232741,CME ,00,232 ,  184471,   78319,   10273,     434,   14498,   75391,    4008,   50206,   50115,    2785,    6520,   10356,       0,  156770,  153362,   27701,   31109,   12046,     283,     205,     114,     838,    8363,     346,    8858,    2703,    1855,      75,     596,       0,   12369,   14182,    -323,   -2136,  100.0,   42.5,    5.6,    0.2,    7.9,   40.9,    2.2,   27.2,   27.2,    1.5,    3.5,    5.6,    0.0,   85.0,   83.1,   15.0,   16.9,    103,      7,      4,      6,     10,     25,      9,     24,     28,     11,.,.,      0,     51,     78,    45.2,    25.9,    58.9,    38.8,    45.0,    25.7,    58.5,    38.7,"(CONTRACTS OF AUD 100,000)",232741,CME ,232 ,F10,FutOnly
AUSTRALIAN DOLLAR - CHICAGO MERCANTILE EXCHANGE,191119,2019-11-19,232741,CME ,00,232 ,  172425,   78036,   10068,     320,   13660,   67028,    3662,   41348,   47412,     930,    6445,    9760,       0,  144401,  139180,   28024,   33245,   12296,   10917,    -189,      57,     165,    8194,     457,    4854,    4084,    -105,   -2150,    -194,       0,   14195,   12304,   -1899,      -8,  100.0,   45.3,    5.8,    0.2,    7.9,   38.9,    2.1,   24.0,   27.5,    0.5,    3.7,    5.7,    0.0,   83.7,   80.7,   16.3,   19.3,     94,      7,      4,      6,      9,     22,     10,     18,     31,      6,.,.,      0,     44,     72,    48.0,    24.5,    62.1,    37.7,    47.9,    24.3,    61.8,    37.5,"(CONTRACTS OF AUD 100,000)",232741,CME ,232 ,F10,FutOnly
AUSTRALIAN DOLLAR - CHICAGO MERCANTILE EXCHANGE,191112,2019-11-12,232741,CME ,00,232 ,  160129,   67119,   10257,     263,   13495,   58834,    3205,   36494,   43328,    1035,    8595,    9954,       0,  130206,  126876,   29923,   33253,   -1282,    5425,   -4489,     -21,    1695,   10271,    -705,   -7965,   -2913,     980,     563,       0,       0,     -28,    3123,   -1254,   -4405,  100.0,   41.9,    6.4,    0.2,    8.4,   36.7,    2.0,   22.8,   27.1,    0.6,    5.4,    6.2,    0.0,   81.3,   79.2,   18.7,   20.8,     89,      8,.,      6,      9,     21,      8,     16,     27,      7,.,.,      0,     42,     68,    45.9,    22.5,    60.6,    36.2,    45.8,    22.3,    60.5,    36.0,"(CONTRACTS OF AUD 100,000)",232741,CME ,232 ,F10,FutOnly
AUSTRALIAN DOLLAR - CHICAGO MERCANTILE EXCHANGE,191105,2019-11-05,232741,CME ,00,232 ,  161411,   61694,   14746,     284,   11800,   48563,    3910,   44459,   46241,      55,    8032,    9954,       0,  130234,  123753,   31177,   37658,    7967,   -7597,    7464,       0,     914,   -7591,    -770,   12177,     299,    -482,    2887,    6800,       0,    7129,    5720,     838,    2247,  100.0,   38.2,    9.1,    0.2,    7.3,   30.1,    2.4,   27.5,   28.6,    0.0,    5.0,    6.2,    0.0,   80.7,   76.7,   19.3,   23.3,     90,      7,      4,      6,      9,     21,      9,     17,     26,      4,.,.,      0,     45,     64,    46.9,    22.4,    60.0,    36.8,    46.8,    22.2,    59.7,    36.6,"(CONTRACTS OF AUD 100,000)",232741,CME ,232 ,F10,FutOnly
AUSTRALIAN DOLLAR - CHICAGO MERCANTILE EXCHANGE,191029,2019-10-29,232741,CME ,00,232 ,  153444,   69291,    7282,     284,   10886,   56154,    4680,   32282,   45942,     537,    5145,    3154,       0,  123105,  118033,   30339,   35411,   -3756,   -5262,    1657,      80,    -806,   -1884,     164,   -2725,   -3886,    -148,    3152,       8,       0,   -5545,   -4009,    1789,     253,  100.0,   45.2,    4.7,    0.2,    7.1,   36.6,    3.0,   21.0,   29.9,    0.3,    3.4,    2.1,    0.0,   80.2,   76.9,   19.8,   23.1,     83,      7,      4,      5,     10,     19,     10,     12,     27,      9,.,.,      0,     41,     66,    49.7,    24.6,    62.4,    38.4,    49.6,    24.4,    62.0,    37.4,"(CONTRACTS OF AUD 100,000)",232741,CME ,232 ,F10,FutOnly
AUSTRALIAN DOLLAR - CHICAGO MERCANTILE EXCHANGE,191022,2019-10-22,232741,CME ,00,232 ,  157200,   74553,    5625,     204,   11692,   58038,    4516,   35007,   49828,     685,    1993,    3146,       0,  128650,  122042,   28550,   35158,   -6684,   -3078,    2186,     -45,   -2180,   -9891,     942,   -3821,     876,    -159,    1993,     368,       0,   -6348,   -5723,    -336,    -961,  100.0,   47.4,    3.6,    0.1,    7.4,   36.9,    2.9,   22.3,   31.7,    0.4,    1.3,    2.0,    0.0,   81.8,   77.6,   18.2,   22.4,     85,      7,      4,      7,     10,     20,     10,     14,     27,      5,.,.,      0,     42,     65,    50.3,    26.2,    63.0,    40.3,    50.2,    25.9,    62.7,    39.3,"(CONTRACTS OF AUD 100,000)",232741,CME ,232 ,F10,FutOnly
AUSTRALIAN DOLLAR - CHICAGO MERCANTILE EXCHANGE,191015,2019-10-15,232741,CME ,00,232 ,  163884,   77631,    3439,     249,   13872,   67929,    3574,   38828,   48952,     844,       0,    2778,       0,  134998,  127765,   28886,   36119,   -4955,   -2332,     235,     -31,    -354,    3668,    -382,    -417,   -5737,    -326,    -400,      -2,       0,   -4242,   -2575,    -713,   -2380,  100.0,   47.4,    2.1,    0.2,    8.5,   41.4,    2.2,   23.7,   29.9,    0.5,    0.0,    1.7,    0.0,   82.4,   78.0,   17.6,   22.0,     90,      7,.,      6,     13,     21,     10,     16,     28,      7,      0,.,      0,     46,     67,    48.9,    29.3,    62.2,    41.9,    48.7,    29.0,    61.9,    41.2,"(CONTRACTS OF AUD 100,000)",232741,CME ,232 ,F10,FutOnly
AUSTRALIAN DOLLAR - CHICAGO MERCANTILE EXCHANGE,191008,2019-10-08,232741,CME ,00,232 ,  168839,   79963,    3204,     280,   14226,   64261,    3956,   39245,   54689,    1170,     400,    2780,       0,  139240,  130340,   29599,   38499,   -3101,    -325,     304,      88,    2417,   -2367,     216,   -5154,    -440,    -643,     200,      78,       0,   -3201,   -2764,     100,    -337,  100.0,   47.4,    1.9,    0.2,    8.4,   38.1,    2.3,   23.2,   32.4,    0.7,    0.2,    1.6,    0.0,   82.5,   77.2,   17.5,   22.8,     91,      7,.,      6,     13,     21,     10,     15,     29,      6,.,.,      0,     44,     69,    48.3,    28.6,    62.7,    41.6,    48.2,    28.4,    62.4,    40.9,"(CONTRACTS OF AUD 100,000)",232741,CME ,232 ,F10,FutOnly
AUSTRALIAN DOLLAR - CHICAGO MERCANTILE EXCHANGE,191001,2019-10-01,232741,CME ,00,232 ,  171940,   80288,    2900,     192,   11809,   66628,    3740,   44399,   55129,    1813,     200,    2702,       0,  142441,  133104,   29499,   38836,   11068,    6026,       0,       8,   -1723,    7283,     351,    4153,    -311,       5,    -794,     -33,       0,    8026,    7303,    3042,    3765,  100.0,   46.7,    1.7,    0.1,    6.9,   38.8,    2.2,   25.8,   32.1,    1.1,    0.1,    1.6,    0.0,   82.8,   77.4,   17.2,   22.6,     91,      7,.,      5,      9,     23,     11,     19,     27,      6,.,.,      0,     45,     68,    47.9,    30.3,    61.4,    42.7,    47.9,    30.1,    61.1,    42.5,"(CONTRACTS OF AUD 100,000)",232741,CME ,232 ,F10,FutOnly
AUSTRALIAN DOLLAR - CHICAGO MERCANTILE EXCHANGE,190924,2019-09-24,232741,CME ,00,232 ,  160872,   74262,    2900,     184,   13532,   59345,    3389,   40246,   55440,    1808,     994,    2735,       0,  134415,  125801,   26457,   35071,   22820,   10379,    -157,      99,     222,   15233,     216,    9967,    6718,     191,     994,    -435,       0,   22068,   21865,     752,     955,  100.0,   46.2,    1.8,    0.1,    8.4,   36.9,    2.1,   25.0,   34.5,    1.1,    0.6,    1.7,    0.0,   83.6,   78.2,   16.4,   21.8,     90,      7,.,.,     12,     19,     12,     17,     28,      7,.,.,      0,     43,     69,    47.1,    30.1,    61.0,    42.3,    47.1,    29.9,    60.8,    42.0,"(CONTRACTS OF AUD 100,000)",232741,CME ,232 ,F10,FutOnly
AUSTRALIAN DOLLAR - CHICAGO MERCANTILE EXCHANGE,190917,2019-09-17,232741,CME ,00,232 ,  138052,   63883,    3057,      85,   13310,   44112,    3173,   30279,   48722,    1617,       0,    3170,       0,  112347,  103936,   25705,   34116,  -44303,  -20827,   -9247,   -7425,    -962,   -2849,    -200,   -2973,  -14562,   -7461,       0,    1030,       0,  -39848,  -40714,   -4455,   -3589,  100.0,   46.3,    2.2,    0.1,    9.6,   32.0,    2.3,   21.9,   35.3,    1.2,    0.0,    2.3,    0.0,   81.4,   75.3,   18.6,   24.7,     85,      7,      4,.,     11,     20,     10,     13,     27,      8,      0,.,      0,     39,     67,    50.9,    25.7,    63.7,    38.2,    50.9,    25.4,    63.5,    37.5,"(CONTRACTS OF AUD 100,000)",232741,CME ,232 ,F10,FutOnly
AUSTRALIAN DOLLAR - CHICAGO MERCANTILE EXCHANGE,190910,2019-09-10,232741,CME ,00,232 ,  182355,   84710,   12304,    7510,   14272,   46961,    3373,   33252,   63284,    9078,       0,    2140,       0,  152195,  144650,   30160,   37705,    8334,   -1961,    4494,    1211,      76,   -8307,    -302,    1986,    4809,    7477,       0,     200,       0,    8487,    9582,    -153,   -1248,  100.0,   46.5,    6.7,    4.1,    7.8,   25.8,    1.8,   18.2,   34.7,    5.0,    0.0,    1.2,    0.0,   83.5,   79.3,   16.5,   20.7,     94,      7,      5,      6,     12,     21,     11,     18,     29,     14,      0,.,      0,     52,     73,    50.4,    22.5,    61.8,    36.6,    50.2,    21.5,    59.0,    33.4,"(CONTRACTS OF AUD 100,000)",232741,CME ,232 ,F10,FutOnly
AUSTRALIAN DOLLAR - CHICAGO MERCANTILE EXCHANGE,190903,2019-09-03,232741,CME ,00,232 ,  174021,   86671,    7810,    6299,   14196,   55268,    3675,   31266,   58475,    1601,       0,    1940,       0,  143708,  135068,   30313,   38953,    8269,     -52,    2001,    5120,     640,    -770,     606,    1104,    4132,     340,       0,       0,       0,    7758,   11429,     511,   -3160,  100.0,   49.8,    4.5,    3.6,    8.2,   31.8,    2.1,   18.0,   33.6,    0.9,    0.0,    1.1,    0.0,   82.6,   77.6,   17.4,   22.4,     93,      8,      5,      6,     12,     20,     10,     18,     28,     12,      0,.,      0,     51,     70,    53.9,    23.9,    64.1,    36.1,    53.5,    23.4,    61.6,    34.9,"(CONTRACTS OF AUD 100,000)",232741,CME ,232 ,F10,FutOnly
AUSTRALIAN DOLLAR - CHICAGO MERCANTILE EXCHANGE,190827,2019-08-27,232741,CME ,00,232 ,  165752,   86723,    5809,    1179,   13556,   56038,    3069,   30162,   54343,    1261,       0,    1940,       0,  135950,  123639,   29802,   42113,   -3423,   -1592,   -1257,     -82,     146,    1171,    -133,    -150,   -2166,   -2549,       0,    -539,       0,   -4360,   -5555,     937,    2132,  100.0,   52.3,    3.5,    0.7,    8.2,   33.8,    1.9,   18.2,   32.8,    0.8,    0.0,    1.2,    0.0,   82.0,   74.6,   18.0,   25.4,     92,      8,      5,      4,     11,     20,      9,     17,     29,      9,      0,.,      0,     44,     70,    56.4,    24.1,    65.4,    36.1,    56.1,    23.9,    64.7,    35.9,"(CONTRACTS OF AUD 100,000)",232741,CME ,232 ,F10,FutOnly
AUSTRALIAN DOLLAR - CHICAGO MERCANTILE EXCHANGE,190820,2019-08-20,232741,CME ,00,232 ,  169175,   88315,    7066,    1261,   13410,   54867,    3202,   30312,   56509,    3810,       0,    2479,       0,  140310,  129194,   28865,   39981,   -6422,    -241,    -391,    -438,     -48,   -1847,     379,   -4088,   -3293,    -522,       0,     679,       0,   -4958,   -5433,   -1464,    -989,  100.0,   52.2,    4.2,    0.7,    7.9,   32.4,    1.9,   17.9,   33.4,    2.3,    0.0,    1.5,    0.0,   82.9,   76.4,   17.1,   23.6,     88,      8,      6,      4,     11,     19,     10,     16,     25,      9,      0,.,      0,     43,     68,    54.4,    24.3,    65.9,    35.4,    54.1,    24.1,    63.7,    35.2,"(CONTRACTS OF AUD 100,000)",232741,CME ,232 ,F10,FutOnly
AUSTRALIAN DOLLAR - CHICAGO MERCANTILE EXCHANGE,190813,2019-08-13,232741,CME ,00,232 ,  175597,   88556,    7457,    1699,   13458,   56714,    2823,   34400,   59802,    4332,       0,    1800,       0,  145268,  134627,   30329,   40970,   -2426,    6786,   -4693,    1115,    -155,   -1984,    -731,   -6694,    3392,       9,    -700,       0,       0,    -370,   -2892,   -2056,     466,  100.0,   50.4,    4.2,    1.0,    7.7,   32.3,    1.6,   19.6,   34.1,    2.5,    0.0,    1.0,    0.0,   82.7,   76.7,   17.3,   23.3,     92,      9,      5,      5,     11,     20,      8,     18,     28,     12,      0,.,      0,     48,     69,    52.0,    24.3,    64.0,    35.3,    51.6,    24.1,    62.1,    35.1,"(CONTRACTS OF AUD 100,000)",232741,CME ,232 ,F10,FutOnly
AUSTRALIAN DOLLAR - CHICAGO MERCANTILE EXCHANGE,190806,2019-08-06,232741,CME ,00,232 ,  178023,   81770,   12150,     584,   13613,   58698,    3554,   41094,   56410,    4323,     700,    1800,       0,  145638,  137519,   32385,   40504,   15035,   10579,   -1061,    -887,    -369,    5347,    -152,    3784,    8863,    -275,     500,       0,       0,   13180,   11835,    1855,    3200,  100.0,   45.9,    6.8,    0.3,    7.6,   33.0,    2.0,   23.1,   31.7,    2.4,    0.4,    1.0,    0.0,   81.8,   77.2,   18.2,   22.8,    100,      9,      5,.,     11,     21,     13,     19,     32,     11,.,.,      0,     54,     72,    49.7,    25.6,    60.9,    38.5,    49.3,    25.4,    59.0,    38.2,"(CONTRACTS OF AUD 100,000)",232741,CME ,232 ,F10,FutOnly
AUSTRALIAN DOLLAR - CHICAGO MERCANTILE EXCHANGE,190730,2019-07-30,232741,CME ,00,232 ,  162988,   71191,   13211,    1471,   13982,   53351,    3706,   37310,   47547,    4598,     200,    1800,       0,  132458,  125684,   30530,   37304,   12463,    4916,   -5350,     485,    -596,   16607,    -579,    4789,   -2821,     864,     200,    -592,       0,   10079,    8614,    2384,    3849,  100.0,   43.7,    8.1,    0.9,    8.6,   32.7,    2.3,   22.9,   29.2,    2.8,    0.1,    1.1,    0.0,   81.3,   77.1,   18.7,   22.9,     96,     11,      4,.,     11,     18,     13,     20,     30,     14,.,.,      0,     57,     68,    48.6,    29.0,    61.4,    42.0,    47.7,    28.8,    58.4,    41.8,"(CONTRACTS OF AUD 100,000)",232741,CME ,232 ,F10,FutOnly
AUSTRALIAN DOLLAR - CHICAGO MERCANTILE EXCHANGE,190723,2019-07-23,232741,CME ,00,232 ,  150525,   66275,   18561,     986,   14578,   36744,    4285,   32521,   50368,    3734,       0,    2392,       0,  122379,  117070,   28146,   33455,   -7209,     136,    2214,     -98,   -2153,   -4458,     663,   -3852,   -2263,     -82,   -2938,   -2666,       0,   -8324,   -6690,    1115,    -519,  100.0,   44.0,   12.3,    0.7,    9.7,   24.4,    2.8,   21.6,   33.5,    2.5,    0.0,    1.6,    0.0,   81.3,   77.8,   18.7,   22.2,     91,     10,      6,.,     12,     18,     14,     16,     27,     12,      0,.,      0,     51,     69,    50.4,    29.0,    64.1,    40.9,    49.8,    28.8,    61.2,    40.5,"(CONTRACTS OF AUD 100,000)",232741,CME ,232 ,F10,FutOnly
AUSTRALIAN DOLLAR - CHICAGO MERCANTILE EXCHANGE,190716,2019-07-16,232741,CME ,00,232 ,  157734,   66139,   16347,    1084,   16731,   41202,    3622,   36373,   52631,    3816,    2938,    5058,       0,  130703,  123760,   27031,   33974,   -1060,     168,    5565,    -658,     894,   -2551,     292,     -75,    4828,    -286,       0,   -3189,       0,     335,    4001,   -1395,   -5061,  100.0,   41.9,   10.4,    0.7,   10.6,   26.1,    2.3,   23.1,   33.4,    2.4,    1.9,    3.2,    0.0,   82.9,   78.5,   17.1,   21.5,     96,      8,      7,.,     12,     16,     11,     19,     30,     11,.,.,      0,     51,     70,    49.5,    29.1,    63.1,    41.6,    48.3,    28.9,    60.4,    41.3,"(CONTRACTS OF AUD 100,000)",232741,CME ,232 ,F10,FutOnly
AUSTRALIAN DOLLAR - CHICAGO MERCANTILE EXCHANGE,190709,2019-07-09,232741,CME ,00,232 ,  158794,   65971,   10782,    1742,   15837,   43753,    3330,   36448,   47803,    4102,    2938,    8247,       0,  130368,  119759,   28426,   39035,   -3392,   -3779,    2310,    -153,   -3535,    -694,    -366,     318,   -6007,   -1251,    2938,    -631,       0,   -5828,   -6792,    2436,    3400,  100.0,   41.5,    6.8,    1.1,   10.0,   27.6,    2.1,   23.0,   30.1,    2.6,    1.9,    5.2,    0.0,   82.1,   75.4,   17.9,   24.6,     97,      8,      5,.,     11,     18,     10,     22,     27,     11,.,      5,      0,     51,     69,    49.2,    29.2,    62.4,    40.2,    47.5,    29.0,    59.3,    40.0,"(CONTRACTS OF AUD 100,000)",232741,CME ,232 ,F10,FutOnly
AUSTRALIAN DOLLAR - CHICAGO MERCANTILE EXCHANGE,190702,2019-07-02,232741,CME ,00,232 ,  162186,   69750,    8472,    1895,   19372,   44447,    3696,   36130,   53810,    5353,       0,    8878,       0,  136196,  126551,   25990,   35635,   -2555,   -6654,    2292,    1568,    5118,  -12178,     151,   -2590,     466,    1114,       0,    7128,       0,   -1293,     541,   -1262,   -3096,  100.0,   43.0,    5.2,    1.2,   11.9,   27.4,    2.3,   22.3,   33.2,    3.3,    0.0,    5.5,    0.0,   84.0,   78.0,   16.0,   22.0,    100,      8,      7,.,     13,     17,     13,     23,     28,     11,      0,      4,      0,     57,     70,    49.5,    30.6,    63.9,    41.5,    48.3,    30.4,    60.6,    40.5,"(CONTRACTS OF AUD 100,000)",232741,CME ,232 ,F10,FutOnly
AUSTRALIAN DOLLAR - CHICAGO MERCANTILE EXCHANGE,190625,2019-06-25,232741,CME ,00,232 ,  164741,   76404,    6180,     327,   14254,   56625,    3545,   38720,   53344,    4239,       0,    1750,       0,  137489,  126010,   27252,   38731,  -13660,     381,    1541,       4,     663,   -7357,     208,  -11342,   -3557,    -583,   -2462,      50,       0,  -13131,   -9694,    -529,   -3966,  100.0,   46.4,    3.8,    0.2,    8.7,   34.4,    2.2,   23.5,   32.4,    2.6,    0.0,    1.1,    0.0,   83.5,   76.5,   16.5,   23.5,     91,      8,      6,.,     13,     19,     14,     19,     25,     10,      0,.,      0,     52,     66,    50.7,    32.0,    63.7,    43.5,    50.5,    31.8,    61.5,    43.1,"(CONTRACTS OF AUD 100,000)",232741,CME ,232 ,F10,FutOnly
AUSTRALIAN DOLLAR - CHICAGO MERCANTILE EXCHANGE,190618,2019-06-18,232741,CME ,00,232 ,  178401,   76023,    4639,     323,   13591,   63982,    3337,   50062,   56901,    4822,    2462,    1700,       0,  150620,  135704,   27781,   42697,  -19711,    7461,    -179,  -32622,    -512,    5668,     695,   14500,   10740,   -4488,   -2461,   -1087,       0,  -17427,  -21273,   -2284,    1562,  100.0,   42.6,    2.6,    0.2,    7.6,   35.9,    1.9,   28.1,   31.9,    2.7,    1.4,    1.0,    0.0,   84.4,   76.1,   15.6,   23.9,    101,      9,      4,.,     10,     21,     12,     25,     29,     11,.,.,      0,     55,     71,    46.7,    30.7,    59.0,    41.7,    46.5,    30.5,    57.0,    41.4,"(CONTRACTS OF AUD 100,000)",232741,CME ,232 ,F10,FutOnly
AUSTRALIAN DOLLAR - CHICAGO MERCANTILE EXCHANGE,190611,2019-06-11,232741,CME ,00,232 ,  198112,   68562,    4818,   32945,   14103,   58314,    2642,   35562,   46161,    9310,    4923,    2787,       0,  168047,  156977,   30065,   41135,   27861,   -7869,    -113,   30363,    -725,   -7519,      19,   -3817,    1207,    4260,    2159,     204,      -6,   24384,   28415,    3477,    -554,  100.0,   34.6,    2.4,   16.6,    7.1,   29.4,    1.3,   18.0,   23.3,    4.7,    2.5,    1.4,    0.0,   84.8,   79.2,   15.2,   20.8,     97,      8,      5,      9,     12,     18,     13,     24,     23,     12,      4,.,      0,     63,     68,    46.6,    30.7,    59.2,    43.3,    34.1,    24.9,    44.7,    33.5,"(CONTRACTS OF AUD 100,000)",232741,CME ,232 ,F10,FutOnly
AUSTRALIAN DOLLAR - CHICAGO MERCANTILE EXCHANGE,190604,2019-06-04,232741,CME ,00,232 ,  170251,   76431,    4931,    2582,   14828,   65833,    2623,   39379,   44954,    5050,    2764,    2583,       6,  143663,  128562,   26588,   41689,   -9739,   -6361,     381,    -560,   -1849,   -5402,    -670,     800,   -3868,    1530,    -440,     131,       6,   -7544,   -8452,   -2195,   -1287,  100.0,   44.9,    2.9,    1.5,    8.7,   38.7,    1.5,   23.1,   26.4,    3.0,    1.6,    1.5,    0.0,   84.4,   75.5,   15.6,   24.5,     98,      9,.,      7,     12,     19,     11,     26,     21,     11,.,.,.,     62,     66,    40.9,    32.2,    57.3,    42.8,    40.0,    32.0,    54.8,    42.2,"(CONTRACTS OF AUD 100,000)",232741,CME ,232 ,F10,FutOnly
AUSTRALIAN DOLLAR - CHICAGO MERCANTILE EXCHANGE,190528,2019-05-28,232741,CME ,00,232 ,  179990,   82792,    4550,    3142,   16677,   71235,    3293,   38579,   48822,    3520,    3204,    2452,       0,  151207,  137014,   28783,   42976,   -3257,    1005,    -363,    1182,   -1277,    2206,      85,   -1803,   -1811,    -310,     102,   -3140,       0,   -1016,   -2151,   -2241,   -1106,  100.0,   46.0,    2.5,    1.7,    9.3,   39.6,    1.8,   21.4,   27.1,    2.0,    1.8,    1.4,    0.0,   84.0,   76.1,   16.0,   23.9,    100,      9,.,      6,     12,     21,     13,     21,     26,      9,      4,.,      0,     58,     70,    40.4,    31.9,    58.5,    42.4,    40.0,    31.8,    56.0,    41.7,"(CONTRACTS OF AUD 100,000)",232741,CME ,232 ,F10,FutOnly
AUSTRALIAN DOLLAR - CHICAGO MERCANTILE EXCHANGE,190521,2019-05-21,232741,CME ,00,232 ,  183247,   81787,    4913,    1960,   17954,   69029,    3208,   40382,   50633,    3830,    3102,    5592,       0,  152223,  139165,   31024,   44082,   17665,    4547,    1419,    -569,    1442,    8083,     -36,    9469,    6645,    -217,    1402,     516,       0,   16038,   15841,    1627,    1824,  100.0,   44.6,    2.7,    1.1,    9.8,   37.7,    1.8,   22.0,   27.6,    2.1,    1.7,    3.1,    0.0,   83.1,   75.9,   16.9,   24.1,    103,      9,.,      4,     12,     20,     13,     23,     27,      9,      4,      5,      0,     59,     70,    39.4,    29.5,    56.1,    40.4,    38.6,    29.3,    53.7,    39.8,"(CONTRACTS OF AUD 100,000)",232741,CME ,232 ,F10,FutOnly
AUSTRALIAN DOLLAR - CHICAGO MERCANTILE EXCHANGE,190514,2019-05-14,232741,CME ,00,232 ,  165582,   77240,    3494,    2529,   16512,   60946,    3244,   30913,   43988,    4047,    1700,    5076,       0,  136185,  123324,   29397,   42258,    3003,    1340,       0,    1584,    1031,    1106,    -394,   -2439,    2267,    -627,   -3048,     384,       0,   -2553,    4320,    5556,   -1317,  100.0,   46.6,    2.1,    1.5,   10.0,   36.8,    2.0,   18.7,   26.6,    2.4,    1.0,    3.1,    0.0,   82.2,   74.5,   17.8,   25.5,     92,     10,.,      4,     12,     19,     12,     20,     21,     11,.,      4,      0,     57,     62,    41.9,    31.7,    59.5,    42.4,    40.9,    31.5,    56.9,    42.1,"(CONTRACTS OF AUD 100,000)",232741,CME ,232 ,F10,FutOnly
AUSTRALIAN DOLLAR - CHICAGO MERCANTILE EXCHANGE,190507,2019-05-07,232741,CME ,00,232 ,  162579,   75900,    3494,     945,   15481,   59840,    3638,   33352,   41721,    4674,    4748,    4692,       0,  138738,  119004,   23841,   43575,    2722,     933,     500,      98,    -456,    -558,      -7,    -309,     639,    1092,    -145,       0,       0,    1206,    1764,    1516,     958,  100.0,   46.7,    2.1,    0.6,    9.5,   36.8,    2.2,   20.5,   25.7,    2.9,    2.9,    2.9,    0.0,   85.3,   73.2,   14.7,   26.8,     93,     10,.,.,     13,     18,     13,     20,     23,     11,.,.,      0,     57,     63,    43.0,    32.7,    59.4,    43.9,    42.6,    32.5,    57.4,    43.6,"(CONTRACTS OF AUD 100,000)",232741,CME ,232 ,F10,FutOnly
AUSTRALIAN DOLLAR - CHICAGO MERCANTILE EXCHANGE,190430,2019-04-30,232741,CME ,00,232 ,  159857,   74967,    2994,     847,   15937,   60398,    3645,   33661,   41082,    3582,    4893,    4692,       0,  137532,  117240,   22325,   42617,   17463,   15967,   -1116,     266,    2109,   10769,    -172,    -967,    3243,     503,   -1461,      32,       0,   16245,   13525,    1218,    3938,  100.0,   46.9,    1.9,    0.5,   10.0,   37.8,    2.3,   21.1,   25.7,    2.2,    3.1,    2.9,    0.0,   86.0,   73.3,   14.0,   26.7,     96,     10,.,.,     14,     20,     14,     20,     23,     10,      4,.,      0,     59,     63,    44.2,    33.0,    60.3,    44.1,    44.0,    32.8,    58.4,    43.8,"(CONTRACTS OF AUD 100,000)",232741,CME ,232 ,F10,FutOnly
AUSTRALIAN DOLLAR - CHICAGO MERCANTILE EXCHANGE,190423,2019-04-23,232741,CME ,00,232 ,  142394,   59000,    4110,     581,   13828,   49629,    3817,   34628,   37839,    3079,    6354,    4660,       0,  121287,  103715,   21107,   38679,    1720,     734,   -3248,      78,   -2393,    1570,     870,    1735,   -3088,    -317,    -260,    2600,       0,     447,   -1535,    1273,    3255,  100.0,   41.4,    2.9,    0.4,    9.7,   34.9,    2.7,   24.3,   26.6,    2.2,    4.5,    3.3,    0.0,   85.2,   72.8,   14.8,   27.2,     85,      6,      4,.,     12,     17,     11,     19,     22,     10,.,.,      0,     52,     56,    47.7,    33.7,    61.7,    45.3,    45.8,    33.5,    59.7,    44.5,"(CONTRACTS OF AUD 100,000)",232741,CME ,232 ,F10,FutOnly
AUSTRALIAN DOLLAR - CHICAGO MERCANTILE EXCHANGE,190416,2019-04-16,232741,CME ,00,232 ,  140674,   58266,    7358,     503,   16221,   48059,    2947,   32893,   40927,    3396,    6614,    2060,       0,  120840,  105250,   19834,   35424,   -5902,   -6353,    3723,     347,       6,   -5775,    -244,    1660,   -3485,      77,     650,     260,       0,   -3857,   -5097,   -2045,    -805,  100.0,   41.4,    5.2,    0.4,   11.5,   34.2,    2.1,   23.4,   29.1,    2.4,    4.7,    1.5,    0.0,   85.9,   74.8,   14.1,   25.2,     90,      6,      6,.,     12,     19,     10,     20,     22,     12,.,.,      0,     53,     61,    47.4,    33.2,    61.7,    45.3,    45.5,    32.9,    59.8,    45.0,"(CONTRACTS OF AUD 100,000)",232741,CME ,232 ,F10,FutOnly
AUSTRALIAN DOLLAR - CHICAGO MERCANTILE EXCHANGE,190409,2019-04-09,232741,CME ,00,232 ,  146576,   64619,    3635,     156,   16215,   53834,    3191,   31233,   44412,    3319,    5964,    1800,       0,  124697,  110347,   21879,   36229,   -3252,   -2166,     647,    -619,    1289,   -1624,    -598,    1460,    1988,     111,     470,    -440,       0,     -53,    -535,   -3199,   -2717,  100.0,   44.1,    2.5,    0.1,   11.1,   36.7,    2.2,   21.3,   30.3,    2.3,    4.1,    1.2,    0.0,   85.1,   75.3,   14.9,   24.7,     85,      6,.,.,     13,     21,     12,     17,     21,      9,.,.,      0,     51,     56,    49.2,    32.2,    65.0,    45.3,    47.5,    32.0,    63.2,    45.0,"(CONTRACTS OF AUD 100,000)",232741,CME ,232 ,F10,FutOnly
AUSTRALIAN DOLLAR - CHICAGO MERCANTILE EXCHANGE,190402,2019-04-02,232741,CME ,00,232 ,  149828,   66785,    2988,     775,   14926,   55458,    3789,   29773,   42424,    3208,    5494,    2240,       0,  124750,  110882,   25078,   38946,    8506,   -1817,     368,     687,    -798,    7291,     727,    6301,     680,      70,     -40,   -2011,       0,    5130,    7812,    3376,     694,  100.0,   44.6,    2.0,    0.5,   10.0,   37.0,    2.5,   19.9,   28.3,    2.1,    3.7,    1.5,    0.0,   83.3,   74.0,   16.7,   26.0,     89,     10,.,.,     13,     21,     12,     21,     18,      9,.,.,      0,     55,     57,    48.9,    31.6,    61.3,    44.7,    47.1,    31.4,    59.4,    44.4,"(CONTRACTS OF AUD 100,000)",232741,CME ,232 ,F10,FutOnly
AUSTRALIAN DOLLAR - CHICAGO MERCANTILE EXCHANGE,190326,2019-03-26,232741,CME ,00,232 ,  141322,   68602,    2620,      88,   15724,   48167,    3062,   23472,   41744,    3138,    5534,    4251,       0,  119620,  103070,   21702,   38252,   -1060,    2126,      67,    -131,    2202,     -49,    -203,     -49,     136,    -402,      70,     871,       0,    3613,     289,   -4673,   -1349,  100.0,   48.5,    1.9,    0.1,   11.1,   34.1,    2.2,   16.6,   29.5,    2.2,    3.9,    3.0,    0.0,   84.6,   72.9,   15.4,   27.1,     86,      7,.,.,     13,     19,     10,     20,     19,      9,.,      4,      0,     48,     58,    52.9,    30.3,    66.2,    44.3,    51.1,    30.0,    64.3,    43.9,"(CONTRACTS OF AUD 100,000)",232741,CME ,232 ,F10,FutOnly
AUSTRALIAN DOLLAR - CHICAGO MERCANTILE EXCHANGE,190319,2019-03-19,232741,CME ,00,232 ,  142382,   66476,    2553,     219,   13522,   48216,    3265,   23521,   41608,    3540,    5464,    3380,       0,  116007,  102781,   26375,   39601,  -20691,   -4228,   -7802,  -11621,    -103,   -1231,     407,   -1810,    5424,   -4032,     110,      31,       0,  -21277,  -18824,     586,   -1867,  100.0,   46.7,    1.8,    0.2,    9.5,   33.9,    2.3,   16.5,   29.2,    2.5,    3.8,    2.4,    0.0,   81.5,   72.2,   18.5,   27.8,     90,      7,.,.,     13,     20,     12,     20,     24,     11,.,.,      0,     52,     62,    52.2,    25.9,    65.4,    39.9,    50.4,    25.7,    63.5,    39.6,"(CONTRACTS OF AUD 100,000)",232741,CME ,232 ,F10,FutOnly
AUSTRALIAN DOLLAR - CHICAGO MERCANTILE EXCHANGE,190312,2019-03-12,232741,CME ,00,232 ,  163073,   70704,   10355,   11840,   13625,   49447,    2858,   25331,   36184,    7572,    5354,    3349,       0,  137284,  121605,   25789,   41468,   21300,    8275,     215,    7842,   -1202,    4419,    -572,    1449,    2566,    2948,       9,     717,       0,   18749,   18135,    2551,    3165,  100.0,   43.4,    6.3,    7.3,    8.4,   30.3,    1.8,   15.5,   22.2,    4.6,    3.3,    2.1,    0.0,   84.2,   74.6,   15.8,   25.4,     94,      9,      5,      7,     11,     22,     12,     18,     23,     16,.,.,      0,     53,     76,    47.4,    20.9,    61.6,    33.7,    41.1,    20.7,    53.8,    33.4,"(CONTRACTS OF AUD 100,000)",232741,CME ,232 ,F10,FutOnly
AUSTRALIAN DOLLAR - CHICAGO MERCANTILE EXCHANGE,190305,2019-03-05,232741,CME ,00,232 ,  141773,   62429,   10140,    3998,   14827,   45028,    3430,   23882,   33618,    4624,    5345,    2632,       0,  118535,  103470,   23238,   38303,   11271,    8160,    -134,     162,   -4175,    7878,     494,    5479,    2257,     348,     -59,   -1000,       0,   10409,   10005,     862,    1266,  100.0,   44.0,    7.2,    2.8,   10.5,   31.8,    2.4,   16.8,   23.7,    3.3,    3.8,    1.9,    0.0,   83.6,   73.0,   16.4,   27.0,     94,     10,      5,      5,     12,     21,     10,     19,     22,     13,.,.,      0,     54,     68,    46.2,    21.4,    59.8,    35.2,    42.0,    21.4,    54.8,    35.0,"(CONTRACTS OF AUD 100,000)",232741,CME ,232 ,F10,FutOnly
AUSTRALIAN DOLLAR - CHICAGO MERCANTILE EXCHANGE,190226,2019-02-26,232741,CME ,00,232 ,  130502,   54269,   10274,    3836,   19002,   37150,    2936,   18403,   31361,    4276,    5404,    3632,       0,  108126,   93465,   22376,   37037,    1279,   -2122,     522,     883,    5602,     349,     387,   -1938,    1822,    -946,     973,   -1742,       0,    2839,    1275,   -1560,       4,  100.0,   41.6,    7.9,    2.9,   14.6,   28.5,    2.2,   14.1,   24.0,    3.3,    4.1,    2.8,    0.0,   82.9,   71.6,   17.1,   28.4,     88,      9,      6,      4,     13,     20,      8,     14,     22,     12,.,.,      0,     50,     62,    45.4,    20.1,    59.8,    33.0,    42.1,    20.1,    54.8,    32.7,"(CONTRACTS OF AUD 100,000)",232741,CME ,232 ,F10,FutOnly
AUSTRALIAN DOLLAR - CHICAGO MERCANTILE EXCHANGE,190219,2019-02-19,232741,CME ,00,232 ,  129223,   56391,    9752,    2953,   13400,   36801,    2549,   20341,   29539,    5222,    4431,    5374,       0,  105287,   92190,   23936,   37033,    1880,    7385,   -1458,     344,   -6345,    -566,      97,   -1993,    1095,     275,     537,     150,       0,     300,     -63,    1580,    1943,  100.0,   43.6,    7.5,    2.3,   10.4,   28.5,    2.0,   15.7,   22.9,    4.0,    3.4,    4.2,    0.0,   81.5,   71.3,   18.5,   28.7,     85,      9,      6,      4,      9,     19,      8,     14,     22,     14,.,.,      0,     47,     64,    47.2,    21.8,    61.2,    32.6,    44.3,    21.6,    57.2,    31.3,"(CONTRACTS OF AUD 100,000)",232741,CME ,232 ,F10,FutOnly
AUSTRALIAN DOLLAR - CHICAGO MERCANTILE EXCHANGE,190212,2019-02-12,232741,CME ,00,232 ,  127343,   49006,   11210,    2609,   19745,   37367,    2452,   22334,   28444,    4947,    3894,    5224,       0,  104987,   92253,   22356,   35090,    6753,    5716,   -1672,    1409,   -1551,    7298,      -2,    2845,   -6088,     621,       0,    1114,     -38,    9000,    2642,   -2247,    4111,  100.0,   38.5,    8.8,    2.0,   15.5,   29.3,    1.9,   17.5,   22.3,    3.9,    3.1,    4.1,    0.0,   82.4,   72.4,   17.6,   27.6,     92,      7,      9,.,     10,     19,      8,     18,     23,     18,.,.,      0,     51,     70,    50.8,    21.3,    61.8,    31.9,    48.8,    21.1,    59.5,    31.1,"(CONTRACTS OF AUD 100,000)",232741,CME ,232 ,F10,FutOnly
AUSTRALIAN DOLLAR - CHICAGO MERCANTILE EXCHANGE,190205,2019-02-05,232741,CME ,00,232 ,  120590,   43290,   12882,    1200,   21296,   30069,    2454,   19489,   34532,    4326,    3894,    4110,      38,   95987,   89611,   24603,   30979,   -1265,   -5283,    4793,    -723,    2398,   -3316,    -171,   -2842,    -431,     875,     -41,     246,      -1,   -5788,    1272,    4523,   -2537,  100.0,   35.9,   10.7,    1.0,   17.7,   24.9,    2.0,   16.2,   28.6,    3.6,    3.2,    3.4,    0.0,   79.6,   74.3,   20.4,   25.7,     80,      8,      8,.,      8,     16,      6,     12,     22,     10,.,      4,.,     43,     56,    47.7,    22.8,    59.5,    34.8,    45.8,    22.5,    57.6,    33.8,"(CONTRACTS OF AUD 100,000)",232741,CME ,232 ,F10,FutOnly
AUSTRALIAN DOLLAR - CHICAGO MERCANTILE EXCHANGE,190129,2019-01-29,232741,CME ,00,232 ,  121855,   48573,    8089,    1923,   18898,   33385,    2625,   22331,   34963,    3451,    3935,    3864,      39,  101775,   88339,   20080,   33516,    1339,   -2735,     451,    -184,    2029,    2258,     261,    2547,     538,     -66,    1008,    -124,       1,    2861,    3135,   -1522,   -1796,  100.0,   39.9,    6.6,    1.6,   15.5,   27.4,    2.2,   18.3,   28.7,    2.8,    3.2,    3.2,    0.0,   83.5,   72.5,   16.5,   27.5,     88,      9,      6,.,      8,     16,      6,     18,     24,     13,.,      5,.,     49,     62,    50.0,    24.7,    62.7,    34.7,    48.2,    24.4,    59.3,    34.2,"(CONTRACTS OF AUD 100,000)",232741,CME ,232 ,F10,FutOnly
AUSTRALIAN DOLLAR - CHICAGO MERCANTILE EXCHANGE,190122,2019-01-22,232741,CME ,00,232 ,  120516,   51308,    7638,    2107,   16869,   31127,    2364,   19784,   34425,    3517,    2927,    3988,      38,   98914,   85204,   21602,   35312,   -4828,   -1991,     982,    -133,   -1063,    -217,    -168,   -2559,   -6247,     -50,       0,    1108,     -30,   -5994,   -4755,    1166,     -73,  100.0,   42.6,    6.3,    1.7,   14.0,   25.8,    2.0,   16.4,   28.6,    2.9,    2.4,    3.3,    0.0,   82.1,   70.7,   17.9,   29.3,     80,     10,      5,.,      8,     13,      5,     15,     24,     11,.,      4,.,     42,     57,    49.0,    24.6,    63.4,    34.9,    47.2,    24.3,    59.9,    34.6,"(CONTRACTS OF AUD 100,000)",232741,CME ,232 ,F10,FutOnly
AUSTRALIAN DOLLAR - CHICAGO MERCANTILE EXCHANGE,190115,2019-01-15,232741,CME ,00,232 ,  125344,   53299,    6656,    2240,   17932,   31344,    2532,   22343,   40672,    3567,    2927,    2880,      68,  104908,   89959,   20436,   35385,   -2132,   -2987,     428,    1127,    1969,   -3527,    -561,   -2019,    4801,       5,     972,   -1189,       0,   -1494,    1084,    -638,   -3216,  100.0,   42.5,    5.3,    1.8,   14.3,   25.0,    2.0,   17.8,   32.4,    2.8,    2.3,    2.3,    0.1,   83.7,   71.8,   16.3,   28.2,     88,      9,      5,.,     10,     16,      6,     17,     26,     12,.,      4,.,     47,     63,    48.8,    24.4,    63.1,    35.8,    47.1,    24.1,    59.8,    35.5,"(CONTRACTS OF AUD 100,000)",232741,CME ,232 ,F10,FutOnly
AUSTRALIAN DOLLAR - CHICAGO MERCANTILE EXCHANGE,190108,2019-01-08,232741,CME ,00,232 ,  127476,   56286,    6228,    1113,   15963,   34871,    3093,   24362,   35871,    3562,    1955,    4069,      68,  106402,   88875,   21074,   38601,    5048,   10962,    2122,    -420,    2346,   -3895,     239,   -7808,    6904,     -32,     814,     283,      46,    6147,    5247,   -1099,    -199,  100.0,   44.2,    4.9,    0.9,   12.5,   27.4,    2.4,   19.1,   28.1,    2.8,    1.5,    3.2,    0.1,   83.5,   69.7,   16.5,   30.3,     91,     10,      5,.,      6,     20,      5,     22,     21,     11,.,      6,.,     48,     63,    47.3,    24.7,    59.7,    35.1,    45.7,    24.5,    57.2,    34.7,"(CONTRACTS OF AUD 100,000)",232741,CME ,232 ,F10,FutOnly
NEW ZEALAND DOLLAR - CHICAGO MERCANTILE EXCHANGE,191231,2019-12-31,112741,CME ,00,112 ,   48744,   11971,    2972,       0,   10192,   12881,     355,   15695,   25222,     327,    4850,    1768,       6,   43396,   43531,    5348,    5213,    2114,   -5447,     908,       0,    1533,   -2377,     -21,     785,    4925,    -214,    3369,    -665,       0,       5,    2556,    2109,    -442,  100.0,   24.6,    6.1,    0.0,   20.9,   26.4,    0.7,   32.2,   51.7,    0.7,    9.9,    3.6,    0.0,   89.0,   89.3,   11.0,   10.7,     95,      7,.,      0,     12,     12,.,     30,     16,.,      7,      8,.,     60,     40,    26.9,    42.8,    40.3,    63.3,    26.9,    42.8,    40.3,    63.3,"(CONTRACTS OF NZD 100,000)",112741,CME ,112 ,F15,FutOnly
NEW ZEALAND DOLLAR - CHICAGO MERCANTILE EXCHANGE,191224,2019-12-24,112741,CME ,00,112 ,   46630,   17418,    2064,       0,    8659,   15258,     376,   14910,   20297,     541,    1481,    2433,       6,   43391,   40975,    3239,    5655,    2290,    -201,    1558,       0,    -180,   -2567,     -43,    3496,    4108,    -612,    -149,    -203,       0,    2311,    2241,     -21,      49,  100.0,   37.4,    4.4,    0.0,   18.6,   32.7,    0.8,   32.0,   43.5,    1.2,    3.2,    5.2,    0.0,   93.1,   87.9,    6.9,   12.1,     95,      8,.,      0,     11,     14,      4,     28,     17,.,      5,     10,.,     56,     47,    35.1,    39.2,    50.4,    58.1,    35.1,    39.1,    50.0,    58.0,"(CONTRACTS OF NZD 100,000)",112741,CME ,112 ,F15,FutOnly
NEW ZEALAND DOLLAR - CHICAGO MERCANTILE EXCHANGE,191217,2019-12-17,112741,CME ,00,112 ,   44340,   17619,     506,       0,    8839,   17825,     419,   11414,   16189,    1153,    1630,    2636,       6,   41080,   38734,    3260,    5606,  -30854,  -22393,   -2796,   -9250,     560,   -2059,    -425,     433,  -16085,      51,     412,    -325,       0,  -30612,  -30889,    -242,      35,  100.0,   39.7,    1.1,    0.0,   19.9,   40.2,    0.9,   25.7,   36.5,    2.6,    3.7,    5.9,    0.0,   92.6,   87.4,    7.4,   12.6,     97,      8,.,      0,     10,     17,.,     27,     17,      5,      6,     10,.,     55,     50,    38.4,    40.1,    53.3,    58.3,    38.4,    40.1,    53.3,    57.9,"(CONTRACTS OF NZD 100,000)",112741,CME ,112 ,F15,FutOnly
NEW ZEALAND DOLLAR - CHICAGO MERCANTILE EXCHANGE,191210,2019-12-10,112741,CME ,00,112 ,   75194,   40012,    3302,    9250,    8279,   19884,     844,   10981,   32274,    1102,    1218,    2961,       6,   71692,   69623,    3502,    5571,    3299,   -3184,    -588,    8474,    -410,   -5078,     335,   -1552,     267,       2,    -482,    -227,       0,    3183,    3185,     116,     114,  100.0,   53.2,    4.4,   12.3,   11.0,   26.4,    1.1,   14.6,   42.9,    1.5,    1.6,    3.9,    0.0,   95.3,   92.6,    4.7,    7.4,     95,      6,      5,      7,      9,     19,.,     21,     23,      7,.,      8,.,     49,     63,    63.2,    31.4,    72.5,    49.1,    57.2,    29.0,    64.5,    44.2,"(CONTRACTS OF NZD 100,000)",112741,CME ,112 ,F15,FutOnly
NEW ZEALAND DOLLAR - CHICAGO MERCANTILE EXCHANGE,191203,2019-12-03,112741,CME ,00,112 ,   71895,   43196,    3890,     776,    8689,   24962,     509,   12533,   32007,    1100,    1700,    3188,       6,   68509,   66438,    3386,    5457,    1055,   -5990,    2722,     479,    3704,   -6052,     307,    1698,    2856,     625,    -186,     219,       0,     637,    1156,     418,    -101,  100.0,   60.1,    5.4,    1.1,   12.1,   34.7,    0.7,   17.4,   44.5,    1.5,    2.4,    4.4,    0.0,   95.3,   92.4,    4.7,    7.6,    102,      7,      6,      4,      7,     20,.,     28,     21,     10,      5,      8,.,     56,     64,    62.7,    31.7,    71.8,    50.3,    62.6,    31.0,    71.7,    48.7,"(CONTRACTS OF NZD 100,000)",112741,CME ,112 ,F15,FutOnly
NEW ZEALAND DOLLAR - CHICAGO MERCANTILE EXCHANGE,191126,2019-11-26,112741,CME ,00,112 ,   70840,   49186,    1168,     297,    4985,   31014,     202,   10835,   29151,     475,    1886,    2969,       6,   67872,   65282,    2968,    5558,   -2233,    -917,   -1068,     127,     923,   -1355,     -52,   -1339,     -64,     -50,   -1131,     254,       0,   -2439,   -2208,     206,     -25,  100.0,   69.4,    1.6,    0.4,    7.0,   43.8,    0.3,   15.3,   41.2,    0.7,    2.7,    4.2,    0.0,   95.8,   92.2,    4.2,    7.8,    100,      9,.,.,      6,     24,.,     19,     26,      7,      6,      8,.,     45,     67,    65.5,    32.5,    73.9,    50.8,    65.4,    32.2,    73.9,    50.3,"(CONTRACTS OF NZD 100,000)",112741,CME ,112 ,F15,FutOnly
NEW ZEALAND DOLLAR - CHICAGO MERCANTILE EXCHANGE,191119,2019-11-19,112741,CME ,00,112 ,   73073,   50103,    2236,     170,    4062,   32369,     254,   12174,   29215,     525,    3017,    2715,       6,   70311,   67490,    2762,    5583,   -6321,   -2271,    -100,     -82,     333,   -3812,     181,   -4294,   -2349,      64,      74,     -61,       0,   -5995,   -6159,    -326,    -162,  100.0,   68.6,    3.1,    0.2,    5.6,   44.3,    0.3,   16.7,   40.0,    0.7,    4.1,    3.7,    0.0,   96.2,   92.4,    3.8,    7.6,    104,      9,.,.,      5,     26,.,     25,     23,      8,      7,      7,.,     50,     66,    64.4,    32.2,    73.8,    50.6,    64.4,    31.9,    73.7,    50.2,"(CONTRACTS OF NZD 100,000)",112741,CME ,112 ,F15,FutOnly
NEW ZEALAND DOLLAR - CHICAGO MERCANTILE EXCHANGE,191112,2019-11-12,112741,CME ,00,112 ,   79394,   52374,    2336,     252,    3729,   36181,      73,   16468,   31564,     461,    2943,    2776,       6,   76306,   73649,    3088,    5745,    4068,    1823,     200,      -3,    -525,    3545,    -334,    3006,     636,     149,       6,    -248,       0,    4122,    3945,     -54,     123,  100.0,   66.0,    2.9,    0.3,    4.7,   45.6,    0.1,   20.7,   39.8,    0.6,    3.7,    3.5,    0.0,   96.1,   92.8,    3.9,    7.2,    104,      9,.,.,      5,     26,.,     22,     27,      6,      6,      7,.,     45,     69,    61.0,    30.0,    70.9,    48.7,    61.0,    30.0,    70.9,    48.7,"(CONTRACTS OF NZD 100,000)",112741,CME ,112 ,F15,FutOnly
NEW ZEALAND DOLLAR - CHICAGO MERCANTILE EXCHANGE,191105,2019-11-05,112741,CME ,00,112 ,   75326,   50551,    2136,     255,    4254,   32636,     407,   13462,   30928,     312,    2937,    3024,       6,   72184,   69704,    3142,    5622,    2848,     592,    2115,     104,     513,      24,    -182,    -369,     880,     -77,    2282,     160,       0,    2863,    3024,     -15,    -176,  100.0,   67.1,    2.8,    0.3,    5.6,   43.3,    0.5,   17.9,   41.1,    0.4,    3.9,    4.0,    0.0,   95.8,   92.5,    4.2,    7.5,    107,     10,.,.,      6,     27,.,     24,     24,      7,      7,      8,.,     52,     67,    62.5,    29.4,    71.3,    47.2,    62.5,    28.9,    71.3,    46.7,"(CONTRACTS OF NZD 100,000)",112741,CME ,112 ,F15,FutOnly
NEW ZEALAND DOLLAR - CHICAGO MERCANTILE EXCHANGE,191029,2019-10-29,112741,CME ,00,112 ,   72478,   49959,      21,     151,    3741,   32612,     589,   13831,   30048,     389,     655,    2864,       6,   69321,   66680,    3157,    5798,   -1021,    -658,     -24,     148,       0,     458,    -561,    -510,    -967,      37,      88,      60,       0,   -1456,    -849,     435,    -172,  100.0,   68.9,    0.0,    0.2,    5.2,   45.0,    0.8,   19.1,   41.5,    0.5,    0.9,    4.0,    0.0,   95.6,   92.0,    4.4,    8.0,    107,      9,.,.,      5,     27,.,     22,     30,      5,      5,      8,.,     45,     72,    64.1,    30.4,    73.3,    51.1,    64.1,    30.4,    73.3,    50.6,"(CONTRACTS OF NZD 100,000)",112741,CME ,112 ,F15,FutOnly
NEW ZEALAND DOLLAR - CHICAGO MERCANTILE EXCHANGE,191022,2019-10-22,112741,CME ,00,112 ,   73499,   50617,      45,       3,    3741,   32154,    1150,   14341,   31015,     352,     567,    2804,       6,   70777,   67529,    2722,    5970,   -1297,    1061,      45,    -229,     -78,   -1885,     642,   -2057,     138,    -189,    -107,      70,       0,    -957,   -1408,    -340,     111,  100.0,   68.9,    0.1,    0.0,    5.1,   43.7,    1.6,   19.5,   42.2,    0.5,    0.8,    3.8,    0.0,   96.3,   91.9,    3.7,    8.1,    102,      9,.,.,      5,     28,      4,     20,     27,      4,      4,      8,.,     43,     69,    62.8,    31.1,    73.4,    51.4,    62.8,    31.1,    73.4,    50.6,"(CONTRACTS OF NZD 100,000)",112741,CME ,112 ,F15,FutOnly
NEW ZEALAND DOLLAR - CHICAGO MERCANTILE EXCHANGE,191015,2019-10-15,112741,CME ,00,112 ,   74796,   49556,       0,     232,    3819,   34039,     508,   16398,   30877,     541,     674,    2734,       6,   71734,   68937,    3062,    5859,    1003,    1313,     -33,     -21,     239,    2043,    -694,     331,    -152,      55,    -554,    -121,       0,     669,    1077,     334,     -74,  100.0,   66.3,    0.0,    0.3,    5.1,   45.5,    0.7,   21.9,   41.3,    0.7,    0.9,    3.7,    0.0,   95.9,   92.2,    4.1,    7.8,    110,     10,      0,.,      5,     29,.,     22,     32,      4,      5,      7,.,     47,     73,    62.3,    30.5,    72.2,    49.0,    62.3,    30.1,    72.2,    48.7,"(CONTRACTS OF NZD 100,000)",112741,CME ,112 ,F15,FutOnly
NEW ZEALAND DOLLAR - CHICAGO MERCANTILE EXCHANGE,191008,2019-10-08,112741,CME ,00,112 ,   73793,   48243,      33,     253,    3580,   31996,    1202,   16067,   31029,     486,    1228,    2855,       6,   71065,   67860,    2728,    5933,   -1370,     293,      26,     -80,      58,   -1818,     715,   -2208,    -457,      38,     255,     126,       0,    -929,   -1450,    -441,      80,  100.0,   65.4,    0.0,    0.3,    4.9,   43.4,    1.6,   21.8,   42.0,    0.7,    1.7,    3.9,    0.0,   96.3,   92.0,    3.7,    8.0,    109,      9,.,.,      5,     29,      4,     23,     28,      4,      6,      8,.,     49,     71,    63.3,    30.9,    72.9,    50.1,    63.3,    30.6,    72.9,    49.8,"(CONTRACTS OF NZD 100,000)",112741,CME ,112 ,F15,FutOnly
NEW ZEALAND DOLLAR - CHICAGO MERCANTILE EXCHANGE,191001,2019-10-01,112741,CME ,00,112 ,   75163,   47950,       7,     333,    3522,   33814,     487,   18275,   31486,     448,     973,    2729,       6,   71994,   69310,    3169,    5853,      89,     623,       4,     332,     693,    -754,       3,    -867,     376,     -35,    -753,      23,       0,      -4,     -51,      93,     140,  100.0,   63.8,    0.0,    0.4,    4.7,   45.0,    0.6,   24.3,   41.9,    0.6,    1.3,    3.6,    0.0,   95.8,   92.2,    4.2,    7.8,    109,      9,.,.,      6,     28,      4,     23,     30,.,      4,      8,.,     45,     74,    62.1,    31.1,    71.8,    50.7,    62.1,    31.1,    71.8,    50.7,"(CONTRACTS OF NZD 100,000)",112741,CME ,112 ,F15,FutOnly
NEW ZEALAND DOLLAR - CHICAGO MERCANTILE EXCHANGE,190924,2019-09-24,112741,CME ,00,112 ,   75074,   47327,       3,       1,    2829,   34568,     484,   19142,   31110,     483,    1726,    2706,       6,   71998,   69361,    3076,    5713,    6666,    2188,      -9,       1,     382,    4702,      17,    3222,    2302,    -127,     501,      24,       0,    6184,    6910,     482,    -244,  100.0,   63.0,    0.0,    0.0,    3.8,   46.0,    0.6,   25.5,   41.4,    0.6,    2.3,    3.6,    0.0,   95.9,   92.4,    4.1,    7.6,    113,     10,.,.,      5,     30,      4,     21,     34,      4,      4,      8,.,     46,     77,    63.0,    29.6,    71.8,    50.3,    63.0,    29.4,    71.8,    50.0,"(CONTRACTS OF NZD 100,000)",112741,CME ,112 ,F15,FutOnly
NEW ZEALAND DOLLAR - CHICAGO MERCANTILE EXCHANGE,190917,2019-09-17,112741,CME ,00,112 ,   68408,   45139,      12,       0,    2447,   29866,     467,   15920,   28808,     610,    1225,    2682,       6,   65814,   62451,    2594,    5957,   -4740,    5593,      12,   -2573,    -733,   -2066,    -509,   -5361,    1523,   -1734,     363,     280,       0,   -4954,   -5067,     214,     327,  100.0,   66.0,    0.0,    0.0,    3.6,   43.7,    0.7,   23.3,   42.1,    0.9,    1.8,    3.9,    0.0,   96.2,   91.3,    3.8,    8.7,    104,      9,.,      0,      4,     28,.,     23,     26,      6,      5,      8,.,     46,     67,    65.6,    31.6,    75.7,    51.9,    65.6,    31.4,    75.7,    51.4,"(CONTRACTS OF NZD 100,000)",112741,CME ,112 ,F15,FutOnly
NEW ZEALAND DOLLAR - CHICAGO MERCANTILE EXCHANGE,190910,2019-09-10,112741,CME ,00,112 ,   73148,   39546,       0,    2573,    3180,   31932,     976,   21281,   27285,    2344,     862,    2402,       6,   70768,   67518,    2380,    5630,    5321,    -641,       0,    2464,     -29,     508,     464,    2910,    -546,    1098,    -326,     -46,       1,    5941,    3943,    -620,    1378,  100.0,   54.1,    0.0,    3.5,    4.3,   43.7,    1.3,   29.1,   37.3,    3.2,    1.2,    3.3,    0.0,   96.7,   92.3,    3.3,    7.7,    107,     10,      0,.,      7,     28,.,     26,     25,     10,      4,      7,.,     54,     69,    54.0,    30.1,    68.9,    49.8,    54.0,    29.9,    65.6,    48.6,"(CONTRACTS OF NZD 100,000)",112741,CME ,112 ,F15,FutOnly
NEW ZEALAND DOLLAR - CHICAGO MERCANTILE EXCHANGE,190903,2019-09-03,112741,CME ,00,112 ,   67827,   40187,       0,     109,    3209,   31424,     512,   18371,   27831,    1246,    1188,    2448,       5,   64827,   63575,    3000,    4252,    3155,    2861,       0,      19,    -140,    2915,      28,    1402,    2174,     245,     194,    -344,       0,    4609,    5037,   -1454,   -1882,  100.0,   59.2,    0.0,    0.2,    4.7,   46.3,    0.8,   27.1,   41.0,    1.8,    1.8,    3.6,    0.0,   95.6,   93.7,    4.4,    6.3,    113,     12,      0,.,      7,     28,.,     24,     29,      9,      6,      7,.,     53,     74,    55.3,    29.7,    67.0,    48.9,    55.0,    29.6,    66.5,    48.2,"(CONTRACTS OF NZD 100,000)",112741,CME ,112 ,F15,FutOnly
NEW ZEALAND DOLLAR - CHICAGO MERCANTILE EXCHANGE,190827,2019-08-27,112741,CME ,00,112 ,   64672,   37326,       0,      90,    3349,   28509,     484,   16969,   25657,    1001,     994,    2792,       5,   60218,   58538,    4454,    6134,    1912,    1770,   -1597,      -2,     517,     902,      96,    -747,    4204,   -1320,    -183,     -67,       0,     131,    2216,    1781,    -304,  100.0,   57.7,    0.0,    0.1,    5.2,   44.1,    0.7,   26.2,   39.7,    1.5,    1.5,    4.3,    0.0,   93.1,   90.5,    6.9,    9.5,    110,     11,      0,.,      7,     25,.,     22,     31,      8,      5,      9,.,     48,     75,    55.9,    29.6,    68.5,    48.2,    55.7,    29.6,    68.3,    47.5,"(CONTRACTS OF NZD 100,000)",112741,CME ,112 ,F15,FutOnly
NEW ZEALAND DOLLAR - CHICAGO MERCANTILE EXCHANGE,190820,2019-08-20,112741,CME ,00,112 ,   62760,   35556,    1597,      92,    2832,   27607,     388,   17716,   21453,    2321,    1177,    2859,       5,   60087,   56322,    2673,    6438,    2865,    2307,   -3474,      83,    -342,    3919,     -25,     852,    2103,      54,     -78,     244,       0,    2851,    2904,      14,     -39,  100.0,   56.7,    2.5,    0.1,    4.5,   44.0,    0.6,   28.2,   34.2,    3.7,    1.9,    4.6,    0.0,   95.7,   89.7,    4.3,   10.3,    110,     10,.,.,      6,     22,.,     22,     33,     11,      5,     10,.,     50,     75,    55.5,    25.6,    68.4,    43.1,    55.3,    24.8,    68.1,    40.9,"(CONTRACTS OF NZD 100,000)",112741,CME ,112 ,F15,FutOnly
NEW ZEALAND DOLLAR - CHICAGO MERCANTILE EXCHANGE,190813,2019-08-13,112741,CME ,00,112 ,   59895,   33249,    5071,       9,    3174,   23688,     413,   16864,   19350,    2267,    1255,    2615,       5,   57236,   53418,    2659,    6477,    2764,     671,   -3757,       9,   -6005,    4970,    -185,    8464,    1273,    -529,     627,     389,       5,    3057,    2175,    -293,     589,  100.0,   55.5,    8.5,    0.0,    5.3,   39.5,    0.7,   28.2,   32.3,    3.8,    2.1,    4.4,    0.0,   95.6,   89.2,    4.4,   10.8,    106,      9,.,.,      7,     21,.,     22,     31,      9,      5,      9,.,     51,     70,    55.4,    25.9,    69.0,    43.1,    55.3,    24.6,    68.5,    39.8,"(CONTRACTS OF NZD 100,000)",112741,CME ,112 ,F15,FutOnly
NEW ZEALAND DOLLAR - CHICAGO MERCANTILE EXCHANGE,190806,2019-08-06,112741,CME ,00,112 ,   57131,   32578,    8828,       0,    9179,   18718,     598,    8400,   18077,    2796,     628,    2226,       0,   54179,   51243,    2952,    5888,    3959,     187,   -1430,       0,     717,    3509,     278,    1922,     807,     353,     197,     112,       0,    3654,    3629,     305,     330,  100.0,   57.0,   15.5,    0.0,   16.1,   32.8,    1.0,   14.7,   31.6,    4.9,    1.1,    3.9,    0.0,   94.8,   89.7,    5.2,   10.3,     96,      6,      5,      0,     10,     15,.,     19,     32,      9,.,      6,      0,     44,     62,    61.8,    25.8,    72.3,    40.5,    61.8,    23.3,    71.3,    36.7,"(CONTRACTS OF NZD 100,000)",112741,CME ,112 ,F15,FutOnly
NEW ZEALAND DOLLAR - CHICAGO MERCANTILE EXCHANGE,190730,2019-07-30,112741,CME ,00,112 ,   53172,   32391,   10258,       0,    8462,   15209,     320,    6478,   17270,    2443,     431,    2114,       0,   50525,   47614,    2647,    5558,    -894,    -220,    -346,       0,    -945,    1792,      52,     182,   -2856,     464,     -38,     884,       0,    -505,     -10,    -389,    -884,  100.0,   60.9,   19.3,    0.0,   15.9,   28.6,    0.6,   12.2,   32.5,    4.6,    0.8,    4.0,    0.0,   95.0,   89.5,    5.0,   10.5,     82,      6,      5,      0,     10,     11,.,     19,     23,      9,.,      5,      0,     42,     50,    64.3,    29.7,    75.8,    48.0,    64.3,    28.0,    74.3,    45.0,"(CONTRACTS OF NZD 100,000)",112741,CME ,112 ,F15,FutOnly
NEW ZEALAND DOLLAR - CHICAGO MERCANTILE EXCHANGE,190723,2019-07-23,112741,CME ,00,112 ,   54066,   32611,   10604,       0,    9407,   13417,     268,    6296,   20126,    1979,     469,    1230,       0,   51030,   47624,    3036,    6442,    4041,   -1756,    6079,       0,    6156,   -3649,    -323,     764,    1783,      23,    -775,    -657,      -3,    4086,    3253,     -45,     788,  100.0,   60.3,   19.6,    0.0,   17.4,   24.8,    0.5,   11.6,   37.2,    3.7,    0.9,    2.3,    0.0,   94.4,   88.1,    5.6,   11.9,     83,      6,      5,      0,     12,     11,.,     18,     22,      5,      4,      5,      0,     42,     48,    64.7,    30.3,    75.8,    48.8,    64.7,    28.4,    74.6,    45.9,"(CONTRACTS OF NZD 100,000)",112741,CME ,112 ,F15,FutOnly
NEW ZEALAND DOLLAR - CHICAGO MERCANTILE EXCHANGE,190716,2019-07-16,112741,CME ,00,112 ,   50025,   34367,    4525,       0,    3251,   17066,     591,    5532,   18343,    1956,    1244,    1887,       3,   46944,   44371,    3081,    5654,   -4197,   -5119,    1956,       0,     726,   -8095,    -247,     196,    2443,     -31,    -115,     423,       0,   -4590,   -3551,     393,    -646,  100.0,   68.7,    9.0,    0.0,    6.5,   34.1,    1.2,   11.1,   36.7,    3.9,    2.5,    3.8,    0.0,   93.8,   88.7,    6.2,   11.3,     82,      6,      5,      0,      7,     16,.,     15,     24,      4,.,      6,.,     36,     52,    69.0,    27.4,    78.3,    44.0,    69.0,    24.2,    76.6,    40.8,"(CONTRACTS OF NZD 100,000)",112741,CME ,112 ,F15,FutOnly
NEW ZEALAND DOLLAR - CHICAGO MERCANTILE EXCHANGE,190709,2019-07-09,112741,CME ,00,112 ,   54222,   39486,    2569,       0,    2525,   25161,     838,    5336,   15900,    1987,    1359,    1464,       3,   51534,   47922,    2688,    6300,    -795,    -117,    1226,       0,     -64,   -2642,     133,    -567,    -197,      94,     -37,      24,       0,    -558,   -1362,    -237,     567,  100.0,   72.8,    4.7,    0.0,    4.7,   46.4,    1.5,    9.8,   29.3,    3.7,    2.5,    2.7,    0.0,   95.0,   88.4,    5.0,   11.6,     85,      9,.,      0,      6,     19,.,     14,     25,      5,      4,      5,.,     39,     54,    70.1,    34.9,    79.1,    50.1,    70.1,    32.2,    77.6,    47.2,"(CONTRACTS OF NZD 100,000)",112741,CME ,112 ,F15,FutOnly
NEW ZEALAND DOLLAR - CHICAGO MERCANTILE EXCHANGE,190702,2019-07-02,112741,CME ,00,112 ,   55017,   39603,    1343,       0,    2589,   27803,     705,    5903,   16097,    1893,    1396,    1440,       3,   52092,   49284,    2925,    5733,   -6811,   -1610,     294,       0,    -526,   -7571,     112,   -5284,    1082,     -13,     -68,     426,      -5,   -7394,   -5675,     583,   -1136,  100.0,   72.0,    2.4,    0.0,    4.7,   50.5,    1.3,   10.7,   29.3,    3.4,    2.5,    2.6,    0.0,   94.7,   89.6,    5.3,   10.4,     83,      7,.,      0,      5,     20,.,     14,     25,      5,      4,      5,.,     36,     56,    69.3,    35.1,    78.2,    51.2,    69.3,    33.3,    76.9,    47.6,"(CONTRACTS OF NZD 100,000)",112741,CME ,112 ,F15,FutOnly
NEW ZEALAND DOLLAR - CHICAGO MERCANTILE EXCHANGE,190625,2019-06-25,112741,CME ,00,112 ,   61828,   41213,    1049,       0,    3115,   35374,     593,   11187,   15015,    1906,    1464,    1014,       8,   59486,   54959,    2342,    6869,   -2412,    1196,      17,       0,      38,    1957,     256,   -3440,   -1934,       5,     -84,   -3062,       0,   -2029,   -2761,    -383,     349,  100.0,   66.7,    1.7,    0.0,    5.0,   57.2,    1.0,   18.1,   24.3,    3.1,    2.4,    1.6,    0.0,   96.2,   88.9,    3.8,   11.1,     98,     10,.,      0,      6,     25,.,     18,     27,      5,      4,      6,.,     45,     62,    61.3,    34.9,    72.0,    53.6,    61.3,    33.9,    71.5,    50.6,"(CONTRACTS OF NZD 100,000)",112741,CME ,112 ,F15,FutOnly
NEW ZEALAND DOLLAR - CHICAGO MERCANTILE EXCHANGE,190618,2019-06-18,112741,CME ,00,112 ,   64240,   40017,    1032,       0,    3077,   33417,     337,   14627,   16949,    1901,    1548,    4076,       8,   61515,   57720,    2725,    6520,    1743,    5189,   -2105,   -1155,     -70,    4241,    -154,    -353,     572,     -19,   -1056,     218,       3,    2385,    1601,    -642,     142,  100.0,   62.3,    1.6,    0.0,    4.8,   52.0,    0.5,   22.8,   26.4,    3.0,    2.4,    6.3,    0.0,   95.8,   89.9,    4.2,   10.1,    104,     10,.,      0,      6,     24,.,     20,     31,      4,      4,      8,.,     45,     66,    60.1,    33.0,    73.2,    52.3,    60.1,    33.0,    72.7,    49.9,"(CONTRACTS OF NZD 100,000)",112741,CME ,112 ,F15,FutOnly
NEW ZEALAND DOLLAR - CHICAGO MERCANTILE EXCHANGE,190611,2019-06-11,112741,CME ,00,112 ,   62497,   34828,    3137,    1155,    3147,   29176,     491,   14980,   16377,    1920,    2604,    3858,       5,   59130,   56119,    3367,    6378,   -6263,   -1321,    2056,   -2043,    -568,   -3195,      74,   -2845,   -1772,   -2022,    1981,     175,       0,   -6744,   -6727,     481,     464,  100.0,   55.7,    5.0,    1.8,    5.0,   46.7,    0.8,   24.0,   26.2,    3.1,    4.2,    6.2,    0.0,   94.6,   89.8,    5.4,   10.2,     97,     10,.,.,      6,     22,.,     19,     27,      5,      4,      6,.,     48,     61,    44.6,    30.7,    67.0,    49.7,    44.2,    29.4,    65.4,    46.7,"(CONTRACTS OF NZD 100,000)",112741,CME ,112 ,F15,FutOnly
NEW ZEALAND DOLLAR - CHICAGO MERCANTILE EXCHANGE,190604,2019-06-04,112741,CME ,00,112 ,   68760,   36149,    1081,    3198,    3715,   32371,     417,   17825,   18149,    3942,     623,    3683,       5,   65874,   62846,    2886,    5914,    6799,    3352,    -147,    3198,     -30,    2924,     201,   -1747,    -701,    1821,     -40,      19,       0,    6755,    7315,      44,    -516,  100.0,   52.6,    1.6,    4.7,    5.4,   47.1,    0.6,   25.9,   26.4,    5.7,    0.9,    5.4,    0.0,   95.8,   91.4,    4.2,    8.6,    103,     10,.,.,      7,     21,.,     24,     30,      8,.,      5,.,     52,     63,    39.7,    30.1,    60.8,    49.9,    39.7,    29.6,    59.7,    46.9,"(CONTRACTS OF NZD 100,000)",112741,CME ,112 ,F15,FutOnly
NEW ZEALAND DOLLAR - CHICAGO MERCANTILE EXCHANGE,190528,2019-05-28,112741,CME ,00,112 ,   61961,   32797,    1228,       0,    3745,   29447,     216,   19572,   18850,    2121,     663,    3664,       5,   59119,   55531,    2842,    6430,    3413,    6287,    -198,    -197,     232,    3578,     -15,   -2967,     258,     -98,     251,     299,       0,    3493,    3627,     -80,    -214,  100.0,   52.9,    2.0,    0.0,    6.0,   47.5,    0.3,   31.6,   30.4,    3.4,    1.1,    5.9,    0.0,   95.4,   89.6,    4.6,   10.4,     98,     10,.,      0,      6,     19,.,     22,     31,      6,.,      5,.,     44,     62,    39.3,    32.4,    64.3,    51.6,    39.3,    30.9,    64.1,    49.0,"(CONTRACTS OF NZD 100,000)",112741,CME ,112 ,F15,FutOnly
NEW ZEALAND DOLLAR - CHICAGO MERCANTILE EXCHANGE,190521,2019-05-21,112741,CME ,00,112 ,   58548,   26510,    1426,     197,    3513,   25869,     231,   22539,   18592,    2219,     412,    3365,       5,   55626,   51904,    2922,    6644,    8286,    2280,     126,      38,    -585,    1371,     -46,    6336,    3461,      -2,      80,    2655,       0,    8101,    7603,     185,     683,  100.0,   45.3,    2.4,    0.3,    6.0,   44.2,    0.4,   38.5,   31.8,    3.8,    0.7,    5.7,    0.0,   95.0,   88.7,    5.0,   11.3,     95,      8,      4,.,      6,     18,.,     20,     32,      7,.,      5,.,     41,     64,    41.1,    31.9,    65.9,    49.6,    41.1,    30.3,    65.8,    46.9,"(CONTRACTS OF NZD 100,000)",112741,CME ,112 ,F15,FutOnly
NEW ZEALAND DOLLAR - CHICAGO MERCANTILE EXCHANGE,190514,2019-05-14,112741,CME ,00,112 ,   50262,   24230,    1300,     159,    4098,   24498,     277,   16203,   15131,    2221,     332,     710,       5,   47525,   44301,    2737,    5961,    1870,    -318,     123,     159,     497,    1362,    -280,    1609,     519,     131,     174,     100,       5,    1977,    2119,    -107,    -249,  100.0,   48.2,    2.6,    0.3,    8.2,   48.7,    0.6,   32.2,   30.1,    4.4,    0.7,    1.4,    0.0,   94.6,   88.1,    5.4,   11.9,     92,      8,.,.,      7,     19,.,     20,     29,      7,.,      4,.,     44,     59,    46.3,    32.1,    62.5,    49.9,    46.2,    29.6,    62.4,    46.7,"(CONTRACTS OF NZD 100,000)",112741,CME ,112 ,F15,FutOnly
NEW ZEALAND DOLLAR - CHICAGO MERCANTILE EXCHANGE,190507,2019-05-07,112741,CME ,00,112 ,   48392,   24548,    1177,       0,    3601,   23136,     557,   14594,   14612,    2090,     158,     610,       0,   45548,   42182,    2844,    6210,    -874,     276,     120,       0,     441,     324,      16,   -2098,   -1434,      72,    -127,    -131,       0,   -1420,   -1033,     546,     159,  100.0,   50.7,    2.4,    0.0,    7.4,   47.8,    1.2,   30.2,   30.2,    4.3,    0.3,    1.3,    0.0,   94.1,   87.2,    5.9,   12.8,     88,     10,.,      0,      6,     19,.,     22,     24,      7,.,.,      0,     45,     53,    47.1,    32.3,    63.9,    50.0,    47.1,    29.1,    63.1,    46.4,"(CONTRACTS OF NZD 100,000)",112741,CME ,112 ,F15,FutOnly
NEW ZEALAND DOLLAR - CHICAGO MERCANTILE EXCHANGE,190430,2019-04-30,112741,CME ,00,112 ,   49266,   24272,    1057,       0,    3160,   22812,     541,   16692,   16046,    2018,     285,     741,       0,   46968,   43215,    2298,    6051,    4132,    7269,   -1136,       0,   -3604,    3288,     267,     357,    1585,     187,     -38,       2,       0,    4438,    4193,    -306,     -61,  100.0,   49.3,    2.1,    0.0,    6.4,   46.3,    1.1,   33.9,   32.6,    4.1,    0.6,    1.5,    0.0,   95.3,   87.7,    4.7,   12.3,     84,     10,.,      0,      5,     19,.,     15,     27,      6,.,      4,      0,     39,     53,    48.6,    32.0,    67.7,    52.0,    48.6,    28.6,    67.5,    48.4,"(CONTRACTS OF NZD 100,000)",112741,CME ,112 ,F15,FutOnly
NEW ZEALAND DOLLAR - CHICAGO MERCANTILE EXCHANGE,190423,2019-04-23,112741,CME ,00,112 ,   45134,   17003,    2193,       0,    6764,   19524,     274,   16335,   14461,    1831,     323,     739,       0,   42530,   39022,    2604,    6112,    7364,    3314,    -290,       0,   -3201,    3564,     -48,    7886,    3972,    -165,     149,    -196,       0,    7935,    6837,    -571,     527,  100.0,   37.7,    4.9,    0.0,   15.0,   43.3,    0.6,   36.2,   32.0,    4.1,    0.7,    1.6,    0.0,   94.2,   86.5,    5.8,   13.5,     91,      9,      4,      0,      7,     15,.,     19,     31,      4,.,      4,      0,     40,     57,    36.1,    33.6,    56.6,    50.0,    36.1,    29.9,    56.6,    46.3,"(CONTRACTS OF NZD 100,000)",112741,CME ,112 ,F15,FutOnly
NEW ZEALAND DOLLAR - CHICAGO MERCANTILE EXCHANGE,190416,2019-04-16,112741,CME ,00,112 ,   37770,   13689,    2483,       0,    9965,   15960,     322,    8449,   10489,    1996,     174,     935,       0,   34595,   32185,    3175,    5585,     171,    2212,   -1719,    -241,   -1205,    3012,    -131,    -570,   -1430,     -89,      19,     150,       0,      -5,    -448,     176,     619,  100.0,   36.2,    6.6,    0.0,   26.4,   42.3,    0.9,   22.4,   27.8,    5.3,    0.5,    2.5,    0.0,   91.6,   85.2,    8.4,   14.8,     79,     10,.,      0,      9,     15,.,     14,     23,      5,.,      4,      0,     39,     47,    47.8,    37.1,    65.7,    53.2,    47.8,    32.3,    64.3,    48.4,"(CONTRACTS OF NZD 100,000)",112741,CME ,112 ,F15,FutOnly
NEW ZEALAND DOLLAR - CHICAGO MERCANTILE EXCHANGE,190409,2019-04-09,112741,CME ,00,112 ,   37599,   11477,    4202,     241,   11170,   12948,     453,    9019,   11919,    2085,     155,     785,       0,   34600,   32633,    2999,    4966,   -1565,     403,   -1916,     241,   -2621,    2237,    -375,     486,   -1824,     316,     -22,    -549,       0,   -1572,   -1870,       7,     305,  100.0,   30.5,   11.2,    0.6,   29.7,   34.4,    1.2,   24.0,   31.7,    5.5,    0.4,    2.1,    0.0,   92.0,   86.8,    8.0,   13.2,     82,      7,      6,.,     10,     14,.,     15,     25,      7,.,      4,      0,     38,     55,    51.8,    33.7,    68.4,    49.1,    51.8,    29.2,    67.2,    44.6,"(CONTRACTS OF NZD 100,000)",112741,CME ,112 ,F15,FutOnly
NEW ZEALAND DOLLAR - CHICAGO MERCANTILE EXCHANGE,190402,2019-04-02,112741,CME ,00,112 ,   39164,   11074,    6118,       0,   13791,   10711,     828,    8533,   13743,    1769,     177,    1334,       0,   36172,   34503,    2992,    4661,   -3476,     -31,    -694,       0,   -1762,     582,     234,    -258,   -2947,    -219,    -172,    -970,       0,   -2208,   -4014,   -1268,     538,  100.0,   28.3,   15.6,    0.0,   35.2,   27.3,    2.1,   21.8,   35.1,    4.5,    0.5,    3.4,    0.0,   92.4,   88.1,    7.6,   11.9,     80,      5,      6,      0,     12,     11,      4,     14,     27,      5,.,      4,      0,     38,     51,    50.9,    28.3,    68.3,    46.0,    50.9,    23.2,    67.2,    40.8,"(CONTRACTS OF NZD 100,000)",112741,CME ,112 ,F15,FutOnly
NEW ZEALAND DOLLAR - CHICAGO MERCANTILE EXCHANGE,190326,2019-03-26,112741,CME ,00,112 ,   42640,   11105,    6812,       0,   15553,   10129,     594,    8791,   16690,    1988,     349,    2304,       0,   38380,   38517,    4260,    4123,    6494,    -391,    5460,       0,    3550,   -2967,      -1,    2219,    4307,      62,     211,     200,       0,    5650,    7061,     844,    -567,  100.0,   26.0,   16.0,    0.0,   36.5,   23.8,    1.4,   20.6,   39.1,    4.7,    0.8,    5.4,    0.0,   90.0,   90.3,   10.0,    9.7,     81,      5,      5,      0,     15,     11,.,     19,     19,      6,.,      5,      0,     46,     43,    46.8,    33.0,    62.2,    51.7,    46.8,    27.8,    61.3,    46.6,"(CONTRACTS OF NZD 100,000)",112741,CME ,112 ,F15,FutOnly
NEW ZEALAND DOLLAR - CHICAGO MERCANTILE EXCHANGE,190319,2019-03-19,112741,CME ,00,112 ,   36146,   11496,    1352,       0,   12003,   13096,     595,    6572,   12383,    1926,     138,    2104,       0,   32730,   31456,    3416,    4690,   -6180,    1783,     191,   -3863,     578,     240,    -227,   -3011,     658,   -1275,     -84,    -542,       0,   -6099,   -4818,     -81,   -1362,  100.0,   31.8,    3.7,    0.0,   33.2,   36.2,    1.6,   18.2,   34.3,    5.3,    0.4,    5.8,    0.0,   90.5,   87.0,    9.5,   13.0,     75,      4,.,      0,     12,     13,      4,     18,     20,      7,.,      5,      0,     42,     44,    50.7,    36.4,    66.3,    51.3,    50.7,    30.9,    64.9,    45.6,"(CONTRACTS OF NZD 100,000)",112741,CME ,112 ,F15,FutOnly
NEW ZEALAND DOLLAR - CHICAGO MERCANTILE EXCHANGE,190312,2019-03-12,112741,CME ,00,112 ,   42326,    9713,    1161,    3863,   11425,   12856,     822,    9583,   11725,    3201,     222,    2646,       0,   38829,   36274,    3497,    6052,    3012,    -190,    -422,    1785,    -843,    1531,     413,     364,   -2701,     947,       5,     562,       0,    2481,    2115,     531,     897,  100.0,   22.9,    2.7,    9.1,   27.0,   30.4,    1.9,   22.6,   27.7,    7.6,    0.5,    6.3,    0.0,   91.7,   85.7,    8.3,   14.3,     80,      6,.,      5,     10,     12,.,     22,     18,      9,.,      6,      0,     47,     50,    37.8,    32.8,    57.5,    48.7,    36.3,    26.5,    48.4,    40.9,"(CONTRACTS OF NZD 100,000)",112741,CME ,112 ,F15,FutOnly
NEW ZEALAND DOLLAR - CHICAGO MERCANTILE EXCHANGE,190305,2019-03-05,112741,CME ,00,112 ,   39314,    9903,    1583,    2078,   12268,   11325,     409,    9219,   14426,    2254,     217,    2084,       0,   36348,   34159,    2966,    5155,    3907,     321,    -630,    2009,     225,    2535,    -258,    1650,     509,     128,      98,    -424,       0,    4173,    3869,    -266,      38,  100.0,   25.2,    4.0,    5.3,   31.2,   28.8,    1.0,   23.4,   36.7,    5.7,    0.6,    5.3,    0.0,   92.5,   86.9,    7.5,   13.1,     78,      6,.,.,     11,      9,.,     16,     25,      7,.,      4,      0,     44,     47,    40.5,    32.8,    56.3,    46.6,    40.5,    28.1,    55.6,    41.9,"(CONTRACTS OF NZD 100,000)",112741,CME ,112 ,F15,FutOnly
NEW ZEALAND DOLLAR - CHICAGO MERCANTILE EXCHANGE,190226,2019-02-26,112741,CME ,00,112 ,   35407,    9582,    2213,      69,   12043,    8790,     667,    7569,   13917,    2126,     119,    2508,       0,   32175,   30290,    3232,    5117,   -1351,    -745,    -361,       0,     357,    -346,     214,   -1088,    -712,     -34,    -136,      40,       0,   -1432,   -1199,      81,    -152,  100.0,   27.1,    6.3,    0.2,   34.0,   24.8,    1.9,   21.4,   39.3,    6.0,    0.3,    7.1,    0.0,   90.9,   85.5,    9.1,   14.5,     75,      5,      4,.,     10,      9,      4,     21,     20,      8,.,      5,      0,     45,     43,    46.6,    36.1,    61.8,    52.2,    46.6,    30.6,    60.4,    46.7,"(CONTRACTS OF NZD 100,000)",112741,CME ,112 ,F15,FutOnly
NEW ZEALAND DOLLAR - CHICAGO MERCANTILE EXCHANGE,190219,2019-02-19,112741,CME ,00,112 ,   36758,   10327,    2574,      69,   11686,    9136,     453,    8657,   14629,    2160,     255,    2468,       0,   33607,   31489,    3151,    5269,    1014,     930,    1278,     -24,       2,   -2252,     236,    -455,    1229,     181,     255,     324,       0,    1125,     972,    -111,      42,  100.0,   28.1,    7.0,    0.2,   31.8,   24.9,    1.2,   23.6,   39.8,    5.9,    0.7,    6.7,    0.0,   91.4,   85.7,    8.6,   14.3,     80,      5,      5,.,     11,     10,.,     20,     22,      8,.,      5,      0,     46,     46,    46.4,    36.4,    61.2,    52.2,    46.4,    31.3,    59.6,    47.1,"(CONTRACTS OF NZD 100,000)",112741,CME ,112 ,F15,FutOnly
NEW ZEALAND DOLLAR - CHICAGO MERCANTILE EXCHANGE,190212,2019-02-12,112741,CME ,00,112 ,   35744,    9397,    1296,      93,   11684,   11388,     217,    9112,   13400,    1979,       0,    2144,       0,   32482,   30517,    3262,    5227,    1690,    3296,   -2382,       0,   -2383,    3739,    -160,     624,    -739,     116,       0,     350,       0,    1493,     924,     197,     766,  100.0,   26.3,    3.6,    0.3,   32.7,   31.9,    0.6,   25.5,   37.5,    5.5,    0.0,    6.0,    0.0,   90.9,   85.4,    9.1,   14.6,     71,      4,      5,.,     11,     10,      4,     17,     21,      8,      0,.,      0,     41,     43,    47.6,    38.1,    61.7,    53.2,    47.6,    33.7,    60.4,    48.7,"(CONTRACTS OF NZD 100,000)",112741,CME ,112 ,F15,FutOnly
NEW ZEALAND DOLLAR - CHICAGO MERCANTILE EXCHANGE,190205,2019-02-05,112741,CME ,00,112 ,   34054,    6101,    3678,      93,   14067,    7649,     377,    8488,   14139,    1863,       0,    1794,       0,   30989,   29593,    3065,    4461,    2370,   -2151,    3331,       0,    6947,    1636,     274,   -1851,     -22,      53,    -230,   -2136,    -336,    2706,    2800,    -336,    -430,  100.0,   17.9,   10.8,    0.3,   41.3,   22.5,    1.1,   24.9,   41.5,    5.5,    0.0,    5.3,    0.0,   91.0,   86.9,    9.0,   13.1,     75,      4,      5,.,     14,      9,.,     20,     20,      7,      0,.,      0,     46,     39,    43.6,    34.7,    58.9,    51.9,    43.6,    29.4,    57.5,    46.6,"(CONTRACTS OF NZD 100,000)",112741,CME ,112 ,F15,FutOnly
NEW ZEALAND DOLLAR - CHICAGO MERCANTILE EXCHANGE,190129,2019-01-29,112741,CME ,00,112 ,   31684,    8252,     347,      93,    7120,    6013,     103,   10339,   14161,    1810,     230,    3930,     336,   28283,   26793,    3401,    4891,   -1405,   -1169,    -295,      -7,     679,   -1093,     103,   -1725,    -138,      50,     230,     353,      20,   -1819,   -1007,     414,    -398,  100.0,   26.0,    1.1,    0.3,   22.5,   19.0,    0.3,   32.6,   44.7,    5.7,    0.7,   12.4,    1.1,   89.3,   84.6,   10.7,   15.4,     73,      6,.,.,      7,      9,.,     21,     23,      9,.,      4,.,     45,     41,    42.0,    37.1,    57.9,    54.2,    42.0,    31.7,    56.1,    48.7,"(CONTRACTS OF NZD 100,000)",112741,CME ,112 ,F15,FutOnly
NEW ZEALAND DOLLAR - CHICAGO MERCANTILE EXCHANGE,190122,2019-01-22,112741,CME ,00,112 ,   33089,    9421,     642,     100,    6441,    7106,       0,   12064,   14299,    1760,       0,    3577,     316,   30102,   27800,    2987,    5289,    2739,    1842,     -13,      -6,      -7,    1137,    -237,    1599,     318,     230,    -102,    1363,    -292,    3027,    2500,    -288,     239,  100.0,   28.5,    1.9,    0.3,   19.5,   21.5,    0.0,   36.5,   43.2,    5.3,    0.0,   10.8,    1.0,   91.0,   84.0,    9.0,   16.0,     74,      6,.,.,      6,     10,      0,     21,     23,      9,      0,      5,.,     41,     45,    40.4,    34.5,    56.5,    52.7,    40.4,    29.9,    55.9,    47.4,"(CONTRACTS OF NZD 100,000)",112741,CME ,112 ,F15,FutOnly
NEW ZEALAND DOLLAR - CHICAGO MERCANTILE EXCHANGE,190115,2019-01-15,112741,CME ,00,112 ,   30350,    7579,     655,     106,    6448,    5969,     237,   10465,   13981,    1530,     102,    2214,     608,   27075,   25300,    3275,    5050,     546,     940,     507,      99,    -639,     256,     231,    -157,     188,      38,    -308,      25,    -163,      41,    1181,     505,    -635,  100.0,   25.0,    2.2,    0.3,   21.2,   19.7,    0.8,   34.5,   46.1,    5.0,    0.3,    7.3,    2.0,   89.2,   83.4,   10.8,   16.6,     72,      5,.,.,      6,     11,.,     20,     22,      8,.,      4,.,     42,     43,    40.4,    35.4,    57.3,    51.8,    40.4,    31.1,    56.1,    46.2,"(CONTRACTS OF NZD 100,000)",112741,CME ,112 ,F15,FutOnly
NEW ZEALAND DOLLAR - CHICAGO MERCANTILE EXCHANGE,190108,2019-01-08,112741,CME ,00,112 ,   29804,    6639,     148,       7,    7087,    5713,       6,   10622,   13793,    1492,     410,    2189,     771,   27034,   24119,    2770,    5685,     164,    2621,     109,       0,      34,    -836,     -17,   -2812,    1576,    -106,     144,    -551,     198,      62,     373,     102,    -209,  100.0,   22.3,    0.5,    0.0,   23.8,   19.2,    0.0,   35.6,   46.3,    5.0,    1.4,    7.3,    2.6,   90.7,   80.9,    9.3,   19.1,     76,      8,.,.,      6,     10,.,     20,     24,      7,.,      4,.,     44,     42,    39.4,    39.0,    56.6,    53.6,    39.4,    34.7,    55.1,    47.1,"(CONTRACTS OF NZD 100,000)",112741,CME ,112 ,F15,FutOnly
