CANADIAN DOLLAR - CHICAGO MERCANTILE EXCHANGE,201229,2020-12-29,090741,CME ,00,090 ,  154464,    3118,   87384,     116,   61555,   18527,    4301,   25676,   24487,    4856,   14535,     434,     230,  114387,  140335,   40077,   14129,   -2133,     236,    3471,     110,   -2289,     306,      21,     528,   -6579,     -61,     463,     434,       0,    -992,   -2298,   -1141,     165,  100.0,    2.0,   56.6,    0.1,   39.9,   12.0,    2.8,   16.6,   15.9,    3.1,    9.4,    0.3,    0.1,   74.1,   90.9,   25.9,    9.1,    101,.,     10,.,     23,      9,      5,     23,     18,     11,     13,.,.,     70,     51,    24.3,    53.1,    33.6,    66.2,    22.2,    53.1,    30.8,    65.4,"(CONTRACTS OF CAD 100,000)",090741,CME ,090 ,F10,FutOnly
CANADIAN DOLLAR - CHICAGO MERCANTILE EXCHANGE,201221,2020-12-21,090741,CME ,00,090 ,  156597,    2882,   83913,       6,   63844,   18221,    4280,   25148,   31066,    4917,   14072,       0,     230,  115379,  142633,   41218,   13964,  -39633,   -4067,   21299,  -35511,    2299,     607,    -805,    2712,  -23206,    -609,     908,    -400,       0,  -35073,  -38625,   -4560,   -1008,  100.0,    1.8,   53.6,    0.0,   40.8,   11.6,    2.7,   16.1,   19.8,    3.1,    9.0,    0.0,    0.1,   73.7,   91.1,   26.3,    8.9,    104,.,     10,.,     24,      9,      5,     22,     23,     15,     13,      0,.,     74,     53,    23.8,    52.2,    34.0,    62.9,    22.8,    52.2,    31.9,    62.2,"(CONTRACTS OF CAD 100,000)",090741,CME ,090 ,F10,FutOnly
CANADIAN DOLLAR - CHICAGO MERCANTILE EXCHANGE,201215,2020-12-15,090741,CME ,00,090 ,  196230,    6949,   62614,   35517,   61545,   17614,    5085,   22436,   54272,    5526,   13164,     400,     230,  150452,  181258,   45778,   14972,   32641,     145,     742,   35279,   -4057,   -2455,     725,    1770,    2121,   -1666,     221,       0,    -124,   32293,   34622,     348,   -1981,  100.0,    3.5,   31.9,   18.1,   31.4,    9.0,    2.6,   11.4,   27.7,    2.8,    6.7,    0.2,    0.1,   76.7,   92.4,   23.3,    7.6,    108,      6,      9,      7,     23,     10,      8,     20,     27,     14,     12,.,.,     75,     64,    30.2,    45.5,    40.0,    60.3,    17.6,    30.4,    25.0,    45.2,"(CONTRACTS OF CAD 100,000)",090741,CME ,090 ,F10,FutOnly
CANADIAN DOLLAR - CHICAGO MERCANTILE EXCHANGE,201208,2020-12-08,090741,CME ,00,090 ,  163589,    6804,   61872,     238,   65602,   20069,    4360,   20666,   52151,    7192,   12943,     400,     354,  118159,  146636,   45430,   16953,   15786,    1233,    3098,      14,    1994,      95,     632,    5166,    6679,    2847,    -417,     400,      20,   11489,   13785,    4297,    2001,  100.0,    4.2,   37.8,    0.1,   40.1,   12.3,    2.7,   12.6,   31.9,    4.4,    7.9,    0.2,    0.2,   72.2,   89.6,   27.8,   10.4,    106,      5,      8,      4,     23,     10,      9,     19,     28,     17,     12,.,.,     74,     64,    22.7,    34.6,    33.9,    51.7,    22.6,    34.6,    31.9,    51.7,"(CONTRACTS OF CAD 100,000)",090741,CME ,090 ,F10,FutOnly
CANADIAN DOLLAR - CHICAGO MERCANTILE EXCHANGE,201201,2020-12-01,090741,CME ,00,090 ,  147803,    5571,   58774,     224,   63608,   19974,    3728,   15500,   45472,    4345,   13360,       0,     334,  106670,  132851,   41133,   14952,    6980,     396,    3864,      15,    5241,     922,    -123,   -3256,    2049,     924,    -415,       0,     183,    2965,    7834,    4015,    -854,  100.0,    3.8,   39.8,    0.2,   43.0,   13.5,    2.5,   10.5,   30.8,    2.9,    9.0,    0.0,    0.2,   72.2,   89.9,   27.8,   10.1,     99,      4,      8,      4,     24,     10,      6,     17,     24,     12,     12,      0,.,     68,     55,    25.3,    36.8,    37.0,    53.7,    25.1,    36.8,    34.5,    53.7,"(CONTRACTS OF CAD 100,000)",090741,CME ,090 ,F10,FutOnly
CANADIAN DOLLAR - CHICAGO MERCANTILE EXCHANGE,201124,2020-11-24,090741,CME ,00,090 ,  140823,    5175,   54910,     209,   58367,   19052,    3851,   18756,   43423,    3421,   13775,       0,     151,  103705,  125017,   37118,   15806,    4209,    -964,    5567,      85,    -444,   -4738,    -599,    3681,    3039,     155,    1135,       0,       2,    3051,    3511,    1158,     698,  100.0,    3.7,   39.0,    0.1,   41.4,   13.5,    2.7,   13.3,   30.8,    2.4,    9.8,    0.0,    0.1,   73.6,   88.8,   26.4,   11.2,    103,      4,      8,      4,     23,     10,      5,     21,     25,     16,     12,      0,.,     71,     59,    25.3,    37.9,    34.5,    53.1,    22.6,    37.9,    31.9,    52.9,"(CONTRACTS OF CAD 100,000)",090741,CME ,090 ,F10,FutOnly
CANADIAN DOLLAR - CHICAGO MERCANTILE EXCHANGE,201117,2020-11-17,090741,CME ,00,090 ,  136614,    6139,   49343,     124,   58811,   23790,    4450,   15075,   40384,    3266,   12640,       0,     149,  100654,  121506,   35960,   15108,     158,     280,     628,       0,     154,    2524,     -93,    -325,   -3151,     918,     482,       0,       0,    1416,     826,   -1258,    -668,  100.0,    4.5,   36.1,    0.1,   43.0,   17.4,    3.3,   11.0,   29.6,    2.4,    9.3,    0.0,    0.1,   73.7,   88.9,   26.3,   11.1,    102,      5,      8,      4,     21,     12,      7,     16,     28,     13,     11,      0,.,     66,     62,    27.3,    37.0,    37.1,    51.9,    25.4,    37.0,    34.5,    51.6,"(CONTRACTS OF CAD 100,000)",090741,CME ,090 ,F10,FutOnly
CANADIAN DOLLAR - CHICAGO MERCANTILE EXCHANGE,201110,2020-11-10,090741,CME ,00,090 ,  136456,    5859,   48715,     124,   58657,   21266,    4543,   15400,   43535,    2348,   12158,       0,     149,   99238,  120680,   37218,   15776,   11564,     541,    6078,      85,   -1176,     371,    1228,    4391,    5654,     652,     472,       0,      66,    6259,   14134,    5305,   -2570,  100.0,    4.3,   35.7,    0.1,   43.0,   15.6,    3.3,   11.3,   31.9,    1.7,    8.9,    0.0,    0.1,   72.7,   88.4,   27.3,   11.6,    101,      4,      9,      4,     22,     11,      8,     14,     30,     13,     11,      0,.,     64,     64,    27.4,    36.7,    37.0,    51.1,    25.5,    36.7,    34.4,    50.8,"(CONTRACTS OF CAD 100,000)",090741,CME ,090 ,F10,FutOnly
CANADIAN DOLLAR - CHICAGO MERCANTILE EXCHANGE,201103,2020-11-03,090741,CME ,00,090 ,  124892,    5318,   42637,      39,   59833,   20895,    3315,   11009,   37881,    1696,   11686,       0,      83,   92979,  106546,   31913,   18346,    2489,     -10,    4917,       0,    3704,   -1416,    -613,   -2015,   -1378,     373,      69,    -400,      54,    1562,    1537,     927,     952,  100.0,    4.3,   34.1,    0.0,   47.9,   16.7,    2.7,    8.8,   30.3,    1.4,    9.4,    0.0,    0.1,   74.4,   85.3,   25.6,   14.7,     93,      5,      9,.,     23,     10,      8,     15,     21,     10,     10,      0,.,     61,     54,    30.8,    37.8,    41.1,    52.9,    28.7,    37.8,    39.0,    52.9,"(CONTRACTS OF CAD 100,000)",090741,CME ,090 ,F10,FutOnly
CANADIAN DOLLAR - CHICAGO MERCANTILE EXCHANGE,201027,2020-10-27,090741,CME ,00,090 ,  122403,    5328,   37720,      39,   56129,   22311,    3928,   13024,   39259,    1323,   11617,     400,      29,   91417,  105009,   30986,   17394,    -863,     255,    2416,    -116,    -375,    2537,     700,    -324,   -4517,    -918,     306,     400,       0,    -472,     502,    -391,   -1365,  100.0,    4.4,   30.8,    0.0,   45.9,   18.2,    3.2,   10.6,   32.1,    1.1,    9.5,    0.3,    0.0,   74.7,   85.8,   25.3,   14.2,    100,      6,      8,.,     22,     11,      9,     12,     30,     11,     10,.,.,     61,     62,    28.5,    35.2,    38.3,    49.3,    27.4,    35.2,    36.0,    49.3,"(CONTRACTS OF CAD 100,000)",090741,CME ,090 ,F10,FutOnly
CANADIAN DOLLAR - CHICAGO MERCANTILE EXCHANGE,201020,2020-10-20,090741,CME ,00,090 ,  123266,    5073,   35304,     155,   56504,   19774,    3228,   13348,   43776,    2241,   11311,       0,      29,   91889,  104507,   31377,   18759,    1310,    1006,   -2323,      47,     297,    1379,    -312,     573,    3403,     956,    -992,       0,       6,    1581,    3156,    -271,   -1846,  100.0,    4.1,   28.6,    0.1,   45.8,   16.0,    2.6,   10.8,   35.5,    1.8,    9.2,    0.0,    0.0,   74.5,   84.8,   25.5,   15.2,    101,      5,      9,.,     23,     10,      8,     16,     28,     13,     10,      0,.,     66,     60,    28.0,    34.1,    37.5,    45.8,    27.2,    34.0,    35.3,    45.7,"(CONTRACTS OF CAD 100,000)",090741,CME ,090 ,F10,FutOnly
CANADIAN DOLLAR - CHICAGO MERCANTILE EXCHANGE,201013,2020-10-13,090741,CME ,00,090 ,  121956,    4067,   37627,     108,   56207,   18395,    3540,   12775,   40373,    1285,   12303,       0,      23,   90308,  101351,   31648,   20605,    8138,    1001,    7535,     -16,    3584,     884,    -508,     553,     667,     -50,     252,       0,      23,    4839,    8535,    3299,    -397,  100.0,    3.3,   30.9,    0.1,   46.1,   15.1,    2.9,   10.5,   33.1,    1.1,   10.1,    0.0,    0.0,   74.0,   83.1,   26.0,   16.9,     93,      5,      9,.,     23,      9,      7,     13,     23,      8,     11,      0,.,     59,     52,    27.6,    35.1,    38.3,    47.8,    26.8,    35.0,    36.0,    47.6,"(CONTRACTS OF CAD 100,000)",090741,CME ,090 ,F10,FutOnly
CANADIAN DOLLAR - CHICAGO MERCANTILE EXCHANGE,201006,2020-10-06,090741,CME ,00,090 ,  113818,    3066,   30092,     124,   52623,   17511,    4048,   12222,   39706,    1335,   12051,       0,       0,   85469,   92816,   28349,   21002,     -44,     619,    1075,    -272,    2451,   -3612,     771,   -2075,     350,     164,    1210,       0,       0,    2868,   -1524,   -2912,    1480,  100.0,    2.7,   26.4,    0.1,   46.2,   15.4,    3.6,   10.7,   34.9,    1.2,   10.6,    0.0,    0.0,   75.1,   81.5,   24.9,   18.5,     94,      5,      8,.,     22,     10,      8,     14,     24,      8,     11,      0,      0,     59,     54,    30.5,    32.1,    40.5,    45.4,    29.5,    32.0,    37.9,    45.3,"(CONTRACTS OF CAD 100,000)",090741,CME ,090 ,F10,FutOnly
CANADIAN DOLLAR - CHICAGO MERCANTILE EXCHANGE,200929,2020-09-29,090741,CME ,00,090 ,  113862,    2447,   29017,     396,   50172,   21123,    3277,   14297,   39356,    1171,   10841,       0,       0,   82601,   94340,   31261,   19522,   -3702,    -557,   -5387,     116,   -2887,    1040,      24,   -1281,   -1708,     101,     408,    -430,       0,   -4076,   -6244,     374,    2542,  100.0,    2.1,   25.5,    0.3,   44.1,   18.6,    2.9,   12.6,   34.6,    1.0,    9.5,    0.0,    0.0,   72.5,   82.9,   27.5,   17.1,     96,      4,      9,.,     21,     14,      7,     14,     23,      6,     11,      0,      0,     59,     52,    28.8,    31.5,    38.5,    43.4,    27.4,    31.2,    36.0,    43.1,"(CONTRACTS OF CAD 100,000)",090741,CME ,090 ,F10,FutOnly
CANADIAN DOLLAR - CHICAGO MERCANTILE EXCHANGE,200922,2020-09-22,090741,CME ,00,090 ,  117564,    3004,   34404,     280,   53059,   20083,    3253,   15578,   41064,    1070,   10433,     430,       0,   86677,  100584,   30887,   16980,  -29709,     482,  -17050,   -9183,    2238,   -1190,     220,   -3395,     165,   -2340,    -844,       0,       0,  -12822,  -29378,  -16887,    -331,  100.0,    2.6,   29.3,    0.2,   45.1,   17.1,    2.8,   13.3,   34.9,    0.9,    8.9,    0.4,    0.0,   73.7,   85.6,   26.3,   14.4,     99,      5,      9,.,     22,     12,      9,     15,     23,      9,     11,.,      0,     61,     59,    27.9,    37.3,    38.5,    50.2,    26.7,    37.1,    36.1,    49.9,"(CONTRACTS OF CAD 100,000)",090741,CME ,090 ,F10,FutOnly
CANADIAN DOLLAR - CHICAGO MERCANTILE EXCHANGE,200915,2020-09-15,090741,CME ,00,090 ,  147273,    2522,   51454,    9463,   50821,   21273,    3033,   18973,   40899,    3410,   11277,     430,       0,   99499,  129962,   47774,   17311,    9655,  -10916,    7986,    8272,    -782,   -1964,    -222,     162,    -331,   -1693,    -204,    -602,     -10,   -5393,   11436,   15048,   -1781,  100.0,    1.7,   34.9,    6.4,   34.5,   14.4,    2.1,   12.9,   27.8,    2.3,    7.7,    0.3,    0.0,   67.6,   88.2,   32.4,   11.8,     98,      4,      8,      6,     21,     12,      7,     18,     22,     10,     11,.,      0,     65,     56,    22.2,    44.6,    33.4,    57.3,    20.4,    41.4,    28.3,    53.6,"(CONTRACTS OF CAD 100,000)",090741,CME ,090 ,F10,FutOnly
CANADIAN DOLLAR - CHICAGO MERCANTILE EXCHANGE,200908,2020-09-08,090741,CME ,00,090 ,  137618,   13438,   43468,    1191,   51603,   23237,    3255,   18811,   41230,    5103,   11481,    1032,      10,  104892,  118526,   32726,   19092,   -2902,   -2824,    3922,    -907,    3652,      44,      24,    -680,   -7766,    1959,    -461,    -124,    -250,     513,   -3098,   -3415,     196,  100.0,    9.8,   31.6,    0.9,   37.5,   16.9,    2.4,   13.7,   30.0,    3.7,    8.3,    0.7,    0.0,   76.2,   86.1,   23.8,   13.9,    104,      5,      7,      6,     22,     12,      8,     18,     25,     13,     12,.,.,     70,     63,    29.2,    41.1,    40.7,    53.8,    27.8,    41.0,    37.6,    53.3,"(CONTRACTS OF CAD 100,000)",090741,CME ,090 ,F10,FutOnly
CANADIAN DOLLAR - CHICAGO MERCANTILE EXCHANGE,200901,2020-09-01,090741,CME ,00,090 ,  140520,   16262,   39546,    2098,   47951,   23193,    3231,   19491,   48996,    3144,   11942,    1156,     260,  104379,  121624,   36141,   18896,   10963,    -509,    6803,    1809,    2325,    -414,     -93,    3310,    4245,   -1235,     315,     403,     242,    6164,   11760,    4799,    -797,  100.0,   11.6,   28.1,    1.5,   34.1,   16.5,    2.3,   13.9,   34.9,    2.2,    8.5,    0.8,    0.2,   74.3,   86.6,   25.7,   13.4,    104,      4,      9,      5,     21,     11,      8,     17,     27,     11,     12,.,.,     67,     64,    27.7,    37.5,    36.3,    51.0,    26.1,    36.1,    34.3,    49.6,"(CONTRACTS OF CAD 100,000)",090741,CME ,090 ,F10,FutOnly
CANADIAN DOLLAR - CHICAGO MERCANTILE EXCHANGE,200825,2020-08-25,090741,CME ,00,090 ,  129557,   16771,   32743,     289,   45626,   23607,    3324,   16181,   44751,    4379,   11627,     753,      18,   98215,  109864,   31342,   19693,  -12043,  -14401,   -7084,    -177,    1785,   -1674,     196,    1918,   -2684,     756,    -292,    -181,      -8,  -10223,  -10856,   -1820,   -1187,  100.0,   12.9,   25.3,    0.2,   35.2,   18.2,    2.6,   12.5,   34.5,    3.4,    9.0,    0.6,    0.0,   75.8,   84.8,   24.2,   15.2,    102,      6,      8,      6,     18,     13,      8,     18,     25,     11,     12,.,.,     67,     63,    30.2,    34.0,    39.6,    47.1,    28.2,    33.8,    36.8,    46.9,"(CONTRACTS OF CAD 100,000)",090741,CME ,090 ,F10,FutOnly
CANADIAN DOLLAR - CHICAGO MERCANTILE EXCHANGE,200818,2020-08-18,090741,CME ,00,090 ,  141600,   31172,   39827,     466,   43841,   25281,    3128,   14263,   47435,    3623,   11919,     934,      26,  108438,  120720,   33162,   20880,    4715,     936,   -4762,     -64,    2777,    5694,    -175,    1149,    4013,      -5,    -188,     151,      -5,    4425,    4847,     290,    -132,  100.0,   22.0,   28.1,    0.3,   31.0,   17.9,    2.2,   10.1,   33.5,    2.6,    8.4,    0.7,    0.0,   76.6,   85.3,   23.4,   14.7,     99,      6,      8,      6,     18,     13,      6,     15,     25,      8,     12,.,      4,     62,     61,    38.4,    36.8,    45.9,    50.4,    36.5,    36.5,    43.3,    50.1,"(CONTRACTS OF CAD 100,000)",090741,CME ,090 ,F10,FutOnly
CANADIAN DOLLAR - CHICAGO MERCANTILE EXCHANGE,200811,2020-08-11,090741,CME ,00,090 ,  136885,   30236,   44589,     530,   41064,   19587,    3303,   13114,   43422,    3628,   12107,     783,      31,  104013,  115873,   32872,   21012,    -216,     651,     199,    -121,    2317,    2509,    -874,   -1418,     612,    -507,    -497,    -129,      11,    -438,    1700,     222,   -1916,  100.0,   22.1,   32.6,    0.4,   30.0,   14.3,    2.4,    9.6,   31.7,    2.7,    8.8,    0.6,    0.0,   76.0,   84.6,   24.0,   15.4,     96,      5,      9,      5,     19,     11,      8,     14,     24,      9,     12,.,.,     60,     61,    40.3,    40.7,    47.6,    55.0,    38.3,    40.4,    44.7,    54.7,"(CONTRACTS OF CAD 100,000)",090741,CME ,090 ,F10,FutOnly
CANADIAN DOLLAR - CHICAGO MERCANTILE EXCHANGE,200804,2020-08-04,090741,CME ,00,090 ,  137101,   29585,   44390,     651,   38747,   17078,    4177,   14532,   42810,    4135,   12604,     912,      20,  104451,  114173,   32650,   22928,   -2296,    3029,    -472,     630,   -1092,    1110,     -99,   -5575,   -2906,    -459,    -755,    -466,    -224,   -4545,   -2886,    2249,     590,  100.0,   21.6,   32.4,    0.5,   28.3,   12.5,    3.0,   10.6,   31.2,    3.0,    9.2,    0.7,    0.0,   76.2,   83.3,   23.8,   16.7,     92,      4,     10,      4,     17,     10,      9,     15,     23,     11,     11,.,.,     56,     63,    39.2,    40.9,    47.1,    54.4,    37.2,    40.5,    44.3,    53.8,"(CONTRACTS OF CAD 100,000)",090741,CME ,090 ,F10,FutOnly
CANADIAN DOLLAR - CHICAGO MERCANTILE EXCHANGE,200728,2020-07-28,090741,CME ,00,090 ,  139397,   26556,   44862,      21,   39839,   15968,    4276,   20107,   45716,    4594,   13359,    1378,     244,  108996,  117059,   30401,   22338,   -4209,   -2107,    1184,     -87,     214,    -550,    -528,   -2956,   -4876,      24,     392,     741,    -102,   -5150,   -4194,     941,     -15,  100.0,   19.1,   32.2,    0.0,   28.6,   11.5,    3.1,   14.4,   32.8,    3.3,    9.6,    1.0,    0.2,   78.2,   84.0,   21.8,   16.0,    100,      4,     11,.,     18,     11,      8,     18,     24,     13,     11,.,.,     62,     64,    33.5,    39.2,    43.8,    52.8,    32.4,    39.2,    41.1,    52.4,"(CONTRACTS OF CAD 100,000)",090741,CME ,090 ,F10,FutOnly
CANADIAN DOLLAR - CHICAGO MERCANTILE EXCHANGE,200721,2020-07-21,090741,CME ,00,090 ,  143606,   28663,   43678,     108,   39625,   16518,    4804,   23063,   50592,    4570,   12967,     637,     346,  114146,  121253,   29460,   22353,   -4397,   11003,   21319,  -27643,    -224,   -4322,     667,    6211,    7413,     435,     777,      49,       0,   -8774,   -2082,    4377,   -2315,  100.0,   20.0,   30.4,    0.1,   27.6,   11.5,    3.3,   16.1,   35.2,    3.2,    9.0,    0.4,    0.2,   79.5,   84.4,   20.5,   15.6,    107,      5,     10,      4,     18,     13,     10,     22,     26,     12,     11,.,.,     68,     66,    33.4,    38.2,    43.2,    50.8,    32.4,    38.2,    41.1,    50.7,"(CONTRACTS OF CAD 100,000)",090741,CME ,090 ,F10,FutOnly
CANADIAN DOLLAR - CHICAGO MERCANTILE EXCHANGE,200714,2020-07-14,090741,CME ,00,090 ,  148003,   17660,   22359,   27751,   39849,   20840,    4137,   16852,   43179,    4135,   12190,     588,     346,  122920,  123335,   25083,   24668,   26777,    1864,    1174,   27424,    -898,    -526,     843,   -2646,    -947,     -81,    -224,    -128,      28,   26310,   27787,     467,   -1010,  100.0,   11.9,   15.1,   18.8,   26.9,   14.1,    2.8,   11.4,   29.2,    2.8,    8.2,    0.4,    0.2,   83.1,   83.3,   16.9,   16.7,     97,      6,      8,      5,     15,     16,      9,     15,     25,     11,     10,.,.,     55,     68,    40.6,    38.7,    52.9,    52.7,    25.2,    24.1,    34.2,    35.7,"(CONTRACTS OF CAD 100,000)",090741,CME ,090 ,F10,FutOnly
CANADIAN DOLLAR - CHICAGO MERCANTILE EXCHANGE,200707,2020-07-07,090741,CME ,00,090 ,  121226,   15796,   21185,     327,   40747,   21366,    3294,   19498,   44126,    4216,   12414,     716,     318,   96610,   95548,   24616,   25678,    3029,    2313,    1083,       0,   -1439,     258,    -623,    2620,    -282,     681,      96,     -21,     -12,    3636,    1084,    -607,    1945,  100.0,   13.0,   17.5,    0.3,   33.6,   17.6,    2.7,   16.1,   36.4,    3.5,   10.2,    0.6,    0.3,   79.7,   78.8,   20.3,   21.2,     95,      6,      8,      4,     15,     14,      6,     16,     24,     12,     10,.,.,     56,     63,    30.8,    28.3,    45.7,    43.7,    30.6,    28.1,    43.5,    43.4,"(CONTRACTS OF CAD 100,000)",090741,CME ,090 ,F10,FutOnly
CANADIAN DOLLAR - CHICAGO MERCANTILE EXCHANGE,200630,2020-06-30,090741,CME ,00,090 ,  118197,   13483,   20102,     327,   42186,   21108,    3917,   16878,   44408,    3535,   12318,     737,     330,   92974,   94464,   25223,   23733,   12785,    2759,    6210,     -98,    4857,    2353,     637,    5965,    3568,     -70,    -262,     -59,      23,   13811,   12564,   -1026,     221,  100.0,   11.4,   17.0,    0.3,   35.7,   17.9,    3.3,   14.3,   37.6,    3.0,   10.4,    0.6,    0.3,   78.7,   79.9,   21.3,   20.1,     89,      5,      7,.,     15,     13,      8,     11,     26,      6,     10,.,.,     50,     58,    32.8,    30.3,    48.4,    45.7,    32.6,    30.1,    46.0,    45.1,"(CONTRACTS OF CAD 100,000)",090741,CME ,090 ,F10,FutOnly
CANADIAN DOLLAR - CHICAGO MERCANTILE EXCHANGE,200623,2020-06-23,090741,CME ,00,090 ,  105412,   10724,   13892,     425,   37329,   18755,    3280,   10913,   40840,    3605,   12580,     796,     307,   79163,   81900,   26249,   23512,  -20242,  -13955,   -8606,   -7716,     -60,    2079,    -132,    3053,   -2924,   -1896,    -183,     -80,      -6,  -20895,  -19281,     653,    -961,  100.0,   10.2,   13.2,    0.4,   35.4,   17.8,    3.1,   10.4,   38.7,    3.4,   11.9,    0.8,    0.3,   75.1,   77.7,   24.9,   22.3,     83,      4,      7,.,     13,     12,      7,     13,     22,      8,     10,.,.,     48,     55,    32.3,    28.6,    45.3,    44.1,    31.6,    28.6,    42.9,    43.6,"(CONTRACTS OF CAD 100,000)",090741,CME ,090 ,F10,FutOnly
CANADIAN DOLLAR - CHICAGO MERCANTILE EXCHANGE,200616,2020-06-16,090741,CME ,00,090 ,  125654,   24679,   22498,    8141,   37389,   16676,    3412,    7860,   43764,    5501,   12763,     876,     313,  100058,  101181,   25596,   24473,    5195,   -1441,    7832,    6118,    3410,   -3432,     193,   -3168,   -2249,    1694,     178,   -1768,      -4,    6980,    8384,   -1785,   -3189,  100.0,   19.6,   17.9,    6.5,   29.8,   13.3,    2.7,    6.3,   34.8,    4.4,   10.2,    0.7,    0.2,   79.6,   80.5,   20.4,   19.5,     87,      7,      7,      7,     15,     12,      8,     11,     23,     11,     10,.,.,     54,     61,    32.5,    34.7,    47.0,    48.6,    28.7,    33.5,    39.8,    45.1,"(CONTRACTS OF CAD 100,000)",090741,CME ,090 ,F10,FutOnly
CANADIAN DOLLAR - CHICAGO MERCANTILE EXCHANGE,200609,2020-06-09,090741,CME ,00,090 ,  120459,   26120,   14666,    2023,   33979,   20108,    3219,   11028,   46013,    3807,   12585,    2644,     317,   93078,   92797,   27381,   27662,   -8017,   -3672,   -1325,    1032,   -3105,   -1909,    -482,    -678,   -4003,   -1904,    1998,     601,     -41,   -6852,   -8031,   -1165,      14,  100.0,   21.7,   12.2,    1.7,   28.2,   16.7,    2.7,    9.2,   38.2,    3.2,   10.4,    2.2,    0.3,   77.3,   77.0,   22.7,   23.0,     97,      8,      5,      6,     15,     12,      7,     17,     25,     11,     11,      4,.,     60,     64,    30.0,    31.2,    43.3,    44.4,    28.9,    30.4,    40.5,    43.5,"(CONTRACTS OF CAD 100,000)",090741,CME ,090 ,F10,FutOnly
CANADIAN DOLLAR - CHICAGO MERCANTILE EXCHANGE,200602,2020-06-02,090741,CME ,00,090 ,  128476,   29792,   15991,     991,   37084,   22017,    3701,   11706,   50016,    5711,   10587,    2043,     358,   99930,  100828,   28546,   27648,   -1373,    -520,    6249,     288,    3426,   -5202,   -1092,   -3980,     954,     262,     414,     357,     -50,   -1252,    1766,    -121,   -3139,  100.0,   23.2,   12.4,    0.8,   28.9,   17.1,    2.9,    9.1,   38.9,    4.4,    8.2,    1.6,    0.3,   77.8,   78.5,   22.2,   21.5,     98,      8,      5,      5,     14,     14,      8,     16,     28,      8,     10,.,.,     57,     64,    31.4,    29.2,    45.5,    44.5,    30.6,    28.9,    42.8,    44.0,"(CONTRACTS OF CAD 100,000)",090741,CME ,090 ,F10,FutOnly
CANADIAN DOLLAR - CHICAGO MERCANTILE EXCHANGE,200526,2020-05-26,090741,CME ,00,090 ,  129849,   30312,    9742,     703,   33658,   27219,    4793,   15686,   49062,    5449,   10173,    1686,     408,  101182,   99062,   28667,   30787,    -250,    -468,    1281,   -1284,    1028,   -2029,     773,    -488,   -1156,     474,   -1648,      76,      51,   -1562,   -1814,    1312,    1564,  100.0,   23.3,    7.5,    0.5,   25.9,   21.0,    3.7,   12.1,   37.8,    4.2,    7.8,    1.3,    0.3,   77.9,   76.3,   22.1,   23.7,     99,      9,      5,      4,     13,     14,     10,     19,     27,     10,      9,.,.,     61,     64,    31.4,    26.3,    44.3,    40.0,    30.5,    26.3,    41.3,    38.5,"(CONTRACTS OF CAD 100,000)",090741,CME ,090 ,F10,FutOnly
CANADIAN DOLLAR - CHICAGO MERCANTILE EXCHANGE,200519,2020-05-19,090741,CME ,00,090 ,  130099,   30780,    8461,    1987,   32630,   29248,    4020,   16174,   50218,    4975,   11821,    1610,     357,  102744,  100876,   27355,   29223,    9646,     220,    1713,     982,     823,    -364,      24,    6287,    9197,    -763,    -225,     -25,      -2,    7346,   10762,    2300,   -1116,  100.0,   23.7,    6.5,    1.5,   25.1,   22.5,    3.1,   12.4,   38.6,    3.8,    9.1,    1.2,    0.3,   79.0,   77.5,   21.0,   22.5,    103,      9,      5,      5,     13,     15,     10,     19,     29,     11,     11,.,.,     66,     65,    30.3,    26.8,    43.0,    39.6,    28.9,    26.8,    40.0,    38.1,"(CONTRACTS OF CAD 100,000)",090741,CME ,090 ,F10,FutOnly
CANADIAN DOLLAR - CHICAGO MERCANTILE EXCHANGE,200512,2020-05-12,090741,CME ,00,090 ,  120453,   30560,    6748,    1005,   31807,   29612,    3996,    9887,   41021,    5738,   12046,    1635,     359,   95398,   90114,   25055,   30339,    1153,    1598,     128,    -872,     754,   -1174,      88,      -5,    1710,    -408,    -314,    -399,       0,     841,    -927,     312,    2080,  100.0,   25.4,    5.6,    0.8,   26.4,   24.6,    3.3,    8.2,   34.1,    4.8,   10.0,    1.4,    0.3,   79.2,   74.8,   20.8,   25.2,     93,      9,      4,      4,     13,     14,     11,     12,     28,     11,     11,.,.,     57,     64,    31.7,    29.3,    45.5,    40.7,    30.1,    29.3,    42.3,    38.9,"(CONTRACTS OF CAD 100,000)",090741,CME ,090 ,F10,FutOnly
CANADIAN DOLLAR - CHICAGO MERCANTILE EXCHANGE,200505,2020-05-05,090741,CME ,00,090 ,  119300,   28962,    6620,    1877,   31053,   30786,    3908,    9892,   39311,    6146,   12360,    2034,     359,   94557,   91041,   24743,   28259,    1640,    -998,     626,     741,     573,    1564,    -344,    2109,    1181,     384,   -1002,     580,      13,    1476,    4745,     164,   -3105,  100.0,   24.3,    5.5,    1.6,   26.0,   25.8,    3.3,    8.3,   33.0,    5.2,   10.4,    1.7,    0.3,   79.3,   76.3,   20.7,   23.7,     97,     10,      4,      5,     13,     15,     10,     17,     24,     11,     11,.,.,     60,     65,    31.1,    29.0,    44.9,    41.2,    29.3,    29.0,    41.5,    39.6,"(CONTRACTS OF CAD 100,000)",090741,CME ,090 ,F10,FutOnly
CANADIAN DOLLAR - CHICAGO MERCANTILE EXCHANGE,200428,2020-04-28,090741,CME ,00,090 ,  117660,   29960,    5994,    1136,   30480,   29222,    4252,    7783,   38130,    5762,   13362,    1454,     346,   93081,   86296,   24579,   31364,   -3553,     -64,     393,    -517,    -585,     350,     590,   -2439,    1063,     -76,   -1042,   -2689,       8,   -4125,    -878,     572,   -2675,  100.0,   25.5,    5.1,    1.0,   25.9,   24.8,    3.6,    6.6,   32.4,    4.9,   11.4,    1.2,    0.3,   79.1,   73.3,   20.9,   26.7,     87,     10,      4,      4,     12,     15,     10,     10,     21,      9,     12,.,.,     54,     58,    30.6,    28.5,    45.0,    40.2,    28.9,    28.5,    41.4,    38.7,"(CONTRACTS OF CAD 100,000)",090741,CME ,090 ,F10,FutOnly
CANADIAN DOLLAR - CHICAGO MERCANTILE EXCHANGE,200421,2020-04-21,090741,CME ,00,090 ,  121213,   30024,    5601,    1653,   31065,   28872,    3662,   10222,   37067,    5838,   14404,    4143,     338,   97206,   87174,   24007,   34039,    1415,    1671,   -3559,    -384,   -1105,     900,    -277,    1301,    1876,     262,     267,     488,     338,    2073,    -356,    -658,    1771,  100.0,   24.8,    4.6,    1.4,   25.6,   23.8,    3.0,    8.4,   30.6,    4.8,   11.9,    3.4,    0.3,   80.2,   71.9,   19.8,   28.1,     90,      9,.,      4,     11,     16,      9,     14,     19,     10,     13,      4,.,     54,     60,    30.4,    27.6,    44.3,    37.8,    28.8,    27.6,    41.0,    36.4,"(CONTRACTS OF CAD 100,000)",090741,CME ,090 ,F10,FutOnly
CANADIAN DOLLAR - CHICAGO MERCANTILE EXCHANGE,200414,2020-04-14,090741,CME ,00,090 ,  119798,   28353,    9160,    2037,   32170,   27972,    3939,    8921,   35191,    5576,   14137,    3655,       0,   95133,   87530,   24665,   32268,    2275,    1998,    -395,      -4,     -72,     437,     410,     925,    -182,    -627,      -9,     433,       0,    2621,      72,    -346,    2203,  100.0,   23.7,    7.6,    1.7,   26.9,   23.3,    3.3,    7.4,   29.4,    4.7,   11.8,    3.1,    0.0,   79.4,   73.1,   20.6,   26.9,     87,      9,.,      5,     12,     16,      9,     13,     19,      8,     13,.,      0,     52,     57,    31.2,    26.1,    44.9,    38.7,    29.1,    26.1,    41.3,    36.7,"(CONTRACTS OF CAD 100,000)",090741,CME ,090 ,F10,FutOnly
CANADIAN DOLLAR - CHICAGO MERCANTILE EXCHANGE,200407,2020-04-07,090741,CME ,00,090 ,  117523,   26355,    9555,    2041,   32242,   27535,    3529,    7996,   35373,    6203,   14146,    3222,       0,   92512,   87458,   25011,   30065,   -5368,    1444,   -4543,      30,   -1162,   -3542,    -338,   -5944,    1716,     722,    -934,    -600,       0,   -6182,   -6555,     814,    1187,  100.0,   22.4,    8.1,    1.7,   27.4,   23.4,    3.0,    6.8,   30.1,    5.3,   12.0,    2.7,    0.0,   78.7,   74.4,   21.3,   25.6,     84,      8,.,      4,     12,     15,      8,     13,     17,      8,     13,.,      0,     50,     54,    31.4,    25.8,    45.2,    39.4,    29.2,    25.8,    41.7,    38.0,"(CONTRACTS OF CAD 100,000)",090741,CME ,090 ,F10,FutOnly
CANADIAN DOLLAR - CHICAGO MERCANTILE EXCHANGE,200331,2020-03-31,090741,CME ,00,090 ,  122891,   24911,   14098,    2011,   33404,   31077,    3867,   13940,   33657,    5481,   15080,    3822,       0,   98694,   94013,   24197,   28878,   -1335,   -2340,    7446,    1397,     -42,   -5579,    -222,    1118,   -4700,   -1319,    1042,       5,       0,    -366,   -2972,    -969,    1637,  100.0,   20.3,   11.5,    1.6,   27.2,   25.3,    3.1,   11.3,   27.4,    4.5,   12.3,    3.1,    0.0,   80.3,   76.5,   19.7,   23.5,     93,      7,      7,      5,     10,     16,      8,     16,     18,     10,     14,      4,      0,     55,     61,    32.1,    27.5,    44.8,    41.0,    29.9,    26.8,    41.7,    40.4,"(CONTRACTS OF CAD 100,000)",090741,CME ,090 ,F10,FutOnly
CANADIAN DOLLAR - CHICAGO MERCANTILE EXCHANGE,200324,2020-03-24,090741,CME ,00,090 ,  124226,   27251,    6652,     614,   33446,   36656,    4089,   12822,   38357,    6800,   14038,    3817,       0,   99060,   96985,   25166,   27241,  -58911,  -12056,  -16916,  -20764,    -771,   -4223,     -48,  -21048,     -69,   -1484,    1716,    1939,       0,  -54455,  -41565,   -4456,  -17346,  100.0,   21.9,    5.4,    0.5,   26.9,   29.5,    3.3,   10.3,   30.9,    5.5,   11.3,    3.1,    0.0,   79.7,   78.1,   20.3,   21.9,     94,      7,      5,.,      9,     19,      7,     16,     19,     12,     13,      4,      0,     55,     61,    31.4,    29.2,    44.7,    41.2,    29.7,    29.2,    41.8,    41.1,"(CONTRACTS OF CAD 100,000)",090741,CME ,090 ,F10,FutOnly
CANADIAN DOLLAR - CHICAGO MERCANTILE EXCHANGE,200317,2020-03-17,090741,CME ,00,090 ,  183137,   39307,   23568,   21378,   34217,   40879,    4137,   33870,   38426,    8284,   12322,    1878,       0,  153515,  138550,   29622,   44587,    7911,    7200,  -17236,   12678,    -693,   -1820,    -349,   -8104,      39,     794,    -129,     626,       0,   11397,   -5268,   -3486,   13179,  100.0,   21.5,   12.9,   11.7,   18.7,   22.3,    2.3,   18.5,   21.0,    4.5,    6.7,    1.0,    0.0,   83.8,   75.7,   16.2,   24.3,    101,      7,      7,      7,     12,     18,      8,     21,     21,     18,     10,.,      0,     64,     70,    33.4,    33.3,    47.3,    42.5,    28.6,    26.1,    39.5,    34.3,"(CONTRACTS OF CAD 100,000)",090741,CME ,090 ,F10,FutOnly
CANADIAN DOLLAR - CHICAGO MERCANTILE EXCHANGE,200310,2020-03-10,090741,CME ,00,090 ,  175226,   32107,   40804,    8700,   34910,   42699,    4486,   41974,   38387,    7490,   12451,    1252,       0,  142118,  143818,   33108,   31408,   14715,   17121,   -1892,    5056,    2008,    5402,     454,   -9046,    2501,     920,     905,       0,       0,   17418,   12441,   -2703,    2274,  100.0,   18.3,   23.3,    5.0,   19.9,   24.4,    2.6,   24.0,   21.9,    4.3,    7.1,    0.7,    0.0,   81.1,   82.1,   18.9,   17.9,    106,      6,      8,      6,     13,     19,     12,     23,     24,     15,     10,.,      0,     69,     70,    28.2,    32.5,    40.9,    41.9,    26.6,    30.6,    38.4,    39.7,"(CONTRACTS OF CAD 100,000)",090741,CME ,090 ,F10,FutOnly
CANADIAN DOLLAR - CHICAGO MERCANTILE EXCHANGE,200303,2020-03-03,090741,CME ,00,090 ,  160511,   14986,   42696,    3644,   32902,   37297,    4032,   51020,   35886,    6570,   11546,    1252,       0,  124700,  131377,   35811,   29134,   -8308,    2361,   -8469,    1291,   -9387,   -2320,   -1032,   -3585,    -212,    2405,     256,       0,       0,   -7691,   -8337,    -617,      29,  100.0,    9.3,   26.6,    2.3,   20.5,   23.2,    2.5,   31.8,   22.4,    4.1,    7.2,    0.8,    0.0,   77.7,   81.8,   22.3,   18.2,    107,      6,      8,      6,     15,     18,     11,     24,     24,     14,      9,.,      0,     68,     70,    22.6,    33.3,    37.6,    43.6,    22.4,    33.3,    34.6,    43.3,"(CONTRACTS OF CAD 100,000)",090741,CME ,090 ,F10,FutOnly
CANADIAN DOLLAR - CHICAGO MERCANTILE EXCHANGE,200225,2020-02-25,090741,CME ,00,090 ,  168819,   12625,   51165,    2353,   42289,   39617,    5064,   54605,   36098,    4165,   11290,    1252,       0,  132391,  139714,   36428,   29105,    4121,   -2565,    4975,     455,    4220,    1322,       3,    1765,   -3086,    -683,    -845,       0,      -1,    2349,    2985,    1772,    1136,  100.0,    7.5,   30.3,    1.4,   25.0,   23.5,    3.0,   32.3,   21.4,    2.5,    6.7,    0.7,    0.0,   78.4,   82.8,   21.6,   17.2,    113,      5,      8,.,     21,     18,     13,     24,     26,     12,      9,.,      0,     71,     69,    25.3,    40.3,    37.7,    50.1,    25.1,    40.3,    35.2,    49.9,"(CONTRACTS OF CAD 100,000)",090741,CME ,090 ,F10,FutOnly
CANADIAN DOLLAR - CHICAGO MERCANTILE EXCHANGE,200218,2020-02-18,090741,CME ,00,090 ,  164698,   15190,   46190,    1898,   38069,   38295,    5061,   52840,   39184,    4848,   12135,    1252,       1,  130042,  136729,   34656,   27969,   -2216,    2801,   -2789,    1462,    -119,   -2356,    -335,   -4306,    1016,     955,     398,       0,    -208,     648,   -2255,   -2864,      39,  100.0,    9.2,   28.0,    1.2,   23.1,   23.3,    3.1,   32.1,   23.8,    2.9,    7.4,    0.8,    0.0,   79.0,   83.0,   21.0,   17.0,    115,      7,      8,.,     20,     16,     11,     28,     24,     15,     10,.,.,     74,     71,    24.6,    38.5,    35.4,    48.7,    24.3,    38.5,    32.4,    48.4,"(CONTRACTS OF CAD 100,000)",090741,CME ,090 ,F10,FutOnly
CANADIAN DOLLAR - CHICAGO MERCANTILE EXCHANGE,200211,2020-02-11,090741,CME ,00,090 ,  166914,   12389,   48979,     436,   38188,   40651,    5396,   57146,   38168,    3893,   11737,    1252,     209,  129394,  138984,   37520,   27930,   -7086,   -1561,  -26796,     -75,   -5866,    9249,     673,    3994,    4814,    -350,    -364,    -497,       2,   -3547,  -12980,   -3539,    5894,  100.0,    7.4,   29.3,    0.3,   22.9,   24.4,    3.2,   34.2,   22.9,    2.3,    7.0,    0.8,    0.1,   77.5,   83.3,   22.5,   16.7,    112,      6,      9,.,     19,     15,     12,     29,     23,     12,      9,.,.,     71,     70,    25.3,    37.8,    36.6,    49.9,    25.1,    37.8,    34.8,    49.7,"(CONTRACTS OF CAD 100,000)",090741,CME ,090 ,F10,FutOnly
CANADIAN DOLLAR - CHICAGO MERCANTILE EXCHANGE,200204,2020-02-04,090741,CME ,00,090 ,  174000,   13950,   75775,     511,   44054,   31402,    4723,   53152,   33354,    4243,   12101,    1749,     207,  132941,  151964,   41059,   22036,  -11499,     182,  -18514,     272,  -17158,    4942,    1271,    1414,     190,    -175,    -624,      77,     -50,  -14868,  -11987,    3369,     488,  100.0,    8.0,   43.5,    0.3,   25.3,   18.0,    2.7,   30.5,   19.2,    2.4,    7.0,    1.0,    0.1,   76.4,   87.3,   23.6,   12.7,    110,      6,      9,.,     22,     13,      9,     23,     24,     12,     10,.,.,     70,     67,    24.3,    44.8,    35.5,    61.5,    24.1,    44.7,    34.3,    61.4,"(CONTRACTS OF CAD 100,000)",090741,CME ,090 ,F10,FutOnly
CANADIAN DOLLAR - CHICAGO MERCANTILE EXCHANGE,200128,2020-01-28,090741,CME ,00,090 ,  185499,   13768,   94289,     239,   61212,   26460,    3452,   51738,   33164,    4418,   12725,    1672,     257,  147809,  163951,   37690,   21548,   -3097,    7065,   -9857,      48,   -3867,    5095,      14,    4228,     340,      89,   -5534,       0,      53,    2096,   -4218,   -5193,    1121,  100.0,    7.4,   50.8,    0.1,   33.0,   14.3,    1.9,   27.9,   17.9,    2.4,    6.9,    0.9,    0.1,   79.7,   88.4,   20.3,   11.6,    114,      5,     10,.,     25,     13,     11,     24,     23,     12,     11,.,.,     76,     66,    26.6,    50.7,    36.8,    64.6,    26.5,    50.6,    36.3,    64.5,"(CONTRACTS OF CAD 100,000)",090741,CME ,090 ,F10,FutOnly
CANADIAN DOLLAR - CHICAGO MERCANTILE EXCHANGE,200121,2020-01-21,090741,CME ,00,090 ,  188596,    6703,  104146,     191,   65079,   21365,    3438,   47510,   32824,    4329,   18259,    1672,     204,  145713,  168169,   42883,   20427,   -1633,    -277,   -1837,    -476,    -182,    3765,     193,    2068,   -3840,   -1044,     864,    -407,      19,    1165,   -3627,   -2798,    1994,  100.0,    3.6,   55.2,    0.1,   34.5,   11.3,    1.8,   25.2,   17.4,    2.3,    9.7,    0.9,    0.1,   77.3,   89.2,   22.7,   10.8,    112,.,     10,.,     25,     13,     10,     26,     20,     12,     11,.,.,     74,     64,    26.7,    54.7,    36.9,    66.2,    26.6,    54.6,    36.7,    66.1,"(CONTRACTS OF CAD 100,000)",090741,CME ,090 ,F10,FutOnly
CANADIAN DOLLAR - CHICAGO MERCANTILE EXCHANGE,200114,2020-01-14,090741,CME ,00,090 ,  190229,    6980,  105983,     667,   65261,   17600,    3245,   45442,   36664,    5373,   17395,    2079,     185,  144548,  171796,   45681,   18433,     233,    -250,    8940,     133,   -3612,    2650,    -828,    4573,   -7462,   -1135,    -668,       7,      13,   -1774,    2318,    2007,   -2085,  100.0,    3.7,   55.7,    0.4,   34.3,    9.3,    1.7,   23.9,   19.3,    2.8,    9.1,    1.1,    0.1,   76.0,   90.3,   24.0,    9.7,    110,      4,     10,.,     24,     12,      9,     24,     21,     12,     10,.,.,     72,     63,    24.3,    54.7,    34.6,    65.4,    24.2,    54.4,    34.3,    65.1,"(CONTRACTS OF CAD 100,000)",090741,CME ,090 ,F10,FutOnly
CANADIAN DOLLAR - CHICAGO MERCANTILE EXCHANGE,200107,2020-01-07,090741,CME ,00,090 ,  189996,    7230,   97043,     534,   68873,   14950,    4073,   40869,   44126,    6508,   18063,    2072,     172,  146322,  169478,   43674,   20518,   14330,    3354,   19805,    -132,   10566,    1857,   -1442,    2438,  -11865,    4164,   -1570,      11,      26,   17404,   12424,   -3074,    1906,  100.0,    3.8,   51.1,    0.3,   36.2,    7.9,    2.1,   21.5,   23.2,    3.4,    9.5,    1.1,    0.1,   77.0,   89.2,   23.0,   10.8,    121,      4,     11,.,     25,     12,     11,     27,     27,     12,     11,.,.,     80,     68,    20.5,    50.3,    31.3,    61.2,    20.4,    50.0,    30.7,    60.7,"(CONTRACTS OF CAD 100,000)",090741,CME ,090 ,F10,FutOnly
SWISS FRANC - CHICAGO MERCANTILE EXCHANGE,201229,2020-12-29,092741,CME ,00,092 ,   52404,     501,   25283,      69,    9806,    5187,     348,   19646,    8982,     184,       0,     484,       0,   30554,   40537,   21850,   11867,    -901,       4,     692,       0,    -280,     133,      -1,   -1848,   -2394,     180,       0,       0,       0,   -1945,   -1390,    1044,     489,  100.0,    1.0,   48.2,    0.1,   18.7,    9.9,    0.7,   37.5,   17.1,    0.4,    0.0,    0.9,    0.0,   58.3,   77.4,   41.7,   22.6,     46,.,      9,.,     12,      5,.,     10,      8,.,      0,.,      0,     28,     25,    32.6,    46.1,    42.1,    56.8,    32.6,    46.1,    42.1,    56.8,"(CONTRACTS OF CHF 125,000)",092741,CME ,092 ,F10,FutOnly
SWISS FRANC - CHICAGO MERCANTILE EXCHANGE,201221,2020-12-21,092741,CME ,00,092 ,   53305,     497,   24591,      69,   10086,    5054,     349,   21494,   11376,       4,       0,     484,       0,   32499,   41927,   20806,   11378,    4392,       0,    1359,       4,     142,     302,    -262,    5659,    4016,    -115,       0,       0,       0,    5428,    5304,   -1036,    -912,  100.0,    0.9,   46.1,    0.1,   18.9,    9.5,    0.7,   40.3,   21.3,    0.0,    0.0,    0.9,    0.0,   61.0,   78.7,   39.0,   21.3,     47,.,      9,.,     12,      5,.,      9,     10,.,      0,.,      0,     27,     26,    35.9,    44.6,    46.0,    56.5,    35.9,    44.6,    46.0,    56.5,"(CONTRACTS OF CHF 125,000)",092741,CME ,092 ,F10,FutOnly
SWISS FRANC - CHICAGO MERCANTILE EXCHANGE,201215,2020-12-15,092741,CME ,00,092 ,   48913,     497,   23232,      65,    9944,    4752,     611,   15835,    7360,     119,       0,     484,       0,   27071,   36623,   21842,   12290,   -6009,   -2278,   -6198,    -491,     -53,     262,    -285,    -526,    1841,   -1363,       0,       3,       0,   -4996,   -6231,   -1013,     222,  100.0,    1.0,   47.5,    0.1,   20.3,    9.7,    1.2,   32.4,   15.0,    0.2,    0.0,    1.0,    0.0,   55.3,   74.9,   44.7,   25.1,     43,.,      8,.,     12,      5,.,      8,      8,.,      0,.,      0,     26,     23,    30.1,    47.3,    40.0,    57.0,    30.1,    47.3,    40.0,    57.0,"(CONTRACTS OF CHF 125,000)",092741,CME ,092 ,F10,FutOnly
SWISS FRANC - CHICAGO MERCANTILE EXCHANGE,201208,2020-12-08,092741,CME ,00,092 ,   54922,    2775,   29430,     556,    9997,    4490,     896,   16361,    5519,    1482,       0,     481,       0,   32067,   42854,   22855,   12068,    3239,    -643,    2019,     398,    1328,    -610,     548,   -3476,     943,    1363,       0,       0,      -6,    -488,    4655,    3727,   -1416,  100.0,    5.1,   53.6,    1.0,   18.2,    8.2,    1.6,   29.8,   10.0,    2.7,    0.0,    0.9,    0.0,   58.4,   78.0,   41.6,   22.0,     47,.,      7,      4,     13,      4,      5,     11,      9,      6,      0,.,      0,     34,     28,    25.2,    53.1,    35.7,    61.8,    25.2,    53.1,    35.1,    61.8,"(CONTRACTS OF CHF 125,000)",092741,CME ,092 ,F10,FutOnly
SWISS FRANC - CHICAGO MERCANTILE EXCHANGE,201201,2020-12-01,092741,CME ,00,092 ,   51683,    3418,   27411,     158,    8669,    5100,     348,   19837,    4576,     119,       0,     481,       6,   32555,   38199,   19128,   13484,    1295,      21,    -247,      67,   -1015,     186,       3,    -207,      11,    -140,       0,       0,       6,   -1265,    -114,    2560,    1409,  100.0,    6.6,   53.0,    0.3,   16.8,    9.9,    0.7,   38.4,    8.9,    0.2,    0.0,    0.9,    0.0,   63.0,   73.9,   37.0,   26.1,     40,.,      6,      4,     10,      5,.,     11,      5,.,      0,.,.,     30,     19,    31.1,    55.7,    44.5,    64.2,    31.0,    55.7,    44.4,    64.1,"(CONTRACTS OF CHF 125,000)",092741,CME ,092 ,F10,FutOnly
SWISS FRANC - CHICAGO MERCANTILE EXCHANGE,201124,2020-11-24,092741,CME ,00,092 ,   50388,    3397,   27658,      91,    9684,    4914,     345,   20044,    4565,     259,       0,     481,       0,   33820,   38313,   16568,   12075,    -387,     678,     207,       0,    -427,     320,    -162,     195,      96,      30,       0,       0,       0,     314,     491,    -701,    -878,  100.0,    6.7,   54.9,    0.2,   19.2,    9.8,    0.7,   39.8,    9.1,    0.5,    0.0,    1.0,    0.0,   67.1,   76.0,   32.9,   24.0,     42,.,      6,.,     11,      5,.,     11,      6,.,      0,.,      0,     29,     20,    33.4,    57.0,    47.4,    65.0,    33.2,    56.9,    47.2,    64.7,"(CONTRACTS OF CHF 125,000)",092741,CME ,092 ,F10,FutOnly
SWISS FRANC - CHICAGO MERCANTILE EXCHANGE,201117,2020-11-17,092741,CME ,00,092 ,   50775,    2719,   27451,      91,   10111,    4594,     507,   19849,    4469,     229,       0,     481,       0,   33506,   37822,   17269,   12953,   -1753,     427,    -618,      -6,      71,     -65,      91,   -1158,    -601,     119,       0,       4,       0,    -456,   -1076,   -1297,    -677,  100.0,    5.4,   54.1,    0.2,   19.9,    9.0,    1.0,   39.1,    8.8,    0.5,    0.0,    0.9,    0.0,   66.0,   74.5,   34.0,   25.5,     40,.,      6,.,     11,      5,.,     10,      5,.,      0,.,      0,     29,     19,    32.9,    57.0,    46.0,    64.9,    32.7,    56.9,    45.8,    64.6,"(CONTRACTS OF CHF 125,000)",092741,CME ,092 ,F10,FutOnly
SWISS FRANC - CHICAGO MERCANTILE EXCHANGE,201110,2020-11-10,092741,CME ,00,092 ,   52528,    2292,   28069,      97,   10040,    4659,     416,   21007,    5070,     110,       0,     477,       0,   33962,   38898,   18566,   13630,    1436,    -850,    1150,     -48,     636,     645,    -467,    1390,    -392,       7,       0,       0,       0,     668,     895,     768,     541,  100.0,    4.4,   53.4,    0.2,   19.1,    8.9,    0.8,   40.0,    9.7,    0.2,    0.0,    0.9,    0.0,   64.7,   74.1,   35.3,   25.9,     44,.,      6,.,     11,      5,.,     11,      8,.,      0,.,      0,     28,     24,    31.6,    55.1,    43.4,    62.1,    31.5,    55.1,    43.3,    62.1,"(CONTRACTS OF CHF 125,000)",092741,CME ,092 ,F10,FutOnly
SWISS FRANC - CHICAGO MERCANTILE EXCHANGE,201103,2020-11-03,092741,CME ,00,092 ,   51092,    3142,   26919,     145,    9404,    4014,     883,   19617,    5462,     103,       0,     477,       0,   33294,   38003,   17798,   13089,   -1643,     739,    -822,      -2,   -1517,    -208,      44,     521,    -823,     -49,       0,       0,       0,    -264,   -1860,   -1379,     217,  100.0,    6.1,   52.7,    0.3,   18.4,    7.9,    1.7,   38.4,   10.7,    0.2,    0.0,    0.9,    0.0,   65.2,   74.4,   34.8,   25.6,     44,.,      5,.,     12,      5,      5,     11,      7,.,      0,.,      0,     30,     25,    31.6,    54.9,    43.6,    62.3,    31.4,    54.9,    43.4,    62.3,"(CONTRACTS OF CHF 125,000)",092741,CME ,092 ,F10,FutOnly
SWISS FRANC - CHICAGO MERCANTILE EXCHANGE,201027,2020-10-27,092741,CME ,00,092 ,   52735,    2403,   27741,     147,   10921,    4222,     839,   19096,    6285,     152,       0,     477,       0,   33558,   39863,   19177,   12872,     -20,     240,     723,      71,   -1620,    -522,     837,     464,   -1063,      30,       0,      -6,       0,      22,      70,     -42,     -90,  100.0,    4.6,   52.6,    0.3,   20.7,    8.0,    1.6,   36.2,   11.9,    0.3,    0.0,    0.9,    0.0,   63.6,   75.6,   36.4,   24.4,     45,.,      5,      4,     13,      5,      4,     10,      8,.,      0,.,      0,     31,     25,    30.1,    55.4,    40.5,    62.7,    30.0,    55.4,    40.3,    62.7,"(CONTRACTS OF CHF 125,000)",092741,CME ,092 ,F10,FutOnly
SWISS FRANC - CHICAGO MERCANTILE EXCHANGE,201020,2020-10-20,092741,CME ,00,092 ,   52755,    2163,   27018,      76,   12541,    4744,       2,   18632,    7348,     122,       0,     483,       0,   33536,   39793,   19219,   12962,    5030,     533,    2975,      69,    1818,     -25,      -3,    3212,    3013,    -565,       0,       0,       0,    5064,    5464,     -34,    -434,  100.0,    4.1,   51.2,    0.1,   23.8,    9.0,    0.0,   35.3,   13.9,    0.2,    0.0,    0.9,    0.0,   63.6,   75.4,   36.4,   24.6,     45,.,      6,.,     13,      5,.,     10,      8,      4,      0,.,      0,     29,     24,    28.7,    53.9,    40.2,    62.0,    28.6,    53.9,    40.1,    62.0,"(CONTRACTS OF CHF 125,000)",092741,CME ,092 ,F10,FutOnly
SWISS FRANC - CHICAGO MERCANTILE EXCHANGE,201013,2020-10-13,092741,CME ,00,092 ,   47725,    1630,   24043,       7,   10723,    4769,       5,   15420,    4335,     687,       0,     483,       0,   28472,   34329,   19253,   13396,    2687,    -375,     362,      -2,    1752,     413,    -354,      77,     879,     229,       0,       0,       0,    1327,    1527,    1360,    1160,  100.0,    3.4,   50.4,    0.0,   22.5,   10.0,    0.0,   32.3,    9.1,    1.4,    0.0,    1.0,    0.0,   59.7,   71.9,   40.3,   28.1,     40,.,      5,.,     12,      5,.,     10,      6,      5,      0,.,      0,     27,     21,    28.5,    52.9,    40.3,    60.7,    28.4,    52.9,    40.2,    60.6,"(CONTRACTS OF CHF 125,000)",092741,CME ,092 ,F10,FutOnly
SWISS FRANC - CHICAGO MERCANTILE EXCHANGE,201006,2020-10-06,092741,CME ,00,092 ,   45038,    2005,   23681,       9,    8971,    4356,     359,   15343,    3456,     458,       0,     483,       0,   27145,   32802,   17893,   12236,   -2628,     -46,    1384,     -19,     485,   -2128,    -445,   -2984,   -2011,      34,       0,       0,       0,   -2975,   -3185,     347,     557,  100.0,    4.5,   52.6,    0.0,   19.9,    9.7,    0.8,   34.1,    7.7,    1.0,    0.0,    1.1,    0.0,   60.3,   72.8,   39.7,   27.2,     38,.,      5,.,     11,      5,.,      9,      6,      4,      0,.,      0,     25,     20,    32.5,    55.3,    44.3,    62.6,    32.4,    55.3,    44.2,    62.6,"(CONTRACTS OF CHF 125,000)",092741,CME ,092 ,F10,FutOnly
SWISS FRANC - CHICAGO MERCANTILE EXCHANGE,200929,2020-09-29,092741,CME ,00,092 ,   47666,    2051,   22297,      28,    8486,    6484,     804,   18327,    5467,     424,       0,     483,       0,   30120,   35987,   17546,   11679,   -4209,    1048,   -4485,      18,   -2828,     237,     363,   -1701,     658,     276,       0,       0,       0,   -2824,   -2933,   -1385,   -1276,  100.0,    4.3,   46.8,    0.1,   17.8,   13.6,    1.7,   38.4,   11.5,    0.9,    0.0,    1.0,    0.0,   63.2,   75.5,   36.8,   24.5,     45,.,      5,.,     10,      8,      5,     10,     10,      5,      0,.,      0,     28,     29,    33.8,    49.7,    45.3,    58.2,    33.7,    49.7,    45.2,    58.2,"(CONTRACTS OF CHF 125,000)",092741,CME ,092 ,F10,FutOnly
SWISS FRANC - CHICAGO MERCANTILE EXCHANGE,200922,2020-09-22,092741,CME ,00,092 ,   51875,    1003,   26782,      10,   11314,    6247,     441,   20028,    4809,     148,       0,     483,       0,   32944,   38920,   18931,   12955,    -536,    1003,   -1894,       2,   -2807,      76,     -68,    3128,    -822,     138,       0,      -1,       0,    1396,   -2569,   -1932,    2033,  100.0,    1.9,   51.6,    0.0,   21.8,   12.0,    0.9,   38.6,    9.3,    0.3,    0.0,    0.9,    0.0,   63.5,   75.0,   36.5,   25.0,     45,.,      5,.,     12,      7,      4,     13,      6,.,      0,.,      0,     32,     21,    27.5,    54.3,    38.9,    62.2,    27.5,    54.2,    38.9,    62.1,"(CONTRACTS OF CHF 125,000)",092741,CME ,092 ,F10,FutOnly
SWISS FRANC - CHICAGO MERCANTILE EXCHANGE,200915,2020-09-15,092741,CME ,00,092 ,   52411,       0,   28676,       8,   14121,    6171,     509,   16900,    5631,      10,       0,     484,       0,   31548,   41489,   20863,   10922,    -151,       0,     977,    -224,    2294,    -300,      27,    -828,     654,    -535,       0,       0,      -9,     725,     590,    -876,    -741,  100.0,    0.0,   54.7,    0.0,   26.9,   11.8,    1.0,   32.2,   10.7,    0.0,    0.0,    0.9,    0.0,   60.2,   79.2,   39.8,   20.8,     44,      0,      5,.,     14,      7,      5,     10,      7,.,      0,.,      0,     28,     23,    26.7,    57.6,    38.3,    65.8,    26.7,    57.6,    38.3,    65.8,"(CONTRACTS OF CHF 125,000)",092741,CME ,092 ,F10,FutOnly
SWISS FRANC - CHICAGO MERCANTILE EXCHANGE,200908,2020-09-08,092741,CME ,00,092 ,   52562,       0,   27699,     232,   11827,    6471,     482,   17728,    4977,     545,       0,     484,       9,   30823,   40899,   21739,   11663,   -1475,       0,   -1711,     -33,    -553,    -849,    -300,    -135,    -594,     538,       0,      -1,       1,    -482,   -2949,    -993,    1474,  100.0,    0.0,   52.7,    0.4,   22.5,   12.3,    0.9,   33.7,    9.5,    1.0,    0.0,    0.9,    0.0,   58.6,   77.8,   41.4,   22.2,     45,      0,      9,      4,     11,      7,      5,      9,      8,      5,      0,.,.,     30,     30,    28.0,    45.7,    39.7,    55.9,    28.0,    45.4,    39.7,    55.5,"(CONTRACTS OF CHF 125,000)",092741,CME ,092 ,F10,FutOnly
SWISS FRANC - CHICAGO MERCANTILE EXCHANGE,200901,2020-09-01,092741,CME ,00,092 ,   54037,       0,   29410,     265,   12380,    7320,     782,   17863,    5571,       7,       0,     485,       8,   31305,   43848,   22732,   10189,     952,       0,   -1911,      39,   -1522,    1124,     509,     888,     614,    -109,       0,       2,       8,    -187,     276,    1139,     676,  100.0,    0.0,   54.4,    0.5,   22.9,   13.5,    1.4,   33.1,   10.3,    0.0,    0.0,    0.9,    0.0,   57.9,   81.1,   42.1,   18.9,     47,      0,     10,      4,     12,      8,      6,      8,      8,.,      0,.,.,     29,     31,    29.0,    45.9,    41.9,    55.3,    29.0,    45.5,    41.9,    54.9,"(CONTRACTS OF CHF 125,000)",092741,CME ,092 ,F10,FutOnly
SWISS FRANC - CHICAGO MERCANTILE EXCHANGE,200825,2020-08-25,092741,CME ,00,092 ,   53085,       0,   31321,     226,   13902,    6196,     273,   16975,    4957,     116,       0,     483,       0,   31492,   43572,   21593,    9513,   -3029,       0,   -2872,     -18,     898,     870,    -200,   -2819,    -311,    -112,       0,       2,       0,   -2251,   -2641,    -778,    -388,  100.0,    0.0,   59.0,    0.4,   26.2,   11.7,    0.5,   32.0,    9.3,    0.2,    0.0,    0.9,    0.0,   59.3,   82.1,   40.7,   17.9,     45,      0,     10,.,     13,      6,.,     10,      5,.,      0,.,      0,     27,     27,    27.5,    49.1,    38.8,    61.6,    27.5,    48.7,    38.8,    61.1,"(CONTRACTS OF CHF 125,000)",092741,CME ,092 ,F10,FutOnly
SWISS FRANC - CHICAGO MERCANTILE EXCHANGE,200818,2020-08-18,092741,CME ,00,092 ,   56114,       0,   34193,     244,   13004,    5326,     473,   19794,    5268,     228,       0,     481,       0,   33743,   46213,   22371,    9901,    -478,       0,      72,      31,     347,     394,    -291,   -2418,    -170,     175,       0,       0,       0,   -2156,     211,    1678,    -689,  100.0,    0.0,   60.9,    0.4,   23.2,    9.5,    0.8,   35.3,    9.4,    0.4,    0.0,    0.9,    0.0,   60.1,   82.4,   39.9,   17.6,     45,      0,     10,.,     13,      6,      4,      9,      6,      4,      0,.,      0,     29,     27,    30.8,    50.7,    43.0,    62.5,    30.8,    50.4,    42.9,    62.1,"(CONTRACTS OF CHF 125,000)",092741,CME ,092 ,F10,FutOnly
SWISS FRANC - CHICAGO MERCANTILE EXCHANGE,200811,2020-08-11,092741,CME ,00,092 ,   56592,       0,   34121,     213,   12657,    4932,     764,   22212,    5438,      53,       0,     481,       0,   35899,   46002,   20693,   10590,    -180,       0,    2938,     173,   -1605,     291,     151,     739,   -4181,     -81,       0,       0,       0,    -623,    -709,     443,     529,  100.0,    0.0,   60.3,    0.4,   22.4,    8.7,    1.4,   39.2,    9.6,    0.1,    0.0,    0.8,    0.0,   63.4,   81.3,   36.6,   18.7,     48,      0,     10,.,     13,      6,      4,     11,      7,      4,      0,.,      0,     31,     28,    30.1,    50.0,    42.5,    61.5,    30.1,    49.6,    42.5,    61.1,"(CONTRACTS OF CHF 125,000)",092741,CME ,092 ,F10,FutOnly
SWISS FRANC - CHICAGO MERCANTILE EXCHANGE,200804,2020-08-04,092741,CME ,00,092 ,   56772,       0,   31183,      40,   14262,    4641,     613,   21473,    9619,     134,       0,     481,       0,   36522,   46711,   20250,   10061,    4973,       0,    5507,       8,    1096,    -784,     183,    4007,     887,    -453,       0,       1,       0,    4841,    5349,     132,    -376,  100.0,    0.0,   54.9,    0.1,   25.1,    8.2,    1.1,   37.8,   16.9,    0.2,    0.0,    0.8,    0.0,   64.3,   82.3,   35.7,   17.7,     48,      0,     10,.,     13,      6,.,     10,      8,.,      0,.,      0,     28,     28,    28.0,    48.3,    42.2,    61.5,    28.0,    48.3,    42.2,    61.4,"(CONTRACTS OF CHF 125,000)",092741,CME ,092 ,F10,FutOnly
SWISS FRANC - CHICAGO MERCANTILE EXCHANGE,200728,2020-07-28,092741,CME ,00,092 ,   51799,       0,   25676,      32,   13166,    5425,     430,   17466,    8732,     587,       0,     480,       0,   31681,   41362,   20118,   10437,     793,       0,    2576,       8,    -306,     -90,     -10,    -429,   -1163,    -514,       0,      -7,       0,   -1251,     800,    2044,      -7,  100.0,    0.0,   49.6,    0.1,   25.4,   10.5,    0.8,   33.7,   16.9,    1.1,    0.0,    0.9,    0.0,   61.2,   79.9,   38.8,   20.1,     46,      0,     10,.,     12,      7,.,      8,      8,.,      0,.,      0,     26,     28,    29.4,    42.3,    43.9,    55.9,    29.4,    42.3,    43.9,    55.9,"(CONTRACTS OF CHF 125,000)",092741,CME ,092 ,F10,FutOnly
SWISS FRANC - CHICAGO MERCANTILE EXCHANGE,200721,2020-07-21,092741,CME ,00,092 ,   51006,       0,   23100,      24,   13472,    5515,     440,   17895,    9895,    1101,       0,     487,       0,   32932,   40562,   18074,   10444,    2576,       0,    1396,      24,    1176,       4,     154,     301,     657,     259,       0,       0,       0,    1914,    2494,     662,      82,  100.0,    0.0,   45.3,    0.0,   26.4,   10.8,    0.9,   35.1,   19.4,    2.2,    0.0,    1.0,    0.0,   64.6,   79.5,   35.4,   20.5,     46,      0,     10,.,     11,      7,.,     10,      7,.,      0,.,      0,     25,     28,    31.2,    40.1,    46.8,    54.0,    31.2,    40.1,    46.8,    54.0,"(CONTRACTS OF CHF 125,000)",092741,CME ,092 ,F10,FutOnly
SWISS FRANC - CHICAGO MERCANTILE EXCHANGE,200714,2020-07-14,092741,CME ,00,092 ,   48430,       0,   21704,       0,   12296,    5511,     286,   17594,    9238,     842,       0,     487,       0,   31018,   38068,   17412,   10362,    3315,       0,    3248,       0,     353,      11,       1,    2156,     296,     116,       0,       0,       0,    2626,    3672,     689,    -357,  100.0,    0.0,   44.8,    0.0,   25.4,   11.4,    0.6,   36.3,   19.1,    1.7,    0.0,    1.0,    0.0,   64.0,   78.6,   36.0,   21.4,     43,      0,     10,      0,     10,      7,.,      7,      8,.,      0,.,      0,     20,     28,    33.3,    38.9,    49.4,    54.5,    33.3,    38.9,    49.4,    54.5,"(CONTRACTS OF CHF 125,000)",092741,CME ,092 ,F10,FutOnly
SWISS FRANC - CHICAGO MERCANTILE EXCHANGE,200707,2020-07-07,092741,CME ,00,092 ,   45115,       0,   18456,       0,   11943,    5500,     285,   15438,    8942,     726,       0,     487,       0,   28392,   34396,   16723,   10719,    3715,       0,    1552,       0,    2179,     100,      -2,    -638,    1321,      51,       0,       0,       0,    1590,    3022,    2125,     693,  100.0,    0.0,   40.9,    0.0,   26.5,   12.2,    0.6,   34.2,   19.8,    1.6,    0.0,    1.1,    0.0,   62.9,   76.2,   37.1,   23.8,     39,      0,      8,      0,      8,      7,.,      7,      8,      4,      0,.,      0,     19,     26,    36.2,    41.9,    50.5,    54.6,    36.2,    41.9,    50.5,    54.6,"(CONTRACTS OF CHF 125,000)",092741,CME ,092 ,F10,FutOnly
SWISS FRANC - CHICAGO MERCANTILE EXCHANGE,200630,2020-06-30,092741,CME ,00,092 ,   41400,       0,   16904,       0,    9764,    5400,     287,   16076,    7621,     675,       0,     487,       0,   26802,   31374,   14598,   10026,    -899,       0,     878,       0,    -229,      15,      -7,      95,   -1680,      70,       0,       1,       0,     -71,    -723,    -828,    -176,  100.0,    0.0,   40.8,    0.0,   23.6,   13.0,    0.7,   38.8,   18.4,    1.6,    0.0,    1.2,    0.0,   64.7,   75.8,   35.3,   24.2,     39,      0,      8,      0,      8,      7,.,      8,      7,.,      0,.,      0,     19,     25,    34.4,    42.7,    50.3,    56.0,    34.4,    42.7,    50.3,    56.0,"(CONTRACTS OF CHF 125,000)",092741,CME ,092 ,F10,FutOnly
SWISS FRANC - CHICAGO MERCANTILE EXCHANGE,200623,2020-06-23,092741,CME ,00,092 ,   42299,       0,   16026,       0,    9993,    5385,     294,   15981,    9301,     605,       0,     486,       0,   26873,   32097,   15426,   10202,    6566,       0,    3240,       0,    2411,     631,       3,    2350,    2070,      73,       0,      -7,       0,    4837,    6010,    1729,     556,  100.0,    0.0,   37.9,    0.0,   23.6,   12.7,    0.7,   37.8,   22.0,    1.4,    0.0,    1.1,    0.0,   63.5,   75.9,   36.5,   24.1,     39,      0,      6,      0,      7,      7,.,      8,     10,.,      0,.,      0,     18,     25,    35.9,    40.6,    51.1,    54.5,    35.9,    40.6,    51.1,    54.5,"(CONTRACTS OF CHF 125,000)",092741,CME ,092 ,F10,FutOnly
SWISS FRANC - CHICAGO MERCANTILE EXCHANGE,200616,2020-06-16,092741,CME ,00,092 ,   35733,       0,   12786,       0,    7582,    4754,     291,   13631,    7231,     532,       0,     493,       0,   22036,   26087,   13697,    9646,   -5847,   -4320,   -1261,    -477,     149,    -340,      -3,      22,   -2200,     326,    -696,     493,       0,   -4999,   -3462,    -848,   -2385,  100.0,    0.0,   35.8,    0.0,   21.2,   13.3,    0.8,   38.1,   20.2,    1.5,    0.0,    1.4,    0.0,   61.7,   73.0,   38.3,   27.0,     34,      0,      5,      0,      5,      6,.,      6,     11,.,      0,.,      0,     13,     25,    42.7,    40.0,    55.8,    51.6,    42.7,    40.0,    55.4,    51.6,"(CONTRACTS OF CHF 125,000)",092741,CME ,092 ,F10,FutOnly
SWISS FRANC - CHICAGO MERCANTILE EXCHANGE,200609,2020-06-09,092741,CME ,00,092 ,   41580,    4320,   14047,     477,    7433,    5094,     294,   13609,    9431,     206,     696,       0,       0,   27035,   29549,   14545,   12031,    1228,     641,   -1687,     365,     738,    -919,     -33,   -2678,    5549,      86,       0,    -493,       0,    -881,    2868,    2109,   -1640,  100.0,   10.4,   33.8,    1.1,   17.9,   12.3,    0.7,   32.7,   22.7,    0.5,    1.7,    0.0,    0.0,   65.0,   71.1,   35.0,   28.9,     36,.,      4,      4,      6,      6,.,      8,      8,.,.,      0,      0,     22,     23,    38.4,    42.6,    50.1,    54.3,    38.4,    42.0,    50.1,    53.3,"(CONTRACTS OF CHF 125,000)",092741,CME ,092 ,F10,FutOnly
SWISS FRANC - CHICAGO MERCANTILE EXCHANGE,200602,2020-06-02,092741,CME ,00,092 ,   40352,    3679,   15734,     112,    6695,    6013,     327,   16287,    3882,     120,     696,     493,       0,   27916,   26681,   12436,   13671,    1280,    -600,     646,      31,     393,     562,      -1,     144,    -619,      89,       0,       6,       0,      56,     714,    1224,     566,  100.0,    9.1,   39.0,    0.3,   16.6,   14.9,    0.8,   40.4,    9.6,    0.3,    1.7,    1.2,    0.0,   69.2,   66.1,   30.8,   33.9,     36,      4,      4,      4,      5,      7,.,      8,      6,.,.,.,      0,     23,     21,    36.8,    41.1,    51.4,    50.8,    36.8,    41.0,    51.3,    50.5,"(CONTRACTS OF CHF 125,000)",092741,CME ,092 ,F10,FutOnly
SWISS FRANC - CHICAGO MERCANTILE EXCHANGE,200526,2020-05-26,092741,CME ,00,092 ,   39072,    4279,   15088,      81,    6302,    5451,     328,   16143,    4501,      31,     696,     487,       0,   27860,   25967,   11212,   13105,     326,     448,     892,       3,    -458,      10,       1,    -254,    -443,       1,       0,       0,       0,    -259,     464,     585,    -138,  100.0,   11.0,   38.6,    0.2,   16.1,   14.0,    0.8,   41.3,   11.5,    0.1,    1.8,    1.2,    0.0,   71.3,   66.5,   28.7,   33.5,     36,      4,      5,      4,      5,      6,.,      8,      6,.,.,.,      0,     23,     21,    38.0,    42.1,    52.5,    51.7,    38.0,    42.1,    52.5,    51.7,"(CONTRACTS OF CHF 125,000)",092741,CME ,092 ,F10,FutOnly
SWISS FRANC - CHICAGO MERCANTILE EXCHANGE,200519,2020-05-19,092741,CME ,00,092 ,   38746,    3831,   14196,      78,    6760,    5441,     327,   16397,    4944,      30,     696,     487,       0,   28119,   25503,   10627,   13243,   -1723,    -674,   -1480,      16,    1445,    -861,       2,    1039,    -618,      17,   -3156,       0,       0,   -1311,   -2924,    -412,    1201,  100.0,    9.9,   36.6,    0.2,   17.4,   14.0,    0.8,   42.3,   12.8,    0.1,    1.8,    1.3,    0.0,   72.6,   65.8,   27.4,   34.2,     38,      4,      4,.,      6,      6,.,      8,      8,.,.,.,      0,     23,     22,    38.4,    41.0,    52.7,    49.9,    38.4,    41.0,    52.7,    49.9,"(CONTRACTS OF CHF 125,000)",092741,CME ,092 ,F10,FutOnly
SWISS FRANC - CHICAGO MERCANTILE EXCHANGE,200512,2020-05-12,092741,CME ,00,092 ,   40469,    4505,   15676,      62,    5315,    6302,     325,   15358,    5562,      13,    3852,     487,       0,   29430,   28427,   11039,   12042,    4212,     455,    3174,     -15,     514,    1534,       6,    -449,     377,       2,    3156,       0,       0,    3669,    5078,     543,    -866,  100.0,   11.1,   38.7,    0.2,   13.1,   15.6,    0.8,   38.0,   13.7,    0.0,    9.5,    1.2,    0.0,   72.7,   70.2,   27.3,   29.8,     41,.,      5,.,      5,      8,.,      8,      9,.,.,.,      0,     21,     25,    38.1,    40.1,    54.2,    50.1,    38.1,    40.1,    54.2,    50.0,"(CONTRACTS OF CHF 125,000)",092741,CME ,092 ,F10,FutOnly
SWISS FRANC - CHICAGO MERCANTILE EXCHANGE,200505,2020-05-05,092741,CME ,00,092 ,   36257,    4050,   12502,      77,    4801,    4768,     319,   15807,    5185,      11,     696,     487,       0,   25761,   23349,   10496,   12908,     -69,     998,    1020,       0,      52,    -465,     -40,     485,   -1340,      -1,       0,      37,       0,    1494,    -789,   -1563,     720,  100.0,   11.2,   34.5,    0.2,   13.2,   13.2,    0.9,   43.6,   14.3,    0.0,    1.9,    1.3,    0.0,   71.1,   64.4,   28.9,   35.6,     40,      4,      4,.,      5,      6,.,     11,      8,.,.,.,      0,     23,     22,    36.5,    39.3,    49.7,    47.8,    36.5,    39.3,    49.7,    47.7,"(CONTRACTS OF CHF 125,000)",092741,CME ,092 ,F10,FutOnly
SWISS FRANC - CHICAGO MERCANTILE EXCHANGE,200428,2020-04-28,092741,CME ,00,092 ,   36326,    3052,   11482,      77,    4749,    5233,     359,   15322,    6525,      12,     696,     450,       0,   24267,   24138,   12059,   12188,    1300,    1312,     938,      61,     199,      48,      -1,    -475,    -905,       3,       0,       0,       0,    1099,     144,     201,    1156,  100.0,    8.4,   31.6,    0.2,   13.1,   14.4,    1.0,   42.2,   18.0,    0.0,    1.9,    1.2,    0.0,   66.8,   66.4,   33.2,   33.6,     42,      4,      4,.,      5,      7,.,     10,     10,.,.,.,      0,     22,     25,    35.4,    36.2,    46.1,    45.7,    35.4,    36.2,    46.0,    45.7,"(CONTRACTS OF CHF 125,000)",092741,CME ,092 ,F10,FutOnly
SWISS FRANC - CHICAGO MERCANTILE EXCHANGE,200421,2020-04-21,092741,CME ,00,092 ,   35026,    1740,   10544,      16,    4550,    5185,     360,   15797,    7430,       9,     696,     450,       0,   23168,   23994,   11858,   11032,    2308,    -488,     269,       0,    -317,    1716,       4,    1147,     439,      -2,       0,      -6,       0,     344,    2420,    1964,    -112,  100.0,    5.0,   30.1,    0.0,   13.0,   14.8,    1.0,   45.1,   21.2,    0.0,    2.0,    1.3,    0.0,   66.1,   68.5,   33.9,   31.5,     39,.,.,.,      5,      7,.,     10,     10,.,.,.,      0,     19,     24,    37.5,    36.9,    47.9,    47.6,    37.5,    36.9,    47.9,    47.6,"(CONTRACTS OF CHF 125,000)",092741,CME ,092 ,F10,FutOnly
SWISS FRANC - CHICAGO MERCANTILE EXCHANGE,200414,2020-04-14,092741,CME ,00,092 ,   32718,    2228,   10275,      16,    4867,    3469,     356,   14650,    6991,      11,     696,     456,       0,   22824,   21574,    9894,   11144,    2327,    -135,     532,       0,    1475,     179,      29,     824,    1369,      -3,       0,       0,       0,    2190,    2106,     137,     221,  100.0,    6.8,   31.4,    0.0,   14.9,   10.6,    1.1,   44.8,   21.4,    0.0,    2.1,    1.4,    0.0,   69.8,   65.9,   30.2,   34.1,     38,.,.,.,      6,      6,.,      9,      9,.,.,.,      0,     20,     22,    40.3,    36.8,    51.4,    47.9,    40.2,    36.8,    51.1,    47.9,"(CONTRACTS OF CHF 125,000)",092741,CME ,092 ,F10,FutOnly
SWISS FRANC - CHICAGO MERCANTILE EXCHANGE,200407,2020-04-07,092741,CME ,00,092 ,   30391,    2363,    9743,      16,    3392,    3290,     327,   13826,    5622,      14,     696,     456,       0,   20634,   19468,    9757,   10923,     734,     705,     253,       0,    -391,     148,       1,     797,    -262,     -53,       0,       0,       0,    1059,      87,    -325,     647,  100.0,    7.8,   32.1,    0.1,   11.2,   10.8,    1.1,   45.5,   18.5,    0.0,    2.3,    1.5,    0.0,   67.9,   64.1,   32.1,   35.9,     34,.,.,.,      5,      6,.,      7,      8,.,.,.,      0,     17,     21,    41.2,    37.0,    52.5,    47.4,    41.1,    37.0,    52.0,    47.4,"(CONTRACTS OF CHF 125,000)",092741,CME ,092 ,F10,FutOnly
SWISS FRANC - CHICAGO MERCANTILE EXCHANGE,200331,2020-03-31,092741,CME ,00,092 ,   29657,    1658,    9490,      16,    3783,    3142,     326,   13029,    5884,      67,     696,     456,       0,   19575,   19381,   10082,   10276,   -1110,     171,    -182,      16,    -784,    -845,     -16,    -814,     749,     -40,       0,     -99,       0,   -1467,    -417,     357,    -693,  100.0,    5.6,   32.0,    0.1,   12.8,   10.6,    1.1,   43.9,   19.8,    0.2,    2.3,    1.5,    0.0,   66.0,   65.4,   34.0,   34.6,     34,.,.,.,      5,      6,.,      6,      9,.,.,.,      0,     17,     21,    42.9,    36.4,    54.2,    47.0,    42.9,    36.4,    53.5,    47.0,"(CONTRACTS OF CHF 125,000)",092741,CME ,092 ,F10,FutOnly
SWISS FRANC - CHICAGO MERCANTILE EXCHANGE,200324,2020-03-24,092741,CME ,00,092 ,   30767,    1487,    9672,       0,    4567,    3987,     342,   13843,    5135,     107,     696,     555,       0,   21042,   19798,    9725,   10969,   -4487,    1487,   -1691,       0,   -2137,    1569,    -252,   -2110,   -3400,      -3,       0,       0,       0,   -3015,   -3777,   -1472,    -710,  100.0,    4.8,   31.4,    0.0,   14.8,   13.0,    1.1,   45.0,   16.7,    0.3,    2.3,    1.8,    0.0,   68.4,   64.3,   31.6,   35.7,     35,.,.,      0,      6,      7,.,      7,      7,.,.,.,      0,     19,     20,    42.2,    38.0,    52.8,    46.9,    42.2,    37.8,    52.8,    46.6,"(CONTRACTS OF CHF 125,000)",092741,CME ,092 ,F10,FutOnly
SWISS FRANC - CHICAGO MERCANTILE EXCHANGE,200317,2020-03-17,092741,CME ,00,092 ,   35254,       0,   11363,       0,    6704,    2418,     594,   15953,    8535,     110,     696,     555,       0,   24057,   23575,   11197,   11679,  -15220,   -1483,   -2659,   -4294,   -1114,    -601,       8,   -1374,   -4690,   -1958,     -44,       0,       0,  -10259,  -14194,   -4961,   -1026,  100.0,    0.0,   32.2,    0.0,   19.0,    6.9,    1.7,   45.3,   24.2,    0.3,    2.0,    1.6,    0.0,   68.2,   66.9,   31.8,   33.1,     35,      0,      5,      0,      7,      4,.,      8,      9,.,.,.,      0,     18,     21,    42.8,    36.6,    54.7,    49.9,    42.8,    36.3,    54.7,    49.6,"(CONTRACTS OF CHF 125,000)",092741,CME ,092 ,F10,FutOnly
SWISS FRANC - CHICAGO MERCANTILE EXCHANGE,200310,2020-03-10,092741,CME ,00,092 ,   50474,    1483,   14022,    4294,    7818,    3019,     586,   17327,   13225,    2068,     740,     555,       0,   34316,   37769,   16158,   12705,   -3962,   -8455,    4489,    2191,    2765,   -4437,     -29,   -1728,   -2190,     345,       0,       0,       0,   -4911,     369,     949,   -4331,  100.0,    2.9,   27.8,    8.5,   15.5,    6.0,    1.2,   34.3,   26.2,    4.1,    1.5,    1.1,    0.0,   68.0,   74.8,   32.0,   25.2,     49,.,      7,      4,      8,      5,.,     12,     12,      7,.,.,      0,     29,     32,    32.2,    33.0,    44.0,    47.7,    26.9,    27.2,    35.4,    38.9,"(CONTRACTS OF CHF 125,000)",092741,CME ,092 ,F10,FutOnly
SWISS FRANC - CHICAGO MERCANTILE EXCHANGE,200303,2020-03-03,092741,CME ,00,092 ,   54436,    9938,    9533,    2103,    5053,    7456,     615,   19055,   15415,    1723,     740,     555,       0,   39227,   37400,   15209,   17036,   -2756,   -6527,    3080,    1978,    1114,   -8496,      46,   -5093,    4449,    1690,       0,    -313,       0,   -6792,    2434,    4036,   -5190,  100.0,   18.3,   17.5,    3.9,    9.3,   13.7,    1.1,   35.0,   28.3,    3.2,    1.4,    1.0,    0.0,   72.1,   68.7,   27.9,   31.3,     52,.,      7,      4,      6,      8,.,     12,     14,      5,.,.,      0,     27,     36,    41.8,    28.6,    52.3,    39.7,    37.6,    28.4,    46.6,    37.7,"(CONTRACTS OF CHF 125,000)",092741,CME ,092 ,F10,FutOnly
SWISS FRANC - CHICAGO MERCANTILE EXCHANGE,200225,2020-02-25,092741,CME ,00,092 ,   57192,   16465,    6453,     125,    3939,   15952,     569,   24148,   10966,      33,     740,     868,       0,   46019,   34966,   11173,   22226,    4672,    4088,    -846,     121,   -1739,    2242,      16,    1949,    2578,      17,       0,       0,       0,    4452,    4128,     220,     544,  100.0,   28.8,   11.3,    0.2,    6.9,   27.9,    1.0,   42.2,   19.2,    0.1,    1.3,    1.5,    0.0,   80.5,   61.1,   19.5,   38.9,     59,      6,      6,.,      6,     14,.,     14,     11,.,.,.,      0,     29,     37,    44.7,    22.3,    55.2,    31.8,    44.7,    22.3,    55.2,    31.8,"(CONTRACTS OF CHF 125,000)",092741,CME ,092 ,F10,FutOnly
SWISS FRANC - CHICAGO MERCANTILE EXCHANGE,200218,2020-02-18,092741,CME ,00,092 ,   52520,   12377,    7299,       4,    5678,   13710,     553,   22199,    8388,      16,     740,     868,       0,   41567,   30838,   10953,   21682,    1055,    2204,   -4165,       0,    -158,     555,     -10,     660,    2437,    -100,       0,       0,       0,    2596,   -1283,   -1541,    2338,  100.0,   23.6,   13.9,    0.0,   10.8,   26.1,    1.1,   42.3,   16.0,    0.0,    1.4,    1.7,    0.0,   79.1,   58.7,   20.9,   41.3,     56,      4,      6,.,      6,     13,.,     15,     10,.,.,.,      0,     27,     36,    43.2,    18.9,    52.9,    28.1,    43.2,    18.9,    52.9,    28.1,"(CONTRACTS OF CHF 125,000)",092741,CME ,092 ,F10,FutOnly
SWISS FRANC - CHICAGO MERCANTILE EXCHANGE,200211,2020-02-11,092741,CME ,00,092 ,   51465,   10173,   11464,       4,    5836,   13155,     563,   21539,    5951,     116,     740,     868,       0,   38971,   32121,   12494,   19344,    1610,     661,   -2264,       0,    -215,    2952,      18,    1646,    1533,      99,       0,   -2075,       0,    2209,     263,    -599,    1347,  100.0,   19.8,   22.3,    0.0,   11.3,   25.6,    1.1,   41.9,   11.6,    0.2,    1.4,    1.7,    0.0,   75.7,   62.4,   24.3,   37.6,     53,      4,      7,.,      6,     13,.,     13,      8,      4,.,.,      0,     26,     34,    40.6,    23.2,    53.6,    32.7,    40.6,    23.2,    53.6,    32.7,"(CONTRACTS OF CHF 125,000)",092741,CME ,092 ,F10,FutOnly
SWISS FRANC - CHICAGO MERCANTILE EXCHANGE,200204,2020-02-04,092741,CME ,00,092 ,   49855,    9512,   13728,       4,    6051,   10203,     545,   19893,    4418,      17,     740,    2943,       0,   36762,   31858,   13093,   17997,   -1585,   -3141,     598,       0,     714,     -64,     -30,    1789,     -40,       6,       0,     770,       0,    -662,    1240,    -923,   -2825,  100.0,   19.1,   27.5,    0.0,   12.1,   20.5,    1.1,   39.9,    8.9,    0.0,    1.5,    5.9,    0.0,   73.7,   63.9,   26.3,   36.1,     52,.,      8,.,      6,     11,.,     13,      7,.,.,.,      0,     26,     33,    40.3,    26.8,    53.5,    36.7,    40.3,    26.8,    53.5,    36.6,"(CONTRACTS OF CHF 125,000)",092741,CME ,092 ,F10,FutOnly
SWISS FRANC - CHICAGO MERCANTILE EXCHANGE,200128,2020-01-28,092741,CME ,00,092 ,   51440,   12653,   13130,       4,    5337,   10267,     575,   18104,    4458,      11,     740,    2173,       0,   37424,   30618,   14016,   20822,    1072,     575,     -11,       0,     915,     532,      19,     777,   -3072,     -76,       0,     693,       0,    2210,   -1915,   -1138,    2987,  100.0,   24.6,   25.5,    0.0,   10.4,   20.0,    1.1,   35.2,    8.7,    0.0,    1.4,    4.2,    0.0,   72.8,   59.5,   27.2,   40.5,     46,.,      8,.,      5,     11,.,     10,      6,.,.,.,      0,     22,     31,    45.9,    26.3,    57.9,    35.7,    45.9,    26.3,    57.9,    35.7,"(CONTRACTS OF CHF 125,000)",092741,CME ,092 ,F10,FutOnly
SWISS FRANC - CHICAGO MERCANTILE EXCHANGE,200121,2020-01-21,092741,CME ,00,092 ,   50368,   12078,   13141,       4,    4422,    9735,     556,   17327,    7530,      87,     740,    1480,       0,   35214,   32533,   15154,   17835,    1250,   -1900,    3409,       0,     238,   -1010,      21,     766,    -123,    -412,       0,    -174,       0,   -1287,    1711,    2537,    -461,  100.0,   24.0,   26.1,    0.0,    8.8,   19.3,    1.1,   34.4,   14.9,    0.2,    1.5,    2.9,    0.0,   69.9,   64.6,   30.1,   35.4,     49,.,      8,.,      5,     11,.,      9,     10,      4,.,.,      0,     23,     33,    44.3,    25.3,    55.4,    35.0,    44.3,    25.3,    55.4,    35.0,"(CONTRACTS OF CHF 125,000)",092741,CME ,092 ,F10,FutOnly
SWISS FRANC - CHICAGO MERCANTILE EXCHANGE,200114,2020-01-14,092741,CME ,00,092 ,   49118,   13978,    9732,       4,    4184,   10745,     535,   16561,    7653,     499,     740,    1654,       0,   36501,   30822,   12617,   18296,    -247,   -3358,    3956,       4,     831,    -266,      -6,    1415,   -3331,     492,       0,    -392,       0,    -622,     457,     375,    -704,  100.0,   28.5,   19.8,    0.0,    8.5,   21.9,    1.1,   33.7,   15.6,    1.0,    1.5,    3.4,    0.0,   74.3,   62.8,   25.7,   37.2,     53,.,      8,.,      5,     12,.,     11,     11,.,.,.,      0,     24,     35,    47.4,    18.7,    57.4,    28.6,    47.4,    18.7,    57.4,    28.6,"(CONTRACTS OF CHF 125,000)",092741,CME ,092 ,F10,FutOnly
SWISS FRANC - CHICAGO MERCANTILE EXCHANGE,200107,2020-01-07,092741,CME ,00,092 ,   49365,   17336,    5776,       0,    3353,   11011,     541,   15146,   10984,       7,     740,    2046,       0,   37123,   30365,   12242,   19000,   -6149,   -4314,     291,       0,     339,   -2466,    -443,   -2807,   -4291,      -1,    -521,    1178,       0,   -7747,   -5732,    1598,    -417,  100.0,   35.1,   11.7,    0.0,    6.8,   22.3,    1.1,   30.7,   22.3,    0.0,    1.5,    4.1,    0.0,   75.2,   61.5,   24.8,   38.5,     50,.,      7,      0,      5,     12,.,      9,     11,.,.,.,      0,     21,     32,    54.1,    17.2,    63.2,    28.8,    54.1,    17.2,    63.2,    28.8,"(CONTRACTS OF CHF 125,000)",092741,CME ,092 ,F10,FutOnly
BRITISH POUND STERLING - CHICAGO MERCANTILE EXCHANGE,201229,2020-12-29,096742,CME ,00,096 ,  139870,   19369,   26078,     176,   48644,   46389,    7581,   28594,   25292,    1671,    2011,    8454,       0,  108046,  115641,   31824,   24229,   -4736,    -987,   -2724,    -285,   -4660,    -455,     405,     148,   -1840,   -1823,     411,    1600,       0,   -6791,   -5122,    2055,     386,  100.0,   13.8,   18.6,    0.1,   34.8,   33.2,    5.4,   20.4,   18.1,    1.2,    1.4,    6.0,    0.0,   77.2,   82.7,   22.8,   17.3,     99,      5,      8,.,     15,     20,     12,     23,     22,     11,.,      4,      0,     61,     64,    28.9,    27.1,    43.2,    41.0,    28.6,    27.0,    42.9,    40.9,"(CONTRACTS OF GBP 62,500)",096742,CME ,096 ,F10,FutOnly
BRITISH POUND STERLING - CHICAGO MERCANTILE EXCHANGE,201221,2020-12-21,096742,CME ,00,096 ,  144606,   20356,   28802,     461,   53304,   46844,    7176,   28446,   27132,    3494,    1600,    6854,       0,  114837,  120763,   29769,   23843,    2364,     463,     991,     389,     307,      -7,     656,    1610,      39,    1841,       0,       0,       0,    5266,    3909,   -2902,   -1545,  100.0,   14.1,   19.9,    0.3,   36.9,   32.4,    5.0,   19.7,   18.8,    2.4,    1.1,    4.7,    0.0,   79.4,   83.5,   20.6,   16.5,    103,      5,      8,      4,     17,     20,     11,     26,     22,     18,.,.,      0,     62,     74,    29.4,    25.9,    44.1,    39.8,    29.2,    25.7,    43.8,    39.6,"(CONTRACTS OF GBP 62,500)",096742,CME ,096 ,F10,FutOnly
BRITISH POUND STERLING - CHICAGO MERCANTILE EXCHANGE,201215,2020-12-15,096742,CME ,00,096 ,  142242,   19893,   27811,      72,   52997,   46851,    6520,   26836,   27093,    1653,    1600,    6854,       0,  109571,  116854,   32671,   25388,  -21942,    9687,    8870,  -25017,   -3237,    -263,     232,    -518,   -1427,   -2758,       0,       0,       0,  -21611,  -20363,    -331,   -1579,  100.0,   14.0,   19.6,    0.1,   37.3,   32.9,    4.6,   18.9,   19.0,    1.2,    1.1,    4.8,    0.0,   77.0,   82.2,   23.0,   17.8,    102,      6,      7,.,     17,     19,     10,     24,     24,     13,.,.,      0,     62,     66,    29.2,    26.8,    43.7,    41.2,    29.0,    26.7,    43.5,    41.0,"(CONTRACTS OF GBP 62,500)",096742,CME ,096 ,F10,FutOnly
BRITISH POUND STERLING - CHICAGO MERCANTILE EXCHANGE,201208,2020-12-08,096742,CME ,00,096 ,  164184,   10206,   18941,   25089,   56234,   47114,    6288,   27354,   28520,    4411,    1600,    6854,       0,  131182,  137217,   33002,   26967,   17218,   -3144,    3554,   20531,     853,    -321,     552,   -3505,   -9997,    1920,    -416,       0,       0,   16791,   16239,     427,     979,  100.0,    6.2,   11.5,   15.3,   34.3,   28.7,    3.8,   16.7,   17.4,    2.7,    1.0,    4.2,    0.0,   79.9,   83.6,   20.1,   16.4,    109,      7,      8,      7,     17,     20,     14,     22,     30,     19,.,.,      0,     68,     81,    28.0,    26.3,    42.8,    38.1,    24.0,    18.7,    35.3,    28.5,"(CONTRACTS OF GBP 62,500)",096742,CME ,096 ,F10,FutOnly
BRITISH POUND STERLING - CHICAGO MERCANTILE EXCHANGE,201201,2020-12-01,096742,CME ,00,096 ,  146966,   13350,   15387,    4558,   55381,   47435,    5736,   30859,   38517,    2491,    2016,    6854,       0,  114391,  120978,   32575,   25988,    4008,   -5598,    3857,    1902,    4475,   -1129,    -736,    2085,   -1749,    -297,     -16,       0,       0,    1815,    1848,    2193,    2160,  100.0,    9.1,   10.5,    3.1,   37.7,   32.3,    3.9,   21.0,   26.2,    1.7,    1.4,    4.7,    0.0,   77.8,   82.3,   22.2,   17.7,    108,      7,      7,      5,     17,     20,     11,     25,     27,     16,.,.,      0,     70,     70,    28.3,    20.9,    42.4,    32.9,    27.9,    20.8,    40.2,    32.8,"(CONTRACTS OF GBP 62,500)",096742,CME ,096 ,F10,FutOnly
BRITISH POUND STERLING - CHICAGO MERCANTILE EXCHANGE,201124,2020-11-24,096742,CME ,00,096 ,  142958,   18948,   11530,    2656,   50906,   48564,    6472,   28774,   40266,    2788,    2032,    6854,       0,  112576,  119130,   30382,   23828,    3948,   -5169,    2092,    1141,    4236,    -683,      59,    -650,     905,    1210,     432,       0,       0,    1259,    4724,    2689,    -776,  100.0,   13.3,    8.1,    1.9,   35.6,   34.0,    4.5,   20.1,   28.2,    2.0,    1.4,    4.8,    0.0,   78.7,   83.3,   21.3,   16.7,    108,      7,      8,      5,     20,     19,     10,     21,     28,     18,.,.,      0,     67,     74,    30.4,    21.2,    43.0,    34.2,    29.6,    21.1,    42.2,    34.1,"(CONTRACTS OF GBP 62,500)",096742,CME ,096 ,F10,FutOnly
BRITISH POUND STERLING - CHICAGO MERCANTILE EXCHANGE,201117,2020-11-17,096742,CME ,00,096 ,  139010,   24117,    9438,    1515,   46670,   49247,    6413,   29424,   39361,    1578,    1600,    6854,       0,  111317,  114406,   27693,   24604,   -2336,   -5161,    -684,    -205,    2561,   -3224,      50,   -1585,    3533,      88,       0,       0,       0,   -4252,    -442,    1916,   -1894,  100.0,   17.3,    6.8,    1.1,   33.6,   35.4,    4.6,   21.2,   28.3,    1.1,    1.2,    4.9,    0.0,   80.1,   82.3,   19.9,   17.7,    100,      8,      6,      6,     16,     20,     10,     20,     26,     14,.,.,      0,     58,     72,    31.1,    22.0,    44.8,    36.1,    30.9,    21.9,    44.5,    36.0,"(CONTRACTS OF GBP 62,500)",096742,CME ,096 ,F10,FutOnly
BRITISH POUND STERLING - CHICAGO MERCANTILE EXCHANGE,201110,2020-11-10,096742,CME ,00,096 ,  141346,   29278,   10122,    1720,   44109,   52471,    6363,   31009,   35828,    1490,    1600,    6854,       0,  115569,  114848,   25777,   26498,     909,   -6299,   -3356,     937,    4538,   -6926,     746,    -111,    9176,    -376,       0,     640,       0,    -565,     841,    1474,      68,  100.0,   20.7,    7.2,    1.2,   31.2,   37.1,    4.5,   21.9,   25.3,    1.1,    1.1,    4.8,    0.0,   81.8,   81.3,   18.2,   18.7,    105,      8,      6,      6,     17,     22,     11,     23,     25,     12,.,.,      0,     63,     71,    29.8,    22.3,    44.3,    35.3,    29.3,    22.1,    43.8,    35.1,"(CONTRACTS OF GBP 62,500)",096742,CME ,096 ,F10,FutOnly
BRITISH POUND STERLING - CHICAGO MERCANTILE EXCHANGE,201103,2020-11-03,096742,CME ,00,096 ,  140437,   35577,   13478,     783,   39571,   59397,    5617,   31120,   26652,    1866,    1600,    6214,       0,  116134,  114007,   24303,   26430,     453,    8607,      12,     297,   -4661,    2075,    1086,   -1261,   -1236,    -659,       0,       0,       0,    3409,    1575,   -2956,   -1122,  100.0,   25.3,    9.6,    0.6,   28.2,   42.3,    4.0,   22.2,   19.0,    1.3,    1.1,    4.4,    0.0,   82.7,   81.2,   17.3,   18.8,     98,      8,      7,      4,     11,     25,     12,     22,     22,     12,.,.,      0,     55,     71,    31.0,    21.1,    47.1,    34.6,    30.6,    20.9,    46.6,    33.9,"(CONTRACTS OF GBP 62,500)",096742,CME ,096 ,F10,FutOnly
BRITISH POUND STERLING - CHICAGO MERCANTILE EXCHANGE,201027,2020-10-27,096742,CME ,00,096 ,  139984,   26970,   13466,     486,   44232,   57322,    4531,   32381,   27888,    2525,    1600,    6214,       0,  112725,  112432,   27259,   27552,   -6372,   -1565,    -674,    -415,      62,  -10735,     128,   -7701,    4238,    -676,       0,       0,       0,  -10167,   -8134,    3795,    1762,  100.0,   19.3,    9.6,    0.3,   31.6,   40.9,    3.2,   23.1,   19.9,    1.8,    1.1,    4.4,    0.0,   80.5,   80.3,   19.5,   19.7,     99,      7,      7,.,     15,     23,     11,     20,     24,     13,.,.,      0,     60,     66,    32.2,    23.9,    45.2,    36.4,    32.0,    23.7,    44.7,    36.0,"(CONTRACTS OF GBP 62,500)",096742,CME ,096 ,F10,FutOnly
BRITISH POUND STERLING - CHICAGO MERCANTILE EXCHANGE,201020,2020-10-20,096742,CME ,00,096 ,  146356,   28535,   14140,     901,   44170,   68057,    4403,   40082,   23650,    3201,    1600,    6214,       0,  122892,  120566,   23464,   25790,   -1923,    -744,   -1073,     632,    -534,    5781,    -861,    2396,   -5131,    1463,       0,    -160,       0,    2352,     651,   -4275,   -2574,  100.0,   19.5,    9.7,    0.6,   30.2,   46.5,    3.0,   27.4,   16.2,    2.2,    1.1,    4.2,    0.0,   84.0,   82.4,   16.0,   17.6,    102,      8,      6,      4,     15,     25,     12,     25,     20,     12,.,.,      0,     62,     68,    33.6,    26.8,    48.5,    38.8,    33.3,    26.6,    47.9,    38.5,"(CONTRACTS OF GBP 62,500)",096742,CME ,096 ,F10,FutOnly
BRITISH POUND STERLING - CHICAGO MERCANTILE EXCHANGE,201013,2020-10-13,096742,CME ,00,096 ,  148279,   29279,   15213,     269,   44704,   62276,    5264,   37686,   28781,    1738,    1600,    6374,       0,  120540,  119915,   27739,   28364,   -8188,   -8331,     166,     181,     354,   -7806,    1082,   -2844,   -2709,   -1233,       0,     -29,       0,  -10791,  -10348,    2603,    2160,  100.0,   19.7,   10.3,    0.2,   30.1,   42.0,    3.5,   25.4,   19.4,    1.2,    1.1,    4.3,    0.0,   81.3,   80.9,   18.7,   19.1,     98,      7,      7,.,     15,     21,     12,     21,     23,     10,.,.,      0,     54,     69,    35.1,    26.3,    49.7,    38.4,    34.7,    26.2,    49.4,    38.2,"(CONTRACTS OF GBP 62,500)",096742,CME ,096 ,F10,FutOnly
BRITISH POUND STERLING - CHICAGO MERCANTILE EXCHANGE,201006,2020-10-06,096742,CME ,00,096 ,  156467,   37610,   15047,      88,   44350,   70082,    4182,   40530,   31490,    2971,    1600,    6403,       0,  131331,  130263,   25136,   26204,   -2582,   -4591,    1059,      -3,    3501,   -4716,    -204,    2594,     872,   -2554,   -1000,       0,       0,   -2257,   -5546,    -325,    2964,  100.0,   24.0,    9.6,    0.1,   28.3,   44.8,    2.7,   25.9,   20.1,    1.9,    1.0,    4.1,    0.0,   83.9,   83.3,   16.1,   16.7,    105,      7,      8,.,     14,     26,     10,     21,     24,     13,.,      4,      0,     57,     73,    35.8,    24.1,    51.8,    36.1,    35.7,    24.0,    51.5,    36.0,"(CONTRACTS OF GBP 62,500)",096742,CME ,096 ,F10,FutOnly
BRITISH POUND STERLING - CHICAGO MERCANTILE EXCHANGE,200929,2020-09-29,096742,CME ,00,096 ,  159049,   42201,   13988,      91,   40849,   74798,    4386,   37936,   30618,    5525,    2600,    6403,       0,  133588,  135809,   25461,   23240,    6436,   16352,   -2749,    -390,   -4190,    6796,   -1257,   -3201,    5508,     530,       0,       4,       0,    7844,    8442,   -1408,   -2006,  100.0,   26.5,    8.8,    0.1,   25.7,   47.0,    2.8,   23.9,   19.3,    3.5,    1.6,    4.0,    0.0,   84.0,   85.4,   16.0,   14.6,    103,      7,      6,.,     13,     26,     10,     23,     22,     14,.,      4,      0,     59,     70,    38.8,    21.5,    53.3,    33.5,    38.6,    21.4,    53.1,    33.4,"(CONTRACTS OF GBP 62,500)",096742,CME ,096 ,F10,FutOnly
BRITISH POUND STERLING - CHICAGO MERCANTILE EXCHANGE,200922,2020-09-22,096742,CME ,00,096 ,  152613,   25849,   16737,     481,   45039,   68002,    5643,   41137,   25110,    4995,    2600,    6399,       0,  125744,  127367,   26869,   25246,    2624,    5996,   -2987,    -197,   -1467,    5641,    -519,     278,   -2942,     712,       0,     167,       0,    4803,    -125,   -2179,    2749,  100.0,   16.9,   11.0,    0.3,   29.5,   44.6,    3.7,   27.0,   16.5,    3.3,    1.7,    4.2,    0.0,   82.4,   83.5,   17.6,   16.5,    102,      6,      6,.,     14,     27,     14,     21,     22,     12,.,      4,      0,     58,     72,    33.3,    22.3,    47.6,    35.3,    32.8,    22.2,    47.1,    35.1,"(CONTRACTS OF GBP 62,500)",096742,CME ,096 ,F10,FutOnly
BRITISH POUND STERLING - CHICAGO MERCANTILE EXCHANGE,200915,2020-09-15,096742,CME ,00,096 ,  149989,   19853,   19724,     678,   46506,   62361,    6162,   40859,   28052,    4283,    2600,    6232,       0,  120941,  127492,   29048,   22497,  -47535,  -14527,  -16934,  -24251,   -4502,     970,    -563,    3617,    3341,   -5017,   -1348,    -508,       0,  -46591,  -42962,    -944,   -4573,  100.0,   13.2,   13.2,    0.5,   31.0,   41.6,    4.1,   27.2,   18.7,    2.9,    1.7,    4.2,    0.0,   80.6,   85.0,   19.4,   15.0,    106,      6,      7,.,     17,     26,     14,     23,     22,     10,.,.,      0,     63,     69,    30.7,    24.2,    44.5,    37.8,    30.1,    24.2,    43.8,    37.7,"(CONTRACTS OF GBP 62,500)",096742,CME ,096 ,F10,FutOnly
BRITISH POUND STERLING - CHICAGO MERCANTILE EXCHANGE,200908,2020-09-08,096742,CME ,00,096 ,  197524,   34380,   36658,   24929,   51008,   61391,    6725,   37242,   24711,    9300,    3948,    6740,       0,  167532,  170454,   29992,   27070,   10936,    3668,  -10246,   20875,   -6769,    3790,    -236,   -3039,  -10963,    2818,    -392,       0,       0,   16925,    6038,   -5989,    4898,  100.0,   17.4,   18.6,   12.6,   25.8,   31.1,    3.4,   18.9,   12.5,    4.7,    2.0,    3.4,    0.0,   84.8,   86.3,   15.2,   13.7,    104,      7,      8,      9,     17,     24,     12,     23,     16,     12,      4,.,      0,     67,     70,    34.2,    33.2,    49.7,    44.7,    27.9,    27.7,    39.7,    36.9,"(CONTRACTS OF GBP 62,500)",096742,CME ,096 ,F10,FutOnly
BRITISH POUND STERLING - CHICAGO MERCANTILE EXCHANGE,200901,2020-09-01,096742,CME ,00,096 ,  186588,   30712,   46904,    4054,   57777,   57601,    6961,   40281,   35674,    6482,    4340,    6740,       0,  150607,  164416,   35981,   22172,   11225,   -1984,   10942,     322,    5547,   -2644,    -249,    1954,    3135,     373,     357,       0,       0,    6320,   11879,    4905,    -654,  100.0,   16.5,   25.1,    2.2,   31.0,   30.9,    3.7,   21.6,   19.1,    3.5,    2.3,    3.6,    0.0,   80.7,   88.1,   19.3,   11.9,    111,      6,      8,      6,     21,     19,     10,     23,     26,     14,      5,.,      0,     72,     69,    29.2,    35.0,    42.1,    44.9,    29.0,    33.5,    41.3,    43.3,"(CONTRACTS OF GBP 62,500)",096742,CME ,096 ,F10,FutOnly
BRITISH POUND STERLING - CHICAGO MERCANTILE EXCHANGE,200825,2020-08-25,096742,CME ,00,096 ,  175363,   32696,   35962,    3732,   52230,   60245,    7210,   38327,   32539,    6109,    3983,    6740,       0,  144287,  152537,   31076,   22826,  -11680,      55,   -3963,     812,   -5923,   -3113,    1971,   -5769,   -8009,       3,    -430,       0,       0,   -9281,  -12299,   -2399,     619,  100.0,   18.6,   20.5,    2.1,   29.8,   34.4,    4.1,   21.9,   18.6,    3.5,    2.3,    3.8,    0.0,   82.3,   87.0,   17.7,   13.0,    107,      5,      8,      4,     19,     22,     11,     24,     22,     12,      4,.,      0,     67,     67,    32.2,    32.9,    45.4,    43.5,    31.6,    31.3,    44.4,    41.8,"(CONTRACTS OF GBP 62,500)",096742,CME ,096 ,F10,FutOnly
BRITISH POUND STERLING - CHICAGO MERCANTILE EXCHANGE,200818,2020-08-18,096742,CME ,00,096 ,  187043,   32641,   39925,    2920,   58153,   63358,    5239,   44096,   40548,    6106,    4413,    6740,       0,  153568,  164836,   33475,   22207,    7972,   -5032,   15778,       7,    2418,   -2533,     523,    5029,   -1860,    -472,    1059,    -656,       0,    3532,   10787,    4440,   -2815,  100.0,   17.5,   21.3,    1.6,   31.1,   33.9,    2.8,   23.6,   21.7,    3.3,    2.4,    3.6,    0.0,   82.1,   88.1,   17.9,   11.9,    110,      5,      8,      4,     19,     21,     11,     26,     23,     12,      5,.,      0,     68,     69,    30.1,    32.3,    44.5,    42.6,    30.0,    30.8,    44.0,    41.0,"(CONTRACTS OF GBP 62,500)",096742,CME ,096 ,F10,FutOnly
BRITISH POUND STERLING - CHICAGO MERCANTILE EXCHANGE,200811,2020-08-11,096742,CME ,00,096 ,  179071,   37673,   24147,    2913,   55735,   65891,    4716,   39067,   42408,    6578,    3354,    7396,       0,  150036,  154049,   29035,   25022,    2343,   -2100,   12398,    2462,   -3800,   -1472,    -145,    4029,  -11496,    1005,       0,     426,       0,    1451,    3178,     892,    -835,  100.0,   21.0,   13.5,    1.6,   31.1,   36.8,    2.6,   21.8,   23.7,    3.7,    1.9,    4.1,    0.0,   83.8,   86.0,   16.2,   14.0,    112,      7,      7,      4,     18,     21,     11,     29,     23,     13,.,      4,      0,     70,     70,    33.8,    26.3,    48.4,    37.8,    33.7,    24.7,    47.9,    36.1,"(CONTRACTS OF GBP 62,500)",096742,CME ,096 ,F10,FutOnly
BRITISH POUND STERLING - CHICAGO MERCANTILE EXCHANGE,200804,2020-08-04,096742,CME ,00,096 ,  176728,   39773,   11749,     451,   59535,   67363,    4861,   35038,   53904,    5573,    3354,    6970,       0,  148585,  150871,   28143,   25857,   -2184,  -12348,    4572,      79,    2428,    -750,     802,    2423,   -5733,     722,       0,    -304,       0,   -5894,    -612,    3710,   -1572,  100.0,   22.5,    6.6,    0.3,   33.7,   38.1,    2.8,   19.8,   30.5,    3.2,    1.9,    3.9,    0.0,   84.1,   85.4,   15.9,   14.6,    106,      6,      5,.,     18,     21,      9,     20,     30,     15,.,.,      0,     62,     71,    34.5,    23.6,    50.0,    36.4,    34.5,    23.6,    49.7,    36.1,"(CONTRACTS OF GBP 62,500)",096742,CME ,096 ,F10,FutOnly
BRITISH POUND STERLING - CHICAGO MERCANTILE EXCHANGE,200728,2020-07-28,096742,CME ,00,096 ,  178912,   52121,    7177,     372,   57107,   68113,    4059,   32615,   59637,    4851,    3354,    7274,       0,  154479,  151483,   24433,   27429,   -1425,   -1631,     614,    -607,   10560,   -4192,    -238,   -9678,    3716,   -1055,    -411,    1060,       0,   -3060,    -702,    1635,    -723,  100.0,   29.1,    4.0,    0.2,   31.9,   38.1,    2.3,   18.2,   33.3,    2.7,    1.9,    4.1,    0.0,   86.3,   84.7,   13.7,   15.3,    106,      8,      4,      4,     17,     24,     10,     18,     28,     13,.,      4,      0,     60,     73,    36.2,    25.0,    53.6,    36.8,    36.1,    25.0,    53.2,    36.7,"(CONTRACTS OF GBP 62,500)",096742,CME ,096 ,F10,FutOnly
BRITISH POUND STERLING - CHICAGO MERCANTILE EXCHANGE,200721,2020-07-21,096742,CME ,00,096 ,  180337,   53752,    6563,     979,   46547,   72305,    4297,   42293,   55921,    5906,    3765,    6214,       0,  157539,  152185,   22798,   28152,     997,  -10136,     -24,     833,    6284,   -3906,     192,   -1369,    4042,     919,    1165,    -200,       0,   -2112,    1856,    3109,    -859,  100.0,   29.8,    3.6,    0.5,   25.8,   40.1,    2.4,   23.5,   31.0,    3.3,    2.1,    3.4,    0.0,   87.4,   84.4,   12.6,   15.6,    108,     10,.,      5,     13,     27,      9,     20,     29,     15,      4,.,      0,     61,     76,    34.5,    23.7,    52.6,    34.6,    34.4,    23.7,    52.0,    34.3,"(CONTRACTS OF GBP 62,500)",096742,CME ,096 ,F10,FutOnly
BRITISH POUND STERLING - CHICAGO MERCANTILE EXCHANGE,200714,2020-07-14,096742,CME ,00,096 ,  179340,   63888,    6587,     146,   40263,   76211,    4105,   43662,   51879,    4987,    2600,    6414,       0,  159651,  150329,   19689,   29011,   -1356,   -7378,     -21,     -58,     652,   -3199,    -344,    5602,    2484,     233,    -500,       0,       0,   -1793,    -905,     437,    -451,  100.0,   35.6,    3.7,    0.1,   22.5,   42.5,    2.3,   24.3,   28.9,    2.8,    1.4,    3.6,    0.0,   89.0,   83.8,   11.0,   16.2,    103,      9,      4,      5,     10,     29,      7,     17,     30,     14,.,.,      0,     51,     78,    38.3,    25.6,    61.1,    36.3,    38.3,    25.6,    60.9,    36.1,"(CONTRACTS OF GBP 62,500)",096742,CME ,096 ,F10,FutOnly
BRITISH POUND STERLING - CHICAGO MERCANTILE EXCHANGE,200707,2020-07-07,096742,CME ,00,096 ,  180696,   71266,    6608,     204,   39611,   79410,    4449,   38060,   49395,    4754,    3100,    6414,       0,  161444,  151234,   19252,   29462,   -5448,  -10343,     318,       0,    1570,   -4204,     182,    2914,      -6,     567,    -510,       0,       0,   -5620,   -3143,     172,   -2305,  100.0,   39.4,    3.7,    0.1,   21.9,   43.9,    2.5,   21.1,   27.3,    2.6,    1.7,    3.5,    0.0,   89.3,   83.7,   10.7,   16.3,    105,     11,.,      5,     11,     31,     10,     18,     26,     14,.,.,      0,     56,     78,    42.2,    24.2,    61.4,    35.0,    42.2,    24.2,    61.2,    35.0,"(CONTRACTS OF GBP 62,500)",096742,CME ,096 ,F10,FutOnly
BRITISH POUND STERLING - CHICAGO MERCANTILE EXCHANGE,200630,2020-06-30,096742,CME ,00,096 ,  186144,   81609,    6290,     204,   38041,   83614,    4267,   35146,   49401,    4187,    3610,    6414,       0,  167064,  154377,   19080,   31767,   15689,   10550,     -32,      17,   -1824,    5146,     315,    6056,    6702,     105,     560,       0,       0,   15779,   12253,     -90,    3436,  100.0,   43.8,    3.4,    0.1,   20.4,   44.9,    2.3,   18.9,   26.5,    2.2,    1.9,    3.4,    0.0,   89.7,   82.9,   10.3,   17.1,    103,     10,.,      5,      9,     35,     11,     16,     25,      9,.,.,      0,     50,     78,    46.2,    23.1,    64.4,    34.1,    46.2,    23.1,    64.2,    33.8,"(CONTRACTS OF GBP 62,500)",096742,CME ,096 ,F10,FutOnly
BRITISH POUND STERLING - CHICAGO MERCANTILE EXCHANGE,200623,2020-06-23,096742,CME ,00,096 ,  170455,   71059,    6322,     187,   39865,   78468,    3952,   29090,   42699,    4082,    3050,    6414,       0,  151285,  142124,   19170,   28331,    3647,     302,     120,      16,    1047,    1908,    -673,    -187,    3039,       7,       0,       0,       0,     512,    4417,    3135,    -770,  100.0,   41.7,    3.7,    0.1,   23.4,   46.0,    2.3,   17.1,   25.1,    2.4,    1.8,    3.8,    0.0,   88.8,   83.4,   11.2,   16.6,    104,      9,.,      5,     12,     31,      8,     15,     29,      8,.,.,      0,     49,     76,    45.0,    21.9,    64.3,    33.9,    45.0,    21.9,    64.1,    33.6,"(CONTRACTS OF GBP 62,500)",096742,CME ,096 ,F10,FutOnly
BRITISH POUND STERLING - CHICAGO MERCANTILE EXCHANGE,200616,2020-06-16,096742,CME ,00,096 ,  166808,   70757,    6202,     171,   38818,   76560,    4625,   29277,   39660,    4075,    3050,    6414,       0,  150773,  137707,   16035,   29101,  -18798,    -171,   -2076,   -7543,   -2639,    4472,      98,    -414,   -7018,   -3761,     450,   -1154,       0,  -13980,  -16982,   -4818,   -1816,  100.0,   42.4,    3.7,    0.1,   23.3,   45.9,    2.8,   17.6,   23.8,    2.4,    1.8,    3.8,    0.0,   90.4,   82.6,    9.6,   17.4,    101,      9,.,      4,     11,     29,     12,     19,     26,     13,.,.,      0,     57,     73,    46.3,    21.7,    65.6,    34.4,    46.2,    21.7,    65.4,    33.2,"(CONTRACTS OF GBP 62,500)",096742,CME ,096 ,F10,FutOnly
BRITISH POUND STERLING - CHICAGO MERCANTILE EXCHANGE,200609,2020-06-09,096742,CME ,00,096 ,  185606,   70928,    8278,    7714,   41457,   72088,    4527,   29691,   46678,    7836,    2600,    7568,       0,  164753,  154689,   20853,   30917,   -4532,   -4954,    -443,    5851,   -5042,   -7782,      -2,   -2994,   -6470,    1851,       0,       0,       0,   -5290,   -6995,     758,    2463,  100.0,   38.2,    4.5,    4.2,   22.3,   38.8,    2.4,   16.0,   25.1,    4.2,    1.4,    4.1,    0.0,   88.8,   83.3,   11.2,   16.7,    106,      9,      5,      5,     12,     27,     12,     20,     27,     17,.,.,      0,     60,     80,    44.9,    20.0,    62.4,    31.2,    44.7,    19.0,    58.1,    29.3,"(CONTRACTS OF GBP 62,500)",096742,CME ,096 ,F10,FutOnly
BRITISH POUND STERLING - CHICAGO MERCANTILE EXCHANGE,200602,2020-06-02,096742,CME ,00,096 ,  190138,   75882,    8721,    1863,   46499,   79870,    4529,   32685,   53148,    5985,    2600,    7568,       0,  170043,  161684,   20095,   28454,    1488,    4894,    -737,     898,    3646,    1359,     907,   -9098,    2373,     670,   -1120,       0,       0,     797,    5470,     691,   -3982,  100.0,   39.9,    4.6,    1.0,   24.5,   42.0,    2.4,   17.2,   28.0,    3.1,    1.4,    4.0,    0.0,   89.4,   85.0,   10.6,   15.0,    112,     10,      6,      8,     12,     30,     12,     17,     32,     13,.,.,      0,     58,     87,    48.2,    18.6,    60.7,    29.2,    47.5,    18.6,    59.7,    29.2,"(CONTRACTS OF GBP 62,500)",096742,CME ,096 ,F10,FutOnly
BRITISH POUND STERLING - CHICAGO MERCANTILE EXCHANGE,200526,2020-05-26,096742,CME ,00,096 ,  188650,   70988,    9458,     965,   42853,   78511,    3622,   41783,   50775,    5315,    3720,    7568,       0,  169246,  156214,   19404,   32436,    8916,    3957,     134,     289,      73,    3009,     553,    2946,    5111,    -580,       0,       0,       0,    7238,    8516,    1678,     400,  100.0,   37.6,    5.0,    0.5,   22.7,   41.6,    1.9,   22.1,   26.9,    2.8,    2.0,    4.0,    0.0,   89.7,   82.8,   10.3,   17.2,    107,      9,      6,      6,      9,     32,     12,     19,     26,     14,.,.,      0,     55,     84,    46.0,    18.2,    59.6,    29.0,    45.7,    18.2,    59.1,    29.0,"(CONTRACTS OF GBP 62,500)",096742,CME ,096 ,F10,FutOnly
BRITISH POUND STERLING - CHICAGO MERCANTILE EXCHANGE,200519,2020-05-19,096742,CME ,00,096 ,  179734,   67031,    9324,     676,   42780,   75502,    3069,   38837,   45664,    5895,    3720,    7568,       0,  162008,  147698,   17726,   32036,   13166,    7156,     355,    -175,    1747,    7809,     -61,    3978,    4865,    -730,       0,       0,       0,   11915,   12063,    1251,    1103,  100.0,   37.3,    5.2,    0.4,   23.8,   42.0,    1.7,   21.6,   25.4,    3.3,    2.1,    4.2,    0.0,   90.1,   82.2,    9.9,   17.8,    105,      9,      6,      5,      9,     31,      9,     19,     25,     12,.,.,      0,     54,     77,    46.7,    17.6,    59.3,    28.7,    46.6,    17.6,    59.1,    28.5,"(CONTRACTS OF GBP 62,500)",096742,CME ,096 ,F10,FutOnly
BRITISH POUND STERLING - CHICAGO MERCANTILE EXCHANGE,200512,2020-05-12,096742,CME ,00,096 ,  166568,   59875,    8969,     851,   41033,   67693,    3130,   34859,   40799,    6625,    3720,    7568,       0,  150093,  135635,   16475,   30933,    5485,    3217,   -2110,    -615,     797,    3144,     510,    3233,    2989,      13,       0,     -32,       0,    7155,    3899,   -1670,    1586,  100.0,   35.9,    5.4,    0.5,   24.6,   40.6,    1.9,   20.9,   24.5,    4.0,    2.2,    4.5,    0.0,   90.1,   81.4,    9.9,   18.6,    106,      8,      6,      5,      8,     30,      9,     19,     29,     12,.,.,      0,     51,     81,    48.6,    18.3,    61.7,    29.5,    48.3,    18.1,    61.2,    28.8,"(CONTRACTS OF GBP 62,500)",096742,CME ,096 ,F10,FutOnly
BRITISH POUND STERLING - CHICAGO MERCANTILE EXCHANGE,200505,2020-05-05,096742,CME ,00,096 ,  161083,   56658,   11079,    1466,   40236,   64549,    2620,   31626,   37810,    6612,    3720,    7600,       0,  142938,  131736,   18145,   29347,   -1785,    1636,   -4566,    -175,     120,    1961,    -672,   -3676,    1471,     863,       0,    -861,       0,   -1904,   -1979,     119,     194,  100.0,   35.2,    6.9,    0.9,   25.0,   40.1,    1.6,   19.6,   23.5,    4.1,    2.3,    4.7,    0.0,   88.7,   81.8,   11.3,   18.2,     99,      8,      6,      6,      8,     27,      6,     15,     28,     12,.,      4,      0,     47,     76,    49.0,    18.4,    61.6,    30.8,    48.2,    18.3,    60.8,    29.4,"(CONTRACTS OF GBP 62,500)",096742,CME ,096 ,F10,FutOnly
BRITISH POUND STERLING - CHICAGO MERCANTILE EXCHANGE,200428,2020-04-28,096742,CME ,00,096 ,  162868,   55022,   15645,    1641,   40116,   62588,    3292,   35302,   36339,    5749,    3720,    8461,       0,  144842,  133715,   18026,   29153,    4080,     119,    -769,    -154,     -53,   -3179,     170,    4496,    6712,     141,       0,     893,       0,    4719,    3814,    -639,     266,  100.0,   33.8,    9.6,    1.0,   24.6,   38.4,    2.0,   21.7,   22.3,    3.5,    2.3,    5.2,    0.0,   88.9,   82.1,   11.1,   17.9,    101,      8,      6,      6,      9,     26,      8,     18,     25,     11,.,      5,      0,     53,     73,    48.1,    19.0,    61.4,    31.9,    47.2,    18.6,    60.2,    30.3,"(CONTRACTS OF GBP 62,500)",096742,CME ,096 ,F10,FutOnly
BRITISH POUND STERLING - CHICAGO MERCANTILE EXCHANGE,200421,2020-04-21,096742,CME ,00,096 ,  158788,   54903,   16414,    1795,   40169,   65767,    3122,   30806,   29627,    5608,    3720,    7568,       0,  140123,  129901,   18665,   28887,    5700,   10800,   -1070,     -12,    -711,    1635,    -237,   -2790,    3590,     224,       0,      -7,       0,    7274,    4123,   -1574,    1577,  100.0,   34.6,   10.3,    1.1,   25.3,   41.4,    2.0,   19.4,   18.7,    3.5,    2.3,    4.8,    0.0,   88.2,   81.8,   11.8,   18.2,     94,      8,      5,      6,      9,     27,      7,     16,     22,     10,.,.,      0,     49,     68,    48.3,    20.8,    61.6,    33.2,    47.2,    20.8,    60.4,    33.2,"(CONTRACTS OF GBP 62,500)",096742,CME ,096 ,F10,FutOnly
BRITISH POUND STERLING - CHICAGO MERCANTILE EXCHANGE,200414,2020-04-14,096742,CME ,00,096 ,  153088,   44103,   17484,    1807,   40880,   64132,    3359,   33596,   26037,    5384,    3720,    7575,       0,  132849,  125778,   20239,   27310,    2770,    1149,     106,    -213,     440,     800,     -18,    -165,     892,    -226,      40,    -786,       0,    1007,     555,    1763,    2215,  100.0,   28.8,   11.4,    1.2,   26.7,   41.9,    2.2,   21.9,   17.0,    3.5,    2.4,    4.9,    0.0,   86.8,   82.2,   13.2,   17.8,    102,      8,      5,      6,     11,     28,      8,     20,     22,     13,.,      4,      0,     58,     71,    44.7,    21.0,    58.5,    34.4,    43.6,    21.0,    57.1,    34.2,"(CONTRACTS OF GBP 62,500)",096742,CME ,096 ,F10,FutOnly
BRITISH POUND STERLING - CHICAGO MERCANTILE EXCHANGE,200407,2020-04-07,096742,CME ,00,096 ,  150318,   42954,   17378,    2020,   40440,   63332,    3377,   33761,   25145,    5610,    3680,    8361,       0,  131842,  125223,   18476,   25095,  -14908,   -5980,    2052,       4,      51,   -9793,   -1185,   -8918,   -4294,   -1024,     -41,       0,       0,  -17093,  -14240,    2185,    -668,  100.0,   28.6,   11.6,    1.3,   26.9,   42.1,    2.2,   22.5,   16.7,    3.7,    2.4,    5.6,    0.0,   87.7,   83.3,   12.3,   16.7,     99,      8,      5,      6,     11,     27,      8,     20,     20,     11,.,      4,      0,     56,     68,    44.4,    21.9,    58.3,    34.5,    43.2,    21.8,    56.7,    34.2,"(CONTRACTS OF GBP 62,500)",096742,CME ,096 ,F10,FutOnly
BRITISH POUND STERLING - CHICAGO MERCANTILE EXCHANGE,200331,2020-03-31,096742,CME ,00,096 ,  165226,   48934,   15326,    2016,   40389,   73125,    4562,   42679,   29439,    6634,    3721,    8361,       0,  148935,  139463,   16291,   25763,  -14326,   -3817,     146,     217,     382,   -9819,    -154,  -10306,     -80,    -309,     400,   -1701,       0,  -13587,  -11700,    -739,   -2626,  100.0,   29.6,    9.3,    1.2,   24.4,   44.3,    2.8,   25.8,   17.8,    4.0,    2.3,    5.1,    0.0,   90.1,   84.4,    9.9,   15.6,    101,      9,      4,      6,      8,     28,      9,     23,     20,     14,      4,      4,      0,     57,     73,    42.1,    21.2,    56.9,    35.5,    40.9,    21.1,    55.6,    35.0,"(CONTRACTS OF GBP 62,500)",096742,CME ,096 ,F10,FutOnly
BRITISH POUND STERLING - CHICAGO MERCANTILE EXCHANGE,200324,2020-03-24,096742,CME ,00,096 ,  179552,   52751,   15180,    1799,   40007,   82944,    4716,   52985,   29519,    6943,    3321,   10062,       0,  162522,  151163,   17030,   28389,   -2557,   13269,   -5414,      52,    -214,   -3617,    1000,  -12384,   -2324,    -617,    -935,       0,       0,     171,  -10920,   -2728,    8363,  100.0,   29.4,    8.5,    1.0,   22.3,   46.2,    2.6,   29.5,   16.4,    3.9,    1.8,    5.6,    0.0,   90.5,   84.2,    9.5,   15.8,    100,      9,      4,      5,     10,     28,      9,     22,     17,     14,      4,      4,      0,     60,     68,    41.2,    21.7,    57.0,    35.3,    40.1,    21.7,    55.9,    34.6,"(CONTRACTS OF GBP 62,500)",096742,CME ,096 ,F10,FutOnly
BRITISH POUND STERLING - CHICAGO MERCANTILE EXCHANGE,200317,2020-03-17,096742,CME ,00,096 ,  182109,   39482,   20594,    1747,   40221,   86561,    3716,   65369,   31843,    7560,    4256,   10062,       0,  162351,  162083,   19758,   20026,  -32076,   11616,  -20292,  -22943,  -10672,   17038,   -3622,    5400,    1862,   -2548,   -2101,       5,       0,  -24870,  -30500,   -7206,   -1576,  100.0,   21.7,   11.3,    1.0,   22.1,   47.5,    2.0,   35.9,   17.5,    4.2,    2.3,    5.5,    0.0,   89.2,   89.0,   10.8,   11.0,    109,      9,      5,      4,      8,     28,      9,     27,     21,     17,      5,      4,      0,     62,     77,    35.3,    22.1,    50.5,    35.9,    34.3,    22.1,    49.4,    35.7,"(CONTRACTS OF GBP 62,500)",096742,CME ,096 ,F10,FutOnly
BRITISH POUND STERLING - CHICAGO MERCANTILE EXCHANGE,200310,2020-03-10,096742,CME ,00,096 ,  214185,   27866,   40886,   24690,   50893,   69523,    7338,   59969,   29981,   10108,    6357,   10057,       0,  187221,  192583,   26964,   21602,    -487,   -2885,     823,   22442,     333,   -8408,     865,  -20520,   -6823,   -3129,     814,       0,       0,   -2080,    5770,    1593,   -6257,  100.0,   13.0,   19.1,   11.5,   23.8,   32.5,    3.4,   28.0,   14.0,    4.7,    3.0,    4.7,    0.0,   87.4,   89.9,   12.6,   10.1,    117,      7,      8,      6,     17,     24,     16,     32,     19,     13,      5,      4,      0,     74,     78,    32.6,    33.1,    47.5,    46.7,    26.6,    27.5,    38.6,    37.9,"(CONTRACTS OF GBP 62,500)",096742,CME ,096 ,F10,FutOnly
BRITISH POUND STERLING - CHICAGO MERCANTILE EXCHANGE,200303,2020-03-03,096742,CME ,00,096 ,  214672,   30751,   40063,    2248,   50560,   77931,    6473,   80489,   36804,   13237,    5543,   10057,       0,  189301,  186813,   25371,   27859,    3351,   14480,   -8488,      18,  -15603,    8210,      -5,    9051,   -2901,    4501,   -4033,       0,    -270,    8139,    1065,   -4788,    2286,  100.0,   14.3,   18.7,    1.0,   23.6,   36.3,    3.0,   37.5,   17.1,    6.2,    2.6,    4.7,    0.0,   88.2,   87.0,   11.8,   13.0,    125,      8,      8,      7,     16,     26,     14,     30,     27,     15,      5,      4,      0,     78,     83,    29.6,    29.2,    44.7,    39.8,    29.5,    28.9,    44.3,    39.4,"(CONTRACTS OF GBP 62,500)",096742,CME ,096 ,F10,FutOnly
BRITISH POUND STERLING - CHICAGO MERCANTILE EXCHANGE,200225,2020-02-25,096742,CME ,00,096 ,  211321,   16271,   48551,    2230,   66163,   69721,    6478,   71438,   39705,    8736,    9576,   10057,     270,  181162,  185748,   30159,   25573,   -5612,    1253,   -8802,    1759,   -4891,    5867,   -1516,     545,   -2409,    -223,   -1120,     793,     270,   -3923,   -4261,   -1689,   -1351,  100.0,    7.7,   23.0,    1.1,   31.3,   33.0,    3.1,   33.8,   18.8,    4.1,    4.5,    4.8,    0.1,   85.7,   87.9,   14.3,   12.1,    125,      7,      8,.,     19,     27,     11,     26,     28,     12,      6,      4,.,     71,     81,    33.6,    32.4,    45.1,    43.4,    33.5,    31.3,    45.0,    42.3,"(CONTRACTS OF GBP 62,500)",096742,CME ,096 ,F10,FutOnly
BRITISH POUND STERLING - CHICAGO MERCANTILE EXCHANGE,200218,2020-02-18,096742,CME ,00,096 ,  216933,   15018,   57353,     471,   71054,   63854,    7994,   70893,   42114,    8959,   10696,    9264,       0,  185085,  190009,   31848,   26924,    4705,   -2371,   10888,   -3417,    2453,   -3413,     358,    7643,     -61,      50,   -1120,       0,       0,    3596,    4405,    1109,     300,  100.0,    6.9,   26.4,    0.2,   32.8,   29.4,    3.7,   32.7,   19.4,    4.1,    4.9,    4.3,    0.0,   85.3,   87.6,   14.7,   12.4,    121,      6,     10,.,     21,     22,     13,     31,     23,     12,      4,      4,      0,     76,     73,    31.6,    32.2,    44.0,    43.6,    31.5,    32.0,    43.9,    43.5,"(CONTRACTS OF GBP 62,500)",096742,CME ,096 ,F10,FutOnly
BRITISH POUND STERLING - CHICAGO MERCANTILE EXCHANGE,200211,2020-02-11,096742,CME ,00,096 ,  212228,   17389,   46465,    3888,   68601,   67267,    7636,   63250,   42175,    8909,   11816,    9264,       0,  181489,  185604,   30739,   26624,    4063,   -4906,    4259,    3056,   -3514,    1294,    -511,    7908,   -4984,     352,    1045,      60,       0,    3430,    3526,     633,     537,  100.0,    8.2,   21.9,    1.8,   32.3,   31.7,    3.6,   29.8,   19.9,    4.2,    5.6,    4.4,    0.0,   85.5,   87.5,   14.5,   12.5,    124,      7,      9,.,     22,     23,     13,     28,     27,     16,      4,      4,      0,     78,     78,    29.5,    31.1,    41.6,    42.2,    29.4,    30.9,    41.5,    40.7,"(CONTRACTS OF GBP 62,500)",096742,CME ,096 ,F10,FutOnly
BRITISH POUND STERLING - CHICAGO MERCANTILE EXCHANGE,200204,2020-02-04,096742,CME ,00,096 ,  208165,   22295,   42206,     832,   72115,   65973,    8147,   55342,   47159,    8557,   10771,    9204,       0,  178059,  182078,   30106,   26087,    4996,    2578,    2550,     -25,   -3194,   -2147,     270,    4274,    5331,    1483,      75,     271,       0,    5461,    7733,    -465,   -2737,  100.0,   10.7,   20.3,    0.4,   34.6,   31.7,    3.9,   26.6,   22.7,    4.1,    5.2,    4.4,    0.0,   85.5,   87.5,   14.5,   12.5,    121,      7,      7,.,     23,     22,     14,     25,     28,     12,      5,      4,      0,     75,     74,    28.0,    30.5,    41.9,    40.6,    27.9,    30.4,    41.8,    40.2,"(CONTRACTS OF GBP 62,500)",096742,CME ,096 ,F10,FutOnly
BRITISH POUND STERLING - CHICAGO MERCANTILE EXCHANGE,200128,2020-01-28,096742,CME ,00,096 ,  203169,   19717,   39656,     857,   75309,   68120,    7877,   51068,   41828,    7074,   10696,    8933,       0,  172598,  174345,   30571,   28824,    8544,    8087,   -4348,     542,    -394,     686,    2112,   -1539,    4693,     739,    1308,     463,       0,   10855,    4887,   -2311,    3657,  100.0,    9.7,   19.5,    0.4,   37.1,   33.5,    3.9,   25.1,   20.6,    3.5,    5.3,    4.4,    0.0,   85.0,   85.8,   15.0,   14.2,    120,      7,      7,.,     22,     24,     13,     26,     26,     10,      4,      4,      0,     73,     72,    27.8,    31.2,    40.5,    41.9,    27.7,    31.1,    40.4,    41.2,"(CONTRACTS OF GBP 62,500)",096742,CME ,096 ,F10,FutOnly
BRITISH POUND STERLING - CHICAGO MERCANTILE EXCHANGE,200121,2020-01-21,096742,CME ,00,096 ,  194625,   11630,   44004,     315,   75703,   67434,    5765,   52607,   37135,    6335,    9388,    8470,       0,  161743,  169458,   32882,   25167,   -1911,     632,   -3501,    -122,    2424,    2665,    -373,   -6123,    -387,     256,       0,     126,       0,   -3306,   -1336,    1395,    -575,  100.0,    6.0,   22.6,    0.2,   38.9,   34.6,    3.0,   27.0,   19.1,    3.3,    4.8,    4.4,    0.0,   83.1,   87.1,   16.9,   12.9,    116,      5,      8,.,     21,     23,     13,     28,     24,     11,.,      4,      0,     72,     71,    29.8,    33.0,    43.5,    43.7,    29.7,    32.8,    43.4,    43.0,"(CONTRACTS OF GBP 62,500)",096742,CME ,096 ,F10,FutOnly
BRITISH POUND STERLING - CHICAGO MERCANTILE EXCHANGE,200114,2020-01-14,096742,CME ,00,096 ,  196536,   10998,   47505,     437,   73279,   64769,    6138,   58730,   37522,    6079,    9388,    8344,       0,  165049,  170794,   31487,   25742,    -954,    7413,   -1060,     155,   -3244,     816,     288,     733,   -2831,   -1101,   -2523,     -26,       0,    1721,   -3759,   -2675,    2805,  100.0,    5.6,   24.2,    0.2,   37.3,   33.0,    3.1,   29.9,   19.1,    3.1,    4.8,    4.2,    0.0,   84.0,   86.9,   16.0,   13.1,    118,      4,      9,.,     22,     22,     13,     30,     24,     11,.,      4,      0,     70,     73,    30.4,    32.7,    44.6,    43.7,    30.3,    32.6,    44.5,    43.1,"(CONTRACTS OF GBP 62,500)",096742,CME ,096 ,F10,FutOnly
BRITISH POUND STERLING - CHICAGO MERCANTILE EXCHANGE,200107,2020-01-07,096742,CME ,00,096 ,  197490,    3585,   48565,     282,   76523,   63953,    5850,   57997,   40353,    7180,   11911,    8370,       0,  163328,  174553,   34162,   22937,   -9294,   -1385,    2169,   -6706,    4272,    3045,   -1524,   -2937,   -2803,   -2907,     200,     807,       0,  -10987,   -7919,    1693,   -1375,  100.0,    1.8,   24.6,    0.1,   38.7,   32.4,    3.0,   29.4,   20.4,    3.6,    6.0,    4.2,    0.0,   82.7,   88.4,   17.3,   11.6,    114,.,      9,.,     24,     21,     12,     24,     27,     10,.,      4,      0,     66,     71,    33.0,    32.6,    48.0,    43.0,    32.9,    32.4,    47.9,    42.7,"(CONTRACTS OF GBP 62,500)",096742,CME ,096 ,F10,FutOnly
JAPANESE YEN - CHICAGO MERCANTILE EXCHANGE,201229,2020-12-29,097741,CME ,00,097 ,  194454,    3897,  144775,       7,  107637,    7392,    6252,   27662,   19082,    1992,   13576,     559,       0,  161023,  180059,   33431,   14395,   -2391,     -11,    4879,       0,    1956,     -29,    -162,   -4275,   -4322,    -335,     795,       0,       0,   -2032,      31,    -359,   -2422,  100.0,    2.0,   74.5,    0.0,   55.4,    3.8,    3.2,   14.2,    9.8,    1.0,    7.0,    0.3,    0.0,   82.8,   92.6,   17.2,    7.4,    110,.,     11,.,     36,     11,     12,     23,     21,     13,      4,.,      0,     81,     57,    28.8,    67.5,    43.7,    74.7,    28.8,    67.5,    43.7,    74.5,"(CONTRACTS OF JPY 12,500,000)",097741,CME ,097 ,F10,FutOnly
JAPANESE YEN - CHICAGO MERCANTILE EXCHANGE,201221,2020-12-21,097741,CME ,00,097 ,  196845,    3908,  139896,       7,  105681,    7421,    6414,   31937,   23404,    2327,   12781,     559,       0,  163055,  180028,   33790,   16817,    3528,    -534,    2897,     -39,    4887,    -520,     -73,   -2061,    -157,    -326,    2105,       0,       0,    3959,    1782,    -431,    1746,  100.0,    2.0,   71.1,    0.0,   53.7,    3.8,    3.3,   16.2,   11.9,    1.2,    6.5,    0.3,    0.0,   82.8,   91.5,   17.2,    8.5,    112,.,     11,.,     36,     11,     12,     26,     21,     10,      4,.,      0,     82,     55,    28.0,    65.2,    42.6,    72.6,    28.0,    65.2,    42.6,    72.2,"(CONTRACTS OF JPY 12,500,000)",097741,CME ,097 ,F10,FutOnly
JAPANESE YEN - CHICAGO MERCANTILE EXCHANGE,201215,2020-12-15,097741,CME ,00,097 ,  193317,    4442,  136999,      46,  100794,    7941,    6487,   33998,   23561,    2653,   10676,     559,       0,  159096,  178246,   34221,   15071,      -9,    -169,   -3756,    -526,    3278,     521,     484,    2677,    5358,   -2039,   -4005,       0,       0,    -300,      42,     291,     -51,  100.0,    2.3,   70.9,    0.0,   52.1,    4.1,    3.4,   17.6,   12.2,    1.4,    5.5,    0.3,    0.0,   82.3,   92.2,   17.7,    7.8,    115,      4,      9,.,     34,     12,     11,     34,     17,     13,      4,.,      0,     88,     53,    26.0,    64.7,    40.2,    73.6,    26.0,    64.7,    40.2,    73.2,"(CONTRACTS OF JPY 12,500,000)",097741,CME ,097 ,F10,FutOnly
JAPANESE YEN - CHICAGO MERCANTILE EXCHANGE,201208,2020-12-08,097741,CME ,00,097 ,  193326,    4611,  140755,     572,   97516,    7420,    6003,   31321,   18203,    4692,   14681,     559,       0,  159396,  178204,   33930,   15122,    7453,     245,    9361,   -1410,    2486,    -177,    -821,    3124,   -1107,    3430,    -684,       0,       0,    6370,    9276,    1083,   -1823,  100.0,    2.4,   72.8,    0.3,   50.4,    3.8,    3.1,   16.2,    9.4,    2.4,    7.6,    0.3,    0.0,   82.4,   92.2,   17.6,    7.8,    110,.,     10,.,     33,     11,     10,     33,     14,     15,      5,.,      0,     87,     51,    28.0,    66.1,    39.8,    74.9,    28.0,    66.1,    39.8,    74.6,"(CONTRACTS OF JPY 12,500,000)",097741,CME ,097 ,F10,FutOnly
JAPANESE YEN - CHICAGO MERCANTILE EXCHANGE,201201,2020-12-01,097741,CME ,00,097 ,  185873,    4366,  131394,    1982,   95030,    7597,    6824,   28197,   19310,    1262,   15365,     559,       0,  153026,  168928,   32847,   16945,    6370,    -605,    6385,     246,   -2141,    -900,    -185,     512,     571,    -286,    6943,       0,       0,    4484,    5831,    1886,     539,  100.0,    2.3,   70.7,    1.1,   51.1,    4.1,    3.7,   15.2,   10.4,    0.7,    8.3,    0.3,    0.0,   82.3,   90.9,   17.7,    9.1,    112,.,     11,      5,     33,     12,     13,     26,     21,     11,      5,.,      0,     83,     58,    29.6,    66.1,    41.6,    72.2,    29.4,    65.1,    41.4,    70.9,"(CONTRACTS OF JPY 12,500,000)",097741,CME ,097 ,F10,FutOnly
JAPANESE YEN - CHICAGO MERCANTILE EXCHANGE,201124,2020-11-24,097741,CME ,00,097 ,  179503,    4971,  125009,    1736,   97171,    8497,    7009,   27685,   18739,    1548,    8422,     559,       0,  148542,  163097,   30961,   16406,   14430,     499,   11441,      14,    4191,   -1025,    -342,    3294,    3847,     627,    6937,       0,       0,   15220,   14562,    -790,    -132,  100.0,    2.8,   69.6,    1.0,   54.1,    4.7,    3.9,   15.4,   10.4,    0.9,    4.7,    0.3,    0.0,   82.8,   90.9,   17.2,    9.1,    115,      4,      9,.,     34,     14,     11,     26,     22,     11,      5,.,      0,     83,     57,    26.8,    65.6,    38.6,    72.3,    26.6,    64.7,    38.4,    71.0,"(CONTRACTS OF JPY 12,500,000)",097741,CME ,097 ,F10,FutOnly
JAPANESE YEN - CHICAGO MERCANTILE EXCHANGE,201117,2020-11-17,097741,CME ,00,097 ,  165073,    4472,  113568,    1722,   92980,    9522,    7351,   24391,   14892,     921,    1485,     559,       0,  133322,  148535,   31751,   16538,  -18445,     292,  -12215,    -141,   -2195,     247,   -1194,  -13781,   -3870,    -716,   -1905,       0,       0,  -19640,  -17889,    1195,    -556,  100.0,    2.7,   68.8,    1.0,   56.3,    5.8,    4.5,   14.8,    9.0,    0.6,    0.9,    0.3,    0.0,   80.8,   90.0,   19.2,   10.0,    107,      4,      7,      5,     36,     14,     13,     25,     16,      7,      4,.,      0,     82,     50,    29.0,    66.2,    38.5,    73.4,    28.4,    65.2,    37.7,    71.8,"(CONTRACTS OF JPY 12,500,000)",097741,CME ,097 ,F10,FutOnly
JAPANESE YEN - CHICAGO MERCANTILE EXCHANGE,201110,2020-11-10,097741,CME ,00,097 ,  183518,    4180,  125783,    1863,   95175,    9275,    8545,   38172,   18762,    1637,    3390,     559,       0,  152962,  166424,   30556,   17094,   -1233,   -1099,    8149,    -191,   -1386,   -3626,     138,    3095,   -7559,     291,    2464,      -5,       0,    3312,   -2803,   -4545,    1570,  100.0,    2.3,   68.5,    1.0,   51.9,    5.1,    4.7,   20.8,   10.2,    0.9,    1.8,    0.3,    0.0,   83.3,   90.7,   16.7,    9.3,    116,.,      9,.,     36,     14,     13,     31,     18,     11,      4,.,      0,     84,     58,    26.9,    63.4,    36.6,    70.9,    26.1,    62.4,    35.8,    69.6,"(CONTRACTS OF JPY 12,500,000)",097741,CME ,097 ,F10,FutOnly
JAPANESE YEN - CHICAGO MERCANTILE EXCHANGE,201103,2020-11-03,097741,CME ,00,097 ,  184751,    5279,  117634,    2054,   96561,   12901,    8407,   35077,   26321,    1346,     926,     564,       0,  149650,  169227,   35101,   15524,    7129,     918,   10900,     -90,     568,    2508,    1202,    5069,   -6192,     616,       0,       0,       0,    8283,    8944,   -1154,   -1815,  100.0,    2.9,   63.7,    1.1,   52.3,    7.0,    4.6,   19.0,   14.2,    0.7,    0.5,    0.3,    0.0,   81.0,   91.6,   19.0,    8.4,    120,      5,      9,.,     31,     17,     12,     32,     22,     11,.,.,      0,     84,     61,    28.9,    60.0,    39.9,    69.8,    27.5,    58.9,    38.6,    68.4,"(CONTRACTS OF JPY 12,500,000)",097741,CME ,097 ,F10,FutOnly
JAPANESE YEN - CHICAGO MERCANTILE EXCHANGE,201027,2020-10-27,097741,CME ,00,097 ,  177622,    4361,  106734,    2144,   95993,   10393,    7205,   30008,   32513,     730,     926,     564,       0,  141367,  160283,   36255,   17339,   11531,    -454,   14077,    1840,    1513,   -1315,     379,    1702,   -3930,     377,       0,       0,       0,    5357,   11428,    6174,     103,  100.0,    2.5,   60.1,    1.2,   54.0,    5.9,    4.1,   16.9,   18.3,    0.4,    0.5,    0.3,    0.0,   79.6,   90.2,   20.4,    9.8,    111,.,      9,.,     33,     16,     12,     27,     19,      8,.,.,      0,     77,     56,    29.9,    57.5,    39.7,    67.5,    29.6,    56.4,    39.5,    66.3,"(CONTRACTS OF JPY 12,500,000)",097741,CME ,097 ,F10,FutOnly
JAPANESE YEN - CHICAGO MERCANTILE EXCHANGE,201020,2020-10-20,097741,CME ,00,097 ,  166091,    4815,   92657,     304,   94480,   11708,    6826,   28306,   36443,     353,     926,     564,       0,  136010,  148855,   30081,   17236,     475,     120,     -73,     -15,    1734,    1083,    -399,     484,    4053,   -1706,       0,       0,       0,     218,    2943,     257,   -2468,  100.0,    2.9,   55.8,    0.2,   56.9,    7.0,    4.1,   17.0,   21.9,    0.2,    0.6,    0.3,    0.0,   81.9,   89.6,   18.1,   10.4,    116,      4,      9,.,     31,     18,     13,     24,     26,     11,.,.,      0,     74,     68,    31.3,    56.3,    43.5,    66.3,    31.0,    56.1,    43.2,    66.0,"(CONTRACTS OF JPY 12,500,000)",097741,CME ,097 ,F10,FutOnly
JAPANESE YEN - CHICAGO MERCANTILE EXCHANGE,201013,2020-10-13,097741,CME ,00,097 ,  165616,    4695,   92730,     319,   92746,   10625,    7225,   27822,   32390,    2059,     926,     564,       0,  135792,  145912,   29824,   19704,    2592,     111,    -938,      33,     451,    -708,    -419,    1913,    2377,     862,       0,       0,       0,    2951,    1207,    -359,    1385,  100.0,    2.8,   56.0,    0.2,   56.0,    6.4,    4.4,   16.8,   19.6,    1.2,    0.6,    0.3,    0.0,   82.0,   88.1,   18.0,   11.9,    113,      4,      9,.,     35,     14,     15,     29,     18,     12,.,.,      0,     82,     61,    29.7,    55.6,    41.9,    65.2,    29.5,    55.4,    41.5,    65.1,"(CONTRACTS OF JPY 12,500,000)",097741,CME ,097 ,F10,FutOnly
JAPANESE YEN - CHICAGO MERCANTILE EXCHANGE,201006,2020-10-06,097741,CME ,00,097 ,  163024,    4584,   93668,     286,   92295,   11333,    7644,   25909,   30013,    1197,     926,     564,       0,  132841,  144705,   30183,   18319,    4726,     182,    6800,      31,    4362,   -3808,     431,    -793,    2042,     150,       0,    -700,       0,    4363,    4946,     363,    -220,  100.0,    2.8,   57.5,    0.2,   56.6,    7.0,    4.7,   15.9,   18.4,    0.7,    0.6,    0.3,    0.0,   81.5,   88.8,   18.5,   11.2,    113,.,     11,.,     37,     14,     15,     27,     17,     11,.,.,      0,     81,     61,    28.5,    55.6,    41.2,    65.3,    27.6,    55.4,    40.2,    65.2,"(CONTRACTS OF JPY 12,500,000)",097741,CME ,097 ,F10,FutOnly
JAPANESE YEN - CHICAGO MERCANTILE EXCHANGE,200929,2020-09-29,097741,CME ,00,097 ,  158298,    4402,   86868,     255,   87933,   15141,    7213,   26702,   27971,    1047,     926,    1264,       0,  128478,  139759,   29820,   18539,  -10953,     408,   -5861,      -6,   -1663,    1650,    -396,   -4965,   -6170,   -1177,    -679,     700,       0,   -8478,  -11260,   -2475,     307,  100.0,    2.8,   54.9,    0.2,   55.5,    9.6,    4.6,   16.9,   17.7,    0.7,    0.6,    0.8,    0.0,   81.2,   88.3,   18.8,   11.7,    113,      4,      8,.,     34,     16,     14,     27,     19,      7,.,.,      0,     77,     59,    27.2,    52.3,    41.6,    62.8,    26.0,    52.1,    40.3,    62.7,"(CONTRACTS OF JPY 12,500,000)",097741,CME ,097 ,F10,FutOnly
JAPANESE YEN - CHICAGO MERCANTILE EXCHANGE,200922,2020-09-22,097741,CME ,00,097 ,  169251,    3994,   92729,     261,   89596,   13491,    7609,   31667,   34141,    2224,    1605,     564,       0,  136956,  151019,   32295,   18232,   20339,    -684,   16805,     102,   17026,     484,    -519,    6142,      85,    1285,   -7324,     110,       0,   16028,   18352,    4311,    1987,  100.0,    2.4,   54.8,    0.2,   52.9,    8.0,    4.5,   18.7,   20.2,    1.3,    0.9,    0.3,    0.0,   80.9,   89.2,   19.1,   10.8,    115,.,      9,.,     37,     14,     14,     27,     20,     11,.,.,      0,     81,     61,    23.8,    51.5,    37.6,    61.6,    22.6,    51.4,    36.5,    61.1,"(CONTRACTS OF JPY 12,500,000)",097741,CME ,097 ,F10,FutOnly
JAPANESE YEN - CHICAGO MERCANTILE EXCHANGE,200915,2020-09-15,097741,CME ,00,097 ,  148912,    4678,   75924,     159,   72570,   13007,    8128,   25525,   34056,     939,    8929,     454,       0,  120928,  132667,   27984,   16245,   -2634,    -884,   -1858,    -668,    1662,    1363,     222,    2607,    6655,   -5614,     977,    -502,       0,   -1698,    -402,    -936,   -2232,  100.0,    3.1,   51.0,    0.1,   48.7,    8.7,    5.5,   17.1,   22.9,    0.6,    6.0,    0.3,    0.0,   81.2,   89.1,   18.8,   10.9,    112,      5,      6,.,     32,     15,     15,     28,     20,     10,      4,.,      0,     82,     57,    24.4,    48.2,    37.8,    58.2,    22.9,    48.1,    36.1,    57.9,"(CONTRACTS OF JPY 12,500,000)",097741,CME ,097 ,F10,FutOnly
JAPANESE YEN - CHICAGO MERCANTILE EXCHANGE,200908,2020-09-08,097741,CME ,00,097 ,  151546,    5562,   77782,     827,   70908,   11644,    7906,   22918,   27401,    6553,    7952,     956,       0,  122626,  133069,   28920,   18477,    5624,    -996,   -6422,     132,   -3038,    -638,    1239,    1095,    6247,    5186,      90,       0,       0,    3708,    5744,    1916,    -120,  100.0,    3.7,   51.3,    0.5,   46.8,    7.7,    5.2,   15.1,   18.1,    4.3,    5.2,    0.6,    0.0,   80.9,   87.8,   19.1,   12.2,    108,      4,     10,      4,     32,     11,     15,     22,     23,     13,.,.,      0,     77,     63,    23.2,    48.5,    36.4,    58.2,    22.4,    48.1,    35.3,    57.3,"(CONTRACTS OF JPY 12,500,000)",097741,CME ,097 ,F10,FutOnly
JAPANESE YEN - CHICAGO MERCANTILE EXCHANGE,200901,2020-09-01,097741,CME ,00,097 ,  145922,    6558,   84204,     695,   73946,   12282,    6667,   21823,   21154,    1367,    7862,     956,       0,  118918,  127325,   27004,   18597,   -1631,     345,    6092,      45,   -1067,   -1405,    -431,   -1660,   -3524,    -653,    1685,       0,       0,   -1736,     124,     105,   -1755,  100.0,    4.5,   57.7,    0.5,   50.7,    8.4,    4.6,   15.0,   14.5,    0.9,    5.4,    0.7,    0.0,   81.5,   87.3,   18.5,   12.7,    106,      5,     10,      6,     32,     11,     11,     22,     20,     11,.,.,      0,     75,     59,    24.9,    54.4,    38.5,    63.2,    24.6,    54.4,    38.1,    63.1,"(CONTRACTS OF JPY 12,500,000)",097741,CME ,097 ,F10,FutOnly
JAPANESE YEN - CHICAGO MERCANTILE EXCHANGE,200825,2020-08-25,097741,CME ,00,097 ,  147553,    6213,   78112,     650,   75013,   13687,    7098,   23483,   24678,    2020,    6177,     956,       0,  120654,  127201,   26899,   20352,     477,   -1423,   -4896,     560,    5613,    3993,   -2200,     -17,    1004,     -81,    1315,       0,       0,    3767,   -1620,   -3290,    2097,  100.0,    4.2,   52.9,    0.4,   50.8,    9.3,    4.8,   15.9,   16.7,    1.4,    4.2,    0.6,    0.0,   81.8,   86.2,   18.2,   13.8,    109,      5,     10,      5,     33,     12,     13,     23,     20,      9,.,.,      0,     71,     65,    24.9,    49.0,    37.8,    60.7,    24.6,    48.8,    37.5,    60.5,"(CONTRACTS OF JPY 12,500,000)",097741,CME ,097 ,F10,FutOnly
JAPANESE YEN - CHICAGO MERCANTILE EXCHANGE,200818,2020-08-18,097741,CME ,00,097 ,  147076,    7636,   83008,      90,   69400,    9694,    9298,   23500,   23674,    2101,    4862,     956,       0,  116887,  128821,   30189,   18255,   -3073,    1109,    -363,    -383,   -1291,    -825,     259,   -5527,    -308,    -142,       0,       0,       0,   -5975,   -1762,    2902,   -1311,  100.0,    5.2,   56.4,    0.1,   47.2,    6.6,    6.3,   16.0,   16.1,    1.4,    3.3,    0.7,    0.0,   79.5,   87.6,   20.5,   12.4,    107,      6,      9,.,     33,     11,     15,     31,     12,     11,.,.,      0,     79,     56,    25.8,    53.4,    37.4,    65.3,    25.5,    53.4,    36.9,    64.8,"(CONTRACTS OF JPY 12,500,000)",097741,CME ,097 ,F10,FutOnly
JAPANESE YEN - CHICAGO MERCANTILE EXCHANGE,200811,2020-08-11,097741,CME ,00,097 ,  150149,    6527,   83371,     473,   70691,   10519,    9039,   29027,   23982,    2243,    4862,     956,       0,  122862,  130583,   27287,   19566,   -7819,     528,   -9821,    -111,   -1340,   -1821,   -1386,   -2475,     833,    1170,    -698,    -151,       0,   -4312,  -11287,   -3507,    3468,  100.0,    4.3,   55.5,    0.3,   47.1,    7.0,    6.0,   19.3,   16.0,    1.5,    3.2,    0.6,    0.0,   81.8,   87.0,   18.2,   13.0,    105,      5,     10,      4,     32,     11,     12,     24,     18,     12,.,.,      0,     70,     63,    25.7,    51.7,    38.3,    63.4,    25.4,    51.6,    38.0,    63.1,"(CONTRACTS OF JPY 12,500,000)",097741,CME ,097 ,F10,FutOnly
JAPANESE YEN - CHICAGO MERCANTILE EXCHANGE,200804,2020-08-04,097741,CME ,00,097 ,  157968,    5999,   93192,     584,   72031,   12340,   10425,   31502,   23149,    1073,    5560,    1107,       0,  127174,  141870,   30794,   16098,  -12301,    -215,    3888,    -110,   -2751,   -1207,     809,   -4221,  -13646,     487,   -4489,     433,       0,  -10490,   -9346,   -1811,   -2955,  100.0,    3.8,   59.0,    0.4,   45.6,    7.8,    6.6,   19.9,   14.7,    0.7,    3.5,    0.7,    0.0,   80.5,   89.8,   19.5,   10.2,    109,      5,     11,.,     30,     11,     11,     27,     18,     13,.,      4,      0,     72,     64,    25.4,    52.9,    37.4,    64.0,    24.5,    52.8,    36.5,    63.9,"(CONTRACTS OF JPY 12,500,000)",097741,CME ,097 ,F10,FutOnly
JAPANESE YEN - CHICAGO MERCANTILE EXCHANGE,200728,2020-07-28,097741,CME ,00,097 ,  170269,    6214,   89304,     694,   74782,   13547,    9616,   35723,   36795,     586,   10049,     674,       0,  137664,  151216,   32605,   19053,   27583,      46,   24793,     466,    8824,   -3467,     -26,   12960,    4381,    -597,   -2065,     170,       0,   19608,   25720,    7975,    1863,  100.0,    3.6,   52.4,    0.4,   43.9,    8.0,    5.6,   21.0,   21.6,    0.3,    5.9,    0.4,    0.0,   80.9,   88.8,   19.1,   11.2,    115,      5,     10,.,     28,     14,     13,     31,     20,     12,      4,.,      0,     80,     62,    25.5,    48.5,    38.5,    60.7,    25.1,    48.3,    37.3,    60.5,"(CONTRACTS OF JPY 12,500,000)",097741,CME ,097 ,F10,FutOnly
JAPANESE YEN - CHICAGO MERCANTILE EXCHANGE,200721,2020-07-21,097741,CME ,00,097 ,  142686,    6168,   64511,     228,   65958,   17014,    9642,   22763,   32414,    1183,   12114,     504,       0,  118056,  125496,   24630,   17190,    7423,    -183,    4771,     183,    -307,    -924,    -171,    4644,    6140,     889,    -143,      50,       0,    4912,   10938,    2511,   -3515,  100.0,    4.3,   45.2,    0.2,   46.2,   11.9,    6.8,   16.0,   22.7,    0.8,    8.5,    0.4,    0.0,   82.7,   88.0,   17.3,   12.0,    106,      4,      9,.,     24,     18,     15,     23,     21,     14,      4,.,      0,     67,     69,    31.2,    47.6,    46.0,    56.5,    30.7,    47.6,    44.4,    56.2,"(CONTRACTS OF JPY 12,500,000)",097741,CME ,097 ,F10,FutOnly
JAPANESE YEN - CHICAGO MERCANTILE EXCHANGE,200714,2020-07-14,097741,CME ,00,097 ,  135263,    6351,   59740,      45,   66265,   17938,    9813,   18119,   26274,     294,   12257,     454,       0,  113144,  114558,   22119,   20705,   -3050,   -1136,    -125,    -888,    -530,     111,     158,     220,     179,    -648,     429,    -797,       0,   -2395,   -2010,    -655,   -1040,  100.0,    4.7,   44.2,    0.0,   49.0,   13.3,    7.3,   13.4,   19.4,    0.2,    9.1,    0.3,    0.0,   83.6,   84.7,   16.4,   15.3,     90,      4,      9,.,     23,     17,     12,     14,     17,     10,      4,.,      0,     52,     61,    34.1,    46.8,    49.0,    55.4,    33.1,    46.8,    46.9,    55.1,"(CONTRACTS OF JPY 12,500,000)",097741,CME ,097 ,F10,FutOnly
JAPANESE YEN - CHICAGO MERCANTILE EXCHANGE,200707,2020-07-07,097741,CME ,00,097 ,  138313,    7487,   59865,     933,   66795,   17827,    9655,   17899,   26095,     942,   11828,    1251,       0,  115539,  116568,   22774,   21745,     951,    2202,   -5737,     177,    1598,   -3750,     973,   -2064,    6884,   -1207,      -8,     797,       0,    1671,   -1863,    -720,    2814,  100.0,    5.4,   43.3,    0.7,   48.3,   12.9,    7.0,   12.9,   18.9,    0.7,    8.6,    0.9,    0.0,   83.5,   84.3,   16.5,   15.7,     94,      5,      9,.,     23,     17,     11,     13,     21,     11,.,.,      0,     53,     64,    34.1,    44.6,    49.1,    53.2,    33.2,    44.0,    47.1,    52.0,"(CONTRACTS OF JPY 12,500,000)",097741,CME ,097 ,F10,FutOnly
JAPANESE YEN - CHICAGO MERCANTILE EXCHANGE,200630,2020-06-30,097741,CME ,00,097 ,  137362,    5285,   65602,     756,   65197,   21577,    8682,   19963,   19211,    2149,   11836,     454,       0,  113868,  118431,   23494,   18931,   -7187,     527,   -7453,     -73,   -1862,    3622,    -392,   -5719,   -4761,    1599,     313,     -13,       0,   -5607,   -7471,   -1580,     284,  100.0,    3.8,   47.8,    0.6,   47.5,   15.7,    6.3,   14.5,   14.0,    1.6,    8.6,    0.3,    0.0,   82.9,   86.2,   17.1,   13.8,     98,      5,      9,.,     23,     18,     12,     12,     25,     15,      4,.,      0,     59,     67,    33.8,    45.0,    48.6,    53.2,    33.1,    44.4,    46.3,    51.6,"(CONTRACTS OF JPY 12,500,000)",097741,CME ,097 ,F10,FutOnly
JAPANESE YEN - CHICAGO MERCANTILE EXCHANGE,200623,2020-06-23,097741,CME ,00,097 ,  144549,    4758,   73055,     829,   67059,   17955,    9074,   25682,   23972,     550,   11523,     467,       0,  119475,  125902,   25074,   18647,   17262,     274,   15539,     -59,    7179,    1222,   -2100,    5469,    2860,     135,     307,       0,       0,   11205,   17597,    6057,    -335,  100.0,    3.3,   50.5,    0.6,   46.4,   12.4,    6.3,   17.8,   16.6,    0.4,    8.0,    0.3,    0.0,   82.7,   87.1,   17.3,   12.9,     95,      4,      9,.,     25,     17,     12,     15,     20,     12,.,.,      0,     60,     60,    31.3,    46.4,    44.7,    56.0,    30.5,    45.8,    42.7,    54.9,"(CONTRACTS OF JPY 12,500,000)",097741,CME ,097 ,F10,FutOnly
JAPANESE YEN - CHICAGO MERCANTILE EXCHANGE,200616,2020-06-16,097741,CME ,00,097 ,  127287,    4484,   57516,     888,   59880,   16733,   11174,   20213,   21112,     415,   11216,     467,       0,  108270,  108305,   19017,   18982,  -27872,   -8847,     550,   -7442,      37,   -5293,    2696,   -7836,   -9558,   -2614,   -1850,       0,       0,  -25856,  -21661,   -2016,   -6211,  100.0,    3.5,   45.2,    0.7,   47.0,   13.1,    8.8,   15.9,   16.6,    0.3,    8.8,    0.4,    0.0,   85.1,   85.1,   14.9,   14.9,     93,.,     10,.,     24,     15,     13,     14,     21,      9,      4,.,      0,     56,     60,    33.8,    44.3,    48.7,    52.2,    33.7,    42.7,    45.5,    49.6,"(CONTRACTS OF JPY 12,500,000)",097741,CME ,097 ,F10,FutOnly
JAPANESE YEN - CHICAGO MERCANTILE EXCHANGE,200609,2020-06-09,097741,CME ,00,097 ,  155159,   13331,   56966,    8330,   59843,   22026,    8478,   28049,   30670,    3029,   13066,     467,       0,  134126,  129966,   21033,   25193,   -3584,    3016,  -10981,    4213,    3001,    4546,     393,  -13880,   -1109,    -465,     386,      -2,       0,   -3336,   -3405,    -248,    -179,  100.0,    8.6,   36.7,    5.4,   38.6,   14.2,    5.5,   18.1,   19.8,    2.0,    8.4,    0.3,    0.0,   86.4,   83.8,   13.6,   16.2,    102,      6,      9,      6,     20,     17,      8,     20,     24,     13,      4,.,      0,     63,     66,    28.2,    38.1,    42.8,    48.4,    28.1,    32.8,    39.6,    42.6,"(CONTRACTS OF JPY 12,500,000)",097741,CME ,097 ,F10,FutOnly
JAPANESE YEN - CHICAGO MERCANTILE EXCHANGE,200602,2020-06-02,097741,CME ,00,097 ,  158743,   10315,   67947,    4117,   56842,   17480,    8085,   41929,   31779,    3494,   12680,     469,       0,  137462,  133371,   21281,   25372,    1916,    -441,   -9798,     387,   -1349,    1204,     363,    2961,    6174,     737,     112,      -3,       0,    2770,    -936,    -854,    2852,  100.0,    6.5,   42.8,    2.6,   35.8,   11.0,    5.1,   26.4,   20.0,    2.2,    8.0,    0.3,    0.0,   86.6,   84.0,   13.4,   16.0,    115,      5,     12,      6,     21,     16,     10,     23,     29,     10,      6,.,      0,     66,     75,    27.2,    40.9,    43.2,    48.1,    27.2,    38.4,    41.5,    45.6,"(CONTRACTS OF JPY 12,500,000)",097741,CME ,097 ,F10,FutOnly
JAPANESE YEN - CHICAGO MERCANTILE EXCHANGE,200526,2020-05-26,097741,CME ,00,097 ,  156827,   10756,   77745,    3730,   58191,   16276,    7722,   38968,   25605,    2757,   12568,     472,       0,  134692,  134307,   22135,   22520,    8852,    1528,    8005,    1345,      74,    -872,    -163,    6359,     103,    1204,    -101,       0,       0,   10246,    9622,   -1394,    -770,  100.0,    6.9,   49.6,    2.4,   37.1,   10.4,    4.9,   24.8,   16.3,    1.8,    8.0,    0.3,    0.0,   85.9,   85.6,   14.1,   14.4,    110,      5,     11,      5,     23,     14,     10,     25,     25,      7,      4,.,      0,     66,     66,    28.0,    45.6,    43.4,    55.2,    28.0,    43.2,    41.7,    52.1,"(CONTRACTS OF JPY 12,500,000)",097741,CME ,097 ,F10,FutOnly
JAPANESE YEN - CHICAGO MERCANTILE EXCHANGE,200519,2020-05-19,097741,CME ,00,097 ,  147975,    9228,   69740,    2385,   58117,   17148,    7885,   32609,   25502,    1553,   12669,     472,       0,  124446,  124685,   23529,   23290,   -5395,   -1144,   -1766,     321,   -4905,     600,    -321,     839,   -5552,      23,    -445,       0,       0,   -5632,   -6695,     237,    1300,  100.0,    6.2,   47.1,    1.6,   39.3,   11.6,    5.3,   22.0,   17.2,    1.0,    8.6,    0.3,    0.0,   84.1,   84.3,   15.9,   15.7,    106,      4,     11,.,     22,     14,      9,     19,     28,      5,      5,.,      0,     57,     66,    30.0,    42.3,    46.4,    51.3,    30.0,    40.6,    44.3,    49.4,"(CONTRACTS OF JPY 12,500,000)",097741,CME ,097 ,F10,FutOnly
JAPANESE YEN - CHICAGO MERCANTILE EXCHANGE,200512,2020-05-12,097741,CME ,00,097 ,  153370,   10372,   71506,    2064,   63022,   16548,    8206,   31770,   31054,    1530,   13114,     472,       0,  130078,  131380,   23292,   21990,    1328,   -1954,    -626,     497,    5634,     896,    -910,   -1285,    -802,     928,    1349,     -45,       0,    4259,     -62,   -2931,    1390,  100.0,    6.8,   46.6,    1.3,   41.1,   10.8,    5.4,   20.7,   20.2,    1.0,    8.6,    0.3,    0.0,   84.8,   85.7,   15.2,   14.3,    107,      5,     11,.,     24,     13,      8,     18,     28,      8,      5,.,      0,     60,     66,    29.3,    41.8,    47.1,    51.7,    29.3,    40.4,    45.2,    50.3,"(CONTRACTS OF JPY 12,500,000)",097741,CME ,097 ,F10,FutOnly
JAPANESE YEN - CHICAGO MERCANTILE EXCHANGE,200505,2020-05-05,097741,CME ,00,097 ,  152042,   12326,   72132,    1567,   57388,   15652,    9116,   33055,   31856,     602,   11765,     517,       0,  125819,  131442,   26223,   20600,    8207,     582,    9998,    -304,    1637,   -3085,    3471,    2575,    -512,    -243,     441,      46,       0,    8159,    9371,      48,   -1164,  100.0,    8.1,   47.4,    1.0,   37.7,   10.3,    6.0,   21.7,   21.0,    0.4,    7.7,    0.3,    0.0,   82.8,   86.5,   17.2,   13.5,    102,      5,     11,.,     24,     13,     10,     20,     23,      8,      4,.,      0,     62,     61,    28.2,    42.2,    47.1,    53.3,    28.2,    41.2,    44.8,    52.2,"(CONTRACTS OF JPY 12,500,000)",097741,CME ,097 ,F10,FutOnly
JAPANESE YEN - CHICAGO MERCANTILE EXCHANGE,200428,2020-04-28,097741,CME ,00,097 ,  143835,   11744,   62134,    1871,   55751,   18737,    5645,   30480,   32368,     845,   11324,     471,       0,  117660,  122071,   26175,   21764,   15563,    -793,   14454,    1542,    4786,    -283,     -63,    4863,    -162,     -40,     434,     -87,       0,   10729,   15361,    4834,     202,  100.0,    8.2,   43.2,    1.3,   38.8,   13.0,    3.9,   21.2,   22.5,    0.6,    7.9,    0.3,    0.0,   81.8,   84.9,   18.2,   15.1,     98,      4,     11,.,     20,     14,     10,     20,     22,      8,      4,.,      0,     58,     60,    27.8,    38.2,    46.5,    50.4,    27.8,    36.9,    46.5,    49.1,"(CONTRACTS OF JPY 12,500,000)",097741,CME ,097 ,F10,FutOnly
JAPANESE YEN - CHICAGO MERCANTILE EXCHANGE,200421,2020-04-21,097741,CME ,00,097 ,  128272,   12537,   47680,     329,   50965,   19020,    5708,   25617,   32530,     885,   10890,     558,       0,  106931,  106710,   21341,   21562,    5343,   -1526,    4681,    -576,    5663,   -3049,      70,    4250,    2321,     -18,    -488,    -411,       0,    7375,    3018,   -2032,    2325,  100.0,    9.8,   37.2,    0.3,   39.7,   14.8,    4.4,   20.0,   25.4,    0.7,    8.5,    0.4,    0.0,   83.4,   83.2,   16.6,   16.8,    102,      5,     12,.,     23,     13,     10,     18,     24,     10,      4,.,      0,     62,     63,    27.6,    31.1,    46.1,    44.4,    27.6,    30.9,    45.3,    44.2,"(CONTRACTS OF JPY 12,500,000)",097741,CME ,097 ,F10,FutOnly
JAPANESE YEN - CHICAGO MERCANTILE EXCHANGE,200414,2020-04-14,097741,CME ,00,097 ,  122929,   14063,   42999,     905,   45302,   22069,    5638,   21367,   30209,     903,   11378,     969,       0,   99556,  103692,   23373,   19237,    4334,     415,    7170,    -792,    -116,   -3924,     835,   -1594,    1530,     200,    -471,     400,       0,   -1523,    5419,    5857,   -1085,  100.0,   11.4,   35.0,    0.7,   36.9,   18.0,    4.6,   17.4,   24.6,    0.7,    9.3,    0.8,    0.0,   81.0,   84.4,   19.0,   15.6,    103,      6,      9,      4,     22,     15,     11,     17,     25,     10,      4,      5,      0,     63,     65,    28.3,    32.0,    44.3,    43.2,    28.3,    32.0,    43.5,    43.0,"(CONTRACTS OF JPY 12,500,000)",097741,CME ,097 ,F10,FutOnly
JAPANESE YEN - CHICAGO MERCANTILE EXCHANGE,200407,2020-04-07,097741,CME ,00,097 ,  118595,   13648,   35829,    1697,   45418,   25993,    4803,   22961,   28679,     703,   11849,     569,       0,  101079,   98273,   17516,   20322,   -1675,   -2071,    1710,     132,   -1100,    2113,    -157,     650,   -4551,     109,    1384,       0,       0,   -1053,    -644,    -622,   -1031,  100.0,   11.5,   30.2,    1.4,   38.3,   21.9,    4.0,   19.4,   24.2,    0.6,   10.0,    0.5,    0.0,   85.2,   82.9,   14.8,   17.1,    103,      6,      9,      4,     22,     15,     10,     19,     23,     12,      5,      4,      0,     68,     61,    29.1,    30.3,    44.9,    42.7,    29.1,    29.6,    43.3,    41.8,"(CONTRACTS OF JPY 12,500,000)",097741,CME ,097 ,F10,FutOnly
JAPANESE YEN - CHICAGO MERCANTILE EXCHANGE,200331,2020-03-31,097741,CME ,00,097 ,  120270,   15719,   34119,    1565,   46518,   23880,    4960,   22311,   33230,     594,   10465,     569,       0,  102132,   98917,   18138,   21353,   -5324,    2408,    3723,     114,    7199,   -4543,   -2684,  -16960,     259,    -872,    6076,    -543,       0,   -4719,   -4546,    -605,    -778,  100.0,   13.1,   28.4,    1.3,   38.7,   19.9,    4.1,   18.6,   27.6,    0.5,    8.7,    0.5,    0.0,   84.9,   82.2,   15.1,   17.8,     99,      6,      9,      5,     22,     16,     10,     16,     21,     12,      5,      4,      0,     65,     61,    27.9,    34.4,    43.6,    46.5,    27.9,    33.8,    42.4,    45.6,"(CONTRACTS OF JPY 12,500,000)",097741,CME ,097 ,F10,FutOnly
JAPANESE YEN - CHICAGO MERCANTILE EXCHANGE,200324,2020-03-24,097741,CME ,00,097 ,  125594,   13311,   30396,    1451,   39319,   28423,    7644,   39271,   32971,    1466,    4389,    1112,       0,  106851,  103463,   18743,   22131,    -175,    5657,   -4405,      31,     890,    2042,    -196,    3062,    1685,   -1028,   -4110,     548,       0,    4306,   -1323,   -4481,    1148,  100.0,   10.6,   24.2,    1.2,   31.3,   22.6,    6.1,   31.3,   26.3,    1.2,    3.5,    0.9,    0.0,   85.1,   82.4,   14.9,   17.6,    101,      5,      7,      4,     19,     20,      9,     20,     18,     11,      7,      5,      0,     66,     59,    31.1,    37.8,    44.6,    50.9,    31.1,    36.8,    43.3,    49.5,"(CONTRACTS OF JPY 12,500,000)",097741,CME ,097 ,F10,FutOnly
JAPANESE YEN - CHICAGO MERCANTILE EXCHANGE,200317,2020-03-17,097741,CME ,00,097 ,  125769,    7654,   34801,    1420,   38429,   26381,    7840,   36209,   31286,    2494,    8499,     564,       0,  102545,  104786,   23224,   20983,  -33359,  -12745,    4192,    -596,  -10460,   -4946,   -3106,   -6382,  -17407,   -3059,    4304,   -3110,      -8,  -32052,  -28040,   -1307,   -5319,  100.0,    6.1,   27.7,    1.1,   30.6,   21.0,    6.2,   28.8,   24.9,    2.0,    6.8,    0.4,    0.0,   81.5,   83.3,   18.5,   16.7,    100,      4,      9,.,     23,     16,     10,     20,     17,     11,      6,      4,      0,     67,     56,    29.7,    33.1,    40.6,    48.0,    29.7,    32.6,    38.7,    46.0,"(CONTRACTS OF JPY 12,500,000)",097741,CME ,097 ,F10,FutOnly
JAPANESE YEN - CHICAGO MERCANTILE EXCHANGE,200310,2020-03-10,097741,CME ,00,097 ,  159128,   20399,   30609,    2016,   48889,   31327,   10946,   42591,   48693,    5553,    4195,    3674,       8,  134597,  132826,   24531,   26302,  -39276,  -56033,    6690,   -1560,    7148,  -12865,    -525,    7579,  -27590,    -151,    2302,     753,       0,  -41240,  -35248,    1964,   -4028,  100.0,   12.8,   19.2,    1.3,   30.7,   19.7,    6.9,   26.8,   30.6,    3.5,    2.6,    2.3,    0.0,   84.6,   83.5,   15.4,   16.5,    122,      6,      9,      7,     26,     20,     13,     25,     24,     16,      6,      6,.,     84,     75,    26.4,    24.5,    37.6,    36.9,    26.1,    23.7,    36.5,    34.4,"(CONTRACTS OF JPY 12,500,000)",097741,CME ,097 ,F10,FutOnly
JAPANESE YEN - CHICAGO MERCANTILE EXCHANGE,200303,2020-03-03,097741,CME ,00,097 ,  198404,   76432,   23919,    3576,   41741,   44192,   11471,   35012,   76283,    5704,    1893,    2921,       8,  175837,  168074,   22567,   30330,  -25500,  -28846,    8370,    1670,    5521,  -31726,   -1909,   -3783,    7904,    2973,    -413,   -1973,       8,  -24779,  -14683,    -721,  -10817,  100.0,   38.5,   12.1,    1.8,   21.0,   22.3,    5.8,   17.6,   38.4,    2.9,    1.0,    1.5,    0.0,   88.6,   84.7,   11.4,   15.3,    129,      8,      8,      4,     21,     25,     10,     26,     31,     17,      4,      6,.,     77,     84,    47.0,    24.7,    55.9,    36.3,    45.7,    23.6,    54.4,    35.3,"(CONTRACTS OF JPY 12,500,000)",097741,CME ,097 ,F10,FutOnly
JAPANESE YEN - CHICAGO MERCANTILE EXCHANGE,200225,2020-02-25,097741,CME ,00,097 ,  223904,  105278,   15549,    1906,   36220,   75918,   13380,   38795,   68379,    2731,    2306,    4894,       0,  200616,  182757,   23288,   41147,   20273,   25440,   -9179,    1164,   -2869,    2064,    1755,   -2676,   23226,   -1047,     333,    1814,       0,   22100,   19797,   -1827,     476,  100.0,   47.0,    6.9,    0.9,   16.2,   33.9,    6.0,   17.3,   30.5,    1.2,    1.0,    2.2,    0.0,   89.6,   81.6,   10.4,   18.4,    143,      8,      7,.,     17,     31,      9,     25,     44,     13,      4,      7,      0,     67,    101,    51.9,    27.0,    62.0,    37.6,    51.6,    27.0,    61.5,    37.6,"(CONTRACTS OF JPY 12,500,000)",097741,CME ,097 ,F10,FutOnly
JAPANESE YEN - CHICAGO MERCANTILE EXCHANGE,200218,2020-02-18,097741,CME ,00,097 ,  203631,   79838,   24728,     742,   39089,   73854,   11625,   41471,   45153,    3778,    1973,    3080,       0,  178516,  162960,   25115,   40671,    9809,    5267,     501,    -533,      13,    3170,     -56,    4844,    5153,     130,       0,     -47,       0,    9665,    8318,     144,    1491,  100.0,   39.2,   12.1,    0.4,   19.2,   36.3,    5.7,   20.4,   22.2,    1.9,    1.0,    1.5,    0.0,   87.7,   80.0,   12.3,   20.0,    133,      6,      8,.,     18,     30,      8,     28,     35,     15,.,      5,      0,     66,     92,    47.9,    29.9,    57.7,    39.9,    47.8,    29.9,    57.2,    39.7,"(CONTRACTS OF JPY 12,500,000)",097741,CME ,097 ,F10,FutOnly
JAPANESE YEN - CHICAGO MERCANTILE EXCHANGE,200211,2020-02-11,097741,CME ,00,097 ,  193822,   74571,   24227,    1275,   39076,   70684,   11681,   36627,   40000,    3648,    1973,    3127,       0,  168851,  154642,   24971,   39180,    3743,    7342,   -1300,     603,    1282,    7212,    -583,   -5522,   -4275,     632,    -500,    -818,       0,    3254,    1471,     489,    2272,  100.0,   38.5,   12.5,    0.7,   20.2,   36.5,    6.0,   18.9,   20.6,    1.9,    1.0,    1.6,    0.0,   87.1,   79.8,   12.9,   20.2,    124,      7,      6,.,     18,     28,      9,     21,     36,     15,.,      5,      0,     64,     86,    48.2,    29.1,    58.3,    38.7,    47.8,    29.1,    57.6,    38.2,"(CONTRACTS OF JPY 12,500,000)",097741,CME ,097 ,F10,FutOnly
JAPANESE YEN - CHICAGO MERCANTILE EXCHANGE,200204,2020-02-04,097741,CME ,00,097 ,  190079,   67229,   25527,     672,   37794,   63472,   12264,   42149,   44275,    3016,    2473,    3945,       0,  165597,  153171,   24482,   36908,    5160,   -6236,    6302,     195,    2213,    1949,     102,    9771,   -3414,     526,     280,     -74,       0,    6851,    5586,   -1691,    -426,  100.0,   35.4,   13.4,    0.4,   19.9,   33.4,    6.5,   22.2,   23.3,    1.6,    1.3,    2.1,    0.0,   87.1,   80.6,   12.9,   19.4,    133,      7,      7,.,     17,     29,      7,     23,     39,     15,      4,      6,      0,     65,     91,    45.6,    24.6,    56.4,    34.7,    45.3,    24.6,    55.4,    34.6,"(CONTRACTS OF JPY 12,500,000)",097741,CME ,097 ,F10,FutOnly
JAPANESE YEN - CHICAGO MERCANTILE EXCHANGE,200128,2020-01-28,097741,CME ,00,097 ,  184919,   73465,   19225,     477,   35581,   61523,   12162,   32378,   47689,    2490,    2193,    4019,       0,  158746,  147585,   26173,   37334,  -18660,   -7063,   -1625,     112,    -823,   -1407,    1055,   -5005,  -13903,   -1354,      72,     361,       0,  -13006,  -16761,   -5654,   -1899,  100.0,   39.7,   10.4,    0.3,   19.2,   33.3,    6.6,   17.5,   25.8,    1.3,    1.2,    2.2,    0.0,   85.8,   79.8,   14.2,   20.2,    125,      7,      4,.,     18,     29,     10,     23,     34,     14,      4,      6,      0,     66,     84,    49.8,    25.4,    60.3,    36.6,    49.6,    25.4,    58.9,    36.2,"(CONTRACTS OF JPY 12,500,000)",097741,CME ,097 ,F10,FutOnly
JAPANESE YEN - CHICAGO MERCANTILE EXCHANGE,200121,2020-01-21,097741,CME ,00,097 ,  203579,   80528,   20850,     365,   36404,   62930,   11107,   37383,   61592,    3844,    2121,    3658,       0,  171752,  164346,   31827,   39233,   19716,   18288,    1491,     365,      60,    8144,     488,    -557,    7973,    -410,    -310,    -447,       0,   17924,   17604,    1792,    2112,  100.0,   39.6,   10.2,    0.2,   17.9,   30.9,    5.5,   18.4,   30.3,    1.9,    1.0,    1.8,    0.0,   84.4,   80.7,   15.6,   19.3,    123,      8,      5,.,     17,     28,      9,     22,     34,     14,      4,      5,      0,     62,     85,    45.6,    24.0,    55.7,    34.7,    45.4,    24.0,    54.5,    34.7,"(CONTRACTS OF JPY 12,500,000)",097741,CME ,097 ,F10,FutOnly
JAPANESE YEN - CHICAGO MERCANTILE EXCHANGE,200114,2020-01-14,097741,CME ,00,097 ,  183863,   62240,   19359,       0,   36344,   54786,   10619,   37940,   53619,    4254,    2431,    4105,       0,  153828,  146742,   30035,   37121,   21769,   24532,   -4727,   -1009,   -4721,   15800,   -2342,    2571,   10306,     930,       0,    -871,       0,   19961,   18087,    1808,    3682,  100.0,   33.9,   10.5,    0.0,   19.8,   29.8,    5.8,   20.6,   29.2,    2.3,    1.3,    2.2,    0.0,   83.7,   79.8,   16.3,   20.2,    123,      7,      5,      0,     16,     28,      8,     24,     33,     17,      4,      5,      0,     63,     85,    42.5,    22.9,    53.8,    32.8,    42.5,    22.9,    52.5,    32.6,"(CONTRACTS OF JPY 12,500,000)",097741,CME ,097 ,F10,FutOnly
JAPANESE YEN - CHICAGO MERCANTILE EXCHANGE,200107,2020-01-07,097741,CME ,00,097 ,  162094,   37708,   24086,    1009,   41065,   38986,   12961,   35369,   43313,    3324,    2431,    4976,       0,  133867,  128655,   28227,   33439,  -12872,  -13013,    3525,    -362,   -2139,   -8701,    1058,    2682,    -375,   -1717,      28,   -2239,       0,  -13463,   -8811,     591,   -4061,  100.0,   23.3,   14.9,    0.6,   25.3,   24.1,    8.0,   21.8,   26.7,    2.1,    1.5,    3.1,    0.0,   82.6,   79.4,   17.4,   20.6,    118,      4,      9,      4,     19,     24,     13,     21,     31,     15,      4,      5,      0,     67,     83,    38.6,    23.8,    52.7,    33.1,    37.1,    23.7,    50.6,    31.7,"(CONTRACTS OF JPY 12,500,000)",097741,CME ,097 ,F10,FutOnly
EURO FX - CHICAGO MERCANTILE EXCHANGE,201229,2020-12-29,099741,CME ,00,099 ,  671643,   32291,  472333,    6690,  397781,   69960,   21293,   68234,   51624,    4783,   42536,    5621,    2456,  576064,  634760,   95579,   36883,   12144,   -2251,   16993,   -5352,   17660,     289,     370,    -538,    1213,    -758,      27,    -400,      -7,    9151,   12348,    2993,    -204,  100.0,    4.8,   70.3,    1.0,   59.2,   10.4,    3.2,   10.2,    7.7,    0.7,    6.3,    0.8,    0.4,   85.8,   94.5,   14.2,    5.5,    292,     13,     13,      9,    112,     27,     40,     56,     29,     21,     34,      8,      5,    233,    134,    15.6,    67.4,    25.0,    76.5,    15.0,    66.9,    23.9,    75.8,"(CONTRACTS OF EUR 125,000)",099741,CME ,099 ,F10,FutOnly
EURO FX - CHICAGO MERCANTILE EXCHANGE,201221,2020-12-21,099741,CME ,00,099 ,  659499,   34542,  455340,   12042,  380121,   69671,   20923,   68772,   50411,    5541,   42509,    6021,    2463,  566913,  622412,   92586,   37087,    2453,   -1228,    3487,   -2087,    2818,   -2363,    1733,    2268,    1964,    1723,     849,    -311,       8,    6084,    4154,   -3631,   -1701,  100.0,    5.2,   69.0,    1.8,   57.6,   10.6,    3.2,   10.4,    7.6,    0.8,    6.4,    0.9,    0.4,   86.0,   94.4,   14.0,    5.6,    292,     13,     13,      8,    110,     28,     42,     55,     29,     17,     35,      9,      6,    226,    139,    14.3,    67.4,    23.1,    76.4,    13.7,    66.0,    22.1,    74.9,"(CONTRACTS OF EUR 125,000)",099741,CME ,099 ,F10,FutOnly
EURO FX - CHICAGO MERCANTILE EXCHANGE,201215,2020-12-15,099741,CME ,00,099 ,  657046,   35770,  451853,   14129,  377303,   72034,   19190,   66504,   48447,    3818,   41660,    6332,    2455,  560829,  618258,   96217,   38788,  -26305,   -8358,    3558,  -10217,    5705,     790,   -2066,   -5908,  -10426,   -4210,    2484,     787,    -390,  -22960,  -22174,   -3345,   -4131,  100.0,    5.4,   68.8,    2.2,   57.4,   11.0,    2.9,   10.1,    7.4,    0.6,    6.3,    1.0,    0.4,   85.4,   94.1,   14.6,    5.9,    281,     13,     13,      9,    110,     28,     41,     50,     24,     17,     32,     11,      4,    221,    131,    14.5,    67.3,    23.3,    76.7,    13.8,    65.5,    22.3,    74.7,"(CONTRACTS OF EUR 125,000)",099741,CME ,099 ,F10,FutOnly
EURO FX - CHICAGO MERCANTILE EXCHANGE,201208,2020-12-08,099741,CME ,00,099 ,  683351,   44128,  448295,   24346,  371598,   71244,   21256,   72412,   58873,    8028,   39176,    5545,    2845,  583789,  640432,   99562,   42919,   29094,   -2867,    9021,   16995,    4411,    3684,   -1591,    7741,    -252,    2480,   -3569,   -1108,     468,   24068,   29697,    5026,    -603,  100.0,    6.5,   65.6,    3.6,   54.4,   10.4,    3.1,   10.6,    8.6,    1.2,    5.7,    0.8,    0.4,   85.4,   93.7,   14.6,    6.3,    297,     17,     13,     15,    109,     29,     47,     52,     33,     22,     32,     11,      5,    233,    153,    13.0,    66.0,    21.5,    73.8,    12.4,    64.3,    20.4,    71.8,"(CONTRACTS OF EUR 125,000)",099741,CME ,099 ,F10,FutOnly
EURO FX - CHICAGO MERCANTILE EXCHANGE,201201,2020-12-01,099741,CME ,00,099 ,  654257,   46995,  439274,    7351,  367187,   67560,   22847,   64671,   59125,    5548,   42745,    6653,    2377,  559721,  610735,   94536,   43522,    9691,    6348,    1144,    2379,   -7632,    1367,    -649,    6777,    -303,    -918,   -3187,     700,      17,    3135,    3737,    6556,    5954,  100.0,    7.2,   67.1,    1.1,   56.1,   10.3,    3.5,    9.9,    9.0,    0.8,    6.5,    1.0,    0.4,   85.6,   93.3,   14.4,    6.7,    306,     15,     14,     13,    111,     30,     47,     55,     30,     24,     35,     16,      6,    241,    155,    13.5,    66.6,    22.3,    74.6,    12.9,    66.1,    21.4,    74.0,"(CONTRACTS OF EUR 125,000)",099741,CME ,099 ,F10,FutOnly
EURO FX - CHICAGO MERCANTILE EXCHANGE,201124,2020-11-24,099741,CME ,00,099 ,  644566,   40647,  438130,    4972,  374819,   66193,   23496,   57894,   59428,    6466,   45932,    5953,    2360,  556586,  606998,   87980,   37568,    6620,   -2135,   10015,      84,    5555,   -1603,     161,    2107,   -1970,    2571,     230,     -38,     208,    8781,    9428,   -2161,   -2808,  100.0,    6.3,   68.0,    0.8,   58.2,   10.3,    3.6,    9.0,    9.2,    1.0,    7.1,    0.9,    0.4,   86.4,   94.2,   13.6,    5.8,    306,     15,     15,     10,    113,     29,     46,     54,     30,     23,     36,     14,      6,    240,    151,    14.4,    67.0,    23.7,    75.3,    13.8,    66.8,    22.8,    75.0,"(CONTRACTS OF EUR 125,000)",099741,CME ,099 ,F10,FutOnly
EURO FX - CHICAGO MERCANTILE EXCHANGE,201117,2020-11-17,099741,CME ,00,099 ,  637946,   42782,  428115,    4888,  369264,   67796,   23335,   55787,   61398,    3895,   45702,    5991,    2152,  547805,  597570,   90141,   40376,   -1047,    -722,    1820,    1120,    1396,   -6242,     763,    -804,    1480,    -541,     355,     645,     112,    1679,    -843,   -2726,    -204,  100.0,    6.7,   67.1,    0.8,   57.9,   10.6,    3.7,    8.7,    9.6,    0.6,    7.2,    0.9,    0.3,   85.9,   93.7,   14.1,    6.3,    299,     14,     13,     11,    111,     31,     45,     53,     29,     22,     35,     13,      4,    234,    147,    14.5,    66.4,    23.8,    74.7,    13.8,    66.2,    22.9,    74.3,"(CONTRACTS OF EUR 125,000)",099741,CME ,099 ,F10,FutOnly
EURO FX - CHICAGO MERCANTILE EXCHANGE,201110,2020-11-10,099741,CME ,00,099 ,  638993,   43504,  426295,    3768,  367868,   74038,   22572,   56591,   59918,    4436,   45347,    5346,    2040,  546126,  598413,   92867,   40580,   11239,   -1312,    8784,      75,    6808,    -798,     848,    6950,     154,     697,  -10237,       3,      25,    3854,    9788,    7385,    1451,  100.0,    6.8,   66.7,    0.6,   57.6,   11.6,    3.5,    8.9,    9.4,    0.7,    7.1,    0.8,    0.3,   85.5,   93.6,   14.5,    6.4,    293,     14,     12,      8,    111,     31,     45,     52,     28,     24,     33,     12,      4,    231,    143,    14.5,    66.2,    23.9,    74.6,    13.9,    65.9,    23.1,    74.1,"(CONTRACTS OF EUR 125,000)",099741,CME ,099 ,F10,FutOnly
EURO FX - CHICAGO MERCANTILE EXCHANGE,201103,2020-11-03,099741,CME ,00,099 ,  627754,   44816,  417511,    3693,  361060,   74836,   21724,   49641,   59764,    3739,   55584,    5343,    2015,  542272,  588625,   85482,   39129,   -9024,    9061,  -15470,     123,    -721,    6717,    -303,  -11200,    3336,   -1401,    2176,    -177,      97,   -2168,   -7078,   -6856,   -1946,  100.0,    7.1,   66.5,    0.6,   57.5,   11.9,    3.5,    7.9,    9.5,    0.6,    8.9,    0.9,    0.3,   86.4,   93.8,   13.6,    6.2,    295,     16,     14,     12,    112,     29,     45,     46,     33,     21,     34,     11,      5,    230,    148,    14.6,    66.0,    24.7,    74.4,    14.0,    65.7,    23.8,    74.1,"(CONTRACTS OF EUR 125,000)",099741,CME ,099 ,F10,FutOnly
EURO FX - CHICAGO MERCANTILE EXCHANGE,201027,2020-10-27,099741,CME ,00,099 ,  636778,   35755,  432981,    3570,  361781,   68119,   22027,   60841,   56428,    5140,   53408,    5520,    1918,  544440,  595703,   92338,   41075,   -7889,    3454,   -9641,     352,   -5598,    -607,    2350,   -6852,   -1451,    1446,   -1342,    -944,     -18,   -6208,   -8513,   -1681,     624,  100.0,    5.6,   68.0,    0.6,   56.8,   10.7,    3.5,    9.6,    8.9,    0.8,    8.4,    0.9,    0.3,   85.5,   93.5,   14.5,    6.5,    290,     14,     12,     11,    111,     30,     40,     52,     29,     26,     31,     11,.,    232,    137,    14.4,    67.4,    24.1,    75.4,    13.8,    67.1,    23.2,    75.0,"(CONTRACTS OF EUR 125,000)",099741,CME ,099 ,F10,FutOnly
EURO FX - CHICAGO MERCANTILE EXCHANGE,201020,2020-10-20,099741,CME ,00,099 ,  644667,   32301,  442622,    3218,  367379,   68726,   19677,   67693,   57879,    3694,   54750,    6464,    1936,  550648,  604216,   94019,   40451,   -1498,    1445,    -556,    -128,   -7201,   -1561,    -425,    3868,    4365,    -980,     357,    -513,     -17,   -3081,     185,    1583,   -1683,  100.0,    5.0,   68.7,    0.5,   57.0,   10.7,    3.1,   10.5,    9.0,    0.6,    8.5,    1.0,    0.3,   85.4,   93.7,   14.6,    6.3,    295,     13,     13,     10,    110,     30,     39,     52,     32,     22,     33,     12,.,    230,    139,    14.9,    67.9,    24.7,    75.7,    14.3,    67.7,    24.0,    75.4,"(CONTRACTS OF EUR 125,000)",099741,CME ,099 ,F10,FutOnly
EURO FX - CHICAGO MERCANTILE EXCHANGE,201013,2020-10-13,099741,CME ,00,099 ,  646165,   30856,  443178,    3346,  374580,   70287,   20102,   63825,   53514,    4674,   54393,    6977,    1953,  553729,  604031,   92436,   42134,   -5970,   -1120,   -9413,      28,   -3185,   -3723,    2986,   -4326,    2786,    -239,     266,     325,     -33,   -5623,   -7283,    -347,    1313,  100.0,    4.8,   68.6,    0.5,   58.0,   10.9,    3.1,    9.9,    8.3,    0.7,    8.4,    1.1,    0.3,   85.7,   93.5,   14.3,    6.5,    292,     13,     12,      9,    109,     31,     41,     49,     32,     20,     33,     13,      4,    225,    141,    15.3,    67.9,    25.2,    75.6,    14.8,    67.5,    24.5,    75.2,"(CONTRACTS OF EUR 125,000)",099741,CME ,099 ,F10,FutOnly
EURO FX - CHICAGO MERCANTILE EXCHANGE,201006,2020-10-06,099741,CME ,00,099 ,  652135,   31976,  452591,    3318,  377765,   74010,   17116,   68151,   50728,    4913,   54127,    6652,    1986,  559352,  611314,   92783,   40821,   -3777,    2372,    9517,     120,    1022,  -15571,    -571,   -9012,    2691,    -782,   -1866,     321,     -12,   -8729,   -4287,    4952,     510,  100.0,    4.9,   69.4,    0.5,   57.9,   11.3,    2.6,   10.5,    7.8,    0.8,    8.3,    1.0,    0.3,   85.8,   93.7,   14.2,    6.3,    300,     15,     12,      8,    111,     33,     42,     52,     29,     23,     34,     14,.,    231,    145,    15.4,    68.8,    25.5,    76.8,    14.9,    68.4,    24.8,    76.4,"(CONTRACTS OF EUR 125,000)",099741,CME ,099 ,F10,FutOnly
EURO FX - CHICAGO MERCANTILE EXCHANGE,200929,2020-09-29,099741,CME ,00,099 ,  655912,   29604,  443074,    3198,  376743,   89581,   17687,   77163,   48037,    5695,   55993,    6331,    1998,  568081,  615601,   87831,   40311,  -10500,    1438,   -5323,     138,  -13792,    -259,     474,    2182,   -3939,     432,     -10,   -1732,     -21,   -9159,  -10230,   -1341,    -270,  100.0,    4.5,   67.6,    0.5,   57.4,   13.7,    2.7,   11.8,    7.3,    0.9,    8.5,    1.0,    0.3,   86.6,   93.9,   13.4,    6.1,    297,     12,     12,      9,    109,     32,     40,     54,     28,     23,     37,     13,.,    235,    137,    15.3,    66.9,    25.4,    75.8,    14.9,    66.5,    24.8,    75.4,"(CONTRACTS OF EUR 125,000)",099741,CME ,099 ,F10,FutOnly
EURO FX - CHICAGO MERCANTILE EXCHANGE,200922,2020-09-22,099741,CME ,00,099 ,  666412,   28166,  448397,    3060,  390535,   89840,   17213,   74981,   51976,    5263,   56003,    8063,    2019,  577240,  625831,   89172,   40581,    8238,    -919,     536,      64,   -4439,    -397,     735,    7938,    4011,     -42,   10236,     674,      22,   13595,    5603,   -5357,    2635,  100.0,    4.2,   67.3,    0.5,   58.6,   13.5,    2.6,   11.3,    7.8,    0.8,    8.4,    1.2,    0.3,   86.6,   93.9,   13.4,    6.1,    301,      9,     15,      8,    111,     30,     38,     53,     30,     19,     36,     17,      4,    229,    141,    15.1,    66.0,    25.0,    75.2,    14.6,    65.6,    24.4,    74.9,"(CONTRACTS OF EUR 125,000)",099741,CME ,099 ,F10,FutOnly
EURO FX - CHICAGO MERCANTILE EXCHANGE,200915,2020-09-15,099741,CME ,00,099 ,  658174,   29085,  447861,    2996,  394974,   90237,   16478,   67043,   47965,    5305,   45767,    7389,    1997,  563645,  620228,   94529,   37946,  -32608,    -301,  -21223,   -4480,   -4971,    4665,    -515,  -14054,   -3203,   -2951,   -3040,    1743,    -155,  -30467,  -26119,   -2141,   -6489,  100.0,    4.4,   68.0,    0.5,   60.0,   13.7,    2.5,   10.2,    7.3,    0.8,    7.0,    1.1,    0.3,   85.6,   94.2,   14.4,    5.8,    289,     13,     13,      9,    111,     30,     34,     47,     26,     19,     33,     16,.,    225,    129,    15.0,    67.2,    24.8,    76.6,    14.6,    66.8,    24.1,    76.3,"(CONTRACTS OF EUR 125,000)",099741,CME ,099 ,F10,FutOnly
EURO FX - CHICAGO MERCANTILE EXCHANGE,200908,2020-09-08,099741,CME ,00,099 ,  690782,   29386,  469084,    7476,  399945,   85572,   16993,   81097,   51168,    8256,   48807,    5646,    2152,  594112,  646347,   96670,   44435,   -7429,   -2290,  -12824,     302,    -318,    4730,   -1221,   -5072,   -3193,    3031,   -1229,    -225,      93,   -6704,   -9307,    -725,    1878,  100.0,    4.3,   67.9,    1.1,   57.9,   12.4,    2.5,   11.7,    7.4,    1.2,    7.1,    0.8,    0.3,   86.0,   93.6,   14.0,    6.4,    287,     12,     15,     12,    106,     29,     38,     52,     26,     27,     34,     12,      6,    228,    142,    15.3,    63.2,    25.0,    72.5,    14.8,    62.8,    24.4,    72.0,"(CONTRACTS OF EUR 125,000)",099741,CME ,099 ,F10,FutOnly
EURO FX - CHICAGO MERCANTILE EXCHANGE,200901,2020-09-01,099741,CME ,00,099 ,  698211,   31676,  481908,    7174,  400263,   80842,   18214,   86169,   54361,    5225,   50036,    5871,    2059,  600816,  655654,   97395,   42557,   -5866,    2765,  -15845,    3614,   -7030,    5658,     534,   -2929,    2358,   -2469,    1124,     367,     288,   -4103,   -5495,   -1763,    -371,  100.0,    4.5,   69.0,    1.0,   57.3,   11.6,    2.6,   12.3,    7.8,    0.7,    7.2,    0.8,    0.3,   86.1,   93.9,   13.9,    6.1,    286,     12,     15,     13,    109,     29,     35,     48,     25,     21,     33,     13,      6,    227,    134,    15.3,    65.2,    25.0,    74.2,    14.8,    64.8,    24.4,    73.8,"(CONTRACTS OF EUR 125,000)",099741,CME ,099 ,F10,FutOnly
EURO FX - CHICAGO MERCANTILE EXCHANGE,200825,2020-08-25,099741,CME ,00,099 ,  704077,   28911,  497753,    3560,  407293,   75184,   17680,   89098,   52003,    7694,   48912,    5504,    1771,  604919,  661149,   99158,   42928,      27,     306,    1084,     710,    1058,    6272,    -891,   -4795,  -10321,     450,    6420,    -237,    -377,    2881,   -3310,   -2854,    3337,  100.0,    4.1,   70.7,    0.5,   57.8,   10.7,    2.5,   12.7,    7.4,    1.1,    6.9,    0.8,    0.3,   85.9,   93.9,   14.1,    6.1,    283,     12,     15,      9,    110,     26,     37,     48,     27,     19,     33,     11,      4,    221,    131,    16.2,    66.0,    26.7,    74.6,    15.7,    65.7,    26.1,    74.3,"(CONTRACTS OF EUR 125,000)",099741,CME ,099 ,F10,FutOnly
EURO FX - CHICAGO MERCANTILE EXCHANGE,200818,2020-08-18,099741,CME ,00,099 ,  704050,   28605,  496669,    2850,  406235,   68912,   18571,   93893,   62324,    7244,   42492,    5741,    2148,  602038,  664459,  102012,   39591,   -2408,    1043,    3266,    -202,    5019,     702,    -966,   -2887,   -3997,    -386,   -9655,    -540,     274,   -7760,   -1849,    5352,    -559,  100.0,    4.1,   70.5,    0.4,   57.7,    9.8,    2.6,   13.3,    8.9,    1.0,    6.0,    0.8,    0.3,   85.5,   94.4,   14.5,    5.6,    287,     11,     16,     10,    110,     26,     38,     53,     26,     21,     33,     11,      5,    229,    132,    16.6,    65.8,    27.2,    74.2,    16.2,    65.7,    26.5,    74.0,"(CONTRACTS OF EUR 125,000)",099741,CME ,099 ,F10,FutOnly
EURO FX - CHICAGO MERCANTILE EXCHANGE,200811,2020-08-11,099741,CME ,00,099 ,  706458,   27562,  493403,    3052,  401216,   68210,   19537,   96780,   66321,    7630,   52147,    6281,    1874,  609798,  666308,   96660,   40150,    1583,     371,   15229,     336,    -595,    -896,     484,    4930,  -13897,    -678,    -293,    -223,    -141,    4414,     214,   -2831,    1369,  100.0,    3.9,   69.8,    0.4,   56.8,    9.7,    2.8,   13.7,    9.4,    1.1,    7.4,    0.9,    0.3,   86.3,   94.3,   13.7,    5.7,    292,     11,     16,      9,    110,     28,     39,     51,     30,     20,     34,     11,.,    229,    134,    16.7,    64.6,    27.1,    72.9,    16.2,    64.5,    26.4,    72.8,"(CONTRACTS OF EUR 125,000)",099741,CME ,099 ,F10,FutOnly
EURO FX - CHICAGO MERCANTILE EXCHANGE,200804,2020-08-04,099741,CME ,00,099 ,  704875,   27191,  478174,    2716,  401811,   69106,   19053,   91850,   80218,    8308,   52440,    6504,    2015,  605384,  666094,   99491,   38781,   25910,     139,   29848,     461,    2332,    -690,    -510,   13138,   -4344,     937,    7656,    -789,      64,   24217,   24977,    1693,     933,  100.0,    3.9,   67.8,    0.4,   57.0,    9.8,    2.7,   13.0,   11.4,    1.2,    7.4,    0.9,    0.3,   85.9,   94.5,   14.1,    5.5,    288,     11,     16,      8,    107,     28,     39,     48,     32,     24,     35,     10,      4,    225,    138,    16.7,    63.6,    27.1,    71.4,    16.3,    63.5,    26.5,    71.2,"(CONTRACTS OF EUR 125,000)",099741,CME ,099 ,F10,FutOnly
EURO FX - CHICAGO MERCANTILE EXCHANGE,200728,2020-07-28,099741,CME ,00,099 ,  678965,   27052,  448326,    2255,  399479,   69796,   19563,   78712,   84562,    7371,   44784,    7293,    1951,  581167,  641117,   97798,   37848,   42753,     276,   43400,    -306,   13820,   -2246,   -1151,   19129,    9984,    1206,   12862,    -722,   -4937,   40899,   45228,    1854,   -2475,  100.0,    4.0,   66.0,    0.3,   58.8,   10.3,    2.9,   11.6,   12.5,    1.1,    6.6,    1.1,    0.3,   85.6,   94.4,   14.4,    5.6,    287,     12,     14,      8,    107,     26,     38,     49,     33,     25,     33,     12,.,    222,    139,    16.5,    62.6,    26.9,    70.3,    16.0,    62.5,    26.3,    70.2,"(CONTRACTS OF EUR 125,000)",099741,CME ,099 ,F10,FutOnly
EURO FX - CHICAGO MERCANTILE EXCHANGE,200721,2020-07-21,099741,CME ,00,099 ,  636212,   26776,  404926,    2561,  385659,   72042,   20714,   59583,   74578,    6165,   31922,    8015,    6888,  540268,  595889,   95944,   40323,   31230,     134,   32220,    1145,   13458,   -4999,    2647,    5591,   -4733,     546,   -1036,     128,    4865,   27350,   31819,    3880,    -589,  100.0,    4.2,   63.6,    0.4,   60.6,   11.3,    3.3,    9.4,   11.7,    1.0,    5.0,    1.3,    1.1,   84.9,   93.7,   15.1,    6.3,    285,     11,     14,      9,    102,     29,     35,     50,     32,     22,     31,     15,      4,    213,    142,    18.0,    61.1,    27.8,    69.1,    17.5,    61.0,    26.8,    69.1,"(CONTRACTS OF EUR 125,000)",099741,CME ,099 ,F10,FutOnly
EURO FX - CHICAGO MERCANTILE EXCHANGE,200714,2020-07-14,099741,CME ,00,099 ,  604982,   26642,  372706,    1416,  372201,   77041,   18067,   53992,   79311,    5619,   32958,    7887,    2023,  512918,  564070,   92064,   40912,   11641,    -788,   18139,   -9508,   19685,   -7569,    1357,    4413,    2810,    1619,   -8463,    1086,       6,    8321,    7940,    3320,    3701,  100.0,    4.4,   61.6,    0.2,   61.5,   12.7,    3.0,    8.9,   13.1,    0.9,    5.4,    1.3,    0.3,   84.8,   93.2,   15.2,    6.8,    271,     11,     13,     10,     99,     30,     36,     47,     29,     19,     26,     15,.,    201,    138,    19.1,    58.8,    29.7,    67.6,    18.7,    58.8,    28.6,    67.5,"(CONTRACTS OF EUR 125,000)",099741,CME ,099 ,F10,FutOnly
EURO FX - CHICAGO MERCANTILE EXCHANGE,200707,2020-07-07,099741,CME ,00,099 ,  593341,   27430,  354567,   10924,  352516,   84610,   16710,   49579,   76501,    4000,   41421,    6801,    2017,  504597,  556130,   88744,   37211,   13603,     998,   20162,     281,    1335,   -7561,       7,    4497,      12,     912,    2724,     301,       2,   10756,   14116,    2847,    -513,  100.0,    4.6,   59.8,    1.8,   59.4,   14.3,    2.8,    8.4,   12.9,    0.7,    7.0,    1.1,    0.3,   85.0,   93.7,   15.0,    6.3,    265,     11,     12,      9,     95,     31,     35,     44,     32,     18,     27,     13,.,    193,    137,    18.5,    59.3,    29.2,    68.0,    18.1,    57.6,    28.3,    66.4,"(CONTRACTS OF EUR 125,000)",099741,CME ,099 ,F10,FutOnly
EURO FX - CHICAGO MERCANTILE EXCHANGE,200630,2020-06-30,099741,CME ,00,099 ,  579738,   26432,  334405,   10643,  351181,   92171,   16703,   45082,   76489,    3088,   38697,    6500,    2015,  493841,  542014,   85897,   37724,   -5683,    -798,  -10667,     271,    5442,    1324,   -4143,   -7271,    9163,      73,   -2206,    -572,     197,   -8435,   -4354,    2752,   -1329,  100.0,    4.6,   57.7,    1.8,   60.6,   15.9,    2.9,    7.8,   13.2,    0.5,    6.7,    1.1,    0.3,   85.2,   93.5,   14.8,    6.5,    255,     10,     13,     10,     97,     32,     37,     38,     32,     17,     22,     11,.,    188,    134,    18.9,    58.0,    29.6,    67.9,    18.3,    56.4,    28.5,    66.3,"(CONTRACTS OF EUR 125,000)",099741,CME ,099 ,F10,FutOnly
EURO FX - CHICAGO MERCANTILE EXCHANGE,200623,2020-06-23,099741,CME ,00,099 ,  585421,   27230,  345072,   10372,  345739,   90847,   20846,   52353,   67326,    3015,   40903,    7072,    1818,  502276,  546368,   83145,   39053,   10482,    1107,    9463,     -20,     889,    1434,     169,    4508,     537,    -249,    -475,     784,     100,    6029,   12218,    4453,   -1736,  100.0,    4.7,   58.9,    1.8,   59.1,   15.5,    3.6,    8.9,   11.5,    0.5,    7.0,    1.2,    0.3,   85.8,   93.3,   14.2,    6.7,    256,     11,     12,      9,     96,     32,     37,     39,     28,     18,     26,     12,.,    191,    131,    18.6,    58.8,    29.2,    68.5,    18.0,    57.2,    28.1,    66.9,"(CONTRACTS OF EUR 125,000)",099741,CME ,099 ,F10,FutOnly
EURO FX - CHICAGO MERCANTILE EXCHANGE,200616,2020-06-16,099741,CME ,00,099 ,  574939,   26123,  335609,   10392,  344850,   89413,   20677,   47845,   66789,    3264,   41378,    6288,    1718,  496247,  534150,   78692,   40789,  -17976,  -11906,    5643,    -768,    4700,    2622,   -2289,   -3503,  -17588,    -923,    1749,     197,      -6,  -12946,  -13112,   -5030,   -4864,  100.0,    4.5,   58.4,    1.8,   60.0,   15.6,    3.6,    8.3,   11.6,    0.6,    7.2,    1.1,    0.3,   86.3,   92.9,   13.7,    7.1,    256,      9,     15,     10,     96,     31,     37,     38,     31,     18,     26,     10,.,    192,    131,    19.0,    57.8,    29.7,    67.5,    18.5,    56.1,    28.7,    65.8,"(CONTRACTS OF EUR 125,000)",099741,CME ,099 ,F10,FutOnly
EURO FX - CHICAGO MERCANTILE EXCHANGE,200609,2020-06-09,099741,CME ,00,099 ,  592915,   38029,  329966,   11160,  340150,   86791,   22966,   51348,   84377,    4187,   39629,    6091,    1724,  509193,  547262,   83722,   45653,    9531,    1331,   25771,   -1260,    7381,  -11829,     802,    -718,    1258,   -2767,    5799,     704,   -3405,    7163,    9274,    2368,     257,  100.0,    6.4,   55.7,    1.9,   57.4,   14.6,    3.9,    8.7,   14.2,    0.7,    6.7,    1.0,    0.3,   85.9,   92.3,   14.1,    7.7,    262,     15,     11,     12,     91,     35,     35,     43,     34,     22,     22,     11,.,    196,    138,    18.6,    53.8,    29.3,    64.2,    18.0,    52.2,    28.4,    62.6,"(CONTRACTS OF EUR 125,000)",099741,CME ,099 ,F10,FutOnly
EURO FX - CHICAGO MERCANTILE EXCHANGE,200602,2020-06-02,099741,CME ,00,099 ,  583384,   36698,  304195,   12420,  332769,   98620,   22164,   52066,   83119,    6954,   33830,    5387,    5129,  502030,  537988,   81354,   45396,   26635,   -3386,   15718,   11237,    5961,   -8080,    -725,    -414,    -183,    3537,     238,    -132,    4950,   21398,   26322,    5237,     313,  100.0,    6.3,   52.1,    2.1,   57.0,   16.9,    3.8,    8.9,   14.2,    1.2,    5.8,    0.9,    0.9,   86.1,   92.2,   13.9,    7.8,    268,     14,     11,     11,     88,     37,     35,     45,     36,     19,     26,     11,      4,    193,    144,    18.1,    50.4,    28.8,    61.3,    17.5,    48.4,    27.6,    59.4,"(CONTRACTS OF EUR 125,000)",099741,CME ,099 ,F10,FutOnly
EURO FX - CHICAGO MERCANTILE EXCHANGE,200526,2020-05-26,099741,CME ,00,099 ,  556749,   40084,  288477,    1183,  326808,  106700,   22889,   52480,   83302,    3417,   33592,    5519,     179,  480632,  511666,   76117,   45083,    9543,   -2606,    7233,     134,    8346,    1190,    -506,    4025,    3340,     311,    1002,       6,     -17,   10689,   11691,   -1146,   -2148,  100.0,    7.2,   51.8,    0.2,   58.7,   19.2,    4.1,    9.4,   15.0,    0.6,    6.0,    1.0,    0.0,   86.3,   91.9,   13.7,    8.1,    266,     14,     11,      9,     88,     40,     39,     40,     37,     20,     24,     12,      4,    190,    148,    19.0,    48.2,    30.2,    59.4,    18.5,    48.1,    29.1,    59.4,"(CONTRACTS OF EUR 125,000)",099741,CME ,099 ,F10,FutOnly
EURO FX - CHICAGO MERCANTILE EXCHANGE,200519,2020-05-19,099741,CME ,00,099 ,  547206,   42690,  281244,    1049,  318462,  105510,   23395,   48455,   79962,    3106,   32590,    5513,     196,  469943,  499975,   77263,   47231,    -123,   -1992,   -6096,    -481,     879,    6854,     213,   -2858,    1836,     419,     933,   -3917,      -8,   -2895,   -1180,    2772,    1057,  100.0,    7.8,   51.4,    0.2,   58.2,   19.3,    4.3,    8.9,   14.6,    0.6,    6.0,    1.0,    0.0,   85.9,   91.4,   14.1,    8.6,    263,     14,     11,      8,     87,     40,     38,     43,     33,     20,     23,     12,      4,    189,    144,    18.8,    47.7,    30.1,    59.4,    18.3,    47.6,    29.0,    59.3,"(CONTRACTS OF EUR 125,000)",099741,CME ,099 ,F10,FutOnly
EURO FX - CHICAGO MERCANTILE EXCHANGE,200512,2020-05-12,099741,CME ,00,099 ,  547329,   44682,  287340,    1530,  317583,   98656,   23182,   51313,   78126,    2687,   31657,    9430,     204,  472838,  501155,   74491,   46174,    5705,    6879,      26,    -102,    1374,    4661,    1917,   -3122,    -478,    -998,     305,    3233,      47,    6300,    8306,    -595,   -2601,  100.0,    8.2,   52.5,    0.3,   58.0,   18.0,    4.2,    9.4,   14.3,    0.5,    5.8,    1.7,    0.0,   86.4,   91.6,   13.6,    8.4,    268,     14,     11,      9,     87,     41,     38,     44,     35,     18,     21,     15,      4,    185,    152,    18.6,    48.8,    30.0,    60.7,    18.1,    48.7,    28.9,    60.6,"(CONTRACTS OF EUR 125,000)",099741,CME ,099 ,F10,FutOnly
EURO FX - CHICAGO MERCANTILE EXCHANGE,200505,2020-05-05,099741,CME ,00,099 ,  541624,   37803,  287314,    1632,  316209,   93995,   21265,   54435,   78604,    3685,   31352,    6197,     157,  466538,  492849,   75086,   48775,   -3458,    1363,   -7960,     -97,   -5002,    2340,    -239,    -693,    3971,     654,    5113,     740,   -4918,   -3819,   -5509,     361,    2051,  100.0,    7.0,   53.0,    0.3,   58.4,   17.4,    3.9,   10.1,   14.5,    0.7,    5.8,    1.1,    0.0,   86.1,   91.0,   13.9,    9.0,    256,     14,     11,      9,     83,     40,     36,     41,     34,     17,     21,     12,      4,    177,    145,    18.8,    49.2,    30.3,    61.2,    18.4,    49.1,    29.3,    61.1,"(CONTRACTS OF EUR 125,000)",099741,CME ,099 ,F10,FutOnly
EURO FX - CHICAGO MERCANTILE EXCHANGE,200428,2020-04-28,099741,CME ,00,099 ,  545082,   36440,  295274,    1729,  321211,   91655,   21504,   55128,   74633,    3031,   26239,    5457,    5075,  470357,  498358,   74725,   46724,   -1579,    5279,  -11560,   -3240,   -8284,    4569,    -227,    1911,    2087,      31,   -4126,    -470,    4955,   -3701,   -3855,    2122,    2276,  100.0,    6.7,   54.2,    0.3,   58.9,   16.8,    3.9,   10.1,   13.7,    0.6,    4.8,    1.0,    0.9,   86.3,   91.4,   13.7,    8.6,    250,     14,     11,     10,     84,     35,     37,     44,     31,     15,     21,     10,.,    181,    134,    17.8,    50.6,    28.9,    62.5,    17.4,    50.5,    28.0,    62.4,"(CONTRACTS OF EUR 125,000)",099741,CME ,099 ,F10,FutOnly
EURO FX - CHICAGO MERCANTILE EXCHANGE,200421,2020-04-21,099741,CME ,00,099 ,  546661,   31161,  306834,    4969,  329495,   87086,   21731,   53217,   72546,    3000,   30365,    5927,     120,  474058,  502213,   72603,   44448,    3300,     378,   -2199,      51,     502,    1049,     876,    2165,      16,     -77,    2687,     913,      -5,    6577,     624,   -3277,    2676,  100.0,    5.7,   56.1,    0.9,   60.3,   15.9,    4.0,    9.7,   13.3,    0.5,    5.6,    1.1,    0.0,   86.7,   91.9,   13.3,    8.1,    250,     14,     11,     12,     86,     34,     38,     43,     30,     13,     21,     11,.,    180,    136,    19.0,    52.7,    30.4,    64.4,    18.5,    52.6,    29.4,    64.3,"(CONTRACTS OF EUR 125,000)",099741,CME ,099 ,F10,FutOnly
EURO FX - CHICAGO MERCANTILE EXCHANGE,200414,2020-04-14,099741,CME ,00,099 ,  543361,   30783,  309033,    4918,  328993,   86037,   20855,   51052,   72530,    3077,   27678,    5014,     125,  467481,  501589,   75880,   41772,  -11336,     -22,    -690,   -2583,   -6111,   -2057,     133,    2552,   -3489,    -983,    1641,     429,      59,   -5314,   -9181,   -6022,   -2155,  100.0,    5.7,   56.9,    0.9,   60.5,   15.8,    3.8,    9.4,   13.3,    0.6,    5.1,    0.9,    0.0,   86.0,   92.3,   14.0,    7.7,    248,     13,     12,     12,     85,     35,     37,     42,     31,     13,     21,      9,.,    178,    134,    18.4,    53.3,    30.1,    64.9,    18.0,    53.2,    29.3,    64.8,"(CONTRACTS OF EUR 125,000)",099741,CME ,099 ,F10,FutOnly
EURO FX - CHICAGO MERCANTILE EXCHANGE,200407,2020-04-07,099741,CME ,00,099 ,  554697,   30805,  309723,    7501,  335104,   88094,   20722,   48500,   76019,    4060,   26037,    4585,      66,  472795,  510770,   81902,   43927,    2945,   -4853,    9579,    -615,   -4373,    3219,   -2903,    4788,   -3702,    -465,     462,   -1104,     -20,   -7979,    3989,   10924,   -1044,  100.0,    5.6,   55.8,    1.4,   60.4,   15.9,    3.7,    8.7,   13.7,    0.7,    4.7,    0.8,    0.0,   85.2,   92.1,   14.8,    7.9,    246,     14,     10,     12,     83,     36,     37,     42,     32,     12,     21,      8,.,    175,    134,    18.4,    52.6,    30.6,    64.1,    17.9,    52.1,    29.7,    63.5,"(CONTRACTS OF EUR 125,000)",099741,CME ,099 ,F10,FutOnly
EURO FX - CHICAGO MERCANTILE EXCHANGE,200331,2020-03-31,099741,CME ,00,099 ,  551752,   35658,  300144,    8116,  339477,   84875,   23625,   43712,   79721,    4525,   25575,    5689,      86,  480774,  506781,   70978,   44971,  -19334,    1238,    5666,    1004,  -14184,  -11307,    1003,     342,   -5996,    -930,    2695,     376,      19,   -8813,  -10165,  -10521,   -9169,  100.0,    6.5,   54.4,    1.5,   61.5,   15.4,    4.3,    7.9,   14.4,    0.8,    4.6,    1.0,    0.0,   87.1,   91.8,   12.9,    8.2,    246,     15,      9,     13,     83,     38,     37,     39,     32,     12,     19,     11,.,    173,    137,    18.7,    51.8,    31.3,    63.8,    18.4,    51.2,    30.5,    63.2,"(CONTRACTS OF EUR 125,000)",099741,CME ,099 ,F10,FutOnly
EURO FX - CHICAGO MERCANTILE EXCHANGE,200324,2020-03-24,099741,CME ,00,099 ,  571086,   34420,  294478,    7112,  353661,   96182,   22622,   43370,   85717,    5455,   22880,    5313,      67,  489587,  516946,   81499,   54140,  -17030,    -735,  -12450,    2999,  -27700,   -1330,   -1139,    4405,  -16058,     800,     420,    -735,     -55,  -21005,  -27968,    3975,   10938,  100.0,    6.0,   51.6,    1.2,   61.9,   16.8,    4.0,    7.6,   15.0,    1.0,    4.0,    0.9,    0.0,   85.7,   90.5,   14.3,    9.5,    239,     16,      7,     10,     83,     38,     39,     40,     26,     14,     18,     10,.,    176,    128,    19.8,    49.2,    32.3,    63.4,    19.5,    48.6,    31.7,    62.8,"(CONTRACTS OF EUR 125,000)",099741,CME ,099 ,F10,FutOnly
EURO FX - CHICAGO MERCANTILE EXCHANGE,200317,2020-03-17,099741,CME ,00,099 ,  588116,   35155,  306928,    4113,  381361,   97512,   23761,   38965,  101775,    4655,   22460,    6048,     122,  510592,  544914,   77524,   43202,  -71035,    4703,   21978,  -10644,  -26003,   -6434,   -7174,     671,  -44130,  -14267,   -5669,   -3185,     -86,  -58469,  -63942,  -12566,   -7093,  100.0,    6.0,   52.2,    0.7,   64.8,   16.6,    4.0,    6.6,   17.3,    0.8,    3.8,    1.0,    0.0,   86.8,   92.7,   13.2,    7.3,    244,     18,      7,      9,     86,     36,     39,     37,     32,     16,     18,      9,.,    181,    130,    22.5,    49.3,    34.9,    64.2,    22.2,    49.2,    34.4,    64.1,"(CONTRACTS OF EUR 125,000)",099741,CME ,099 ,F10,FutOnly
EURO FX - CHICAGO MERCANTILE EXCHANGE,200310,2020-03-10,099741,CME ,00,099 ,  659151,   30452,  284950,   14757,  407364,  103946,   30935,   38294,  145905,   18922,   28129,    9233,     208,  569061,  608856,   90090,   50295,   18794,     826,  114298,  -20759,   30676,  -38425,    3044,   -4460,  -37228,    3271,     482,   -2323,    -384,   12696,   21494,    6098,   -2700,  100.0,    4.6,   43.2,    2.2,   61.8,   15.8,    4.7,    5.8,   22.1,    2.9,    4.3,    1.4,    0.0,   86.3,   92.4,   13.7,    7.6,    268,     18,     11,     16,     90,     38,     45,     34,     40,     21,     23,     12,      6,    198,    158,    20.6,    40.0,    32.6,    53.4,    20.3,    38.6,    31.6,    52.0,"(CONTRACTS OF EUR 125,000)",099741,CME ,099 ,F10,FutOnly
EURO FX - CHICAGO MERCANTILE EXCHANGE,200303,2020-03-03,099741,CME ,00,099 ,  640357,   29626,  170652,   35516,  376688,  142371,   27891,   42754,  183133,   15651,   27647,   11556,     592,  556365,  587362,   83992,   52995,   14794,   -2553,   48427,   28446,    5099,  -36060,   -3261,   -6997,  -12151,    5261,    1808,   -1338,   -6583,   21220,   22741,   -6426,   -7947,  100.0,    4.6,   26.6,    5.5,   58.8,   22.2,    4.4,    6.7,   28.6,    2.4,    4.3,    1.8,    0.1,   86.9,   91.7,   13.1,    8.3,    294,     17,     13,     14,     86,     43,     41,     39,     58,     24,     21,     14,      5,    200,    178,    19.4,    30.8,    30.9,    42.6,    18.8,    28.5,    28.6,    39.3,"(CONTRACTS OF EUR 125,000)",099741,CME ,099 ,F10,FutOnly
EURO FX - CHICAGO MERCANTILE EXCHANGE,200225,2020-02-25,099741,CME ,00,099 ,  625563,   32179,  122225,    7070,  371589,  178431,   31152,   49751,  195284,   10390,   25839,   12894,    7175,  535145,  564621,   90418,   60942,    8076,     368,  -13321,    1440,    7233,    2192,   -1066,    1275,    8601,    1696,   -7234,     374,    7014,   10726,    6930,   -2650,    1146,  100.0,    5.1,   19.5,    1.1,   59.4,   28.5,    5.0,    8.0,   31.2,    1.7,    4.1,    2.1,    1.1,   85.5,   90.3,   14.5,    9.7,    300,     15,     14,     11,     86,     45,     41,     43,     55,     22,     26,     16,.,    194,    182,    19.0,    27.7,    29.5,    39.3,    18.2,    27.6,    28.3,    39.2,"(CONTRACTS OF EUR 125,000)",099741,CME ,099 ,F10,FutOnly
EURO FX - CHICAGO MERCANTILE EXCHANGE,200218,2020-02-18,099741,CME ,00,099 ,  617487,   31811,  135546,    5630,  364356,  176239,   32218,   48476,  186683,    8694,   33073,   12520,     161,  524419,  557691,   93068,   59796,    5043,    3961,   -9976,    2807,  -10043,    4510,    1979,    3955,    8613,    -309,     179,   -1066,      31,    2560,    6589,    2483,   -1546,  100.0,    5.2,   22.0,    0.9,   59.0,   28.5,    5.2,    7.9,   30.2,    1.4,    5.4,    2.0,    0.0,   84.9,   90.3,   15.1,    9.7,    302,     15,     14,     11,     87,     44,     41,     44,     54,     20,     27,     17,.,    198,    178,    18.4,    29.6,    29.2,    41.5,    17.6,    29.6,    27.8,    41.4,"(CONTRACTS OF EUR 125,000)",099741,CME ,099 ,F10,FutOnly
EURO FX - CHICAGO MERCANTILE EXCHANGE,200211,2020-02-11,099741,CME ,00,099 ,  612444,   27850,  145522,    2823,  374399,  171729,   30239,   44521,  178070,    9003,   32894,   13586,     130,  521859,  551102,   90585,   61342,   17746,   -2886,   -2325,     550,   19569,   -4279,    1704,   -2237,   14140,    2353,    1341,     403,      29,   20423,   12575,   -2677,    5171,  100.0,    4.5,   23.8,    0.5,   61.1,   28.0,    4.9,    7.3,   29.1,    1.5,    5.4,    2.2,    0.0,   85.2,   90.0,   14.8,   10.0,    296,     14,     14,     12,     84,     44,     40,     44,     52,     23,     26,     18,.,    194,    179,    20.0,    31.4,    31.8,    43.4,    19.3,    31.4,    30.6,    43.4,"(CONTRACTS OF EUR 125,000)",099741,CME ,099 ,F10,FutOnly
EURO FX - CHICAGO MERCANTILE EXCHANGE,200204,2020-02-04,099741,CME ,00,099 ,  594698,   30736,  147847,    2273,  354830,  176008,   28535,   46758,  163930,    6650,   31553,   13183,     101,  501436,  538527,   93262,   56171,   -4095,    -336,  -10858,    -756,    5965,   -1097,    1380,   -8968,    4803,    -261,    -777,    1416,     -58,   -3811,   -5431,    -284,    1336,  100.0,    5.2,   24.9,    0.4,   59.7,   29.6,    4.8,    7.9,   27.6,    1.1,    5.3,    2.2,    0.0,   84.3,   90.6,   15.7,    9.4,    297,     15,     14,     12,     85,     48,     41,     41,     51,     18,     24,     19,.,    188,    182,    18.2,    31.7,    30.1,    44.4,    17.5,    31.7,    29.0,    44.3,"(CONTRACTS OF EUR 125,000)",099741,CME ,099 ,F10,FutOnly
EURO FX - CHICAGO MERCANTILE EXCHANGE,200128,2020-01-28,099741,CME ,00,099 ,  598793,   31072,  158705,    3029,  348865,  177105,   27155,   55726,  159127,    6911,   32330,   11767,     159,  505247,  543958,   93546,   54835,   16629,    4160,  -10587,   -2163,    3774,   21000,     452,    9384,   11996,     432,    5861,    -436,   -5197,   16703,   15497,     -74,    1132,  100.0,    5.2,   26.5,    0.5,   58.3,   29.6,    4.5,    9.3,   26.6,    1.2,    5.4,    2.0,    0.0,   84.4,   90.8,   15.6,    9.2,    303,     15,     14,     13,     87,     47,     38,     47,     48,     22,     27,     18,.,    200,    179,    16.4,    32.5,    27.6,    45.9,    15.6,    32.4,    26.5,    45.9,"(CONTRACTS OF EUR 125,000)",099741,CME ,099 ,F10,FutOnly
EURO FX - CHICAGO MERCANTILE EXCHANGE,200121,2020-01-21,099741,CME ,00,099 ,  582164,   26912,  169292,    5192,  345091,  156105,   26703,   46342,  147131,    6479,   26469,   12203,    5356,  488544,  528461,   93620,   53703,   10925,    -459,    4229,     474,    3531,    7354,     133,    4765,   -3821,     -62,     820,    1195,     -42,    9160,    9460,    1765,    1465,  100.0,    4.6,   29.1,    0.9,   59.3,   26.8,    4.6,    8.0,   25.3,    1.1,    4.5,    2.1,    0.9,   83.9,   90.8,   16.1,    9.2,    293,     14,     15,     14,     86,     43,     40,     41,     47,     21,     30,     17,.,    198,    173,    16.8,    32.9,    27.9,    47.8,    15.9,    32.9,    26.8,    47.4,"(CONTRACTS OF EUR 125,000)",099741,CME ,099 ,F10,FutOnly
EURO FX - CHICAGO MERCANTILE EXCHANGE,200114,2020-01-14,099741,CME ,00,099 ,  571239,   27371,  165063,    4718,  341560,  148751,   26570,   41577,  150952,    6541,   25649,   11008,    5398,  479384,  519001,   91855,   52238,   15299,    2105,    7337,    2562,     550,    9202,    -237,    -574,   -8751,     922,    2680,     234,    5353,   13361,   16622,    1938,   -1323,  100.0,    4.8,   28.9,    0.8,   59.8,   26.0,    4.7,    7.3,   26.4,    1.1,    4.5,    1.9,    0.9,   83.9,   90.9,   16.1,    9.1,    284,     15,     12,     12,     88,     42,     42,     36,     45,     19,     30,     15,      4,    195,    166,    17.0,    33.5,    27.9,    48.3,    16.1,    33.5,    26.7,    47.8,"(CONTRACTS OF EUR 125,000)",099741,CME ,099 ,F10,FutOnly
EURO FX - CHICAGO MERCANTILE EXCHANGE,200107,2020-01-07,099741,CME ,00,099 ,  555940,   25266,  157726,    2156,  341010,  139549,   26807,   42151,  159703,    5619,   22969,   10774,      45,  466023,  502379,   89917,   53561,   -1645,    -376,   12935,     758,    2703,     -10,   -1177,   -2676,  -12319,     205,   -1240,    -234,     -39,   -1842,     119,     197,   -1764,  100.0,    4.5,   28.4,    0.4,   61.3,   25.1,    4.8,    7.6,   28.7,    1.0,    4.1,    1.9,    0.0,   83.8,   90.4,   16.2,    9.6,    279,     13,     13,     10,     91,     40,     42,     33,     50,     20,     23,     16,.,    186,    168,    17.2,    34.0,    28.2,    47.8,    16.4,    33.8,    27.1,    47.7,"(CONTRACTS OF EUR 125,000)",099741,CME ,099 ,F10,FutOnly
AUSTRALIAN DOLLAR - CHICAGO MERCANTILE EXCHANGE,201229,2020-12-29,232741,CME ,00,232 ,  138309,    3297,   46070,       0,   54715,   46928,    3253,   39776,   25387,     997,    1798,     420,       0,  103836,  123055,   34473,   15254,    2296,     -58,    3017,       0,     139,    -798,     458,     732,    3037,    -162,    -685,       0,       0,     424,    5552,    1872,   -3256,  100.0,    2.4,   33.3,    0.0,   39.6,   33.9,    2.4,   28.8,   18.4,    0.7,    1.3,    0.3,    0.0,   75.1,   89.0,   24.9,   11.0,     82,.,     10,      0,     21,      9,      8,     20,     17,      8,.,.,      0,     56,     42,    33.2,    53.0,    43.8,    65.7,    33.0,    52.7,    43.6,    65.4,"(CONTRACTS OF AUD 100,000)",232741,CME ,232 ,F10,FutOnly
AUSTRALIAN DOLLAR - CHICAGO MERCANTILE EXCHANGE,201221,2020-12-21,232741,CME ,00,232 ,  136013,    3355,   43053,       0,   54576,   47726,    2795,   39044,   22350,    1159,    2483,     420,       0,  103412,  117503,   32601,   18510,    8997,    -150,    2826,       0,    6467,   -1370,     -48,    3336,    3889,     242,     531,       0,       0,   10378,    5539,   -1381,    3458,  100.0,    2.5,   31.7,    0.0,   40.1,   35.1,    2.1,   28.7,   16.4,    0.9,    1.8,    0.3,    0.0,   76.0,   86.4,   24.0,   13.6,     82,.,     10,      0,     22,      8,      8,     21,     15,     10,.,.,      0,     60,     40,    34.3,    52.1,    44.8,    62.5,    34.1,    51.8,    44.6,    62.2,"(CONTRACTS OF AUD 100,000)",232741,CME ,232 ,F10,FutOnly
AUSTRALIAN DOLLAR - CHICAGO MERCANTILE EXCHANGE,201215,2020-12-15,232741,CME ,00,232 ,  127016,    3505,   40227,       0,   48109,   49096,    2843,   35708,   18461,     917,    1952,     420,       0,   93034,  111964,   33982,   15052,  -33264,   -7310,   -5768,   -7346,    3026,    1545,     -69,   -6138,   -4230,  -15727,     226,       0,       0,  -33338,  -31595,      74,   -1669,  100.0,    2.8,   31.7,    0.0,   37.9,   38.7,    2.2,   28.1,   14.5,    0.7,    1.5,    0.3,    0.0,   73.2,   88.1,   26.8,   11.9,     79,.,     10,      0,     18,      9,      8,     18,     19,     10,.,.,      0,     53,     44,    34.1,    54.1,    44.0,    64.3,    33.7,    53.8,    43.6,    63.5,"(CONTRACTS OF AUD 100,000)",232741,CME ,232 ,F10,FutOnly
AUSTRALIAN DOLLAR - CHICAGO MERCANTILE EXCHANGE,201208,2020-12-08,232741,CME ,00,232 ,  160280,   10815,   45995,    7346,   45083,   47551,    2912,   41846,   22691,   16644,    1726,     420,       0,  126372,  143559,   33908,   16721,   29553,   -1096,    1193,    6953,     996,     462,     215,    5219,    5369,   14623,     500,       0,       0,   27410,   28815,    2143,     738,  100.0,    6.7,   28.7,    4.6,   28.1,   29.7,    1.8,   26.1,   14.2,   10.4,    1.1,    0.3,    0.0,   78.8,   89.6,   21.2,   10.4,     87,.,      9,      4,     18,     10,     10,     25,     19,     15,.,.,      0,     67,     49,    29.7,    55.0,    41.3,    66.1,    27.4,    50.8,    34.9,    58.3,"(CONTRACTS OF AUD 100,000)",232741,CME ,232 ,F10,FutOnly
AUSTRALIAN DOLLAR - CHICAGO MERCANTILE EXCHANGE,201201,2020-12-01,232741,CME ,00,232 ,  130727,   11911,   44802,     393,   44087,   47089,    2697,   36627,   17322,    2021,    1226,     420,       0,   98962,  114744,   31765,   15983,    -804,     618,    1194,     388,    -696,    2632,    -412,   -5163,   -2031,     422,       0,       0,       0,   -4843,    2193,    4039,   -2997,  100.0,    9.1,   34.3,    0.3,   33.7,   36.0,    2.1,   28.0,   13.3,    1.5,    0.9,    0.3,    0.0,   75.7,   87.8,   24.3,   12.2,     82,.,     10,      5,     19,     11,      7,     23,     14,     11,.,.,      0,     58,     47,    33.2,    62.0,    42.4,    70.4,    33.1,    61.6,    42.4,    70.0,"(CONTRACTS OF AUD 100,000)",232741,CME ,232 ,F10,FutOnly
AUSTRALIAN DOLLAR - CHICAGO MERCANTILE EXCHANGE,201124,2020-11-24,232741,CME ,00,232 ,  131531,   11293,   43608,       5,   44783,   44457,    3109,   41790,   19353,    1599,    1226,     420,       0,  103805,  112551,   27726,   18980,    1794,   -1253,     275,    -120,    2641,   -1886,     -38,     851,    2009,     483,       0,       0,       0,    2564,     723,    -770,    1071,  100.0,    8.6,   33.2,    0.0,   34.0,   33.8,    2.4,   31.8,   14.7,    1.2,    0.9,    0.3,    0.0,   78.9,   85.6,   21.1,   14.4,     82,.,      7,.,     19,      8,      7,     27,     16,     13,.,.,      0,     62,     42,    31.5,    61.7,    42.7,    70.1,    31.5,    61.3,    42.7,    69.7,"(CONTRACTS OF AUD 100,000)",232741,CME ,232 ,F10,FutOnly
AUSTRALIAN DOLLAR - CHICAGO MERCANTILE EXCHANGE,201117,2020-11-17,232741,CME ,00,232 ,  129737,   12546,   43333,     125,   42142,   46343,    3147,   40939,   17344,    1116,    1226,     420,       0,  101241,  111828,   28496,   17909,    -878,   -1899,    2522,      55,   -1993,    1517,    -170,     598,   -3630,     136,       0,     420,       0,   -3273,     850,    2395,   -1728,  100.0,    9.7,   33.4,    0.1,   32.5,   35.7,    2.4,   31.6,   13.4,    0.9,    0.9,    0.3,    0.0,   78.0,   86.2,   22.0,   13.8,     82,.,      8,.,     20,      9,      6,     25,     15,      9,.,.,      0,     59,     41,    32.8,    62.7,    42.9,    71.0,    32.8,    62.2,    42.9,    70.5,"(CONTRACTS OF AUD 100,000)",232741,CME ,232 ,F10,FutOnly
AUSTRALIAN DOLLAR - CHICAGO MERCANTILE EXCHANGE,201110,2020-11-10,232741,CME ,00,232 ,  130615,   14445,   40811,      70,   44135,   44826,    3317,   40341,   20974,     980,    1226,       0,       0,  104514,  110978,   26101,   19637,   -3737,     995,   -2598,    -121,     338,   -3710,     398,   -7536,    1204,    -247,       0,   -1150,       0,   -6173,   -6224,    2436,    2487,  100.0,   11.1,   31.2,    0.1,   33.8,   34.3,    2.5,   30.9,   16.1,    0.8,    0.9,    0.0,    0.0,   80.0,   85.0,   20.0,   15.0,     81,      4,      7,.,     22,      8,      6,     21,     18,      9,.,      0,      0,     59,     40,    33.3,    61.0,    44.1,    69.3,    33.3,    60.6,    44.1,    68.9,"(CONTRACTS OF AUD 100,000)",232741,CME ,232 ,F10,FutOnly
AUSTRALIAN DOLLAR - CHICAGO MERCANTILE EXCHANGE,201103,2020-11-03,232741,CME ,00,232 ,  134352,   13450,   43409,     191,   43797,   48536,    2919,   47877,   19770,    1227,    1226,    1150,       0,  110687,  117202,   23665,   17150,    3991,    6957,   -1908,      22,   -4475,     732,     935,    1330,    4067,     784,       0,      20,       0,    5553,    4652,   -1562,    -661,  100.0,   10.0,   32.3,    0.1,   32.6,   36.1,    2.2,   35.6,   14.7,    0.9,    0.9,    0.9,    0.0,   82.4,   87.2,   17.6,   12.8,     86,      5,      7,      4,     19,      9,      7,     21,     22,     12,.,.,      0,     59,     50,    33.5,    60.0,    46.6,    68.1,    33.5,    59.5,    46.6,    67.6,"(CONTRACTS OF AUD 100,000)",232741,CME ,232 ,F10,FutOnly
AUSTRALIAN DOLLAR - CHICAGO MERCANTILE EXCHANGE,201027,2020-10-27,232741,CME ,00,232 ,  130361,    6493,   45317,     169,   48272,   47804,    1984,   46547,   15703,     443,    1226,    1130,       0,  105134,  112550,   25227,   17811,   -3859,    2109,   -3735,     106,   -2977,    3854,    -243,    -159,   -2922,    -985,       0,       0,       0,   -2149,   -3925,   -1710,      66,  100.0,    5.0,   34.8,    0.1,   37.0,   36.7,    1.5,   35.7,   12.0,    0.3,    0.9,    0.9,    0.0,   80.6,   86.3,   19.4,   13.7,     80,      4,      8,      4,     20,      8,      6,     21,     16,     10,.,.,      0,     56,     44,    34.2,    60.9,    48.7,    70.1,    34.2,    60.6,    48.7,    69.7,"(CONTRACTS OF AUD 100,000)",232741,CME ,232 ,F10,FutOnly
AUSTRALIAN DOLLAR - CHICAGO MERCANTILE EXCHANGE,201020,2020-10-20,232741,CME ,00,232 ,  134220,    4384,   49052,      63,   51249,   43950,    2227,   46706,   18625,    1428,    1226,    1130,       0,  107283,  116475,   26937,   17745,   -3061,     592,     836,     -43,   -3973,     972,    -291,    -426,   -6192,     332,       0,    1120,       0,   -3809,   -3266,     748,     205,  100.0,    3.3,   36.5,    0.0,   38.2,   32.7,    1.7,   34.8,   13.9,    1.1,    0.9,    0.8,    0.0,   79.9,   86.8,   20.1,   13.2,     80,.,      9,.,     21,      8,      7,     20,     17,     11,.,.,      0,     56,     45,    37.8,    60.0,    49.8,    68.2,    37.8,    59.7,    49.8,    67.9,"(CONTRACTS OF AUD 100,000)",232741,CME ,232 ,F10,FutOnly
AUSTRALIAN DOLLAR - CHICAGO MERCANTILE EXCHANGE,201013,2020-10-13,232741,CME ,00,232 ,  137281,    3792,   48216,     106,   55222,   42978,    2518,   47132,   24817,    1096,    1226,      10,       0,  111092,  119741,   26189,   17540,    5162,     348,    1955,    -109,    3879,   -4317,     124,    -201,    9933,    -197,       0,     -10,       0,    3844,    7379,    1318,   -2217,  100.0,    2.8,   35.1,    0.1,   40.2,   31.3,    1.8,   34.3,   18.1,    0.8,    0.9,    0.0,    0.0,   80.9,   87.2,   19.1,   12.8,     81,.,      7,.,     22,      8,      7,     21,     19,     11,.,.,      0,     59,     42,    39.6,    59.0,    49.3,    67.8,    39.6,    58.7,    49.3,    67.4,"(CONTRACTS OF AUD 100,000)",232741,CME ,232 ,F10,FutOnly
AUSTRALIAN DOLLAR - CHICAGO MERCANTILE EXCHANGE,201006,2020-10-06,232741,CME ,00,232 ,  132119,    3444,   46261,     215,   51343,   47295,    2394,   47333,   14884,    1293,    1226,      20,       0,  107248,  112362,   24871,   19757,    3671,   -3226,    1848,     109,    2384,     745,    -359,    5282,    1499,    -169,    -400,     -10,       0,    3621,    3663,      50,       8,  100.0,    2.6,   35.0,    0.2,   38.9,   35.8,    1.8,   35.8,   11.3,    1.0,    0.9,    0.0,    0.0,   81.2,   85.0,   18.8,   15.0,     79,.,      7,.,     21,     11,      7,     21,     15,     12,.,.,      0,     59,     42,    40.3,    60.5,    50.5,    68.4,    40.3,    60.2,    50.5,    68.0,"(CONTRACTS OF AUD 100,000)",232741,CME ,232 ,F10,FutOnly
AUSTRALIAN DOLLAR - CHICAGO MERCANTILE EXCHANGE,200929,2020-09-29,232741,CME ,00,232 ,  128448,    6670,   44413,     106,   48959,   46550,    2753,   42051,   13385,    1462,    1626,      30,       0,  103627,  108699,   24821,   19749,   -4766,    2190,   -4428,       1,   -1999,    1542,   -1047,   -2952,     381,      31,     400,     -25,       0,   -3376,   -3545,   -1390,   -1221,  100.0,    5.2,   34.6,    0.1,   38.1,   36.2,    2.1,   32.7,   10.4,    1.1,    1.3,    0.0,    0.0,   80.7,   84.6,   19.3,   15.4,     77,      4,      6,.,     21,     11,      8,     18,     14,     11,.,.,      0,     55,     43,    39.2,    60.9,    47.6,    69.1,    39.2,    60.6,    47.6,    68.8,"(CONTRACTS OF AUD 100,000)",232741,CME ,232 ,F10,FutOnly
AUSTRALIAN DOLLAR - CHICAGO MERCANTILE EXCHANGE,200922,2020-09-22,232741,CME ,00,232 ,  133214,    4480,   48841,     105,   50958,   45008,    3800,   45003,   13004,    1431,    1226,      55,       0,  107003,  112244,   26211,   20970,    1400,    2343,   -2947,       1,   -2288,    2297,     354,    3005,    -430,    -312,    -406,     -60,       0,    2697,   -1097,   -1297,    2497,  100.0,    3.4,   36.7,    0.1,   38.3,   33.8,    2.9,   33.8,    9.8,    1.1,    0.9,    0.0,    0.0,   80.3,   84.3,   19.7,   15.7,     80,.,      7,.,     21,     11,      9,     22,     13,     11,.,.,      0,     58,     44,    38.0,    60.7,    46.5,    69.2,    38.0,    60.4,    46.2,    68.9,"(CONTRACTS OF AUD 100,000)",232741,CME ,232 ,F10,FutOnly
AUSTRALIAN DOLLAR - CHICAGO MERCANTILE EXCHANGE,200915,2020-09-15,232741,CME ,00,232 ,  131814,    2137,   51788,     104,   53246,   42711,    3446,   41998,   13434,    1743,    1632,     115,       0,  104306,  113341,   27508,   18473,  -12277,   -4005,   10688,   -2620,    -286,    1265,    -208,    2572,  -15108,   -4836,       0,    -839,    -190,   -9573,  -11848,   -2704,    -429,  100.0,    1.6,   39.3,    0.1,   40.4,   32.4,    2.6,   31.9,   10.2,    1.3,    1.2,    0.1,    0.0,   79.1,   86.0,   20.9,   14.0,     81,.,      6,.,     21,     10,      9,     22,     15,     12,.,.,      0,     60,     43,    39.6,    61.3,    48.0,    69.9,    39.6,    61.0,    47.8,    69.6,"(CONTRACTS OF AUD 100,000)",232741,CME ,232 ,F10,FutOnly
AUSTRALIAN DOLLAR - CHICAGO MERCANTILE EXCHANGE,200908,2020-09-08,232741,CME ,00,232 ,  144091,    6142,   41100,    2724,   53532,   41446,    3654,   39426,   28542,    6579,    1632,     954,     190,  113879,  125189,   30212,   18902,    6960,    -404,   -1346,    2724,    -401,    1187,     410,    -396,    -926,    5368,    -427,    -445,     190,    7064,    7162,    -104,    -202,  100.0,    4.3,   28.5,    1.9,   37.2,   28.8,    2.5,   27.4,   19.8,    4.6,    1.1,    0.7,    0.1,   79.0,   86.9,   21.0,   13.1,     88,.,      8,.,     21,     10,     11,     19,     22,     14,.,.,.,     65,     52,    36.4,    45.7,    46.1,    58.4,    36.4,    43.9,    45.7,    55.7,"(CONTRACTS OF AUD 100,000)",232741,CME ,232 ,F10,FutOnly
AUSTRALIAN DOLLAR - CHICAGO MERCANTILE EXCHANGE,200901,2020-09-01,232741,CME ,00,232 ,  137131,    6546,   42446,       0,   53933,   40259,    3244,   39822,   29468,    1211,    2059,    1399,       0,  106815,  118027,   30316,   19104,    9626,      18,    2536,     -15,    4604,    3029,     -76,    2474,    3680,     477,     833,     465,       0,    8315,   10096,    1311,    -470,  100.0,    4.8,   31.0,    0.0,   39.3,   29.4,    2.4,   29.0,   21.5,    0.9,    1.5,    1.0,    0.0,   77.9,   86.1,   22.1,   13.9,     92,.,      9,      0,     21,      9,     11,     23,     21,     15,.,.,      0,     64,     54,    36.5,    46.2,    46.7,    59.7,    36.5,    46.0,    46.5,    59.5,"(CONTRACTS OF AUD 100,000)",232741,CME ,232 ,F10,FutOnly
AUSTRALIAN DOLLAR - CHICAGO MERCANTILE EXCHANGE,200825,2020-08-25,232741,CME ,00,232 ,  127505,    6528,   39910,      15,   49329,   37230,    3320,   37348,   25788,     734,    1226,     934,       0,   98500,  107931,   29005,   19574,    2574,    -317,    2024,     -65,    3653,   -1771,    -455,     373,    2833,     599,     200,     449,       0,    3988,    3614,   -1414,   -1040,  100.0,    5.1,   31.3,    0.0,   38.7,   29.2,    2.6,   29.3,   20.2,    0.6,    1.0,    0.7,    0.0,   77.3,   84.6,   22.7,   15.4,     81,.,      9,.,     20,      9,      9,     21,     16,     12,.,.,      0,     61,     42,    36.2,    48.4,    47.2,    62.4,    36.2,    48.1,    47.2,    62.1,"(CONTRACTS OF AUD 100,000)",232741,CME ,232 ,F10,FutOnly
AUSTRALIAN DOLLAR - CHICAGO MERCANTILE EXCHANGE,200818,2020-08-18,232741,CME ,00,232 ,  124931,    6845,   37886,      80,   45676,   39001,    3775,   36975,   22955,     135,    1026,     485,       0,   94512,  104317,   30419,   20614,    2721,    -449,     967,    -152,    2791,    3577,     -90,   -1575,   -1629,    -287,       0,     460,       0,     238,    2846,    2483,    -125,  100.0,    5.5,   30.3,    0.1,   36.6,   31.2,    3.0,   29.6,   18.4,    0.1,    0.8,    0.4,    0.0,   75.7,   83.5,   24.3,   16.5,     76,.,      8,.,     19,      9,     10,     21,     13,     10,.,.,      0,     57,     41,    36.1,    50.6,    46.9,    64.0,    36.1,    50.3,    46.9,    63.6,"(CONTRACTS OF AUD 100,000)",232741,CME ,232 ,F10,FutOnly
AUSTRALIAN DOLLAR - CHICAGO MERCANTILE EXCHANGE,200811,2020-08-11,232741,CME ,00,232 ,  122210,    7294,   36919,     232,   42885,   35424,    3865,   38550,   24584,     422,    1026,      25,       0,   94274,  101471,   27936,   20739,    1936,     386,      43,       0,     545,   -2060,    -294,     840,    3455,     108,    1026,       0,       0,    2611,    1252,    -675,     684,  100.0,    6.0,   30.2,    0.2,   35.1,   29.0,    3.2,   31.5,   20.1,    0.3,    0.8,    0.0,    0.0,   77.1,   83.0,   22.9,   17.0,     76,      4,      8,.,     16,     10,      9,     22,     13,     11,.,.,      0,     57,     41,    36.9,    53.2,    46.5,    66.4,    36.7,    52.9,    46.3,    66.1,"(CONTRACTS OF AUD 100,000)",232741,CME ,232 ,F10,FutOnly
AUSTRALIAN DOLLAR - CHICAGO MERCANTILE EXCHANGE,200804,2020-08-04,232741,CME ,00,232 ,  120274,    6908,   36876,     232,   42340,   37484,    4159,   37710,   21129,     314,       0,      25,       0,   91663,  100219,   28611,   20055,    6592,   -1085,    4069,     -22,    3096,   -1174,     211,     363,    3069,     -38,       0,       0,       0,    2525,    6115,    4067,     477,  100.0,    5.7,   30.7,    0.2,   35.2,   31.2,    3.5,   31.4,   17.6,    0.3,    0.0,    0.0,    0.0,   76.2,   83.3,   23.8,   16.7,     74,.,      8,.,     18,     10,      9,     22,     12,      9,      0,.,      0,     55,     39,    34.9,    50.5,    45.2,    64.2,    34.8,    50.2,    45.0,    63.8,"(CONTRACTS OF AUD 100,000)",232741,CME ,232 ,F10,FutOnly
AUSTRALIAN DOLLAR - CHICAGO MERCANTILE EXCHANGE,200728,2020-07-28,232741,CME ,00,232 ,  113682,    7993,   32807,     254,   39244,   38658,    3948,   37347,   18060,     352,       0,      25,       0,   89138,   94104,   24544,   19578,    4730,     523,    2922,      -6,    3128,    1666,     486,     -66,    3312,      13,       0,       0,       0,    4078,    8393,     652,   -3663,  100.0,    7.0,   28.9,    0.2,   34.5,   34.0,    3.5,   32.9,   15.9,    0.3,    0.0,    0.0,    0.0,   78.4,   82.8,   21.6,   17.2,     80,      5,      8,.,     18,      9,      7,     25,     14,      8,      0,.,      0,     59,     38,    35.8,    45.8,    46.6,    58.5,    35.6,    45.4,    46.4,    58.1,"(CONTRACTS OF AUD 100,000)",232741,CME ,232 ,F10,FutOnly
AUSTRALIAN DOLLAR - CHICAGO MERCANTILE EXCHANGE,200721,2020-07-21,232741,CME ,00,232 ,  108952,    7470,   29885,     260,   36116,   36992,    3462,   37413,   14748,     339,       0,      25,       0,   85060,   85711,   23892,   23241,    1715,    -812,   -2175,      29,    2370,    3129,    -151,   -3318,   -1565,      44,       0,    -400,       0,   -1838,   -1089,    3553,    2804,  100.0,    6.9,   27.4,    0.2,   33.1,   34.0,    3.2,   34.3,   13.5,    0.3,    0.0,    0.0,    0.0,   78.1,   78.7,   21.9,   21.3,     79,      5,      7,.,     14,     10,      5,     26,     16,     13,      0,.,      0,     56,     43,    36.7,    45.5,    46.5,    56.7,    36.5,    45.2,    46.3,    56.4,"(CONTRACTS OF AUD 100,000)",232741,CME ,232 ,F10,FutOnly
AUSTRALIAN DOLLAR - CHICAGO MERCANTILE EXCHANGE,200714,2020-07-14,232741,CME ,00,232 ,  107237,    8282,   32060,     231,   33746,   33863,    3613,   40731,   16313,     295,       0,     425,       0,   86898,   86800,   20339,   20437,    2122,      63,    1936,       0,     869,    3573,     341,    1986,   -4774,    -263,       0,    -420,       0,    2996,     393,    -874,    1729,  100.0,    7.7,   29.9,    0.2,   31.5,   31.6,    3.4,   38.0,   15.2,    0.3,    0.0,    0.4,    0.0,   81.0,   80.9,   19.0,   19.1,     75,      5,      7,.,     13,     11,      6,     21,     16,     10,      0,.,      0,     50,     43,    41.8,    46.4,    53.4,    57.1,    41.6,    46.0,    53.2,    56.7,"(CONTRACTS OF AUD 100,000)",232741,CME ,232 ,F10,FutOnly
AUSTRALIAN DOLLAR - CHICAGO MERCANTILE EXCHANGE,200707,2020-07-07,232741,CME ,00,232 ,  105115,    8219,   30124,     231,   32877,   30290,    3272,   38745,   21087,     558,       0,     845,       0,   83902,   86407,   21213,   18708,    4457,    -844,    6582,       0,   -1738,   -2090,    -119,    4644,    2876,    -499,       0,     400,       0,    1444,    7150,    3013,   -2693,  100.0,    7.8,   28.7,    0.2,   31.3,   28.8,    3.1,   36.9,   20.1,    0.5,    0.0,    0.8,    0.0,   79.8,   82.2,   20.2,   17.8,     72,      5,      7,.,     12,      9,      6,     17,     19,     10,      0,.,      0,     47,     43,    44.3,    46.1,    57.1,    58.2,    44.1,    45.8,    56.9,    57.8,"(CONTRACTS OF AUD 100,000)",232741,CME ,232 ,F10,FutOnly
AUSTRALIAN DOLLAR - CHICAGO MERCANTILE EXCHANGE,200630,2020-06-30,232741,CME ,00,232 ,  100658,    9063,   23542,     231,   34615,   32380,    3391,   34101,   18211,    1057,       0,     445,       0,   82458,   79257,   18200,   21401,    6876,    -215,    3857,      -8,    1926,   -1011,    -313,    5131,    1983,     183,       0,       0,       0,    6704,    4691,     172,    2185,  100.0,    9.0,   23.4,    0.2,   34.4,   32.2,    3.4,   33.9,   18.1,    1.1,    0.0,    0.4,    0.0,   81.9,   78.7,   18.1,   21.3,     73,      5,      8,.,     12,     13,      7,     13,     20,      7,      0,.,      0,     42,     47,    47.4,    40.7,    59.8,    52.0,    47.2,    40.3,    59.6,    51.2,"(CONTRACTS OF AUD 100,000)",232741,CME ,232 ,F10,FutOnly
AUSTRALIAN DOLLAR - CHICAGO MERCANTILE EXCHANGE,200623,2020-06-23,232741,CME ,00,232 ,   93782,    9278,   19685,     239,   32689,   33391,    3704,   28970,   16228,     874,       0,     445,       0,   75754,   74566,   18028,   19216,    2979,   -1640,    1428,       6,    2211,     317,     -48,    4092,    1480,    -145,    -910,       0,       0,    3566,    3038,    -587,     -59,  100.0,    9.9,   21.0,    0.3,   34.9,   35.6,    3.9,   30.9,   17.3,    0.9,    0.0,    0.5,    0.0,   80.8,   79.5,   19.2,   20.5,     70,      5,      7,.,     13,     13,      7,     15,     15,      5,      0,.,      0,     41,     43,    44.7,    43.0,    58.1,    53.0,    44.5,    42.2,    57.8,    51.6,"(CONTRACTS OF AUD 100,000)",232741,CME ,232 ,F10,FutOnly
AUSTRALIAN DOLLAR - CHICAGO MERCANTILE EXCHANGE,200616,2020-06-16,232741,CME ,00,232 ,   90803,   10918,   18257,     233,   30478,   33074,    3752,   24878,   14748,    1019,     910,     445,       0,   72188,   71528,   18615,   19275,  -48133,  -39970,   -6055,   -5514,    4519,    2812,     203,    -933,  -29975,   -4236,   -3239,       1,       0,  -49170,  -42764,    1037,   -5369,  100.0,   12.0,   20.1,    0.3,   33.6,   36.4,    4.1,   27.4,   16.2,    1.1,    1.0,    0.5,    0.0,   79.5,   78.8,   20.5,   21.2,     68,      4,      7,.,     12,     12,      7,     14,     16,      5,.,.,      0,     40,     42,    44.0,    44.6,    55.5,    54.3,    43.8,    43.3,    55.2,    52.3,"(CONTRACTS OF AUD 100,000)",232741,CME ,232 ,F10,FutOnly
AUSTRALIAN DOLLAR - CHICAGO MERCANTILE EXCHANGE,200609,2020-06-09,232741,CME ,00,232 ,  138936,   50888,   24312,    5747,   25959,   30262,    3549,   25811,   44723,    5255,    4149,     444,       0,  121358,  114292,   17578,   24644,    3558,   -7800,    3397,    5411,   -2551,   -4904,     170,    2635,     272,    4074,       0,    -486,       0,    1939,    7934,    1619,   -4376,  100.0,   36.6,   17.5,    4.1,   18.7,   21.8,    2.6,   18.6,   32.2,    3.8,    3.0,    0.3,    0.0,   87.3,   82.3,   12.7,   17.7,     80,      6,      7,      7,     13,     10,      9,     16,     23,     13,.,.,      0,     53,     56,    45.8,    38.2,    60.4,    49.4,    45.6,    37.8,    57.3,    48.5,"(CONTRACTS OF AUD 100,000)",232741,CME ,232 ,F10,FutOnly
AUSTRALIAN DOLLAR - CHICAGO MERCANTILE EXCHANGE,200602,2020-06-02,232741,CME ,00,232 ,  135378,   58688,   20915,     336,   28510,   35166,    3379,   23176,   44451,    1181,    4149,     930,       0,  119419,  106358,   15959,   29020,   -1542,   -3993,    -525,    -142,    5912,   -6244,     213,   -1851,    5152,     692,   -2030,     293,       0,   -1199,    -561,    -343,    -981,  100.0,   43.4,   15.4,    0.2,   21.1,   26.0,    2.5,   17.1,   32.8,    0.9,    3.1,    0.7,    0.0,   88.2,   78.6,   11.8,   21.4,     79,      6,      8,      5,     11,     13,      7,     13,     24,     12,.,.,      0,     45,     58,    49.8,    34.8,    64.7,    44.4,    49.7,    34.6,    64.5,    44.1,"(CONTRACTS OF AUD 100,000)",232741,CME ,232 ,F10,FutOnly
AUSTRALIAN DOLLAR - CHICAGO MERCANTILE EXCHANGE,200526,2020-05-26,232741,CME ,00,232 ,  136920,   62681,   21440,     478,   22598,   41410,    3166,   25027,   39299,     489,    6179,     637,       0,  120618,  106919,   16302,   30001,    4123,     -98,     510,     -33,    2200,   -1515,     -12,     407,    2427,      43,    1026,     102,       0,    3533,    1522,     590,    2601,  100.0,   45.8,   15.7,    0.3,   16.5,   30.2,    2.3,   18.3,   28.7,    0.4,    4.5,    0.5,    0.0,   88.1,   78.1,   11.9,   21.9,     82,      6,      8,      5,      8,     14,      7,     17,     24,     10,.,.,      0,     45,     59,    49.1,    34.4,    68.0,    45.4,    48.9,    34.1,    67.7,    44.7,"(CONTRACTS OF AUD 100,000)",232741,CME ,232 ,F10,FutOnly
AUSTRALIAN DOLLAR - CHICAGO MERCANTILE EXCHANGE,200519,2020-05-19,232741,CME ,00,232 ,  132797,   62779,   20930,     511,   20398,   42925,    3178,   24620,   36872,     446,    5153,     535,       0,  117085,  105397,   15712,   27400,    3533,     435,    1604,     -17,     894,    4475,     190,    1814,    -104,    -560,      -3,      15,       0,    2753,    5603,     780,   -2070,  100.0,   47.3,   15.8,    0.4,   15.4,   32.3,    2.4,   18.5,   27.8,    0.3,    3.9,    0.4,    0.0,   88.2,   79.4,   11.8,   20.6,     81,      6,      8,      5,      8,     16,      8,     14,     24,     11,.,.,      0,     45,     60,    50.2,    36.7,    69.2,    46.3,    50.0,    36.5,    68.8,    45.4,"(CONTRACTS OF AUD 100,000)",232741,CME ,232 ,F10,FutOnly
AUSTRALIAN DOLLAR - CHICAGO MERCANTILE EXCHANGE,200512,2020-05-12,232741,CME ,00,232 ,  129264,   62344,   19326,     528,   19504,   38450,    2988,   22806,   36976,    1006,    5156,     520,       0,  114332,   99794,   14932,   29470,     -29,    -652,    -662,      91,   -1726,   -1273,    -118,     944,    1650,    -134,    1038,     -30,       0,    -557,    -476,     528,     447,  100.0,   48.2,   15.0,    0.4,   15.1,   29.7,    2.3,   17.6,   28.6,    0.8,    4.0,    0.4,    0.0,   88.4,   77.2,   11.6,   22.8,     77,      6,      7,      5,      6,     16,      7,     15,     22,      9,.,.,      0,     40,     58,    50.2,    33.9,    71.1,    44.9,    50.0,    33.6,    70.7,    44.2,"(CONTRACTS OF AUD 100,000)",232741,CME ,232 ,F10,FutOnly
AUSTRALIAN DOLLAR - CHICAGO MERCANTILE EXCHANGE,200505,2020-05-05,232741,CME ,00,232 ,  129293,   62996,   19988,     437,   21230,   39723,    3106,   21862,   35326,    1140,    4118,     550,       0,  114889,  100270,   14404,   29023,     131,     295,    1619,     -17,     693,     686,    -398,    1507,   -1467,     -23,     -16,    -503,       0,    2041,    -103,   -1910,     234,  100.0,   48.7,   15.5,    0.3,   16.4,   30.7,    2.4,   16.9,   27.3,    0.9,    3.2,    0.4,    0.0,   88.9,   77.6,   11.1,   22.4,     77,      5,      8,.,      6,     17,      6,     16,     20,     10,.,.,      0,     39,     57,    50.3,    34.7,    71.0,    45.5,    50.1,    34.4,    70.7,    44.7,"(CONTRACTS OF AUD 100,000)",232741,CME ,232 ,F10,FutOnly
AUSTRALIAN DOLLAR - CHICAGO MERCANTILE EXCHANGE,200428,2020-04-28,232741,CME ,00,232 ,  129162,   62701,   18369,     454,   20537,   39037,    3504,   20355,   36793,    1163,    4134,    1053,       0,  112848,  100373,   16314,   28789,    2982,    -555,    1523,     -79,    -304,     776,      37,     -68,     984,     664,    1034,     422,       0,     729,    4327,    2253,   -1345,  100.0,   48.5,   14.2,    0.4,   15.9,   30.2,    2.7,   15.8,   28.5,    0.9,    3.2,    0.8,    0.0,   87.4,   77.7,   12.6,   22.3,     79,      6,      8,      4,      7,     18,      7,     12,     22,      7,.,.,      0,     37,     60,    49.9,    32.5,    70.2,    43.1,    49.6,    32.1,    69.9,    42.3,"(CONTRACTS OF AUD 100,000)",232741,CME ,232 ,F10,FutOnly
AUSTRALIAN DOLLAR - CHICAGO MERCANTILE EXCHANGE,200421,2020-04-21,232741,CME ,00,232 ,  126180,   63256,   16846,     533,   20841,   38261,    3467,   20423,   35809,     499,    3100,     631,       0,  112119,   96046,   14061,   30134,   -2078,    -951,    1257,      63,     513,   -2008,    -384,     641,    -165,    -164,   -1195,    -430,       0,   -1477,   -1831,    -601,    -247,  100.0,   50.1,   13.4,    0.4,   16.5,   30.3,    2.7,   16.2,   28.4,    0.4,    2.5,    0.5,    0.0,   88.9,   76.1,   11.1,   23.9,     80,      5,      8,.,      8,     19,      7,     12,     23,      6,.,.,      0,     37,     59,    51.8,    29.0,    72.6,    39.9,    51.5,    28.7,    72.2,    38.6,"(CONTRACTS OF AUD 100,000)",232741,CME ,232 ,F10,FutOnly
AUSTRALIAN DOLLAR - CHICAGO MERCANTILE EXCHANGE,200414,2020-04-14,232741,CME ,00,232 ,  128258,   64207,   15589,     470,   20328,   40269,    3851,   19782,   35974,     663,    4295,    1061,       0,  113596,   97877,   14662,   30381,   -1798,    2284,    1548,    -555,    1782,   -4867,    -165,   -4635,     198,    -584,     619,      48,       0,   -1254,   -4377,    -544,    2579,  100.0,   50.1,   12.2,    0.4,   15.8,   31.4,    3.0,   15.4,   28.0,    0.5,    3.3,    0.8,    0.0,   88.6,   76.3,   11.4,   23.7,     79,      5,      8,.,      8,     20,      7,     10,     21,      7,      4,.,      0,     38,     58,    51.2,    27.5,    71.5,    38.1,    50.9,    27.1,    71.1,    36.6,"(CONTRACTS OF AUD 100,000)",232741,CME ,232 ,F10,FutOnly
AUSTRALIAN DOLLAR - CHICAGO MERCANTILE EXCHANGE,200407,2020-04-07,232741,CME ,00,232 ,  130056,   61923,   14041,    1025,   18546,   45136,    4016,   24417,   35776,    1247,    3676,    1013,       0,  114850,  102254,   15206,   27802,    -926,    -989,    2484,     106,       1,   -2222,    -110,    -868,   -1671,     845,     275,      32,       0,    -740,    -536,    -186,    -390,  100.0,   47.6,   10.8,    0.8,   14.3,   34.7,    3.1,   18.8,   27.5,    1.0,    2.8,    0.8,    0.0,   88.3,   78.6,   11.7,   21.4,     80,      5,      8,.,      7,     19,     10,     13,     21,      8,      4,.,      0,     43,     58,    49.1,    30.4,    68.7,    41.4,    48.3,    29.6,    67.8,    39.5,"(CONTRACTS OF AUD 100,000)",232741,CME ,232 ,F10,FutOnly
AUSTRALIAN DOLLAR - CHICAGO MERCANTILE EXCHANGE,200331,2020-03-31,232741,CME ,00,232 ,  130982,   62912,   11557,     919,   18545,   47358,    4126,   25285,   37447,     402,    3401,     981,       0,  115590,  102790,   15392,   28192,   -4115,      93,     758,      12,    2143,   -7479,    -214,     478,    4750,   -1044,   -4408,    -505,       0,   -2940,   -3722,   -1175,    -393,  100.0,   48.0,    8.8,    0.7,   14.2,   36.2,    3.1,   19.3,   28.6,    0.3,    2.6,    0.7,    0.0,   88.2,   78.5,   11.8,   21.5,     82,      5,      7,.,      7,     23,     12,     13,     20,      7,      5,.,      0,     44,     60,    50.3,    24.6,    69.1,    36.5,    49.6,    24.2,    68.3,    34.5,"(CONTRACTS OF AUD 100,000)",232741,CME ,232 ,F10,FutOnly
AUSTRALIAN DOLLAR - CHICAGO MERCANTILE EXCHANGE,200324,2020-03-24,232741,CME ,00,232 ,  135097,   62819,   10799,     907,   16402,   54837,    4340,   24807,   32697,    1446,    7809,    1486,       0,  118530,  106512,   16567,   28585,  -14781,   -4476,    1165,      69,     741,  -15771,    -414,   -6044,    1900,    -439,   -1445,    -444,       0,  -12008,  -13934,   -2773,    -847,  100.0,   46.5,    8.0,    0.7,   12.1,   40.6,    3.2,   18.4,   24.2,    1.1,    5.8,    1.1,    0.0,   87.7,   78.8,   12.3,   21.2,     81,      5,      7,      4,      5,     25,     11,     11,     20,      7,      5,.,      0,     40,     63,    48.7,    26.3,    68.6,    38.6,    47.9,    25.0,    67.8,    35.9,"(CONTRACTS OF AUD 100,000)",232741,CME ,232 ,F10,FutOnly
AUSTRALIAN DOLLAR - CHICAGO MERCANTILE EXCHANGE,200317,2020-03-17,232741,CME ,00,232 ,  149878,   67295,    9634,     838,   15661,   70608,    4754,   30851,   30797,    1885,    9254,    1930,       0,  130538,  120446,   19340,   29432,  -61365,  -32283,    -684,   -9662,   -1224,  -21728,   -1511,   -8692,   -9552,   -6783,    1123,   -7352,       0,  -59032,  -57272,   -2333,   -4093,  100.0,   44.9,    6.4,    0.6,   10.4,   47.1,    3.2,   20.6,   20.5,    1.3,    6.2,    1.3,    0.0,   87.1,   80.4,   12.9,   19.6,     80,      5,      7,.,      6,     23,     10,     15,     18,      6,.,.,      0,     39,     60,    46.4,    32.1,    66.8,    43.5,    45.9,    31.8,    66.1,    41.5,"(CONTRACTS OF AUD 100,000)",232741,CME ,232 ,F10,FutOnly
AUSTRALIAN DOLLAR - CHICAGO MERCANTILE EXCHANGE,200310,2020-03-10,232741,CME ,00,232 ,  211243,   99578,   10318,   10500,   16885,   92336,    6265,   39543,   40349,    8668,    8131,    9282,       0,  189570,  177718,   21673,   33525,  -11841,    -695,    3003,    3557,    -233,   -8924,     185,  -19288,  -10698,    3447,     815,   -1347,       0,  -12212,  -10777,     371,   -1064,  100.0,   47.1,    4.9,    5.0,    8.0,   43.7,    3.0,   18.7,   19.1,    4.1,    3.8,    4.4,    0.0,   89.7,   84.1,   10.3,   15.9,    100,      5,      6,      6,      8,     29,     13,     22,     23,     13,      4,.,      0,     58,     74,    50.5,    32.4,    62.9,    41.3,    49.3,    32.2,    61.3,    41.1,"(CONTRACTS OF AUD 100,000)",232741,CME ,232 ,F10,FutOnly
AUSTRALIAN DOLLAR - CHICAGO MERCANTILE EXCHANGE,200303,2020-03-03,232741,CME ,00,232 ,  223084,  100273,    7315,    6943,   17118,  101260,    6080,   58831,   51047,    5221,    7316,   10629,       0,  201782,  188495,   21302,   34589,    9760,   11536,   -2960,   -4427,    -778,    3783,    1119,    3440,   12979,     900,    6386,    -492,       0,   18176,   10902,   -8416,   -1142,  100.0,   44.9,    3.3,    3.1,    7.7,   45.4,    2.7,   26.4,   22.9,    2.3,    3.3,    4.8,    0.0,   90.5,   84.5,    9.5,   15.5,    112,      6,      6,      5,      9,     29,     14,     26,     27,     10,      4,      5,      0,     58,     83,    49.3,    29.7,    63.6,    41.7,    46.1,    29.5,    60.4,    41.5,"(CONTRACTS OF AUD 100,000)",232741,CME ,232 ,F10,FutOnly
AUSTRALIAN DOLLAR - CHICAGO MERCANTILE EXCHANGE,200225,2020-02-25,232741,CME ,00,232 ,  213324,   88737,   10275,   11370,   17896,   97477,    4961,   55391,   38068,    4321,     930,   11121,       0,  183606,  177593,   29718,   35731,   25869,   13144,     945,    6451,    -711,   15801,     482,    8955,    1498,   -1668,     505,    1091,       0,   27158,   24600,   -1289,    1269,  100.0,   41.6,    4.8,    5.3,    8.4,   45.7,    2.3,   26.0,   17.8,    2.0,    0.4,    5.2,    0.0,   86.1,   83.3,   13.9,   16.7,    115,      6,      5,      4,     10,     29,     11,     29,     26,     13,.,      6,      0,     61,     82,    45.8,    24.4,    61.1,    36.1,    42.5,    24.2,    57.3,    35.4,"(CONTRACTS OF AUD 100,000)",232741,CME ,232 ,F10,FutOnly
AUSTRALIAN DOLLAR - CHICAGO MERCANTILE EXCHANGE,200218,2020-02-18,232741,CME ,00,232 ,  187455,   75593,    9330,    4919,   18607,   81676,    4479,   46436,   36570,    5989,     425,   10030,       0,  156448,  152993,   31007,   34462,    9927,    4358,    -729,    2425,    -669,    4316,    -158,     486,    3023,    2455,   -1278,    -406,       0,    7619,   10926,    2308,    -999,  100.0,   40.3,    5.0,    2.6,    9.9,   43.6,    2.4,   24.8,   19.5,    3.2,    0.2,    5.4,    0.0,   83.5,   81.6,   16.5,   18.4,    108,      6,      5,      4,     10,     27,      9,     27,     26,     12,.,      4,      0,     57,     76,    44.7,    23.0,    59.1,    34.9,    41.9,    22.9,    55.8,    34.7,"(CONTRACTS OF AUD 100,000)",232741,CME ,232 ,F10,FutOnly
AUSTRALIAN DOLLAR - CHICAGO MERCANTILE EXCHANGE,200211,2020-02-11,232741,CME ,00,232 ,  177528,   71235,   10059,    2494,   19276,   77360,    4637,   45950,   33547,    3534,    1703,   10436,       0,  148829,  142067,   28699,   35461,   -3328,   -2955,    2368,    -194,    -187,    -117,     770,    -386,   -6758,    1338,     365,     527,       0,   -1249,   -2066,   -2079,   -1262,  100.0,   40.1,    5.7,    1.4,   10.9,   43.6,    2.6,   25.9,   18.9,    2.0,    1.0,    5.9,    0.0,   83.8,   80.0,   16.2,   20.0,    107,      6,      4,.,     11,     26,      8,     26,     26,     10,.,      6,      0,     54,     74,    44.6,    23.9,    57.1,    36.5,    43.1,    23.7,    55.5,    35.9,"(CONTRACTS OF AUD 100,000)",232741,CME ,232 ,F10,FutOnly
AUSTRALIAN DOLLAR - CHICAGO MERCANTILE EXCHANGE,200204,2020-02-04,232741,CME ,00,232 ,  180856,   74190,    7691,    2688,   19463,   77477,    3867,   46336,   40305,    2196,    1338,    9909,       0,  150078,  144133,   30778,   36723,   24135,   27340,   -4806,     -98,    -272,   14503,     180,    4802,   13099,    -219,   -7453,    -465,       0,   24280,   22194,    -145,    1941,  100.0,   41.0,    4.3,    1.5,   10.8,   42.8,    2.1,   25.6,   22.3,    1.2,    0.7,    5.5,    0.0,   83.0,   79.7,   17.0,   20.3,    101,      8,.,      5,     10,     26,     10,     20,     29,      8,.,.,      0,     52,     72,    47.2,    24.3,    60.4,    35.3,    45.8,    24.1,    58.6,    34.7,"(CONTRACTS OF AUD 100,000)",232741,CME ,232 ,F10,FutOnly
AUSTRALIAN DOLLAR - CHICAGO MERCANTILE EXCHANGE,200128,2020-01-28,232741,CME ,00,232 ,  156721,   46850,   12497,    2786,   19735,   62974,    3687,   41534,   27206,    2415,    8791,   10374,       0,  125798,  121939,   30923,   34782,   17243,   12741,   -3002,     301,   -3157,   18712,     343,    3744,   -6924,    1553,    -500,     165,       0,   15025,   11148,    2218,    6095,  100.0,   29.9,    8.0,    1.8,   12.6,   40.2,    2.4,   26.5,   17.4,    1.5,    5.6,    6.6,    0.0,   80.3,   77.8,   19.7,   22.2,     95,      7,      5,      6,     10,     25,      9,     23,     16,      8,.,      5,      0,     53,     65,    44.9,    26.6,    58.9,    37.6,    43.4,    26.4,    57.1,    37.4,"(CONTRACTS OF AUD 100,000)",232741,CME ,232 ,F10,FutOnly
AUSTRALIAN DOLLAR - CHICAGO MERCANTILE EXCHANGE,200121,2020-01-21,232741,CME ,00,232 ,  139478,   34109,   15499,    2485,   22892,   44262,    3344,   37790,   34130,     862,    9291,   10209,       0,  110773,  110791,   28705,   28687,   -5090,    2042,   -2723,       1,    -528,    5898,    1122,   -1222,   -8282,   -2237,       2,     -87,       0,    -820,   -6308,   -4270,    1218,  100.0,   24.5,   11.1,    1.8,   16.4,   31.7,    2.4,   27.1,   24.5,    0.6,    6.7,    7.3,    0.0,   79.4,   79.4,   20.6,   20.6,     89,      5,      7,      5,     15,     17,     11,     22,     16,      5,.,      4,      0,     53,     57,    42.8,    26.1,    58.1,    42.5,    42.4,    25.9,    56.4,    42.3,"(CONTRACTS OF AUD 100,000)",232741,CME ,232 ,F10,FutOnly
AUSTRALIAN DOLLAR - CHICAGO MERCANTILE EXCHANGE,200114,2020-01-14,232741,CME ,00,232 ,  144568,   32067,   18222,    2484,   23420,   38364,    2222,   39012,   42412,    3099,    9289,   10296,       0,  111593,  117099,   32975,   27469,  -13171,   -2484,    1775,    -676,   -3181,    5503,     380,   -3530,  -23067,    -515,    -508,       3,       0,  -10514,  -16597,   -2657,    3426,  100.0,   22.2,   12.6,    1.7,   16.2,   26.5,    1.5,   27.0,   29.3,    2.1,    6.4,    7.1,    0.0,   77.2,   81.0,   22.8,   19.0,     88,.,      8,      5,     14,     15,     10,     21,     19,      7,.,      5,      0,     52,     58,    41.2,    23.8,    57.1,    39.5,    41.2,    23.6,    55.5,    38.7,"(CONTRACTS OF AUD 100,000)",232741,CME ,232 ,F10,FutOnly
AUSTRALIAN DOLLAR - CHICAGO MERCANTILE EXCHANGE,200107,2020-01-07,232741,CME ,00,232 ,  157739,   34551,   16447,    3160,   26601,   32861,    1842,   42542,   65479,    3614,    9797,   10293,       0,  122107,  133696,   35632,   24043,   -6566,  -23160,    1043,    1811,    1067,   -4412,    -547,    6541,   -4496,     895,   -1863,     108,       0,  -15256,   -5598,    8690,    -968,  100.0,   21.9,   10.4,    2.0,   16.9,   20.8,    1.2,   27.0,   41.5,    2.3,    6.2,    6.5,    0.0,   77.4,   84.8,   22.6,   15.2,     87,      5,      7,      6,     13,     15,      9,     20,     19,      8,.,      5,      0,     55,     55,    38.8,    26.4,    54.3,    43.2,    37.6,    24.6,    52.4,    41.4,"(CONTRACTS OF AUD 100,000)",232741,CME ,232 ,F10,FutOnly
NEW ZEALAND DOLLAR - CHICAGO MERCANTILE EXCHANGE,201229,2020-12-29,112741,CME ,00,112 ,   47915,    3445,   17858,       0,   18335,    6795,     404,   17162,   18206,     320,    1956,    1460,       6,   41628,   45049,    6287,    2866,    -394,     819,    -450,       0,    -504,     664,    -329,     347,    -404,      -4,    -888,     229,       0,    -559,    -294,     165,    -100,  100.0,    7.2,   37.3,    0.0,   38.3,   14.2,    0.8,   35.8,   38.0,    0.7,    4.1,    3.0,    0.0,   86.9,   94.0,   13.1,    6.0,     83,      4,      4,      0,     19,      7,.,     28,     13,.,      4,      4,.,     58,     32,    23.0,    59.5,    35.6,    78.0,    22.6,    59.2,    35.2,    77.7,"(CONTRACTS OF NZD 100,000)",112741,CME ,112 ,F15,FutOnly
NEW ZEALAND DOLLAR - CHICAGO MERCANTILE EXCHANGE,201221,2020-12-21,112741,CME ,00,112 ,   48309,    2626,   18308,       0,   18839,    6131,     733,   16815,   18610,     324,    2844,    1231,       6,   42187,   45343,    6122,    2966,     907,     281,    -962,       0,    -707,      17,     384,    1447,    1160,     110,    -418,     -54,       0,    1097,     655,    -190,     252,  100.0,    5.4,   37.9,    0.0,   39.0,   12.7,    1.5,   34.8,   38.5,    0.7,    5.9,    2.5,    0.0,   87.3,   93.9,   12.7,    6.1,     83,.,      4,      0,     17,      7,      4,     29,     15,      4,      5,.,.,     58,     34,    24.6,    58.8,    38.4,    77.7,    24.1,    58.5,    37.4,    77.5,"(CONTRACTS OF NZD 100,000)",112741,CME ,112 ,F15,FutOnly
NEW ZEALAND DOLLAR - CHICAGO MERCANTILE EXCHANGE,201215,2020-12-15,112741,CME ,00,112 ,   47402,    2345,   19270,       0,   19546,    6114,     349,   15368,   17450,     214,    3262,    1285,       6,   41090,   44688,    6312,    2714,  -13859,   -2092,    1120,   -2162,    -245,       2,    -351,   -6674,   -9451,   -2591,     166,     193,       0,  -13949,  -13240,      90,    -619,  100.0,    4.9,   40.7,    0.0,   41.2,   12.9,    0.7,   32.4,   36.8,    0.5,    6.9,    2.7,    0.0,   86.7,   94.3,   13.3,    5.7,     86,.,.,      0,     19,      6,.,     29,     17,.,      6,      4,.,     59,     34,    25.4,    59.7,    40.9,    78.2,    25.1,    59.7,    40.5,    77.9,"(CONTRACTS OF NZD 100,000)",112741,CME ,112 ,F15,FutOnly
NEW ZEALAND DOLLAR - CHICAGO MERCANTILE EXCHANGE,201208,2020-12-08,112741,CME ,00,112 ,   61261,    4437,   18150,    2162,   19791,    6112,     700,   22042,   26901,    2805,    3096,    1092,       6,   55039,   57928,    6222,    3333,    5916,    -371,     482,    2094,    1407,     265,     611,     384,     987,    1931,      90,    -469,       0,    6146,    5901,    -230,      15,  100.0,    7.2,   29.6,    3.5,   32.3,   10.0,    1.1,   36.0,   43.9,    4.6,    5.1,    1.8,    0.0,   89.8,   94.6,   10.2,    5.4,     96,      4,      6,.,     22,      6,      5,     28,     21,     11,      5,      4,.,     68,     47,    27.5,    35.5,    40.1,    57.1,    27.4,    35.5,    39.6,    56.8,"(CONTRACTS OF NZD 100,000)",112741,CME ,112 ,F15,FutOnly
NEW ZEALAND DOLLAR - CHICAGO MERCANTILE EXCHANGE,201201,2020-12-01,112741,CME ,00,112 ,   55345,    4808,   17668,      68,   18384,    5847,      89,   21658,   25914,     874,    3006,    1561,       6,   48893,   52027,    6452,    3318,     705,     -32,    1136,      23,     404,   -1261,    -181,      40,     732,     200,    -281,    -252,       0,     173,     397,     532,     308,  100.0,    8.7,   31.9,    0.1,   33.2,   10.6,    0.2,   39.1,   46.8,    1.6,    5.4,    2.8,    0.0,   88.3,   94.0,   11.7,    6.0,     98,      4,      6,.,     19,      4,.,     33,     22,      9,      5,      5,.,     70,     42,    27.8,    39.8,    42.3,    63.4,    27.6,    39.8,    42.1,    63.0,"(CONTRACTS OF NZD 100,000)",112741,CME ,112 ,F15,FutOnly
NEW ZEALAND DOLLAR - CHICAGO MERCANTILE EXCHANGE,201124,2020-11-24,112741,CME ,00,112 ,   54640,    4840,   16532,      45,   17980,    7108,     270,   21618,   25182,     674,    3287,    1813,       6,   48720,   51630,    5920,    3010,    3953,    -212,    1294,      17,     320,     -75,    -126,    3742,    3050,     -42,     135,     114,       0,    3834,    4232,     119,    -279,  100.0,    8.9,   30.3,    0.1,   32.9,   13.0,    0.5,   39.6,   46.1,    1.2,    6.0,    3.3,    0.0,   89.2,   94.5,   10.8,    5.5,     97,      4,      5,.,     21,      5,      4,     32,     19,      6,      5,      6,.,     68,     41,    27.4,    39.9,    40.1,    62.9,    27.0,    39.9,    39.6,    62.6,"(CONTRACTS OF NZD 100,000)",112741,CME ,112 ,F15,FutOnly
NEW ZEALAND DOLLAR - CHICAGO MERCANTILE EXCHANGE,201117,2020-11-17,112741,CME ,00,112 ,   50687,    5052,   15238,      28,   17660,    7183,     396,   17876,   22132,     716,    3152,    1699,       6,   44886,   47398,    5801,    3289,    4622,    -205,    1406,      20,    1334,     697,     -72,    1258,    1949,     341,    1884,     179,       0,    4560,    4520,      62,     102,  100.0,   10.0,   30.1,    0.1,   34.8,   14.2,    0.8,   35.3,   43.7,    1.4,    6.2,    3.4,    0.0,   88.6,   93.5,   11.4,    6.5,     91,      5,      5,.,     21,      6,      4,     26,     19,      5,      4,      5,.,     61,     41,    26.2,    41.6,    40.1,    63.9,    26.2,    41.6,    40.0,    63.6,"(CONTRACTS OF NZD 100,000)",112741,CME ,112 ,F15,FutOnly
NEW ZEALAND DOLLAR - CHICAGO MERCANTILE EXCHANGE,201110,2020-11-10,112741,CME ,00,112 ,   46065,    5257,   13832,       8,   16326,    6486,     468,   16618,   20183,     375,    1268,    1520,       6,   40326,   42878,    5739,    3187,    5665,    -153,    2234,       7,    2272,   -1466,     142,    1604,    4278,     -62,     947,     435,       0,    4757,    5568,     908,      97,  100.0,   11.4,   30.0,    0.0,   35.4,   14.1,    1.0,   36.1,   43.8,    0.8,    2.8,    3.3,    0.0,   87.5,   93.1,   12.5,    6.9,     87,      5,      5,.,     23,      5,      5,     25,     17,      4,.,      4,.,     61,     37,    24.4,    43.9,    37.2,    68.4,    24.2,    43.9,    37.0,    68.3,"(CONTRACTS OF NZD 100,000)",112741,CME ,112 ,F15,FutOnly
NEW ZEALAND DOLLAR - CHICAGO MERCANTILE EXCHANGE,201103,2020-11-03,112741,CME ,00,112 ,   40400,    5410,   11598,       1,   14054,    7952,     326,   15014,   15905,     437,     321,    1085,       6,   35569,   37310,    4831,    3090,      12,    -338,     -95,       0,     873,    1536,     112,    -515,   -1456,    -103,     -18,    -208,       0,      11,    -214,       1,     226,  100.0,   13.4,   28.7,    0.0,   34.8,   19.7,    0.8,   37.2,   39.4,    1.1,    0.8,    2.7,    0.0,   88.0,   92.4,   12.0,    7.6,     83,      5,      5,.,     22,      5,      4,     23,     17,      8,.,      4,.,     57,     40,    24.2,    49.2,    38.7,    72.1,    24.0,    49.2,    38.5,    71.6,"(CONTRACTS OF NZD 100,000)",112741,CME ,112 ,F15,FutOnly
NEW ZEALAND DOLLAR - CHICAGO MERCANTILE EXCHANGE,201027,2020-10-27,112741,CME ,00,112 ,   40388,    5748,   11693,       1,   13181,    6416,     214,   15529,   17361,     540,     339,    1293,       6,   35558,   37524,    4830,    2864,    3093,    -144,    1369,       0,     966,   -1554,    -255,    2054,    3072,     258,       8,     222,       0,    2887,    3112,     206,     -19,  100.0,   14.2,   29.0,    0.0,   32.6,   15.9,    0.5,   38.4,   43.0,    1.3,    0.8,    3.2,    0.0,   88.0,   92.9,   12.0,    7.1,     89,      5,      5,.,     21,      5,.,     28,     18,      4,.,      5,.,     61,     37,    22.0,    49.3,    37.3,    72.4,    22.0,    49.1,    37.1,    71.6,"(CONTRACTS OF NZD 100,000)",112741,CME ,112 ,F15,FutOnly
NEW ZEALAND DOLLAR - CHICAGO MERCANTILE EXCHANGE,201020,2020-10-20,112741,CME ,00,112 ,   37295,    5892,   10324,       1,   12215,    7970,     469,   13475,   14289,     282,     331,    1071,       6,   32671,   34412,    4624,    2883,    -914,    1163,      19,       1,     427,     674,     -47,   -1972,    -834,    -475,    -177,     -57,       0,   -1080,    -719,     166,    -195,  100.0,   15.8,   27.7,    0.0,   32.8,   21.4,    1.3,   36.1,   38.3,    0.8,    0.9,    2.9,    0.0,   87.6,   92.3,   12.4,    7.7,     78,      5,      4,.,     20,      5,      5,     21,     17,      4,.,      4,.,     54,     35,    22.3,    53.6,    37.6,    75.6,    22.0,    53.5,    37.4,    75.3,"(CONTRACTS OF NZD 100,000)",112741,CME ,112 ,F15,FutOnly
NEW ZEALAND DOLLAR - CHICAGO MERCANTILE EXCHANGE,201013,2020-10-13,112741,CME ,00,112 ,   38209,    4729,   10305,       0,   11788,    7296,     516,   15447,   15123,     757,     508,    1128,       6,   33751,   35131,    4458,    3078,    3597,    -603,    1647,       0,     929,     701,    -133,    3419,    1229,    -247,     226,     -20,       0,    3591,    3177,       6,     420,  100.0,   12.4,   27.0,    0.0,   30.9,   19.1,    1.4,   40.4,   39.6,    2.0,    1.3,    3.0,    0.0,   88.3,   91.9,   11.7,    8.1,     89,      4,      5,      0,     20,      5,      4,     33,     14,      6,      4,      4,.,     64,     36,    20.6,    52.2,    36.8,    71.8,    20.6,    52.1,    35.8,    71.0,"(CONTRACTS OF NZD 100,000)",112741,CME ,112 ,F15,FutOnly
NEW ZEALAND DOLLAR - CHICAGO MERCANTILE EXCHANGE,201006,2020-10-06,112741,CME ,00,112 ,   34612,    5332,    8658,       0,   10859,    6595,     649,   12028,   13894,    1004,     282,    1148,       6,   30160,   31954,    4452,    2658,   -1311,    -450,    1091,       0,    -251,   -2451,    -249,    -124,     386,     329,    -283,    -233,       0,   -1028,   -1127,    -283,    -184,  100.0,   15.4,   25.0,    0.0,   31.4,   19.1,    1.9,   34.8,   40.1,    2.9,    0.8,    3.3,    0.0,   87.1,   92.3,   12.9,    7.7,     83,      5,      5,      0,     19,      5,      5,     28,     15,      9,.,      4,.,     60,     38,    22.8,    58.0,    37.9,    73.1,    22.6,    58.0,    37.6,    73.1,"(CONTRACTS OF NZD 100,000)",112741,CME ,112 ,F15,FutOnly
NEW ZEALAND DOLLAR - CHICAGO MERCANTILE EXCHANGE,200929,2020-09-29,112741,CME ,00,112 ,   35923,    5782,    7567,       0,   11110,    9046,     898,   12152,   13508,     675,     565,    1381,       6,   31188,   33081,    4735,    2842,     707,    -305,   -1118,       0,    -700,    2139,     720,    2273,    -524,    -777,     230,     125,       0,    1441,     565,    -734,     142,  100.0,   16.1,   21.1,    0.0,   30.9,   25.2,    2.5,   33.8,   37.6,    1.9,    1.6,    3.8,    0.0,   86.8,   92.1,   13.2,    7.9,     86,      4,      5,      0,     21,      6,      5,     28,     13,      7,.,      6,.,     57,     42,    24.1,    55.2,    37.4,    74.0,    23.8,    55.2,    37.1,    74.0,"(CONTRACTS OF NZD 100,000)",112741,CME ,112 ,F15,FutOnly
NEW ZEALAND DOLLAR - CHICAGO MERCANTILE EXCHANGE,200922,2020-09-22,112741,CME ,00,112 ,   35216,    6087,    8685,       0,   11810,    6907,     178,    9879,   14032,    1452,     335,    1256,       6,   29747,   32516,    5469,    2700,    -618,     144,    2161,       0,     690,   -2578,     -84,   -2268,    -111,     397,     200,     -43,       0,    -921,    -258,     303,    -360,  100.0,   17.3,   24.7,    0.0,   33.5,   19.6,    0.5,   28.1,   39.8,    4.1,    1.0,    3.6,    0.0,   84.5,   92.3,   15.5,    7.7,     86,      4,      5,      0,     20,      7,      4,     27,     16,      5,.,      5,.,     56,     40,    24.9,    56.4,    39.0,    71.4,    24.9,    56.4,    38.6,    71.4,"(CONTRACTS OF NZD 100,000)",112741,CME ,112 ,F15,FutOnly
NEW ZEALAND DOLLAR - CHICAGO MERCANTILE EXCHANGE,200915,2020-09-15,112741,CME ,00,112 ,   35834,    5943,    6524,       0,   11120,    9485,     262,   12147,   14143,    1055,     135,    1299,       6,   30668,   32774,    5166,    3060,   -8213,   -1412,   -1873,   -3522,     172,     305,    -479,   -1488,    -945,   -1707,       0,     289,     -36,   -8472,   -7968,     259,    -245,  100.0,   16.6,   18.2,    0.0,   31.0,   26.5,    0.7,   33.9,   39.5,    2.9,    0.4,    3.6,    0.0,   85.6,   91.5,   14.4,    8.5,     84,      4,.,      0,     19,      6,      4,     30,     17,      8,.,      5,.,     57,     40,    25.3,    55.8,    38.6,    76.1,    25.3,    55.8,    38.6,    76.1,"(CONTRACTS OF NZD 100,000)",112741,CME ,112 ,F15,FutOnly
NEW ZEALAND DOLLAR - CHICAGO MERCANTILE EXCHANGE,200908,2020-09-08,112741,CME ,00,112 ,   44047,    7355,    8397,    3522,   10948,    9180,     741,   13635,   15088,    2762,     135,    1010,      42,   39140,   40742,    4907,    3305,    3803,     -20,   -1745,    3522,    -777,     776,      13,    -815,    -913,    2304,       0,    -193,       4,    4231,    3768,    -428,      35,  100.0,   16.7,   19.1,    8.0,   24.9,   20.8,    1.7,   31.0,   34.3,    6.3,    0.3,    2.3,    0.1,   88.9,   92.5,   11.1,    7.5,     91,      6,      6,      4,     18,      9,      5,     31,     16,     11,.,.,.,     67,     46,    27.3,    48.1,    40.0,    66.2,    20.2,    48.1,    32.4,    62.1,"(CONTRACTS OF NZD 100,000)",112741,CME ,112 ,F15,FutOnly
NEW ZEALAND DOLLAR - CHICAGO MERCANTILE EXCHANGE,200901,2020-09-01,112741,CME ,00,112 ,   40244,    7375,   10142,       0,   11725,    8404,     728,   14450,   16001,     458,     135,    1203,      38,   34909,   36974,    5335,    3270,    3566,     955,     870,       0,     610,    3749,     -22,    1095,    -642,      43,       0,    -340,      32,    2713,    3690,     853,    -124,  100.0,   18.3,   25.2,    0.0,   29.1,   20.9,    1.8,   35.9,   39.8,    1.1,    0.3,    3.0,    0.1,   86.7,   91.9,   13.3,    8.1,     92,      5,      5,      0,     20,      9,      6,     30,     18,      5,.,      4,.,     63,     42,    21.7,    53.6,    36.1,    68.3,    21.7,    53.6,    36.1,    68.2,"(CONTRACTS OF NZD 100,000)",112741,CME ,112 ,F15,FutOnly
NEW ZEALAND DOLLAR - CHICAGO MERCANTILE EXCHANGE,200825,2020-08-25,112741,CME ,00,112 ,   36678,    6420,    9272,       0,   11115,    4655,     750,   13355,   16643,     415,     135,    1543,       6,   32196,   33284,    4482,    3394,   -1883,     -23,    -212,       0,   -1293,   -1635,     254,    -298,    -323,    -191,    -226,      97,       0,   -1777,   -2010,    -106,     127,  100.0,   17.5,   25.3,    0.0,   30.3,   12.7,    2.0,   36.4,   45.4,    1.1,    0.4,    4.2,    0.0,   87.8,   90.7,   12.2,    9.3,     87,      5,      5,      0,     19,      9,      7,     22,     20,      6,.,      6,.,     55,     46,    24.6,    47.0,    40.9,    61.4,    24.6,    47.0,    40.6,    60.6,"(CONTRACTS OF NZD 100,000)",112741,CME ,112 ,F15,FutOnly
NEW ZEALAND DOLLAR - CHICAGO MERCANTILE EXCHANGE,200818,2020-08-18,112741,CME ,00,112 ,   38561,    6443,    9484,       0,   12408,    6290,     496,   13653,   16966,     606,     361,    1446,       6,   33973,   35294,    4588,    3267,    1033,   -1936,    2505,       0,    -437,    -351,     -98,    3250,   -1306,     290,    -130,     184,       0,     939,    1224,      94,    -191,  100.0,   16.7,   24.6,    0.0,   32.2,   16.3,    1.3,   35.4,   44.0,    1.6,    0.9,    3.7,    0.0,   88.1,   91.5,   11.9,    8.5,     91,      6,      5,      0,     20,      8,      6,     27,     18,     10,.,      5,.,     63,     45,    21.7,    44.7,    36.9,    59.7,    21.7,    44.7,    36.4,    59.4,"(CONTRACTS OF NZD 100,000)",112741,CME ,112 ,F15,FutOnly
NEW ZEALAND DOLLAR - CHICAGO MERCANTILE EXCHANGE,200811,2020-08-11,112741,CME ,00,112 ,   37528,    8379,    6979,       0,   12845,    6641,     594,   10403,   18272,     316,     491,    1262,       6,   33034,   34070,    4494,    3458,    -971,     124,     530,       0,     304,   -1921,      85,   -1437,      37,       5,       6,      16,       0,    -913,   -1248,     -58,     277,  100.0,   22.3,   18.6,    0.0,   34.2,   17.7,    1.6,   27.7,   48.7,    0.8,    1.3,    3.4,    0.0,   88.0,   90.8,   12.0,    9.2,     85,      5,      4,      0,     20,      9,      5,     19,     22,      6,.,      4,.,     53,     44,    26.6,    46.9,    41.6,    64.5,    26.6,    46.9,    41.6,    64.3,"(CONTRACTS OF NZD 100,000)",112741,CME ,112 ,F15,FutOnly
NEW ZEALAND DOLLAR - CHICAGO MERCANTILE EXCHANGE,200804,2020-08-04,112741,CME ,00,112 ,   38499,    8255,    6449,       0,   12541,    8562,     509,   11840,   18235,     311,     485,    1246,       6,   33947,   35318,    4552,    3181,    2357,    -260,     290,       0,    1112,    1011,      88,    1180,    1088,       0,      15,     -12,       0,    2135,    2465,     222,    -108,  100.0,   21.4,   16.8,    0.0,   32.6,   22.2,    1.3,   30.8,   47.4,    0.8,    1.3,    3.2,    0.0,   88.2,   91.7,   11.8,    8.3,     83,      5,      5,      0,     19,      9,      5,     23,     16,      6,.,      4,.,     53,     42,    26.2,    46.9,    40.1,    66.1,    26.2,    46.7,    40.1,    65.9,"(CONTRACTS OF NZD 100,000)",112741,CME ,112 ,F15,FutOnly
NEW ZEALAND DOLLAR - CHICAGO MERCANTILE EXCHANGE,200728,2020-07-28,112741,CME ,00,112 ,   36142,    8515,    6159,       0,   11429,    7551,     421,   10660,   17147,     311,     470,    1258,       6,   31812,   32853,    4330,    3289,      37,    1950,    -484,     -46,    1708,   -1178,      51,   -3360,    2344,    -261,     130,      84,       0,     172,     510,    -135,    -473,  100.0,   23.6,   17.0,    0.0,   31.6,   20.9,    1.2,   29.5,   47.4,    0.9,    1.3,    3.5,    0.0,   88.0,   90.9,   12.0,    9.1,     85,      6,      4,      0,     15,     10,      5,     25,     19,      4,.,      4,.,     51,     44,    29.8,    44.3,    44.2,    62.1,    29.8,    44.3,    44.2,    62.0,"(CONTRACTS OF NZD 100,000)",112741,CME ,112 ,F15,FutOnly
NEW ZEALAND DOLLAR - CHICAGO MERCANTILE EXCHANGE,200721,2020-07-21,112741,CME ,00,112 ,   36105,    6565,    6643,      46,    9721,    8729,     370,   14020,   14803,     572,     340,    1174,       6,   31640,   32343,    4465,    3762,    2903,     125,    1079,      46,     578,    2290,    -344,    2570,     177,    -226,    -128,     -70,       0,    2621,    2952,     282,     -49,  100.0,   18.2,   18.4,    0.1,   26.9,   24.2,    1.0,   38.8,   41.0,    1.6,    0.9,    3.3,    0.0,   87.6,   89.6,   12.4,   10.4,     84,      6,      4,.,     13,     10,      5,     30,     17,      6,.,.,.,     53,     44,    31.6,    42.6,    46.1,    61.1,    31.6,    42.6,    46.1,    61.1,"(CONTRACTS OF NZD 100,000)",112741,CME ,112 ,F15,FutOnly
NEW ZEALAND DOLLAR - CHICAGO MERCANTILE EXCHANGE,200714,2020-07-14,112741,CME ,00,112 ,   33202,    6440,    5564,       0,    9143,    6439,     714,   11450,   14626,     798,     468,    1244,       6,   29019,   29391,    4183,    3811,    1973,    -640,    1197,       0,     584,    -229,     -11,    1013,     956,     103,     128,     115,       0,    1177,    2131,     796,    -158,  100.0,   19.4,   16.8,    0.0,   27.5,   19.4,    2.2,   34.5,   44.1,    2.4,    1.4,    3.7,    0.0,   87.4,   88.5,   12.6,   11.5,     77,      5,.,      0,     13,     10,      5,     23,     17,      6,.,      4,.,     49,     40,    32.9,    44.5,    47.7,    59.9,    32.9,    44.5,    47.7,    59.8,"(CONTRACTS OF NZD 100,000)",112741,CME ,112 ,F15,FutOnly
NEW ZEALAND DOLLAR - CHICAGO MERCANTILE EXCHANGE,200707,2020-07-07,112741,CME ,00,112 ,   31229,    7080,    4367,       0,    8559,    6668,     725,   10437,   13670,     695,     340,    1129,       6,   27842,   27260,    3387,    3969,     384,     898,    -539,       0,     553,    1319,    -148,    -670,   -1095,     380,    -450,      26,       0,     563,     -57,    -179,     441,  100.0,   22.7,   14.0,    0.0,   27.4,   21.4,    2.3,   33.4,   43.8,    2.2,    1.1,    3.6,    0.0,   89.2,   87.3,   10.8,   12.7,     79,      8,      4,      0,     12,     10,      6,     26,     15,      5,.,.,.,     52,     39,    32.4,    47.0,    47.3,    63.0,    32.4,    47.0,    47.3,    62.4,"(CONTRACTS OF NZD 100,000)",112741,CME ,112 ,F15,FutOnly
NEW ZEALAND DOLLAR - CHICAGO MERCANTILE EXCHANGE,200630,2020-06-30,112741,CME ,00,112 ,   30845,    6182,    4906,       0,    8006,    5349,     873,   11107,   14765,     315,     790,    1103,       6,   27279,   27317,    3566,    3528,    1494,     624,    1452,       0,      22,   -1319,     106,      80,    1153,     162,     -25,      -4,       0,     969,    1550,     525,     -56,  100.0,   20.0,   15.9,    0.0,   26.0,   17.3,    2.8,   36.0,   47.9,    1.0,    2.6,    3.6,    0.0,   88.4,   88.6,   11.6,   11.4,     78,      7,.,      0,     10,     12,      6,     24,     16,      4,.,.,.,     50,     39,    33.2,    47.5,    48.4,    63.9,    33.2,    47.5,    48.4,    63.3,"(CONTRACTS OF NZD 100,000)",112741,CME ,112 ,F15,FutOnly
NEW ZEALAND DOLLAR - CHICAGO MERCANTILE EXCHANGE,200623,2020-06-23,112741,CME ,00,112 ,   29351,    5558,    3454,       0,    7984,    6668,     767,   11027,   13612,     153,     815,    1107,       6,   26310,   25767,    3041,    3584,    2030,     116,     456,       0,    2082,     852,      93,    -807,     822,      18,     475,      42,       0,    1977,    2283,      53,    -253,  100.0,   18.9,   11.8,    0.0,   27.2,   22.7,    2.6,   37.6,   46.4,    0.5,    2.8,    3.8,    0.0,   89.6,   87.8,   10.4,   12.2,     75,      6,.,      0,     12,     10,      6,     25,     14,      5,.,.,.,     50,     37,    30.7,    47.7,    46.3,    65.2,    30.7,    47.7,    46.3,    64.6,"(CONTRACTS OF NZD 100,000)",112741,CME ,112 ,F15,FutOnly
NEW ZEALAND DOLLAR - CHICAGO MERCANTILE EXCHANGE,200616,2020-06-16,112741,CME ,00,112 ,   27321,    5442,    2998,       0,    5902,    5816,     674,   11834,   12790,     135,     340,    1065,       6,   24333,   23484,    2988,    3837,  -19390,  -12765,   -7216,    -958,     784,    -144,    -317,   -3021,  -10270,    -374,   -2218,     -62,       0,  -18869,  -19341,    -521,     -49,  100.0,   19.9,   11.0,    0.0,   21.6,   21.3,    2.5,   43.3,   46.8,    0.5,    1.2,    3.9,    0.0,   89.1,   86.0,   10.9,   14.0,     68,      6,.,      0,      9,     10,      4,     24,     13,.,.,.,.,     44,     32,    32.6,    51.6,    47.8,    68.6,    32.6,    51.6,    47.8,    68.6,"(CONTRACTS OF NZD 100,000)",112741,CME ,112 ,F15,FutOnly
NEW ZEALAND DOLLAR - CHICAGO MERCANTILE EXCHANGE,200609,2020-06-09,112741,CME ,00,112 ,   46711,   18207,   10214,     958,    5118,    5960,     991,   14855,   23060,     509,    2558,    1127,       6,   43202,   42825,    3509,    3886,     174,   -1998,    2462,     947,    2162,   -4189,    -127,   -1268,    2237,    -100,       0,     168,       0,    -384,    1398,     558,   -1224,  100.0,   39.0,   21.9,    2.1,   11.0,   12.8,    2.1,   31.8,   49.4,    1.1,    5.5,    2.4,    0.0,   92.5,   91.7,    7.5,    8.3,     72,      7,      4,.,      7,     12,      4,     22,     15,      6,.,.,.,     44,     42,    47.3,    36.2,    64.2,    56.9,    45.9,    35.6,    62.3,    56.2,"(CONTRACTS OF NZD 100,000)",112741,CME ,112 ,F15,FutOnly
NEW ZEALAND DOLLAR - CHICAGO MERCANTILE EXCHANGE,200602,2020-06-02,112741,CME ,00,112 ,   46537,   20205,    7752,      11,    2956,   10149,    1118,   16123,   20823,     609,    2558,     959,       6,   43586,   41427,    2951,    5110,     869,   -1372,    1575,      11,     725,    -582,     -96,    1041,     384,     327,       0,    -211,       0,     636,    1408,     233,    -539,  100.0,   43.4,   16.7,    0.0,    6.4,   21.8,    2.4,   34.6,   44.7,    1.3,    5.5,    2.1,    0.0,   93.7,   89.0,    6.3,   11.0,     79,      9,      4,.,      5,     17,      6,     20,     19,      6,.,.,.,     43,     50,    46.9,    34.8,    62.9,    53.5,    46.9,    34.8,    62.6,    53.5,"(CONTRACTS OF NZD 100,000)",112741,CME ,112 ,F15,FutOnly
NEW ZEALAND DOLLAR - CHICAGO MERCANTILE EXCHANGE,200526,2020-05-26,112741,CME ,00,112 ,   45668,   21577,    6177,       0,    2231,   10731,    1214,   15082,   20439,     282,    2558,    1170,       6,   42950,   40019,    2718,    5649,    1525,    -307,    1915,      -1,     589,   -1593,    -169,     201,    1748,      49,     756,      98,       0,    1118,    2047,     407,    -522,  100.0,   47.2,   13.5,    0.0,    4.9,   23.5,    2.7,   33.0,   44.8,    0.6,    5.6,    2.6,    0.0,   94.0,   87.6,    6.0,   12.4,     80,      7,      4,      0,      7,     18,      5,     21,     17,      9,.,      4,.,     43,     52,    49.2,    35.4,    64.7,    52.9,    49.2,    35.4,    64.7,    52.8,"(CONTRACTS OF NZD 100,000)",112741,CME ,112 ,F15,FutOnly
NEW ZEALAND DOLLAR - CHICAGO MERCANTILE EXCHANGE,200519,2020-05-19,112741,CME ,00,112 ,   44143,   21884,    4262,       1,    1642,   12324,    1383,   14881,   18691,     233,    1802,    1072,       6,   41832,   37972,    2311,    6171,   -1225,    -303,    -119,       1,     218,    1012,      35,   -1394,   -2235,      18,      30,     -37,       0,   -1395,   -1325,     170,     100,  100.0,   49.6,    9.7,    0.0,    3.7,   27.9,    3.1,   33.7,   42.3,    0.5,    4.1,    2.4,    0.0,   94.8,   86.0,    5.2,   14.0,     83,      8,      4,.,      7,     19,      6,     20,     17,      7,      4,      4,.,     44,     54,    51.0,    35.8,    66.9,    53.3,    51.0,    35.8,    66.9,    53.3,"(CONTRACTS OF NZD 100,000)",112741,CME ,112 ,F15,FutOnly
NEW ZEALAND DOLLAR - CHICAGO MERCANTILE EXCHANGE,200512,2020-05-12,112741,CME ,00,112 ,   45368,   22187,    4381,       0,    1424,   11312,    1348,   16275,   20926,     215,    1772,    1109,       6,   43227,   39297,    2141,    6071,     996,     565,     -52,       0,      18,    -434,     -77,       0,    1420,     -26,     -40,     171,       0,     440,    1002,     556,      -6,  100.0,   48.9,    9.7,    0.0,    3.1,   24.9,    3.0,   35.9,   46.1,    0.5,    3.9,    2.4,    0.0,   95.3,   86.6,    4.7,   13.4,     85,      8,      4,      0,      6,     16,      6,     20,     23,      4,      4,      4,.,     41,     55,    53.6,    35.8,    70.1,    52.5,    53.6,    35.8,    70.1,    52.4,"(CONTRACTS OF NZD 100,000)",112741,CME ,112 ,F15,FutOnly
NEW ZEALAND DOLLAR - CHICAGO MERCANTILE EXCHANGE,200505,2020-05-05,112741,CME ,00,112 ,   44372,   21622,    4433,       0,    1406,   11746,    1425,   16275,   19506,     241,    1812,     938,       6,   42787,   38295,    1585,    6077,    3105,    1456,    -778,       0,    -325,     706,     223,    1959,    2955,    -117,     170,    -373,       0,    3366,    2616,    -261,     489,  100.0,   48.7,   10.0,    0.0,    3.2,   26.5,    3.2,   36.7,   44.0,    0.5,    4.1,    2.1,    0.0,   96.4,   86.3,    3.6,   13.7,     84,      8,      4,      0,      5,     18,      5,     18,     24,      4,      4,.,.,     40,     54,    54.5,    37.2,    70.3,    51.2,    54.5,    37.2,    70.3,    50.9,"(CONTRACTS OF NZD 100,000)",112741,CME ,112 ,F15,FutOnly
NEW ZEALAND DOLLAR - CHICAGO MERCANTILE EXCHANGE,200428,2020-04-28,112741,CME ,00,112 ,   41267,   20166,    5211,       0,    1731,   11040,    1202,   14316,   16551,     358,    1642,    1311,       6,   39421,   35679,    1846,    5588,    2114,     561,     870,      -2,    -320,      -8,    -200,     734,    1494,    -139,    1260,     240,       0,    1894,    2255,     220,    -141,  100.0,   48.9,   12.6,    0.0,    4.2,   26.8,    2.9,   34.7,   40.1,    0.9,    4.0,    3.2,    0.0,   95.5,   86.5,    4.5,   13.5,     85,      7,      6,      0,      6,     18,      5,     20,     20,      7,.,      5,.,     43,     55,    54.4,    37.1,    68.3,    51.1,    54.4,    37.1,    68.3,    50.6,"(CONTRACTS OF NZD 100,000)",112741,CME ,112 ,F15,FutOnly
NEW ZEALAND DOLLAR - CHICAGO MERCANTILE EXCHANGE,200421,2020-04-21,112741,CME ,00,112 ,   39153,   19605,    4341,       2,    2051,   11048,    1402,   13582,   15057,     497,     382,    1071,       6,   37527,   33424,    1626,    5729,    -659,      94,    -578,       0,    -146,    -350,     519,    -746,    -121,      -2,      55,    -136,       0,    -226,    -668,    -433,       9,  100.0,   50.1,   11.1,    0.0,    5.2,   28.2,    3.6,   34.7,   38.5,    1.3,    1.0,    2.7,    0.0,   95.8,   85.4,    4.2,   14.6,     83,      7,      4,.,      6,     18,      5,     21,     21,      7,.,      4,.,     43,     54,    57.1,    39.6,    70.1,    54.9,    57.1,    39.6,    70.0,    54.5,"(CONTRACTS OF NZD 100,000)",112741,CME ,112 ,F15,FutOnly
NEW ZEALAND DOLLAR - CHICAGO MERCANTILE EXCHANGE,200414,2020-04-14,112741,CME ,00,112 ,   39812,   19511,    4919,       2,    2197,   11398,     883,   14328,   15178,     499,     327,    1207,       6,   37753,   34092,    2059,    5720,    -494,    1391,     400,       0,     448,     782,    -208,   -1995,   -1166,    -315,      88,      51,       0,    -591,    -456,      97,     -38,  100.0,   49.0,   12.4,    0.0,    5.5,   28.6,    2.2,   36.0,   38.1,    1.3,    0.8,    3.0,    0.0,   94.8,   85.6,    5.2,   14.4,     80,      7,      4,.,      7,     18,      5,     19,     18,      5,.,      5,.,     42,     50,    56.1,    38.4,    69.8,    55.0,    56.1,    38.4,    69.3,    55.0,"(CONTRACTS OF NZD 100,000)",112741,CME ,112 ,F15,FutOnly
NEW ZEALAND DOLLAR - CHICAGO MERCANTILE EXCHANGE,200407,2020-04-07,112741,CME ,00,112 ,   40306,   18120,    4519,       2,    1749,   10616,    1091,   16323,   16344,     814,     239,    1156,       6,   38344,   34548,    1962,    5758,    1162,    -207,     850,       0,    -850,      41,     172,    1747,      60,    -127,     -72,    -132,       0,     663,     864,     499,     298,  100.0,   45.0,   11.2,    0.0,    4.3,   26.3,    2.7,   40.5,   40.5,    2.0,    0.6,    2.9,    0.0,   95.1,   85.7,    4.9,   14.3,     78,      7,      5,.,      7,     15,      4,     22,     16,      4,.,      4,.,     42,     46,    52.6,    40.7,    68.7,    54.7,    52.6,    40.7,    68.4,    54.7,"(CONTRACTS OF NZD 100,000)",112741,CME ,112 ,F15,FutOnly
NEW ZEALAND DOLLAR - CHICAGO MERCANTILE EXCHANGE,200331,2020-03-31,112741,CME ,00,112 ,   39144,   18327,    3669,       2,    2599,   10575,     919,   14576,   16284,     941,     311,    1288,       6,   37681,   33684,    1463,    5460,    1522,      46,      46,       2,     290,    -635,     228,     702,    1760,     197,      58,      69,       0,    1523,    1667,      -1,    -145,  100.0,   46.8,    9.4,    0.0,    6.6,   27.0,    2.3,   37.2,   41.6,    2.4,    0.8,    3.3,    0.0,   96.3,   86.1,    3.7,   13.9,     78,      6,      5,.,      8,     16,      6,     17,     18,      4,.,      5,.,     40,     50,    57.4,    41.2,    72.8,    57.3,    57.4,    41.2,    72.8,    57.3,"(CONTRACTS OF NZD 100,000)",112741,CME ,112 ,F15,FutOnly
NEW ZEALAND DOLLAR - CHICAGO MERCANTILE EXCHANGE,200324,2020-03-24,112741,CME ,00,112 ,   37622,   18281,    3623,       0,    2309,   11210,     691,   13874,   14524,     744,     253,    1219,       6,   36158,   32017,    1464,    5605,   -7066,   -2974,    1281,       0,      94,   -8787,     270,   -4111,   -4301,     362,    -306,    -302,       0,   -6665,  -11477,    -401,    4411,  100.0,   48.6,    9.6,    0.0,    6.1,   29.8,    1.8,   36.9,   38.6,    2.0,    0.7,    3.2,    0.0,   96.1,   85.1,    3.9,   14.9,     77,      6,      5,      0,      7,     18,      4,     13,     21,      4,.,      5,.,     33,     53,    60.4,    40.6,    76.4,    54.0,    60.4,    40.6,    76.4,    54.0,"(CONTRACTS OF NZD 100,000)",112741,CME ,112 ,F15,FutOnly
NEW ZEALAND DOLLAR - CHICAGO MERCANTILE EXCHANGE,200317,2020-03-17,112741,CME ,00,112 ,   44688,   21255,    2342,       0,    2215,   19997,     421,   17985,   18825,     382,     559,    1521,       6,   42823,   43494,    1865,    1194,  -26346,   -7780,     132,   -4831,    -595,   -5411,    -311,   -2001,   -2658,   -8881,   -1771,     -95,      -7,  -26177,  -22062,    -169,   -4284,  100.0,   47.6,    5.2,    0.0,    5.0,   44.7,    0.9,   40.2,   42.1,    0.9,    1.3,    3.4,    0.0,   95.8,   97.3,    4.2,    2.7,     83,      7,.,      0,      6,     23,      5,     18,     19,      4,.,      5,.,     40,     53,    59.0,    38.6,    74.4,    58.2,    59.0,    38.6,    74.4,    58.0,"(CONTRACTS OF NZD 100,000)",112741,CME ,112 ,F15,FutOnly
NEW ZEALAND DOLLAR - CHICAGO MERCANTILE EXCHANGE,200310,2020-03-10,112741,CME ,00,112 ,   71034,   29035,    2210,    4831,    2810,   25408,     732,   19986,   21483,    9263,    2330,    1616,      13,   69000,   65556,    2034,    5478,    8187,   -2041,       4,    4176,    -637,    2683,     178,    -223,   -4487,    6538,     650,    -822,       7,    8648,    8277,    -461,     -90,  100.0,   40.9,    3.1,    6.8,    4.0,   35.8,    1.0,   28.1,   30.2,   13.0,    3.3,    2.3,    0.0,   97.1,   92.3,    2.9,    7.7,    108,      9,.,      5,      4,     26,      7,     27,     22,      9,      8,      7,.,     62,     69,    42.9,    28.0,    58.5,    44.9,    37.8,    27.3,    50.8,    41.8,"(CONTRACTS OF NZD 100,000)",112741,CME ,112 ,F15,FutOnly
NEW ZEALAND DOLLAR - CHICAGO MERCANTILE EXCHANGE,200303,2020-03-03,112741,CME ,00,112 ,   62847,   31076,    2206,     655,    3447,   22725,     554,   20209,   25970,    2725,    1680,    2438,       6,   60352,   57279,    2495,    5568,    4607,    2771,    -766,     625,    -917,    1030,      25,    1661,    2685,     736,     309,     534,       0,    5210,    4869,    -603,    -262,  100.0,   49.4,    3.5,    1.0,    5.5,   36.2,    0.9,   32.2,   41.3,    4.3,    2.7,    3.9,    0.0,   96.0,   91.1,    4.0,    8.9,    112,     12,.,      4,      7,     22,      6,     23,     32,      9,      5,      8,.,     58,     74,    43.2,    31.6,    58.5,    48.2,    43.1,    31.5,    58.0,    48.1,"(CONTRACTS OF NZD 100,000)",112741,CME ,112 ,F15,FutOnly
NEW ZEALAND DOLLAR - CHICAGO MERCANTILE EXCHANGE,200225,2020-02-25,112741,CME ,00,112 ,   58240,   28305,    2972,      30,    4364,   21695,     529,   18548,   23285,    1989,    1371,    1904,       6,   55142,   52410,    3098,    5830,    5655,    4725,    -830,       0,    -134,    3517,    -130,    2047,    2804,     370,   -1058,     114,       0,    5820,    5845,    -165,    -190,  100.0,   48.6,    5.1,    0.1,    7.5,   37.3,    0.9,   31.8,   40.0,    3.4,    2.4,    3.3,    0.0,   94.7,   90.0,    5.3,   10.0,    100,     11,.,.,      7,     15,      5,     25,     29,      8,      4,      7,.,     55,     60,    39.4,    35.9,    52.7,    53.5,    39.4,    35.7,    52.7,    53.4,"(CONTRACTS OF NZD 100,000)",112741,CME ,112 ,F15,FutOnly
NEW ZEALAND DOLLAR - CHICAGO MERCANTILE EXCHANGE,200218,2020-02-18,112741,CME ,00,112 ,   52585,   23580,    3802,      30,    4498,   18178,     659,   16501,   20481,    1619,    2429,    1790,       6,   49322,   46565,    3263,    6020,    3639,    8144,   -1786,      30,   -1062,    4536,    -780,    -862,    1346,       8,   -1108,     180,       0,    4370,    3534,    -731,     105,  100.0,   44.8,    7.2,    0.1,    8.6,   34.6,    1.3,   31.4,   38.9,    3.1,    4.6,    3.4,    0.0,   93.8,   88.6,    6.2,   11.4,     99,     10,.,.,      8,     14,.,     23,     30,      6,      5,      7,.,     53,     57,    37.0,    36.6,    51.1,    56.4,    37.0,    36.0,    51.1,    55.8,"(CONTRACTS OF NZD 100,000)",112741,CME ,112 ,F15,FutOnly
NEW ZEALAND DOLLAR - CHICAGO MERCANTILE EXCHANGE,200211,2020-02-11,112741,CME ,00,112 ,   48946,   15436,    5588,       0,    5560,   13642,    1439,   17363,   19135,    1611,    3537,    1610,       6,   44952,   43031,    3994,    5915,    5254,    3663,     385,     -31,   -2083,    1801,    1053,    1387,    1182,     679,     992,     -41,       0,    5660,    5028,    -406,     226,  100.0,   31.5,   11.4,    0.0,   11.4,   27.9,    2.9,   35.5,   39.1,    3.3,    7.2,    3.3,    0.0,   91.8,   87.9,    8.2,   12.1,    101,      8,.,      0,      8,     15,      5,     28,     27,      6,      5,      7,.,     56,     57,    26.6,    40.4,    41.1,    56.7,    26.6,    40.3,    41.1,    55.3,"(CONTRACTS OF NZD 100,000)",112741,CME ,112 ,F15,FutOnly
NEW ZEALAND DOLLAR - CHICAGO MERCANTILE EXCHANGE,200204,2020-02-04,112741,CME ,00,112 ,   43692,   11773,    5203,      31,    7643,   11841,     386,   15976,   17953,     932,    2545,    1651,       6,   39292,   38003,    4400,    5689,   -2808,    1675,   -3377,      30,   -5870,    -513,      -7,    1937,     209,      60,   -1232,      90,       1,   -3406,   -3507,     598,     699,  100.0,   26.9,   11.9,    0.1,   17.5,   27.1,    0.9,   36.6,   41.1,    2.1,    5.8,    3.8,    0.0,   89.9,   87.0,   10.1,   13.0,     93,      8,.,.,     10,     13,      4,     28,     21,      6,      4,      7,.,     55,     51,    24.4,    44.3,    39.4,    63.1,    24.4,    44.3,    39.4,    62.8,"(CONTRACTS OF NZD 100,000)",112741,CME ,112 ,F15,FutOnly
NEW ZEALAND DOLLAR - CHICAGO MERCANTILE EXCHANGE,200128,2020-01-28,112741,CME ,00,112 ,   46500,   10098,    8580,       1,   13513,   12354,     393,   14039,   17744,     872,    3777,    1561,       5,   42698,   41510,    3802,    4990,   -1800,    -206,    -302,       1,     -16,     -54,     100,   -1187,    -926,    -219,    -187,    -833,       0,   -1714,   -2233,     -86,     433,  100.0,   21.7,   18.5,    0.0,   29.1,   26.6,    0.8,   30.2,   38.2,    1.9,    8.1,    3.4,    0.0,   91.8,   89.3,    8.2,   10.7,     91,      7,      4,.,     15,     10,.,     22,     21,      6,      5,      6,.,     55,     47,    28.1,    42.0,    44.4,    62.0,    28.1,    42.0,    44.4,    61.8,"(CONTRACTS OF NZD 100,000)",112741,CME ,112 ,F15,FutOnly
NEW ZEALAND DOLLAR - CHICAGO MERCANTILE EXCHANGE,200121,2020-01-21,112741,CME ,00,112 ,   48300,   10304,    8882,       0,   13529,   12408,     293,   15226,   18670,    1091,    3964,    2394,       5,   44412,   43743,    3888,    4557,    -351,    -607,    1385,       0,     -20,     269,     112,     835,   -2215,     242,    -622,     151,       5,     -55,     -51,    -296,    -300,  100.0,   21.3,   18.4,    0.0,   28.0,   25.7,    0.6,   31.5,   38.7,    2.3,    8.2,    5.0,    0.0,   92.0,   90.6,    8.0,    9.4,    102,      7,      4,      0,     15,     11,      4,     28,     19,      5,      7,     10,.,     64,     48,    27.5,    40.2,    44.1,    58.9,    27.5,    40.2,    44.1,    58.7,"(CONTRACTS OF NZD 100,000)",112741,CME ,112 ,F15,FutOnly
NEW ZEALAND DOLLAR - CHICAGO MERCANTILE EXCHANGE,200114,2020-01-14,112741,CME ,00,112 ,   48651,   10911,    7497,       0,   13549,   12139,     181,   14391,   20885,     849,    4586,    2243,       0,   44467,   43794,    4184,    4857,   -2151,     376,    1256,       0,    -474,     261,    -356,   -2283,   -3938,     747,    -345,      23,       0,   -2335,   -2007,     184,    -144,  100.0,   22.4,   15.4,    0.0,   27.8,   25.0,    0.4,   29.6,   42.9,    1.7,    9.4,    4.6,    0.0,   91.4,   90.0,    8.6,   10.0,     96,      8,      4,      0,     14,     10,.,     25,     20,.,      8,      7,      0,     59,     43,    29.1,    39.4,    45.0,    59.7,    29.1,    39.4,    45.0,    59.4,"(CONTRACTS OF NZD 100,000)",112741,CME ,112 ,F15,FutOnly
NEW ZEALAND DOLLAR - CHICAGO MERCANTILE EXCHANGE,200107,2020-01-07,112741,CME ,00,112 ,   50802,   10535,    6241,       0,   14023,   11878,     537,   16674,   24823,     102,    4931,    2220,       0,   46802,   45801,    4000,    5001,    2058,   -1436,    3269,       0,    3831,   -1003,     182,     979,    -399,    -225,      81,     452,      -6,    3406,    2270,   -1348,    -212,  100.0,   20.7,   12.3,    0.0,   27.6,   23.4,    1.1,   32.8,   48.9,    0.2,    9.7,    4.4,    0.0,   92.1,   90.2,    7.9,    9.8,    101,      7,      5,      0,     15,      8,.,     29,     22,      4,      8,      7,      0,     60,     47,    27.1,    39.5,    42.5,    57.4,    27.1,    39.5,    42.5,    57.3,"(CONTRACTS OF NZD 100,000)",112741,CME ,112 ,F15,FutOnly
