CANADIAN DOLLAR - CHICAGO MERCANTILE EXCHANGE,211228,2021-12-28,090741,CME ,00,090 ,  138692,   33018,   15462,    1615,   39561,   42085,    4817,   12466,   39885,    3957,   12894,    3674,     452,  108780,  111947,   29912,   26745,   -6870,   -1890,     506,     195,   -1565,   -3892,      86,   -3859,   -4047,    -229,     -44,     805,     -26,   -7332,   -6602,     462,    -268,  100.0,   23.8,   11.1,    1.2,   28.5,   30.3,    3.5,    9.0,   28.8,    2.9,    9.3,    2.6,    0.3,   78.4,   80.7,   21.6,   19.3,    105,      6,      7,.,     14,     21,     10,     14,     28,     12,     10,.,.,     60,     70,    33.3,    19.8,    45.5,    32.3,    32.8,    19.5,    43.5,    31.3,"(CONTRACTS OF CAD 100,000)",090741,CME ,090 ,F10,FutOnly
CANADIAN DOLLAR - CHICAGO MERCANTILE EXCHANGE,211221,2021-12-21,090741,CME ,00,090 ,  145562,   34908,   14956,    1420,   41126,   45977,    4731,   16325,   43932,    4186,   12938,    2869,     478,  116112,  118549,   29450,   27013,  -41076,   28409,   -7633,  -37921,   -4301,    7148,     286,  -11367,     912,   -3828,     625,     189,     -30,  -28127,  -40877,  -12949,    -199,  100.0,   24.0,   10.3,    1.0,   28.3,   31.6,    3.3,   11.2,   30.2,    2.9,    8.9,    2.0,    0.3,   79.8,   81.4,   20.2,   18.6,    113,      7,      6,.,     16,     23,      9,     14,     33,     12,     11,.,.,     62,     76,    31.5,    19.8,    43.3,    31.9,    31.2,    19.7,    42.1,    31.3,"(CONTRACTS OF CAD 100,000)",090741,CME ,090 ,F10,FutOnly
CANADIAN DOLLAR - CHICAGO MERCANTILE EXCHANGE,211214,2021-12-14,090741,CME ,00,090 ,  186638,    6499,   22589,   39341,   45427,   38829,    4445,   27692,   43020,    8014,   12313,    2680,     508,  144239,  159426,   42399,   27212,   31560,   -8352,    -432,   31163,   -1186,   -2932,     409,   -4148,    3614,     784,    2021,      51,    -484,   20207,   32173,   11353,    -613,  100.0,    3.5,   12.1,   21.1,   24.3,   20.8,    2.4,   14.8,   23.0,    4.3,    6.6,    1.4,    0.3,   77.3,   85.4,   22.7,   14.6,    103,      6,      7,      7,     15,     19,      6,     13,     29,     15,     10,.,.,     60,     72,    26.7,    30.7,    38.4,    41.1,    15.3,    18.5,    25.1,    26.7,"(CONTRACTS OF CAD 100,000)",090741,CME ,090 ,F10,FutOnly
CANADIAN DOLLAR - CHICAGO MERCANTILE EXCHANGE,211207,2021-12-07,090741,CME ,00,090 ,  155078,   14851,   23021,    8178,   46613,   41761,    4036,   31840,   39406,    7230,   10292,    2629,     992,  124032,  127253,   31046,   27825,    6703,   -1782,    -761,    4765,      17,    2817,    -383,    -300,   -3290,    2740,    1639,    -195,      78,    6774,    5771,     -71,     932,  100.0,    9.6,   14.8,    5.3,   30.1,   26.9,    2.6,   20.5,   25.4,    4.7,    6.6,    1.7,    0.6,   80.0,   82.1,   20.0,   17.9,    107,      8,      7,      8,     16,     16,      8,     22,     26,     18,     10,.,.,     70,     73,    21.6,    22.8,    34.1,    33.7,    21.4,    22.8,    32.3,    33.1,"(CONTRACTS OF CAD 100,000)",090741,CME ,090 ,F10,FutOnly
CANADIAN DOLLAR - CHICAGO MERCANTILE EXCHANGE,211130,2021-11-30,090741,CME ,00,090 ,  148375,   16633,   23782,    3413,   46596,   38944,    4419,   32140,   42696,    4490,    8653,    2824,     914,  117258,  121482,   31117,   26893,   -1900,    8910,  -18351,    -851,   -2578,    5889,     536,   -2144,    5805,     869,    -805,    -268,     157,    4094,   -6214,   -5994,    4314,  100.0,   11.2,   16.0,    2.3,   31.4,   26.2,    3.0,   21.7,   28.8,    3.0,    5.8,    1.9,    0.6,   79.0,   81.9,   21.0,   18.1,    100,      6,      7,.,     16,     18,      9,     17,     26,     15,      8,.,.,     61,     68,    25.0,    27.9,    39.9,    38.6,    24.9,    27.9,    38.2,    38.5,"(CONTRACTS OF CAD 100,000)",090741,CME ,090 ,F10,FutOnly
CANADIAN DOLLAR - CHICAGO MERCANTILE EXCHANGE,211123,2021-11-23,090741,CME ,00,090 ,  150275,    7723,   42133,    4264,   49174,   33055,    3883,   34284,   36891,    3621,    9458,    3092,     757,  113164,  127696,   37111,   22579,    1320,    4451,  -18018,     591,   -3654,   14071,    -960,    4128,    2907,     947,   -1660,     829,     755,    4598,    1122,   -3278,     198,  100.0,    5.1,   28.0,    2.8,   32.7,   22.0,    2.6,   22.8,   24.5,    2.4,    6.3,    2.1,    0.5,   75.3,   85.0,   24.7,   15.0,     97,      6,      7,      4,     16,     13,      6,     19,     24,     13,      9,.,.,     61,     60,    23.6,    36.5,    36.5,    48.5,    23.5,    35.3,    34.5,    47.2,"(CONTRACTS OF CAD 100,000)",090741,CME ,090 ,F10,FutOnly
CANADIAN DOLLAR - CHICAGO MERCANTILE EXCHANGE,211116,2021-11-16,090741,CME ,00,090 ,  148955,    3272,   60151,    3673,   52828,   18984,    4843,   30156,   33984,    2674,   11118,    2263,       2,  108566,  126574,   40389,   22381,   -5765,     462,   -4103,     371,   -6000,    3968,     229,    1557,   -7592,     936,    -774,    -524,       0,   -3219,   -6715,   -2546,     950,  100.0,    2.2,   40.4,    2.5,   35.5,   12.7,    3.3,   20.2,   22.8,    1.8,    7.5,    1.5,    0.0,   72.9,   85.0,   27.1,   15.0,     94,      5,      8,      4,     20,     10,      8,     19,     20,     13,     10,.,.,     67,     53,    24.9,    36.9,    37.1,    51.0,    24.7,    35.8,    35.2,    49.8,"(CONTRACTS OF CAD 100,000)",090741,CME ,090 ,F10,FutOnly
CANADIAN DOLLAR - CHICAGO MERCANTILE EXCHANGE,211109,2021-11-09,090741,CME ,00,090 ,  154720,    2810,   64254,    3302,   58828,   15016,    4614,   28599,   41576,    1738,   11892,    2787,       2,  111785,  133289,   42935,   21431,   -1474,    -893,   -1054,      25,     271,    3679,      70,    1086,   -3125,    -813,     700,    -111,    -818,    -372,   -2147,   -1102,     673,  100.0,    1.8,   41.5,    2.1,   38.0,    9.7,    3.0,   18.5,   26.9,    1.1,    7.7,    1.8,    0.0,   72.2,   86.1,   27.8,   13.9,     96,      5,      8,      4,     20,     10,      7,     17,     24,     12,     10,.,.,     66,     54,    24.0,    34.6,    35.5,    47.3,    23.9,    34.5,    34.3,    47.2,"(CONTRACTS OF CAD 100,000)",090741,CME ,090 ,F10,FutOnly
CANADIAN DOLLAR - CHICAGO MERCANTILE EXCHANGE,211102,2021-11-02,090741,CME ,00,090 ,  156194,    3703,   65308,    3277,   58557,   11337,    4544,   27513,   44701,    2551,   11192,    2898,     820,  112157,  135436,   44037,   20758,   -3281,      24,     906,     -11,    3557,    -723,   -1018,   -7336,   -4508,     460,    -616,     -76,    -249,   -5189,   -5219,    1908,    1938,  100.0,    2.4,   41.8,    2.1,   37.5,    7.3,    2.9,   17.6,   28.6,    1.6,    7.2,    1.9,    0.5,   71.8,   86.7,   28.2,   13.3,    103,      5,      8,      4,     20,     11,      6,     21,     25,     13,     10,.,.,     69,     59,    23.4,    36.2,    34.0,    48.2,    23.3,    36.0,    32.8,    47.8,"(CONTRACTS OF CAD 100,000)",090741,CME ,090 ,F10,FutOnly
CANADIAN DOLLAR - CHICAGO MERCANTILE EXCHANGE,211026,2021-10-26,090741,CME ,00,090 ,  159475,    3679,   64402,    3288,   55000,   12060,    5562,   34849,   49209,    2091,   11808,    2974,    1069,  117346,  140655,   42129,   18820,    5563,   -5034,   13062,    2785,    2115,   -7682,     -37,    3062,    -249,    -380,     -52,    -492,     -78,    2381,    6929,    3182,   -1366,  100.0,    2.3,   40.4,    2.1,   34.5,    7.6,    3.5,   21.9,   30.9,    1.3,    7.4,    1.9,    0.7,   73.6,   88.2,   26.4,   11.8,    112,      5,      9,      4,     21,     13,      7,     25,     26,     16,     10,.,.,     78,     63,    21.2,    35.8,    32.4,    47.4,    21.1,    35.7,    31.3,    47.0,"(CONTRACTS OF CAD 100,000)",090741,CME ,090 ,F10,FutOnly
CANADIAN DOLLAR - CHICAGO MERCANTILE EXCHANGE,211019,2021-10-19,090741,CME ,00,090 ,  153912,    8713,   51340,     503,   52885,   19742,    5599,   31787,   49458,    2471,   11860,    3466,    1147,  114965,  133726,   38947,   20186,   26085,    -600,   27213,      33,   12642,   -4747,      49,   12314,    3908,     300,    -617,      -6,     241,   24362,   26991,    1723,    -906,  100.0,    5.7,   33.4,    0.3,   34.4,   12.8,    3.6,   20.7,   32.1,    1.6,    7.7,    2.3,    0.7,   74.7,   86.9,   25.3,   13.1,    113,      5,     10,      5,     21,     13,      8,     23,     27,     14,     10,      4,.,     76,     66,    20.7,    31.0,    32.5,    44.2,    20.5,    30.8,    31.6,    44.0,"(CONTRACTS OF CAD 100,000)",090741,CME ,090 ,F10,FutOnly
CANADIAN DOLLAR - CHICAGO MERCANTILE EXCHANGE,211012,2021-10-12,090741,CME ,00,090 ,  127827,    9313,   24127,     470,   40243,   24489,    5550,   19473,   45550,    2171,   12477,    3472,     906,   90603,  106735,   37224,   21092,    7659,   -1093,    5573,      61,    5072,   -5438,    -909,    2177,   10263,     300,    -461,      18,     -73,    5074,    9795,    2585,   -2136,  100.0,    7.3,   18.9,    0.4,   31.5,   19.2,    4.3,   15.2,   35.6,    1.7,    9.8,    2.7,    0.7,   70.9,   83.5,   29.1,   16.5,    110,      6,     10,      4,     17,     14,      9,     20,     29,     14,     10,      4,.,     69,     70,    23.0,    23.2,    34.3,    37.6,    22.7,    23.2,    32.1,    37.0,"(CONTRACTS OF CAD 100,000)",090741,CME ,090 ,F10,FutOnly
CANADIAN DOLLAR - CHICAGO MERCANTILE EXCHANGE,211005,2021-10-05,090741,CME ,00,090 ,  120168,   10406,   18554,     409,   35171,   29927,    6459,   17296,   35287,    1871,   12938,    3454,     979,   85529,   96940,   34639,   23228,    2102,    1534,    1162,       2,     948,   -2066,     118,   -2504,    5981,    -514,    -199,     711,    -175,    -790,    5219,    2892,   -3117,  100.0,    8.7,   15.4,    0.3,   29.3,   24.9,    5.4,   14.4,   29.4,    1.6,   10.8,    2.9,    0.8,   71.2,   80.7,   28.8,   19.3,     99,      6,      7,      4,     14,     18,     10,     17,     22,     10,     10,      5,.,     63,     63,    22.5,    23.3,    33.7,    36.3,    21.2,    23.3,    31.4,    34.6,"(CONTRACTS OF CAD 100,000)",090741,CME ,090 ,F10,FutOnly
CANADIAN DOLLAR - CHICAGO MERCANTILE EXCHANGE,210928,2021-09-28,090741,CME ,00,090 ,  118066,    8872,   17392,     407,   34223,   31993,    6341,   19800,   29306,    2385,   13137,    2743,    1154,   86319,   91721,   31747,   26345,    -462,    3200,    1196,    -137,   -5032,   -2751,      44,    2448,   -2100,     636,    -323,     327,      51,     887,   -2734,   -1349,    2272,  100.0,    7.5,   14.7,    0.3,   29.0,   27.1,    5.4,   16.8,   24.8,    2.0,   11.1,    2.3,    1.0,   73.1,   77.7,   26.9,   22.3,     95,      5,      7,.,     13,     18,      9,     16,     22,     10,     11,.,.,     59,     60,    23.5,    22.7,    34.3,    37.6,    21.7,    22.7,    31.7,    35.7,"(CONTRACTS OF CAD 100,000)",090741,CME ,090 ,F10,FutOnly
CANADIAN DOLLAR - CHICAGO MERCANTILE EXCHANGE,210921,2021-09-21,090741,CME ,00,090 ,  118528,    5672,   16196,     544,   39255,   34744,    6297,   17352,   31406,    1749,   13460,    2416,    1103,   85432,   94455,   33096,   24073,  -57180,  -26856,  -50805,   -8577,    -552,    9599,     631,  -19053,   -2665,   -2691,     325,   -1101,       6,  -56767,  -55603,    -413,   -1577,  100.0,    4.8,   13.7,    0.5,   33.1,   29.3,    5.3,   14.6,   26.5,    1.5,   11.4,    2.0,    0.9,   72.1,   79.7,   27.9,   20.3,     99,      8,      6,.,     14,     19,      9,     15,     23,     12,     11,.,.,     63,     62,    24.9,    26.4,    35.3,    39.9,    23.1,    26.4,    32.5,    37.8,"(CONTRACTS OF CAD 100,000)",090741,CME ,090 ,F10,FutOnly
CANADIAN DOLLAR - CHICAGO MERCANTILE EXCHANGE,210914,2021-09-14,090741,CME ,00,090 ,  175708,   32528,   67001,    9121,   39807,   25145,    5666,   36405,   34071,    4440,   13135,    3517,    1097,  142199,  150058,   33509,   25650,    5202,    1656,   -1368,    7218,    -975,     367,     401,    4986,    2034,   -4574,      75,     477,    -687,    8100,    3868,   -2898,    1334,  100.0,   18.5,   38.1,    5.2,   22.7,   14.3,    3.2,   20.7,   19.4,    2.5,    7.5,    2.0,    0.6,   80.9,   85.4,   19.1,   14.6,     96,      9,      5,      8,     13,     16,      8,     19,     21,     17,     10,.,.,     67,     65,    22.4,    44.0,    34.7,    56.0,    22.3,    43.0,    34.3,    51.6,"(CONTRACTS OF CAD 100,000)",090741,CME ,090 ,F10,FutOnly
CANADIAN DOLLAR - CHICAGO MERCANTILE EXCHANGE,210907,2021-09-07,090741,CME ,00,090 ,  170506,   30872,   68369,    1903,   40782,   24778,    5265,   31419,   32037,    9014,   13060,    3040,    1784,  134099,  146190,   36407,   24316,      67,    -580,    2462,     181,    2271,   -1952,    -216,   -3759,      43,     827,    -769,    1751,     162,   -1883,    3258,    1950,   -3191,  100.0,   18.1,   40.1,    1.1,   23.9,   14.5,    3.1,   18.4,   18.8,    5.3,    7.7,    1.8,    1.0,   78.6,   85.7,   21.4,   14.3,     96,      9,      6,      6,     14,     14,      9,     18,     23,     16,     10,.,.,     67,     62,    22.2,    44.2,    35.1,    55.2,    22.1,    42.5,    33.6,    52.2,"(CONTRACTS OF CAD 100,000)",090741,CME ,090 ,F10,FutOnly
CANADIAN DOLLAR - CHICAGO MERCANTILE EXCHANGE,210831,2021-08-31,090741,CME ,00,090 ,  170439,   31452,   65907,    1722,   38511,   26730,    5481,   35178,   31994,    8187,   13829,    1289,    1622,  135982,  142932,   34457,   27507,   -1048,    2580,   -6482,     706,   -1303,   -5471,     164,   -2288,    7679,     402,   -1041,     314,     312,    -468,   -2376,    -580,    1328,  100.0,   18.5,   38.7,    1.0,   22.6,   15.7,    3.2,   20.6,   18.8,    4.8,    8.1,    0.8,    1.0,   79.8,   83.9,   20.2,   16.1,     95,     11,      4,      5,     12,     15,      7,     20,     21,     13,     11,.,.,     67,     55,    22.3,    44.5,    35.1,    55.0,    22.2,    43.1,    34.3,    51.8,"(CONTRACTS OF CAD 100,000)",090741,CME ,090 ,F10,FutOnly
CANADIAN DOLLAR - CHICAGO MERCANTILE EXCHANGE,210824,2021-08-24,090741,CME ,00,090 ,  171487,   28872,   72389,    1016,   39814,   32201,    5317,   37466,   24315,    7785,   14870,     975,    1310,  136450,  145308,   35037,   26179,   -5973,   -1028,   -7544,    -192,   -3116,    3467,    -360,    -423,   -5779,    1863,   -1871,     294,     224,   -4903,   -8027,   -1070,    2054,  100.0,   16.8,   42.2,    0.6,   23.2,   18.8,    3.1,   21.8,   14.2,    4.5,    8.7,    0.6,    0.8,   79.6,   84.7,   20.4,   15.3,    100,      9,      6,.,     13,     16,      9,     24,     18,     14,     13,.,.,     70,     58,    22.5,    48.4,    35.1,    58.7,    22.5,    47.3,    34.1,    55.8,"(CONTRACTS OF CAD 100,000)",090741,CME ,090 ,F10,FutOnly
CANADIAN DOLLAR - CHICAGO MERCANTILE EXCHANGE,210817,2021-08-17,090741,CME ,00,090 ,  177460,   29900,   79933,    1208,   42930,   28734,    5677,   37889,   30094,    5922,   16741,     681,    1086,  141353,  153335,   36107,   24125,    5858,    6514,   -2912,       0,     337,    2931,    -461,    -111,    3568,    -271,    1252,     681,     557,    7817,    4093,   -1959,    1765,  100.0,   16.8,   45.0,    0.7,   24.2,   16.2,    3.2,   21.4,   17.0,    3.3,    9.4,    0.4,    0.6,   79.7,   86.4,   20.3,   13.6,    101,      9,      5,.,     19,     13,     10,     20,     19,     11,     15,.,.,     71,     56,    23.7,    51.6,    38.2,    61.6,    23.7,    50.7,    37.6,    59.1,"(CONTRACTS OF CAD 100,000)",090741,CME ,090 ,F10,FutOnly
CANADIAN DOLLAR - CHICAGO MERCANTILE EXCHANGE,210810,2021-08-10,090741,CME ,00,090 ,  171602,   23386,   82845,    1208,   42593,   25803,    6138,   38000,   26526,    6193,   15489,       0,     529,  133536,  149242,   38066,   22360,     993,     984,    -989,     347,   -2040,   -2462,     404,    -425,    1703,     879,    -344,       0,     523,     328,     405,     665,     588,  100.0,   13.6,   48.3,    0.7,   24.8,   15.0,    3.6,   22.1,   15.5,    3.6,    9.0,    0.0,    0.3,   77.8,   87.0,   22.2,   13.0,     93,      9,      5,.,     19,     10,     11,     20,     18,     12,     12,      0,.,     70,     51,    21.3,    53.8,    35.8,    64.1,    21.3,    52.8,    35.0,    61.5,"(CONTRACTS OF CAD 100,000)",090741,CME ,090 ,F10,FutOnly
CANADIAN DOLLAR - CHICAGO MERCANTILE EXCHANGE,210803,2021-08-03,090741,CME ,00,090 ,  170609,   22402,   83834,     861,   44633,   28265,    5734,   38425,   24823,    5314,   15833,       0,       6,  133208,  148837,   37401,   21772,   -4092,   -2602,    -767,      18,     705,   -3101,     -71,   -1215,    -129,    -727,    -646,       0,       0,   -4538,   -4777,     446,     685,  100.0,   13.1,   49.1,    0.5,   26.2,   16.6,    3.4,   22.5,   14.5,    3.1,    9.3,    0.0,    0.0,   78.1,   87.2,   21.9,   12.8,     99,      9,      5,.,     21,     13,     10,     21,     17,      9,     13,      0,.,     71,     51,    20.8,    54.0,    35.0,    64.6,    20.7,    53.2,    33.5,    62.2,"(CONTRACTS OF CAD 100,000)",090741,CME ,090 ,F10,FutOnly
CANADIAN DOLLAR - CHICAGO MERCANTILE EXCHANGE,210727,2021-07-27,090741,CME ,00,090 ,  174701,   25004,   84601,     843,   43928,   31366,    5805,   39640,   24952,    6041,   16479,       0,       6,  137746,  153614,   36955,   21087,  -14607,    -733,   -3938,     129,    1524,   -2871,    -459,  -12636,   -3702,    -668,   -1573,       0,    -150,  -14566,  -11659,     -41,   -2948,  100.0,   14.3,   48.4,    0.5,   25.1,   18.0,    3.3,   22.7,   14.3,    3.5,    9.4,    0.0,    0.0,   78.8,   87.9,   21.2,   12.1,    102,      9,      5,.,     19,     15,     12,     23,     18,     13,     13,      0,.,     74,     57,    21.9,    53.9,    36.3,    64.4,    21.8,    53.1,    35.2,    62.0,"(CONTRACTS OF CAD 100,000)",090741,CME ,090 ,F10,FutOnly
CANADIAN DOLLAR - CHICAGO MERCANTILE EXCHANGE,210720,2021-07-20,090741,CME ,00,090 ,  189308,   25737,   88539,     714,   42404,   34237,    6264,   52276,   28654,    6709,   18052,       0,     156,  152312,  165273,   36996,   24035,   -9406,    5317,  -28304,    -137,  -12560,    7847,     295,    1400,    4693,    1973,    -481,   -1673,     138,   -4055,  -15168,   -5351,    5762,  100.0,   13.6,   46.8,    0.4,   22.4,   18.1,    3.3,   27.6,   15.1,    3.5,    9.5,    0.0,    0.1,   80.5,   87.3,   19.5,   12.7,    111,      8,      7,.,     17,     18,     12,     25,     22,     15,     14,      0,.,     78,     65,    21.4,    52.3,    35.2,    62.0,    21.3,    51.7,    34.7,    59.9,"(CONTRACTS OF CAD 100,000)",090741,CME ,090 ,F10,FutOnly
CANADIAN DOLLAR - CHICAGO MERCANTILE EXCHANGE,210713,2021-07-13,090741,CME ,00,090 ,  198714,   20420,  116843,     851,   54964,   26390,    5969,   50876,   23961,    4736,   18533,    1673,      18,  156367,  180441,   42347,   18273,   -3422,    9678,  -10611,     228,   -8522,   10758,    -245,   -3049,   -3354,     418,      60,     -41,       9,   -1423,   -2838,   -1999,    -584,  100.0,   10.3,   58.8,    0.4,   27.7,   13.3,    3.0,   25.6,   12.1,    2.4,    9.3,    0.8,    0.0,   78.7,   90.8,   21.3,    9.2,    108,      9,      5,.,     22,     14,      9,     27,     16,     10,     14,.,.,     82,     50,    22.1,    61.2,    35.4,    71.4,    22.0,    61.0,    34.9,    69.7,"(CONTRACTS OF CAD 100,000)",090741,CME ,090 ,F10,FutOnly
CANADIAN DOLLAR - CHICAGO MERCANTILE EXCHANGE,210706,2021-07-06,090741,CME ,00,090 ,  202136,   10742,  127454,     623,   63486,   15632,    6214,   53925,   27315,    4318,   18473,    1714,       9,  157790,  183279,   44346,   18857,    5208,    2748,   -1251,      -9,   -1717,    4238,   -1304,    3550,    2676,     410,     796,     222,      -4,    4470,    4978,     738,     230,  100.0,    5.3,   63.1,    0.3,   31.4,    7.7,    3.1,   26.7,   13.5,    2.1,    9.1,    0.8,    0.0,   78.1,   90.7,   21.9,    9.3,    107,      5,      7,.,     24,     11,      9,     24,     21,     11,     14,.,.,     79,     51,    23.8,    63.2,    35.7,    72.8,    23.7,    62.9,    34.8,    70.9,"(CONTRACTS OF CAD 100,000)",090741,CME ,090 ,F10,FutOnly
CANADIAN DOLLAR - CHICAGO MERCANTILE EXCHANGE,210629,2021-06-29,090741,CME ,00,090 ,  196928,    7994,  128705,     632,   65203,   11394,    7518,   50375,   24639,    3908,   17677,    1492,      13,  153320,  178301,   43608,   18627,   -5859,   -3871,     717,     -67,   -1939,   -3628,     666,    -162,   -2998,    -367,    -679,     774,      12,   -6407,   -4891,     548,    -968,  100.0,    4.1,   65.4,    0.3,   33.1,    5.8,    3.8,   25.6,   12.5,    2.0,    9.0,    0.8,    0.0,   77.9,   90.5,   22.1,    9.5,    103,      5,      7,.,     23,     12,      9,     26,     17,     10,     12,.,.,     78,     49,    24.2,    65.8,    35.3,    74.5,    24.2,    64.9,    34.5,    72.1,"(CONTRACTS OF CAD 100,000)",090741,CME ,090 ,F10,FutOnly
CANADIAN DOLLAR - CHICAGO MERCANTILE EXCHANGE,210622,2021-06-22,090741,CME ,00,090 ,  202787,   11865,  127988,     699,   67142,   15022,    6852,   50537,   27637,    4275,   18356,     718,       1,  159727,  183192,   43060,   19595,  -50149,    7890,   -4189,  -43759,   -8888,    3959,     600,    1510,   -4181,   -2987,     438,     159,       0,  -45196,  -50398,   -4953,     249,  100.0,    5.9,   63.1,    0.3,   33.1,    7.4,    3.4,   24.9,   13.6,    2.1,    9.1,    0.4,    0.0,   78.8,   90.3,   21.2,    9.7,    104,      6,      7,.,     21,     14,     10,     23,     19,     10,     13,.,.,     75,     53,    23.5,    62.9,    35.7,    71.4,    23.4,    62.1,    35.2,    69.2,"(CONTRACTS OF CAD 100,000)",090741,CME ,090 ,F10,FutOnly
CANADIAN DOLLAR - CHICAGO MERCANTILE EXCHANGE,210615,2021-06-15,090741,CME ,00,090 ,  252936,    3975,  132177,   44458,   76030,   11063,    6252,   49027,   31818,    7262,   17918,     559,       1,  204923,  233590,   48013,   19346,   32883,     298,   -2153,   43029,   -5421,    -291,    -616,   -1914,   -6216,    -893,     750,    -862,      -6,   35227,   31992,   -2344,     891,  100.0,    1.6,   52.3,   17.6,   30.1,    4.4,    2.5,   19.4,   12.6,    2.9,    7.1,    0.2,    0.0,   81.0,   92.4,   19.0,    7.6,    109,      4,     10,      5,     25,      9,      9,     29,     20,     12,     11,.,.,     83,     53,    29.4,    63.5,    41.2,    71.9,    18.9,    46.3,    27.5,    53.9,"(CONTRACTS OF CAD 100,000)",090741,CME ,090 ,F10,FutOnly
CANADIAN DOLLAR - CHICAGO MERCANTILE EXCHANGE,210608,2021-06-08,090741,CME ,00,090 ,  220053,    3677,  134330,    1429,   81451,   11354,    6868,   50941,   38034,    8155,   17168,    1421,       7,  169696,  201598,   50357,   18455,   -8904,     785,   -1521,   -4133,   -1704,     108,    -273,   -3172,   -4382,     612,     114,      11,       1,   -7770,   -9577,   -1134,     673,  100.0,    1.7,   61.0,    0.6,   37.0,    5.2,    3.1,   23.1,   17.3,    3.7,    7.8,    0.6,    0.0,   77.1,   91.6,   22.9,    8.4,    115,      5,     10,.,     25,      9,     10,     32,     21,     16,     10,.,.,     85,     60,    21.9,    54.7,    35.3,    63.5,    21.8,    54.7,    34.9,    63.2,"(CONTRACTS OF CAD 100,000)",090741,CME ,090 ,F10,FutOnly
CANADIAN DOLLAR - CHICAGO MERCANTILE EXCHANGE,210601,2021-06-01,090741,CME ,00,090 ,  228957,    2892,  135851,    5562,   83155,   11246,    7141,   54113,   42416,    7543,   17054,    1410,       6,  177466,  211175,   51491,   17782,   15781,     311,   11094,    5032,    5001,   -3384,     580,     326,     924,    2287,      59,      48,       0,   13596,   16581,    2185,    -800,  100.0,    1.3,   59.3,    2.4,   36.3,    4.9,    3.1,   23.6,   18.5,    3.3,    7.4,    0.6,    0.0,   77.5,   92.2,   22.5,    7.8,    113,      4,     11,      4,     23,     11,      9,     31,     20,     17,     10,.,.,     85,     59,    21.3,    54.9,    34.3,    64.8,    21.3,    52.8,    34.1,    61.7,"(CONTRACTS OF CAD 100,000)",090741,CME ,090 ,F10,FutOnly
CANADIAN DOLLAR - CHICAGO MERCANTILE EXCHANGE,210525,2021-05-25,090741,CME ,00,090 ,  213176,    2581,  124757,     530,   78154,   14630,    6561,   53787,   41492,    5256,   16995,    1362,       6,  163870,  194594,   49306,   18582,    5213,    -405,    4883,      40,    2332,    -900,     249,    3637,    3162,    -704,    -352,     -75,       0,    4797,    6655,     416,   -1442,  100.0,    1.2,   58.5,    0.2,   36.7,    6.9,    3.1,   25.2,   19.5,    2.5,    8.0,    0.6,    0.0,   76.9,   91.3,   23.1,    8.7,    114,.,     11,.,     23,     11,      8,     32,     21,     12,     10,.,.,     82,     56,    21.4,    52.0,    34.5,    62.1,    21.3,    52.0,    34.3,    61.7,"(CONTRACTS OF CAD 100,000)",090741,CME ,090 ,F10,FutOnly
CANADIAN DOLLAR - CHICAGO MERCANTILE EXCHANGE,210518,2021-05-18,090741,CME ,00,090 ,  207963,    2986,  119874,     490,   75822,   15530,    6312,   50150,   38330,    5960,   17347,    1437,       6,  159073,  187939,   48890,   20024,    6008,      76,    9031,     394,     231,    -399,     700,    2340,   -4131,    2224,     -78,    -686,    -544,    5343,    6589,     665,    -581,  100.0,    1.4,   57.6,    0.2,   36.5,    7.5,    3.0,   24.1,   18.4,    2.9,    8.3,    0.7,    0.0,   76.5,   90.4,   23.5,    9.6,    112,.,     11,.,     22,     13,      9,     29,     21,     15,     10,.,.,     78,     61,    19.9,    51.4,    34.5,    61.7,    19.8,    51.4,    34.4,    61.3,"(CONTRACTS OF CAD 100,000)",090741,CME ,090 ,F10,FutOnly
CANADIAN DOLLAR - CHICAGO MERCANTILE EXCHANGE,210511,2021-05-11,090741,CME ,00,090 ,  201955,    2910,  110843,      96,   75591,   15929,    5612,   47810,   42461,    3736,   17425,    2123,     550,  153730,  181350,   48225,   20605,    5138,     504,    6087,      90,    4925,   -2428,      -7,    1659,   -3783,    1528,     410,     484,      95,    9204,    2066,   -4066,    3072,  100.0,    1.4,   54.9,    0.0,   37.4,    7.9,    2.8,   23.7,   21.0,    1.8,    8.6,    1.1,    0.3,   76.1,   89.8,   23.9,   10.2,    109,.,     10,.,     23,     11,      8,     27,     22,     16,     10,.,.,     77,     60,    20.8,    50.6,    34.9,    59.2,    20.7,    50.6,    34.9,    58.8,"(CONTRACTS OF CAD 100,000)",090741,CME ,090 ,F10,FutOnly
CANADIAN DOLLAR - CHICAGO MERCANTILE EXCHANGE,210504,2021-05-04,090741,CME ,00,090 ,  196817,    2406,  104756,       6,   70666,   18357,    5619,   46151,   46244,    2208,   17015,    1639,     455,  144526,  179284,   52291,   17533,   16046,     216,   11323,       1,    9015,   -3178,     -42,    7028,    8327,     337,   -3063,     499,     449,   13941,   17716,    2105,   -1670,  100.0,    1.2,   53.2,    0.0,   35.9,    9.3,    2.9,   23.4,   23.5,    1.1,    8.6,    0.8,    0.2,   73.4,   91.1,   26.6,    8.9,    107,.,     11,.,     25,      9,      9,     22,     25,     13,     10,.,.,     72,     60,    19.3,    51.0,    33.4,    62.0,    19.2,    51.0,    33.4,    61.4,"(CONTRACTS OF CAD 100,000)",090741,CME ,090 ,F10,FutOnly
CANADIAN DOLLAR - CHICAGO MERCANTILE EXCHANGE,210427,2021-04-27,090741,CME ,00,090 ,  180771,    2190,   93433,       5,   61651,   21535,    5661,   39123,   37917,    1871,   20078,    1140,       6,  130585,  161568,   50186,   19203,    7626,   -2145,    7490,     -15,    2743,   -6479,    -564,    2287,    5434,     413,    1221,     740,       0,    3940,    7019,    3686,     607,  100.0,    1.2,   51.7,    0.0,   34.1,   11.9,    3.1,   21.6,   21.0,    1.0,   11.1,    0.6,    0.0,   72.2,   89.4,   27.8,   10.6,    108,.,     12,.,     25,     10,      7,     28,     17,     13,     12,.,.,     76,     54,    20.2,    52.0,    31.6,    63.0,    20.1,    51.9,    30.5,    62.3,"(CONTRACTS OF CAD 100,000)",090741,CME ,090 ,F10,FutOnly
CANADIAN DOLLAR - CHICAGO MERCANTILE EXCHANGE,210420,2021-04-20,090741,CME ,00,090 ,  173145,    4335,   85943,      20,   58908,   28014,    6225,   36836,   32483,    1458,   18857,     400,       6,  126645,  154549,   46500,   18596,    6959,   -1930,   10642,       7,    1464,     895,     451,    5321,   -3904,   -1062,     313,    -500,      -1,    4563,    6528,    2396,     431,  100.0,    2.5,   49.6,    0.0,   34.0,   16.2,    3.6,   21.3,   18.8,    0.8,   10.9,    0.2,    0.0,   73.1,   89.3,   26.9,   10.7,    107,      4,      9,.,     24,     13,      7,     24,     21,     12,     11,.,.,     72,     56,    21.3,    51.8,    33.2,    62.9,    21.2,    51.8,    32.0,    62.2,"(CONTRACTS OF CAD 100,000)",090741,CME ,090 ,F10,FutOnly
CANADIAN DOLLAR - CHICAGO MERCANTILE EXCHANGE,210413,2021-04-13,090741,CME ,00,090 ,  166186,    6265,   75301,      13,   57444,   27119,    5774,   31515,   36387,    2520,   18544,     900,       7,  122082,  148021,   44104,   18165,      68,    1401,    -253,      -7,    -313,    -697,     -26,     287,    1725,     459,    -108,    -300,       0,    1693,     901,   -1625,    -833,  100.0,    3.8,   45.3,    0.0,   34.6,   16.3,    3.5,   19.0,   21.9,    1.5,   11.2,    0.5,    0.0,   73.5,   89.1,   26.5,   10.9,    110,      5,      8,.,     24,     12,      7,     23,     24,     14,     12,.,.,     78,     55,    21.7,    48.0,    33.9,    60.3,    21.6,    48.0,    32.7,    59.1,"(CONTRACTS OF CAD 100,000)",090741,CME ,090 ,F10,FutOnly
CANADIAN DOLLAR - CHICAGO MERCANTILE EXCHANGE,210406,2021-04-06,090741,CME ,00,090 ,  166118,    4864,   75554,      20,   57757,   27816,    5800,   31228,   34662,    2061,   18652,    1200,       7,  120389,  147120,   45729,   18998,    1919,    2326,     247,    -269,   -1379,   -1468,    -354,     142,    2499,     107,    1672,     681,       0,    2245,    1443,    -326,     476,  100.0,    2.9,   45.5,    0.0,   34.8,   16.7,    3.5,   18.8,   20.9,    1.2,   11.2,    0.7,    0.0,   72.5,   88.6,   27.5,   11.4,    106,      5,      8,.,     25,     11,      8,     22,     22,     10,     12,.,.,     74,     53,    22.5,    48.1,    33.5,    61.3,    22.4,    48.1,    32.3,    60.6,"(CONTRACTS OF CAD 100,000)",090741,CME ,090 ,F10,FutOnly
CANADIAN DOLLAR - CHICAGO MERCANTILE EXCHANGE,210330,2021-03-30,090741,CME ,00,090 ,  164199,    2538,   75307,     289,   59136,   29284,    6154,   31086,   32163,    1954,   16980,     519,       7,  118144,  145677,   46055,   18522,    2029,    -619,    2310,      18,    3344,    -210,    -247,     -13,     409,     671,    -701,     519,       0,    2453,    3470,    -424,   -1441,  100.0,    1.5,   45.9,    0.2,   36.0,   17.8,    3.7,   18.9,   19.6,    1.2,   10.3,    0.3,    0.0,   72.0,   88.7,   28.0,   11.3,    107,      4,      9,.,     23,     12,      6,     20,     26,     10,     12,.,.,     72,     54,    22.9,    48.0,    34.0,    61.5,    22.8,    47.8,    32.9,    60.4,"(CONTRACTS OF CAD 100,000)",090741,CME ,090 ,F10,FutOnly
CANADIAN DOLLAR - CHICAGO MERCANTILE EXCHANGE,210323,2021-03-23,090741,CME ,00,090 ,  162170,    3157,   72997,     271,   55792,   29494,    6401,   31099,   31754,    1283,   17681,       0,       7,  115691,  142207,   46479,   19963,  -24762,     823,    2993,  -13957,    2772,    1760,    -234,   -5521,     233,   -4122,    -592,       0,       0,  -20831,  -13327,   -3931,  -11435,  100.0,    1.9,   45.0,    0.2,   34.4,   18.2,    3.9,   19.2,   19.6,    0.8,   10.9,    0.0,    0.0,   71.3,   87.7,   28.7,   12.3,    100,      4,      9,.,     21,     13,      8,     21,     20,      8,     12,      0,.,     68,     51,    24.2,    48.6,    35.5,    61.7,    24.1,    48.4,    34.2,    60.7,"(CONTRACTS OF CAD 100,000)",090741,CME ,090 ,F10,FutOnly
CANADIAN DOLLAR - CHICAGO MERCANTILE EXCHANGE,210316,2021-03-16,090741,CME ,00,090 ,  186932,    2334,   70004,   14228,   53020,   27734,    6635,   36620,   31521,    5405,   18273,       0,       7,  136522,  155534,   50410,   31398,   13854,    1042,   -7416,    9482,    3225,   -2031,     347,     500,    1315,    -650,    -275,       0,   -1351,   12320,    -304,    1534,   14158,  100.0,    1.2,   37.4,    7.6,   28.4,   14.8,    3.5,   19.6,   16.9,    2.9,    9.8,    0.0,    0.0,   73.0,   83.2,   27.0,   16.8,    109,.,     11,      7,     22,     13,      7,     24,     22,     11,     13,      0,.,     78,     57,    21.0,    44.1,    32.7,    55.0,    20.9,    37.3,    29.4,    47.5,"(CONTRACTS OF CAD 100,000)",090741,CME ,090 ,F10,FutOnly
CANADIAN DOLLAR - CHICAGO MERCANTILE EXCHANGE,210309,2021-03-09,090741,CME ,00,090 ,  173078,    1292,   77420,    4746,   49795,   29765,    6288,   36120,   30206,    6055,   18548,       0,    1358,  124202,  155838,   48876,   17240,    4389,     340,   -5479,    4462,   -1006,    1223,     356,    -378,    2692,    -271,    -383,       0,       0,    3120,    2983,    1269,    1406,  100.0,    0.7,   44.7,    2.7,   28.8,   17.2,    3.6,   20.9,   17.5,    3.5,   10.7,    0.0,    0.8,   71.8,   90.0,   28.2,   10.0,    104,.,      9,      7,     19,     14,      6,     26,     19,     13,     13,      0,.,     74,     59,    22.6,    44.5,    33.2,    57.4,    22.3,    44.4,    31.3,    54.8,"(CONTRACTS OF CAD 100,000)",090741,CME ,090 ,F10,FutOnly
CANADIAN DOLLAR - CHICAGO MERCANTILE EXCHANGE,210302,2021-03-02,090741,CME ,00,090 ,  168689,     952,   82899,     284,   50801,   28542,    5932,   36498,   27514,    6326,   18931,       0,    1358,  121082,  152855,   47607,   15834,    1821,   -1901,    2108,     252,   -2724,    6526,     758,    4690,   -6216,      26,    2369,       0,      -1,    3469,    3453,   -1648,   -1632,  100.0,    0.6,   49.1,    0.2,   30.1,   16.9,    3.5,   21.6,   16.3,    3.8,   11.2,    0.0,    0.8,   71.8,   90.6,   28.2,    9.4,    110,.,     10,.,     21,     15,      7,     26,     22,     10,     14,      0,.,     71,     60,    22.8,    47.6,    33.9,    60.2,    22.6,    47.4,    31.9,    58.8,"(CONTRACTS OF CAD 100,000)",090741,CME ,090 ,F10,FutOnly
CANADIAN DOLLAR - CHICAGO MERCANTILE EXCHANGE,210223,2021-02-23,090741,CME ,00,090 ,  166868,    2853,   80791,      32,   53525,   22016,    5174,   31808,   33730,    6300,   16562,       0,    1359,  117613,  149402,   49255,   17466,    7602,   -1277,    6735,    -229,     910,   -2528,      22,     717,    3441,    1360,     933,       0,     139,    2575,    8940,    5027,   -1338,  100.0,    1.7,   48.4,    0.0,   32.1,   13.2,    3.1,   19.1,   20.2,    3.8,    9.9,    0.0,    0.8,   70.5,   89.5,   29.5,   10.5,    111,      4,     11,.,     24,     12,      7,     24,     24,     12,     12,      0,.,     72,     61,    22.3,    45.3,    34.2,    56.7,    22.2,    45.3,    31.5,    55.6,"(CONTRACTS OF CAD 100,000)",090741,CME ,090 ,F10,FutOnly
CANADIAN DOLLAR - CHICAGO MERCANTILE EXCHANGE,210216,2021-02-16,090741,CME ,00,090 ,  159266,    4130,   74056,     261,   52615,   24544,    5152,   31091,   30289,    4940,   15629,       0,    1220,  115038,  140462,   44228,   18804,     812,    -933,    -746,       0,    1081,   -3012,    -338,    1100,    3604,    -293,    -699,       0,     111,      29,    -674,     783,    1486,  100.0,    2.6,   46.5,    0.2,   33.0,   15.4,    3.2,   19.5,   19.0,    3.1,    9.8,    0.0,    0.8,   72.2,   88.2,   27.8,   11.8,    105,      6,      7,.,     22,     12,      6,     24,     22,     12,     12,      0,.,     71,     55,    23.2,    48.2,    35.3,    59.6,    23.1,    48.2,    32.9,    58.3,"(CONTRACTS OF CAD 100,000)",090741,CME ,090 ,F10,FutOnly
CANADIAN DOLLAR - CHICAGO MERCANTILE EXCHANGE,210209,2021-02-09,090741,CME ,00,090 ,  158454,    5063,   74802,     261,   51534,   27556,    5490,   29991,   26685,    5233,   16328,       0,    1109,  115009,  141136,   43445,   17318,     299,    1979,   -5927,     238,   -3594,    2044,     213,   -1855,    2996,     183,    -382,       0,     217,   -3001,     -36,    3300,     335,  100.0,    3.2,   47.2,    0.2,   32.5,   17.4,    3.5,   18.9,   16.8,    3.3,   10.3,    0.0,    0.7,   72.6,   89.1,   27.4,   10.9,    107,      5,      9,.,     22,     14,      7,     26,     19,     13,     12,      0,.,     70,     60,    23.2,    48.4,    34.8,    59.7,    23.1,    48.4,    32.5,    58.4,"(CONTRACTS OF CAD 100,000)",090741,CME ,090 ,F10,FutOnly
CANADIAN DOLLAR - CHICAGO MERCANTILE EXCHANGE,210202,2021-02-02,090741,CME ,00,090 ,  158155,    3084,   80729,      23,   55128,   25512,    5277,   31846,   23689,    5050,   16710,       0,     892,  118010,  141172,   40145,   16983,  -10741,     146,   -3460,      20,   -3905,    1125,     492,   -4239,   -9905,     699,    -827,       0,     -19,   -7633,  -11048,   -3108,     307,  100.0,    1.9,   51.0,    0.0,   34.9,   16.1,    3.3,   20.1,   15.0,    3.2,   10.6,    0.0,    0.6,   74.6,   89.3,   25.4,   10.7,    106,      4,     10,.,     23,     13,      7,     27,     17,     15,     12,      0,.,     71,     60,    23.5,    49.4,    34.6,    62.5,    23.4,    49.4,    32.7,    61.8,"(CONTRACTS OF CAD 100,000)",090741,CME ,090 ,F10,FutOnly
CANADIAN DOLLAR - CHICAGO MERCANTILE EXCHANGE,210126,2021-01-26,090741,CME ,00,090 ,  168896,    2938,   84189,       3,   59033,   24387,    4785,   36085,   33594,    4351,   17537,       0,     911,  125643,  152220,   43253,   16676,   14665,     132,   11064,       3,     827,   -2120,    -698,    9761,    7413,    -691,     504,       0,     267,   10105,   15238,    4560,    -573,  100.0,    1.7,   49.8,    0.0,   35.0,   14.4,    2.8,   21.4,   19.9,    2.6,   10.4,    0.0,    0.5,   74.4,   90.1,   25.6,    9.9,    110,      4,     10,.,     23,     11,      8,     25,     24,     13,     13,      0,.,     74,     60,    21.1,    46.9,    31.9,    59.2,    21.0,    46.9,    30.5,    59.1,"(CONTRACTS OF CAD 100,000)",090741,CME ,090 ,F10,FutOnly
CANADIAN DOLLAR - CHICAGO MERCANTILE EXCHANGE,210119,2021-01-19,090741,CME ,00,090 ,  154231,    2806,   73125,       0,   58206,   26507,    5483,   26324,   26181,    5042,   17033,       0,     644,  115538,  136982,   38693,   17249,   -2444,    -588,   -4106,     -90,    -851,    2829,    -192,    -769,    -597,     518,     429,    -456,     330,   -1213,   -1764,   -1231,    -680,  100.0,    1.8,   47.4,    0.0,   37.7,   17.2,    3.6,   17.1,   17.0,    3.3,   11.0,    0.0,    0.4,   74.9,   88.8,   25.1,   11.2,    104,      5,      8,      0,     22,     13,     10,     20,     22,     13,     13,      0,.,     69,     60,    23.1,    46.9,    33.9,    59.3,    22.4,    46.9,    32.0,    59.2,"(CONTRACTS OF CAD 100,000)",090741,CME ,090 ,F10,FutOnly
CANADIAN DOLLAR - CHICAGO MERCANTILE EXCHANGE,210112,2021-01-12,090741,CME ,00,090 ,  156675,    3394,   77231,      90,   59057,   23678,    5675,   27093,   26778,    4524,   16604,     456,     314,  116751,  138746,   39924,   17929,     551,     271,   -7405,     -15,   -1392,    5458,     681,    1510,    1244,    -381,     665,      17,      58,    1397,    -343,    -846,     894,  100.0,    2.2,   49.3,    0.1,   37.7,   15.1,    3.6,   17.3,   17.1,    2.9,   10.6,    0.3,    0.2,   74.5,   88.6,   25.5,   11.4,    103,      4,      9,.,     24,     11,      8,     20,     20,     13,     13,.,.,     68,     59,    22.8,    48.2,    33.0,    61.0,    21.7,    48.1,    30.8,    60.2,"(CONTRACTS OF CAD 100,000)",090741,CME ,090 ,F10,FutOnly
CANADIAN DOLLAR - CHICAGO MERCANTILE EXCHANGE,210105,2021-01-05,090741,CME ,00,090 ,  156124,    3123,   84636,     105,   60449,   18220,    4994,   25583,   25534,    4905,   15939,     439,     256,  115354,  139089,   40770,   17035,    1660,       5,   -2748,     -11,   -1106,    -307,     693,     -93,    1047,      49,    1404,       5,      26,     967,   -1246,     693,    2906,  100.0,    2.0,   54.2,    0.1,   38.7,   11.7,    3.2,   16.4,   16.4,    3.1,   10.2,    0.3,    0.2,   73.9,   89.1,   26.1,   10.9,    101,      4,     10,.,     24,      9,      7,     22,     17,     13,     13,.,.,     71,     54,    23.7,    50.8,    33.1,    62.8,    22.2,    50.7,    31.2,    62.0,"(CONTRACTS OF CAD 100,000)",090741,CME ,090 ,F10,FutOnly
SWISS FRANC - CHICAGO MERCANTILE EXCHANGE,211228,2021-12-28,092741,CME ,00,092 ,   40122,   18957,    1481,       0,    4859,   13857,    1387,    2260,    5744,      41,       0,     486,       0,   27504,   22996,   12618,   17126,    -798,    -318,     -19,       0,    -774,   -1254,     100,   -1417,     967,      39,       0,       7,       0,   -2370,    -160,    1572,    -638,  100.0,   47.2,    3.7,    0.0,   12.1,   34.5,    3.5,    5.6,   14.3,    0.1,    0.0,    1.2,    0.0,   68.6,   57.3,   31.4,   42.7,     37,.,.,      0,      5,     14,      5,.,      8,.,      0,.,      0,     16,     29,    55.1,    17.7,    63.5,    30.9,    54.8,    17.4,    62.6,    29.9,"(CONTRACTS OF CHF 125,000)",092741,CME ,092 ,F10,FutOnly
SWISS FRANC - CHICAGO MERCANTILE EXCHANGE,211221,2021-12-21,092741,CME ,00,092 ,   40920,   19275,    1500,       0,    5633,   15111,    1287,    3677,    4777,       2,       0,     479,       0,   29874,   23156,   11046,   17764,    2453,     619,       3,       0,     934,     718,     121,    1034,    1620,       1,       0,       0,       0,    2709,    2463,    -256,     -10,  100.0,   47.1,    3.7,    0.0,   13.8,   36.9,    3.1,    9.0,   11.7,    0.0,    0.0,    1.2,    0.0,   73.0,   56.6,   27.0,   43.4,     41,.,.,      0,      6,     14,      5,      4,     10,.,      0,.,      0,     17,     31,    55.2,    17.1,    65.1,    29.5,    53.6,    16.9,    62.9,    28.7,"(CONTRACTS OF CHF 125,000)",092741,CME ,092 ,F10,FutOnly
SWISS FRANC - CHICAGO MERCANTILE EXCHANGE,211214,2021-12-14,092741,CME ,00,092 ,   38467,   18656,    1497,       0,    4699,   14393,    1166,    2643,    3157,       1,       0,     479,       0,   27165,   20693,   11302,   17774,  -12762,   -7670,     -42,    -303,      97,   -1471,    -483,   -1008,   -5726,   -3001,       0,     479,       0,  -12368,  -10547,    -394,   -2215,  100.0,   48.5,    3.9,    0.0,   12.2,   37.4,    3.0,    6.9,    8.2,    0.0,    0.0,    1.2,    0.0,   70.6,   53.8,   29.4,   46.2,     36,.,.,      0,      5,     14,      5,      4,      7,.,      0,.,      0,     15,     27,    58.0,    18.1,    67.1,    30.3,    58.0,    18.1,    65.4,    29.5,"(CONTRACTS OF CHF 125,000)",092741,CME ,092 ,F10,FutOnly
SWISS FRANC - CHICAGO MERCANTILE EXCHANGE,211207,2021-12-07,092741,CME ,00,092 ,   51229,   26326,    1539,     303,    4602,   15864,    1649,    3651,    8883,    3002,       0,       0,       0,   39533,   31240,   11696,   19989,     686,    -781,     -97,    -126,     533,   -1185,     102,   -1094,    -881,    2719,       0,    -479,       0,    1353,      53,    -667,     633,  100.0,   51.4,    3.0,    0.6,    9.0,   31.0,    3.2,    7.1,   17.3,    5.9,    0.0,    0.0,    0.0,   77.2,   61.0,   22.8,   39.0,     45,      7,.,      4,      5,     14,      6,      6,     10,.,      0,      0,      0,     24,     34,    47.9,    15.6,    61.5,    28.2,    47.5,    15.2,    58.9,    27.4,"(CONTRACTS OF CHF 125,000)",092741,CME ,092 ,F10,FutOnly
SWISS FRANC - CHICAGO MERCANTILE EXCHANGE,211130,2021-11-30,092741,CME ,00,092 ,   50543,   27107,    1636,     429,    4069,   17049,    1547,    4745,    9764,     283,       0,     479,       0,   38180,   31187,   12363,   19356,   -1869,    -831,     -70,     406,     236,     389,     294,   -2901,   -1141,     259,       0,     479,       0,   -2537,     616,     668,   -2485,  100.0,   53.6,    3.2,    0.8,    8.1,   33.7,    3.1,    9.4,   19.3,    0.6,    0.0,    0.9,    0.0,   75.5,   61.7,   24.5,   38.3,     45,      7,.,.,      5,     13,      6,      4,     12,      4,      0,.,      0,     23,     34,    48.5,    19.9,    61.3,    32.6,    48.4,    19.9,    61.1,    32.6,"(CONTRACTS OF CHF 125,000)",092741,CME ,092 ,F10,FutOnly
SWISS FRANC - CHICAGO MERCANTILE EXCHANGE,211123,2021-11-23,092741,CME ,00,092 ,   52412,   27938,    1706,      23,    3833,   16660,    1253,    7646,   10905,      24,       0,       0,       0,   40717,   30571,   11695,   21841,    3092,    2454,    -367,     -12,     381,    2552,    -127,     766,    1148,     -17,       0,       0,       0,    3445,    3177,    -353,     -85,  100.0,   53.3,    3.3,    0.0,    7.3,   31.8,    2.4,   14.6,   20.8,    0.0,    0.0,    0.0,    0.0,   77.7,   58.3,   22.3,   41.7,     48,      6,.,.,      5,     14,      6,      8,     12,.,      0,      0,      0,     24,     34,    47.6,    18.3,    60.4,    30.9,    47.6,    18.2,    60.4,    30.9,"(CONTRACTS OF CHF 125,000)",092741,CME ,092 ,F10,FutOnly
SWISS FRANC - CHICAGO MERCANTILE EXCHANGE,211116,2021-11-16,092741,CME ,00,092 ,   49320,   25484,    2073,      35,    3452,   14108,    1380,    6880,    9757,      41,       0,       0,       0,   37272,   27394,   12048,   21926,   -2226,     957,    -243,       0,   -1566,    1535,    -358,     820,   -7468,     -32,       0,       0,       0,    -179,   -6566,   -2047,    4340,  100.0,   51.7,    4.2,    0.1,    7.0,   28.6,    2.8,   13.9,   19.8,    0.1,    0.0,    0.0,    0.0,   75.6,   55.5,   24.4,   44.5,     43,      6,      4,.,.,     13,      6,      7,     10,      4,      0,      0,      0,     23,     32,    47.2,    17.4,    60.8,    29.8,    47.2,    17.4,    60.4,    29.7,"(CONTRACTS OF CHF 125,000)",092741,CME ,092 ,F10,FutOnly
SWISS FRANC - CHICAGO MERCANTILE EXCHANGE,211109,2021-11-09,092741,CME ,00,092 ,   51546,   24527,    2316,      35,    5018,   12573,    1738,    6060,   17225,      73,       0,       0,       0,   37451,   33960,   14095,   17586,     -67,   -5305,     773,     -26,     803,    -419,     693,    3251,    -247,     -93,       0,       0,       0,    -677,     681,     610,    -748,  100.0,   47.6,    4.5,    0.1,    9.7,   24.4,    3.4,   11.8,   33.4,    0.1,    0.0,    0.0,    0.0,   72.7,   65.9,   27.3,   34.1,     46,      6,      4,.,      4,     12,      6,      7,     13,      4,      0,      0,      0,     25,     33,    43.6,    20.1,    56.4,    32.9,    43.6,    20.0,    56.3,    32.8,"(CONTRACTS OF CHF 125,000)",092741,CME ,092 ,F10,FutOnly
SWISS FRANC - CHICAGO MERCANTILE EXCHANGE,211102,2021-11-02,092741,CME ,00,092 ,   51613,   29832,    1543,      61,    4215,   12992,    1045,    2809,   17472,     166,       0,       0,       0,   38128,   33279,   13485,   18334,   -2692,   -8082,      -6,      -2,     850,   -2165,     292,     139,    3212,     -14,       0,       0,       0,   -6817,    1317,    4125,   -4009,  100.0,   57.8,    3.0,    0.1,    8.2,   25.2,    2.0,    5.4,   33.9,    0.3,    0.0,    0.0,    0.0,   73.9,   64.5,   26.1,   35.5,     47,      8,.,.,      5,     12,      6,      4,     16,      4,      0,      0,      0,     25,     34,    50.2,    18.1,    60.8,    31.4,    50.1,    18.1,    60.8,    31.3,"(CONTRACTS OF CHF 125,000)",092741,CME ,092 ,F10,FutOnly
SWISS FRANC - CHICAGO MERCANTILE EXCHANGE,211026,2021-10-26,092741,CME ,00,092 ,   54305,   37914,    1549,      63,    3365,   15157,     753,    2670,   14260,     180,       0,       0,       0,   44945,   31962,    9360,   22343,   -1295,   -1758,    -564,      25,     532,    -506,     118,   -1192,    1438,     169,       0,       0,       0,   -2106,     680,     811,   -1975,  100.0,   69.8,    2.9,    0.1,    6.2,   27.9,    1.4,    4.9,   26.3,    0.3,    0.0,    0.0,    0.0,   82.8,   58.9,   17.2,   41.1,     49,      9,.,.,.,     16,      5,      4,     15,      4,      0,      0,      0,     24,     36,    58.7,    17.7,    71.3,    28.8,    58.6,    17.7,    71.2,    28.8,"(CONTRACTS OF CHF 125,000)",092741,CME ,092 ,F10,FutOnly
SWISS FRANC - CHICAGO MERCANTILE EXCHANGE,211019,2021-10-19,092741,CME ,00,092 ,   55600,   39672,    2113,      38,    2833,   15663,     635,    3862,   12822,      11,       0,       0,       0,   47051,   31282,    8549,   24318,   -1741,    -689,      28,      25,     415,   -6099,    -392,   -1219,    5800,       5,       0,       0,       0,   -1855,    -633,     114,   -1108,  100.0,   71.4,    3.8,    0.1,    5.1,   28.2,    1.1,    6.9,   23.1,    0.0,    0.0,    0.0,    0.0,   84.6,   56.3,   15.4,   43.7,     52,      9,.,.,.,     16,      4,      6,     15,.,      0,      0,      0,     23,     37,    60.2,    15.6,    72.8,    26.2,    60.2,    15.6,    72.8,    26.1,"(CONTRACTS OF CHF 125,000)",092741,CME ,092 ,F10,FutOnly
SWISS FRANC - CHICAGO MERCANTILE EXCHANGE,211012,2021-10-12,092741,CME ,00,092 ,   57341,   40361,    2085,      13,    2418,   21762,    1027,    5081,    7022,       6,       0,       0,       0,   48906,   31915,    8435,   25426,    1371,    1542,     610,       0,    -242,   -1546,      47,     634,     258,       6,       0,    -472,       0,    1987,   -1097,    -616,    2468,  100.0,   70.4,    3.6,    0.0,    4.2,   38.0,    1.8,    8.9,   12.2,    0.0,    0.0,    0.0,    0.0,   85.3,   55.7,   14.7,   44.3,     52,      8,.,.,.,     21,      4,      8,      9,.,      0,      0,      0,     22,     37,    60.3,    17.4,    72.3,    27.6,    60.2,    17.3,    72.3,    27.6,"(CONTRACTS OF CHF 125,000)",092741,CME ,092 ,F10,FutOnly
SWISS FRANC - CHICAGO MERCANTILE EXCHANGE,211005,2021-10-05,092741,CME ,00,092 ,   55970,   38819,    1475,      13,    2660,   23308,     980,    4447,    6764,       0,       0,     472,       0,   46919,   33012,    9051,   22958,   -2536,    1525,    -154,       8,     496,    1945,     156,   -4700,   -2378,     -12,       0,     472,       0,   -2527,      37,      -9,   -2573,  100.0,   69.4,    2.6,    0.0,    4.8,   41.6,    1.8,    7.9,   12.1,    0.0,    0.0,    0.8,    0.0,   83.8,   59.0,   16.2,   41.0,     51,      8,.,.,.,     20,      4,      7,     10,      0,      0,.,      0,     21,     36,    60.5,    19.8,    72.3,    30.4,    60.5,    19.8,    72.1,    30.4,"(CONTRACTS OF CHF 125,000)",092741,CME ,092 ,F10,FutOnly
SWISS FRANC - CHICAGO MERCANTILE EXCHANGE,210928,2021-09-28,092741,CME ,00,092 ,   58506,   37294,    1629,       5,    2164,   21363,     824,    9147,    9142,      12,       0,       0,       0,   49446,   32975,    9060,   25531,    1668,    3554,     -17,       4,      21,     128,    -139,   -1352,     446,      -1,    -475,       0,       0,    1612,     421,      56,    1247,  100.0,   63.7,    2.8,    0.0,    3.7,   36.5,    1.4,   15.6,   15.6,    0.0,    0.0,    0.0,    0.0,   84.5,   56.4,   15.5,   43.6,     54,      7,.,.,.,     21,      5,      9,     12,.,      0,      0,      0,     26,     38,    54.8,    17.5,    68.2,    26.5,    54.8,    17.5,    68.2,    26.5,"(CONTRACTS OF CHF 125,000)",092741,CME ,092 ,F10,FutOnly
SWISS FRANC - CHICAGO MERCANTILE EXCHANGE,210921,2021-09-21,092741,CME ,00,092 ,   56838,   33740,    1646,       1,    2143,   21235,     963,   10499,    8696,      13,     475,       0,       0,   47834,   32554,    9004,   24284,   11325,   10356,     -95,       1,    -481,    7074,    -436,    1948,    1902,     -19,       0,    -642,       0,   11369,    7785,     -44,    3540,  100.0,   59.4,    2.9,    0.0,    3.8,   37.4,    1.7,   18.5,   15.3,    0.0,    0.8,    0.0,    0.0,   84.2,   57.3,   15.8,   42.7,     55,      7,.,.,.,     20,      5,      9,     13,.,.,      0,      0,     27,     37,    51.6,    15.2,    67.0,    25.5,    51.6,    15.2,    67.0,    25.5,"(CONTRACTS OF CHF 125,000)",092741,CME ,092 ,F10,FutOnly
SWISS FRANC - CHICAGO MERCANTILE EXCHANGE,210914,2021-09-14,092741,CME ,00,092 ,   45513,   23384,    1741,       0,    2624,   14161,    1399,    8551,    6794,      32,     475,     642,       0,   36465,   24769,    9048,   20744,     940,    8596,       5,    -821,     467,    1334,     -23,   -4986,      51,    -524,       0,       0,      -7,    2702,      15,   -1762,     925,  100.0,   51.4,    3.8,    0.0,    5.8,   31.1,    3.1,   18.8,   14.9,    0.1,    1.0,    1.4,    0.0,   80.1,   54.4,   19.9,   45.6,     48,      6,.,      0,.,     15,      5,     11,      8,.,.,.,      0,     27,     28,    48.8,    18.5,    60.4,    29.0,    48.8,    18.5,    60.4,    28.8,"(CONTRACTS OF CHF 125,000)",092741,CME ,092 ,F10,FutOnly
SWISS FRANC - CHICAGO MERCANTILE EXCHANGE,210907,2021-09-07,092741,CME ,00,092 ,   44573,   14788,    1736,     821,    2157,   12827,    1422,   13537,    6743,     556,     475,     642,       7,   33763,   24754,   10810,   19819,    1513,    3598,   -3356,     808,    -687,     526,     -99,   -2621,     827,     108,       0,       0,       7,    1114,   -1179,     399,    2692,  100.0,   33.2,    3.9,    1.8,    4.8,   28.8,    3.2,   30.4,   15.1,    1.2,    1.1,    1.4,    0.0,   75.7,   55.5,   24.3,   44.5,     49,      7,.,.,.,     14,      6,     11,     11,.,.,.,.,     30,     32,    35.9,    16.0,    52.2,    25.7,    34.8,    16.0,    50.4,    25.4,"(CONTRACTS OF CHF 125,000)",092741,CME ,092 ,F10,FutOnly
SWISS FRANC - CHICAGO MERCANTILE EXCHANGE,210831,2021-08-31,092741,CME ,00,092 ,   43060,   11190,    5092,      13,    2844,   12301,    1521,   16158,    5916,     448,     475,     642,       0,   32649,   25933,   10411,   17127,    -643,   -1056,      20,       0,     690,     -67,    -165,    -208,     143,     431,       0,       0,       0,    -308,     362,    -335,   -1005,  100.0,   26.0,   11.8,    0.0,    6.6,   28.6,    3.5,   37.5,   13.7,    1.0,    1.1,    1.5,    0.0,   75.8,   60.2,   24.2,   39.8,     47,      5,.,.,.,     14,      6,      9,     11,.,.,.,      0,     25,     32,    42.3,    21.5,    59.2,    31.4,    42.2,    21.4,    59.1,    30.9,"(CONTRACTS OF CHF 125,000)",092741,CME ,092 ,F10,FutOnly
SWISS FRANC - CHICAGO MERCANTILE EXCHANGE,210824,2021-08-24,092741,CME ,00,092 ,   43703,   12246,    5072,      13,    2154,   12368,    1686,   16366,    5773,      17,     475,     642,       0,   32957,   25571,   10746,   18132,    -302,     -78,     -69,       0,    -339,     820,     -23,      19,     289,    -372,       0,       0,       0,    -793,     645,     491,    -947,  100.0,   28.0,   11.6,    0.0,    4.9,   28.3,    3.9,   37.4,   13.2,    0.0,    1.1,    1.5,    0.0,   75.4,   58.5,   24.6,   41.5,     45,      6,.,.,.,     13,      6,      8,     10,.,.,.,      0,     23,     30,    42.2,    21.0,    59.3,    31.5,    42.1,    21.0,    59.3,    31.2,"(CONTRACTS OF CHF 125,000)",092741,CME ,092 ,F10,FutOnly
SWISS FRANC - CHICAGO MERCANTILE EXCHANGE,210817,2021-08-17,092741,CME ,00,092 ,   44005,   12324,    5141,      13,    2493,   11548,    1709,   16347,    5484,     389,     475,     642,       0,   33750,   24926,   10255,   19079,   -1154,     636,     -85,       0,      13,    -395,     970,   -4028,    -119,      92,       0,       0,       0,   -2317,     463,    1163,   -1617,  100.0,   28.0,   11.7,    0.0,    5.7,   26.2,    3.9,   37.1,   12.5,    0.9,    1.1,    1.5,    0.0,   76.7,   56.6,   23.3,   43.4,     45,      5,.,.,.,     15,      6,      9,      8,.,.,.,      0,     24,     30,    41.7,    19.8,    59.2,    29.9,    41.7,    19.8,    59.2,    29.9,"(CONTRACTS OF CHF 125,000)",092741,CME ,092 ,F10,FutOnly
SWISS FRANC - CHICAGO MERCANTILE EXCHANGE,210810,2021-08-10,092741,CME ,00,092 ,   45159,   11688,    5226,      13,    2480,   11943,     739,   20375,    5603,     297,     475,     642,       0,   36067,   24463,    9092,   20696,    2703,    3796,    -574,      13,     -90,    1257,    -354,    2025,       3,     286,       0,       0,       0,    5676,     631,   -2973,    2072,  100.0,   25.9,   11.6,    0.0,    5.5,   26.4,    1.6,   45.1,   12.4,    0.7,    1.1,    1.4,    0.0,   79.9,   54.2,   20.1,   45.8,     49,      6,.,.,.,     14,      6,     12,      9,.,.,.,      0,     29,     30,    40.1,    17.9,    56.1,    27.8,    40.0,    17.9,    56.0,    27.6,"(CONTRACTS OF CHF 125,000)",092741,CME ,092 ,F10,FutOnly
SWISS FRANC - CHICAGO MERCANTILE EXCHANGE,210803,2021-08-03,092741,CME ,00,092 ,   42456,    7892,    5800,       0,    2570,   10686,    1093,   18350,    5600,      11,     475,     642,       0,   30391,   23832,   12065,   18624,   -2328,   -3103,     -62,       0,     399,   -1976,    -864,   -1946,     975,     -52,       0,       0,       0,   -5566,   -1979,    3238,    -349,  100.0,   18.6,   13.7,    0.0,    6.1,   25.2,    2.6,   43.2,   13.2,    0.0,    1.1,    1.5,    0.0,   71.6,   56.1,   28.4,   43.9,     44,      5,      4,      0,      4,     12,      6,      9,      8,.,.,.,      0,     24,     27,    38.8,    20.1,    54.4,    31.0,    38.8,    20.1,    54.4,    30.9,"(CONTRACTS OF CHF 125,000)",092741,CME ,092 ,F10,FutOnly
SWISS FRANC - CHICAGO MERCANTILE EXCHANGE,210727,2021-07-27,092741,CME ,00,092 ,   44784,   10995,    5862,       0,    2171,   12662,    1957,   20296,    4625,      63,     475,     642,       0,   35957,   25811,    8827,   18973,      49,   -1078,      29,       0,    -453,     -35,     429,    -214,     428,      56,     475,       0,       0,    -785,     907,     834,    -858,  100.0,   24.6,   13.1,    0.0,    4.8,   28.3,    4.4,   45.3,   10.3,    0.1,    1.1,    1.4,    0.0,   80.3,   57.6,   19.7,   42.4,     48,      5,      4,      0,.,     14,      7,     12,      8,.,.,.,      0,     28,     30,    40.2,    19.3,    58.7,    29.8,    40.1,    19.3,    58.6,    29.8,"(CONTRACTS OF CHF 125,000)",092741,CME ,092 ,F10,FutOnly
SWISS FRANC - CHICAGO MERCANTILE EXCHANGE,210720,2021-07-20,092741,CME ,00,092 ,   44735,   12073,    5833,       0,    2624,   12697,    1528,   20510,    4197,       7,       0,     642,       0,   36742,   24904,    7993,   19831,    -969,    -557,    -154,       0,     323,    -337,     167,      -5,   -2224,     -65,       0,       0,       0,    -137,   -2613,    -832,    1644,  100.0,   27.0,   13.0,    0.0,    5.9,   28.4,    3.4,   45.8,    9.4,    0.0,    0.0,    1.4,    0.0,   82.1,   55.7,   17.9,   44.3,     47,      5,      4,      0,      5,     12,      6,     13,      7,.,      0,.,      0,     27,     28,    41.0,    21.3,    60.4,    31.8,    41.0,    21.3,    60.3,    31.7,"(CONTRACTS OF CHF 125,000)",092741,CME ,092 ,F10,FutOnly
SWISS FRANC - CHICAGO MERCANTILE EXCHANGE,210713,2021-07-13,092741,CME ,00,092 ,   45704,   12630,    5987,       0,    2301,   13034,    1361,   20515,    6421,      72,       0,     642,       0,   36879,   27517,    8825,   18187,     965,    2411,     187,     -13,     116,     258,     496,   -1220,    1216,     -55,       0,       0,       0,    1735,    2089,    -770,   -1124,  100.0,   27.6,   13.1,    0.0,    5.0,   28.5,    3.0,   44.9,   14.0,    0.2,    0.0,    1.4,    0.0,   80.7,   60.2,   19.3,   39.8,     51,      7,      4,      0,      4,     14,      6,     12,      9,      4,      0,.,      0,     28,     33,    39.3,    20.7,    56.7,    30.3,    39.3,    20.7,    56.7,    30.3,"(CONTRACTS OF CHF 125,000)",092741,CME ,092 ,F10,FutOnly
SWISS FRANC - CHICAGO MERCANTILE EXCHANGE,210706,2021-07-06,092741,CME ,00,092 ,   44739,   10219,    5800,      13,    2185,   12776,     865,   21735,    5205,     127,       0,     642,       0,   35144,   25428,    9595,   19311,    2055,    3109,    -677,       0,    -404,    2476,     340,     288,    -698,      -8,       0,       0,       0,    3325,    1433,   -1270,     622,  100.0,   22.8,   13.0,    0.0,    4.9,   28.6,    1.9,   48.6,   11.6,    0.3,    0.0,    1.4,    0.0,   78.6,   56.8,   21.4,   43.2,     50,      7,.,.,.,     15,      5,     13,      8,.,      0,.,      0,     28,     30,    39.5,    21.3,    55.4,    30.9,    39.3,    21.3,    55.2,    30.9,"(CONTRACTS OF CHF 125,000)",092741,CME ,092 ,F10,FutOnly
SWISS FRANC - CHICAGO MERCANTILE EXCHANGE,210629,2021-06-29,092741,CME ,00,092 ,   42684,    7110,    6477,      13,    2589,   10300,     525,   21447,    5903,     135,       0,     642,       0,   31819,   23995,   10865,   18689,     795,    2616,       0,      13,    -349,     806,    -165,   -1567,    -465,      58,       0,       2,       0,     606,     249,     189,     546,  100.0,   16.7,   15.2,    0.0,    6.1,   24.1,    1.2,   50.2,   13.8,    0.3,    0.0,    1.5,    0.0,   74.5,   56.2,   25.5,   43.8,     47,      6,.,.,.,     13,      4,     13,      8,.,      0,.,      0,     27,     28,    39.8,    22.5,    53.7,    31.7,    39.7,    22.5,    53.6,    31.7,"(CONTRACTS OF CHF 125,000)",092741,CME ,092 ,F10,FutOnly
SWISS FRANC - CHICAGO MERCANTILE EXCHANGE,210622,2021-06-22,092741,CME ,00,092 ,   41889,    4494,    6477,       0,    2938,    9494,     690,   23014,    6368,      77,       0,     640,       0,   31213,   23746,   10676,   18143,    4832,    3059,    -192,       0,   -2259,    1586,      76,    8153,    1083,      76,       0,       0,       0,    9105,    2629,   -4273,    2203,  100.0,   10.7,   15.5,    0.0,    7.0,   22.7,    1.6,   54.9,   15.2,    0.2,    0.0,    1.5,    0.0,   74.5,   56.7,   25.5,   43.3,     49,      4,      4,      0,      4,     12,      5,     15,      9,.,      0,.,      0,     29,     28,    40.2,    22.3,    52.9,    31.7,    40.1,    22.3,    52.8,    31.5,"(CONTRACTS OF CHF 125,000)",092741,CME ,092 ,F10,FutOnly
SWISS FRANC - CHICAGO MERCANTILE EXCHANGE,210615,2021-06-15,092741,CME ,00,092 ,   37057,    1435,    6669,       0,    5197,    7908,     614,   14861,    5285,       1,       0,     640,       0,   22108,   21117,   14949,   15940,  -12145,   -8311,   -4154,   -2114,   -1188,     902,     179,    2011,   -6322,    -740,       0,       0,      -9,  -10172,  -12258,   -1973,     113,  100.0,    3.9,   18.0,    0.0,   14.0,   21.3,    1.7,   40.1,   14.3,    0.0,    0.0,    1.7,    0.0,   59.7,   57.0,   40.3,   43.0,     38,.,      4,      0,      5,     10,      5,      9,      7,.,      0,.,      0,     19,     25,    34.3,    26.9,    48.6,    37.1,    34.3,    26.9,    48.1,    37.1,"(CONTRACTS OF CHF 125,000)",092741,CME ,092 ,F10,FutOnly
SWISS FRANC - CHICAGO MERCANTILE EXCHANGE,210608,2021-06-08,092741,CME ,00,092 ,   49202,    9746,   10823,    2114,    6385,    7006,     435,   12850,   11607,     741,       0,     640,       9,   32280,   33375,   16922,   15827,    3198,    -168,     549,    1941,    -312,    -601,     284,    -935,     195,     437,       0,       0,       0,    1247,    2805,    1951,     393,  100.0,   19.8,   22.0,    4.3,   13.0,   14.2,    0.9,   26.1,   23.6,    1.5,    0.0,    1.3,    0.0,   65.6,   67.8,   34.4,   32.2,     48,      4,      7,.,      4,      9,      4,      8,     15,.,      0,.,.,     25,     34,    39.1,    22.6,    54.1,    32.2,    35.2,    22.6,    50.2,    31.8,"(CONTRACTS OF CHF 125,000)",092741,CME ,092 ,F10,FutOnly
SWISS FRANC - CHICAGO MERCANTILE EXCHANGE,210601,2021-06-01,092741,CME ,00,092 ,   46004,    9914,   10274,     173,    6697,    7607,     151,   13785,   11412,     304,       0,     640,       9,   31033,   30570,   14971,   15434,    2483,   -1447,    2055,     103,     746,     -21,    -157,    1255,     536,     236,       0,      -3,       9,     745,    2758,    1738,    -275,  100.0,   21.6,   22.3,    0.4,   14.6,   16.5,    0.3,   30.0,   24.8,    0.7,    0.0,    1.4,    0.0,   67.5,   66.5,   32.5,   33.5,     51,      4,      7,.,      4,      9,.,     10,     16,      4,      0,.,.,     26,     34,    38.3,    24.2,    54.2,    34.8,    38.1,    24.1,    54.0,    34.6,"(CONTRACTS OF CHF 125,000)",092741,CME ,092 ,F10,FutOnly
SWISS FRANC - CHICAGO MERCANTILE EXCHANGE,210525,2021-05-25,092741,CME ,00,092 ,   43521,   11361,    8219,      70,    5951,    7628,     308,   12530,   10876,      68,       0,     643,       0,   30288,   27812,   13233,   15709,    -641,    -105,    1305,       0,     542,    -391,      18,     873,   -1343,    -143,       0,       0,       0,    1185,    -554,   -1826,     -87,  100.0,   26.1,   18.9,    0.2,   13.7,   17.5,    0.7,   28.8,   25.0,    0.2,    0.0,    1.5,    0.0,   69.6,   63.9,   30.4,   36.1,     51,      5,      6,.,      4,     10,.,     10,     15,.,      0,.,      0,     25,     32,    42.5,    22.1,    57.2,    33.6,    42.5,    22.1,    57.2,    33.5,"(CONTRACTS OF CHF 125,000)",092741,CME ,092 ,F10,FutOnly
SWISS FRANC - CHICAGO MERCANTILE EXCHANGE,210518,2021-05-18,092741,CME ,00,092 ,   44162,   11466,    6914,      70,    5409,    8019,     290,   11657,   12219,     211,       0,     643,       0,   29103,   28366,   15059,   15796,    2577,     -57,     961,       0,    1063,    -345,     284,     119,    1999,     -29,       0,       0,       0,    1380,    2870,    1197,    -293,  100.0,   26.0,   15.7,    0.2,   12.2,   18.2,    0.7,   26.4,   27.7,    0.5,    0.0,    1.5,    0.0,   65.9,   64.2,   34.1,   35.8,     48,      4,      5,.,      5,     10,.,      8,     15,      5,      0,.,      0,     25,     31,    42.9,    19.4,    56.1,    30.9,    42.9,    19.4,    56.1,    30.8,"(CONTRACTS OF CHF 125,000)",092741,CME ,092 ,F10,FutOnly
SWISS FRANC - CHICAGO MERCANTILE EXCHANGE,210511,2021-05-11,092741,CME ,00,092 ,   41585,   11523,    5953,      70,    4346,    8364,       6,   11538,   10220,     240,       0,     643,       0,   27723,   25496,   13862,   16089,    2059,   -2057,    1495,      70,    1346,      54,      -9,    -403,    2873,      18,       0,       0,       0,   -1035,    4501,    3094,   -2442,  100.0,   27.7,   14.3,    0.2,   10.5,   20.1,    0.0,   27.7,   24.6,    0.6,    0.0,    1.5,    0.0,   66.7,   61.3,   33.3,   38.7,     47,      4,      5,.,      4,     10,.,      8,     15,      5,      0,.,      0,     24,     31,    45.3,    16.9,    58.2,    27.5,    45.3,    16.9,    58.2,    27.5,"(CONTRACTS OF CHF 125,000)",092741,CME ,092 ,F10,FutOnly
SWISS FRANC - CHICAGO MERCANTILE EXCHANGE,210504,2021-05-04,092741,CME ,00,092 ,   39526,   13580,    4458,       0,    3000,    8310,      15,   11941,    7347,     222,       0,     643,       0,   28758,   20995,   10768,   18531,   -1257,      -9,    1261,       0,   -1252,    -848,    -313,    -307,    -379,     -18,       0,       0,       0,   -1899,    -297,     642,    -960,  100.0,   34.4,   11.3,    0.0,    7.6,   21.0,    0.0,   30.2,   18.6,    0.6,    0.0,    1.6,    0.0,   72.8,   53.1,   27.2,   46.9,     41,      5,      4,      0,.,     10,.,      8,     10,      4,      0,.,      0,     19,     28,    50.6,    17.2,    62.6,    27.5,    50.5,    17.2,    62.5,    27.0,"(CONTRACTS OF CHF 125,000)",092741,CME ,092 ,F10,FutOnly
SWISS FRANC - CHICAGO MERCANTILE EXCHANGE,210427,2021-04-27,092741,CME ,00,092 ,   40783,   13589,    3197,       0,    4252,    9158,     328,   12248,    7726,     240,       0,     643,       0,   30657,   21292,   10126,   19491,    -483,   -1379,     926,       0,     823,    -997,       0,    -619,     165,     116,       0,       0,       0,   -1059,     210,     576,    -693,  100.0,   33.3,    7.8,    0.0,   10.4,   22.5,    0.8,   30.0,   18.9,    0.6,    0.0,    1.6,    0.0,   75.2,   52.2,   24.8,   47.8,     44,      5,      4,      0,      4,     12,.,      8,     10,.,      0,.,      0,     21,     28,    49.4,    15.1,    62.8,    24.9,    49.4,    14.9,    62.8,    24.4,"(CONTRACTS OF CHF 125,000)",092741,CME ,092 ,F10,FutOnly
SWISS FRANC - CHICAGO MERCANTILE EXCHANGE,210420,2021-04-20,092741,CME ,00,092 ,   41266,   14968,    2271,       0,    3429,   10155,     328,   12867,    7561,     124,       0,     643,       0,   31716,   21082,    9550,   20184,   -1157,    -487,       3,       0,    1405,   -1379,     -16,   -1701,    1414,       1,       0,       0,       0,    -798,      23,    -359,   -1180,  100.0,   36.3,    5.5,    0.0,    8.3,   24.6,    0.8,   31.2,   18.3,    0.3,    0.0,    1.6,    0.0,   76.9,   51.1,   23.1,   48.9,     43,      6,.,      0,.,     12,.,      8,     10,      4,      0,.,      0,     22,     27,    50.3,    15.7,    64.7,    26.4,    50.3,    15.7,    64.6,    26.3,"(CONTRACTS OF CHF 125,000)",092741,CME ,092 ,F10,FutOnly
SWISS FRANC - CHICAGO MERCANTILE EXCHANGE,210413,2021-04-13,092741,CME ,00,092 ,   42423,   15455,    2268,       0,    2024,   11534,     344,   14568,    6147,     123,       0,     643,       0,   32514,   21059,    9909,   21364,   -1254,     860,     423,     -13,    -391,   -1796,      11,   -2745,    1673,     -37,       0,       0,       0,   -2315,     261,    1061,   -1515,  100.0,   36.4,    5.3,    0.0,    4.8,   27.2,    0.8,   34.3,   14.5,    0.3,    0.0,    1.5,    0.0,   76.6,   49.6,   23.4,   50.4,     44,      6,.,      0,.,     12,.,     11,      9,.,      0,.,      0,     23,     26,    50.1,    17.8,    64.0,    27.1,    50.1,    17.8,    63.8,    27.0,"(CONTRACTS OF CHF 125,000)",092741,CME ,092 ,F10,FutOnly
SWISS FRANC - CHICAGO MERCANTILE EXCHANGE,210406,2021-04-06,092741,CME ,00,092 ,   43677,   14595,    1845,      13,    2415,   13330,     333,   17313,    4474,     160,       0,     643,       0,   34829,   20798,    8848,   22879,     907,    1967,     137,       1,      90,    1432,    -142,    -486,     197,      43,       0,       0,       0,    1473,    1668,    -566,    -761,  100.0,   33.4,    4.2,    0.0,    5.5,   30.5,    0.8,   39.6,   10.2,    0.4,    0.0,    1.5,    0.0,   79.7,   47.6,   20.3,   52.4,     44,      5,.,.,.,     13,.,     12,      7,.,      0,.,      0,     23,     27,    48.0,    19.4,    63.2,    28.5,    47.8,    19.4,    62.9,    28.4,"(CONTRACTS OF CHF 125,000)",092741,CME ,092 ,F10,FutOnly
SWISS FRANC - CHICAGO MERCANTILE EXCHANGE,210330,2021-03-30,092741,CME ,00,092 ,   42770,   12628,    1708,      12,    2325,   11898,     475,   17799,    4277,     117,       0,     643,       0,   33356,   19130,    9414,   23640,    4468,    1347,     349,     -46,    -106,    1266,      99,    3234,     555,       0,       0,       0,       0,    4528,    2223,     -60,    2245,  100.0,   29.5,    4.0,    0.0,    5.4,   27.8,    1.1,   41.6,   10.0,    0.3,    0.0,    1.5,    0.0,   78.0,   44.7,   22.0,   55.3,     41,      4,.,.,.,     11,.,     12,      7,.,      0,.,      0,     22,     25,    49.7,    19.2,    64.3,    27.6,    49.5,    19.2,    64.1,    27.5,"(CONTRACTS OF CHF 125,000)",092741,CME ,092 ,F10,FutOnly
SWISS FRANC - CHICAGO MERCANTILE EXCHANGE,210323,2021-03-23,092741,CME ,00,092 ,   38302,   11281,    1359,      58,    2431,   10632,     376,   14565,    3722,     117,       0,     643,       0,   28828,   16907,    9474,   21395,     317,     156,      16,      -3,     120,     676,    -100,    -885,     462,      34,       0,       0,       0,    -678,    1085,     995,    -768,  100.0,   29.5,    3.5,    0.2,    6.3,   27.8,    1.0,   38.0,    9.7,    0.3,    0.0,    1.7,    0.0,   75.3,   44.1,   24.7,   55.9,     38,      4,.,.,.,     11,.,     10,      7,.,      0,.,      0,     20,     24,    53.6,    18.9,    64.5,    27.3,    53.4,    18.9,    64.3,    27.3,"(CONTRACTS OF CHF 125,000)",092741,CME ,092 ,F10,FutOnly
SWISS FRANC - CHICAGO MERCANTILE EXCHANGE,210316,2021-03-16,092741,CME ,00,092 ,   37985,   11125,    1343,      61,    2311,    9956,     476,   15450,    3260,      83,       0,     643,       0,   29506,   15822,    8479,   22163,  -19363,   -6065,  -18178,    -788,    -130,     305,    -175,   -9686,   -2437,    -998,       0,       0,      -6,  -17848,  -22277,   -1515,    2914,  100.0,   29.3,    3.5,    0.2,    6.1,   26.2,    1.3,   40.7,    8.6,    0.2,    0.0,    1.7,    0.0,   77.7,   41.7,   22.3,   58.3,     38,.,.,.,.,     11,.,     12,      5,.,      0,.,      0,     21,     23,    51.0,    17.4,    63.9,    25.5,    50.7,    17.4,    63.7,    25.5,"(CONTRACTS OF CHF 125,000)",092741,CME ,092 ,F10,FutOnly
SWISS FRANC - CHICAGO MERCANTILE EXCHANGE,210309,2021-03-09,092741,CME ,00,092 ,   57348,   17190,   19521,     849,    2441,    9651,     651,   25136,    5697,    1081,       0,     643,       6,   47354,   38099,    9994,   19249,    4641,    3969,     101,     792,   -1317,    2114,     347,    2077,   -1556,     301,       0,       0,       0,    6169,    2099,   -1528,    2542,  100.0,   30.0,   34.0,    1.5,    4.3,   16.8,    1.1,   43.8,    9.9,    1.9,    0.0,    1.1,    0.0,   82.6,   66.4,   17.4,   33.6,     53,      7,      8,.,.,     12,      5,     15,      7,.,      0,.,.,     33,     32,    42.0,    34.9,    58.0,    43.2,    42.0,    34.8,    57.9,    43.1,"(CONTRACTS OF CHF 125,000)",092741,CME ,092 ,F10,FutOnly
SWISS FRANC - CHICAGO MERCANTILE EXCHANGE,210302,2021-03-02,092741,CME ,00,092 ,   52707,   13221,   19420,      57,    3758,    7537,     304,   23059,    7253,     780,       0,     643,       6,   41185,   36000,   11522,   16707,    -295,    3847,   -1909,      47,    -394,     341,    -166,     629,    -548,     -92,       0,       1,       6,    3877,   -2320,   -4172,    2025,  100.0,   25.1,   36.8,    0.1,    7.1,   14.3,    0.6,   43.7,   13.8,    1.5,    0.0,    1.2,    0.0,   78.1,   68.3,   21.9,   31.7,     55,      7,      7,.,      5,      9,      4,     17,      9,      4,      0,.,.,     35,     32,    37.3,    37.8,    52.2,    46.6,    37.2,    37.8,    52.1,    46.5,"(CONTRACTS OF CHF 125,000)",092741,CME ,092 ,F10,FutOnly
SWISS FRANC - CHICAGO MERCANTILE EXCHANGE,210223,2021-02-23,092741,CME ,00,092 ,   53002,    9374,   21329,      10,    4152,    7196,     470,   22430,    7801,     872,       0,     642,       0,   37308,   38320,   15694,   14682,    4909,    2207,    -439,       3,   -1077,     473,      31,    5779,    2167,     333,       0,       0,       0,    7276,    2568,   -2367,    2341,  100.0,   17.7,   40.2,    0.0,    7.8,   13.6,    0.9,   42.3,   14.7,    1.6,    0.0,    1.2,    0.0,   70.4,   72.3,   29.6,   27.7,     51,      6,      7,.,      6,      8,.,     13,     10,      4,      0,.,      0,     31,     29,    38.6,    39.7,    51.9,    49.3,    38.4,    39.7,    51.7,    49.3,"(CONTRACTS OF CHF 125,000)",092741,CME ,092 ,F10,FutOnly
SWISS FRANC - CHICAGO MERCANTILE EXCHANGE,210216,2021-02-16,092741,CME ,00,092 ,   48093,    7167,   21768,       7,    5229,    6723,     439,   16651,    5634,     539,       0,     642,       0,   30032,   35752,   18061,   12341,    -563,     175,      -7,       0,     520,      17,      53,   -3050,      26,     455,       0,       0,       0,   -1847,     544,    1284,   -1107,  100.0,   14.9,   45.3,    0.0,   10.9,   14.0,    0.9,   34.6,   11.7,    1.1,    0.0,    1.3,    0.0,   62.4,   74.3,   37.6,   25.7,     47,      6,      7,.,      8,      7,      4,     10,      8,      4,      0,.,      0,     28,     28,    32.0,    44.3,    43.1,    54.6,    31.9,    44.2,    43.0,    54.6,"(CONTRACTS OF CHF 125,000)",092741,CME ,092 ,F10,FutOnly
SWISS FRANC - CHICAGO MERCANTILE EXCHANGE,210209,2021-02-09,092741,CME ,00,092 ,   48656,    6992,   21775,       7,    4709,    6706,     386,   19701,    5608,      84,       0,     642,       0,   31879,   35208,   16777,   13448,   -2176,    4027,    -695,       0,    -294,     831,    -231,   -2839,    -705,     -10,       0,       0,       0,     653,    -810,   -2829,   -1366,  100.0,   14.4,   44.8,    0.0,    9.7,   13.8,    0.8,   40.5,   11.5,    0.2,    0.0,    1.3,    0.0,   65.5,   72.4,   34.5,   27.6,     48,      6,      7,.,      7,      7,.,     13,      7,.,      0,.,      0,     30,     25,    32.7,    43.6,    43.4,    53.9,    32.6,    43.6,    43.3,    53.9,"(CONTRACTS OF CHF 125,000)",092741,CME ,092 ,F10,FutOnly
SWISS FRANC - CHICAGO MERCANTILE EXCHANGE,210202,2021-02-02,092741,CME ,00,092 ,   50832,    2965,   22470,       7,    5003,    5875,     617,   22540,    6313,      94,       0,     642,       0,   31226,   36018,   19606,   14814,    2495,    1253,     -71,       0,   -2055,    -545,     236,    5754,     -54,      41,       0,       0,       0,    5229,    -393,   -2734,    2888,  100.0,    5.8,   44.2,    0.0,    9.8,   11.6,    1.2,   44.3,   12.4,    0.2,    0.0,    1.3,    0.0,   61.4,   70.9,   38.6,   29.1,     48,      4,      7,.,      7,      6,      4,     15,      8,.,      0,.,      0,     30,     25,    32.3,    43.4,    40.6,    52.9,    32.2,    43.4,    40.5,    52.9,"(CONTRACTS OF CHF 125,000)",092741,CME ,092 ,F10,FutOnly
SWISS FRANC - CHICAGO MERCANTILE EXCHANGE,210126,2021-01-26,092741,CME ,00,092 ,   48337,    1712,   22541,       7,    7058,    6420,     381,   16786,    6367,      53,       0,     642,       0,   25997,   36411,   22340,   11926,    -193,     369,     -64,       1,   -1643,     944,    -153,     679,   -1035,      34,       0,       1,       0,    -713,    -272,     520,      79,  100.0,    3.5,   46.6,    0.0,   14.6,   13.3,    0.8,   34.7,   13.2,    0.1,    0.0,    1.3,    0.0,   53.8,   75.3,   46.2,   24.7,     44,.,      7,.,      9,      6,.,     11,      7,.,      0,.,      0,     28,     23,    25.9,    45.7,    35.1,    56.5,    25.9,    45.6,    35.1,    56.5,"(CONTRACTS OF CHF 125,000)",092741,CME ,092 ,F10,FutOnly
SWISS FRANC - CHICAGO MERCANTILE EXCHANGE,210119,2021-01-19,092741,CME ,00,092 ,   48530,    1343,   22605,       6,    8701,    5476,     534,   16107,    7402,      19,       0,     641,       0,   26710,   36683,   21820,   11847,   -1634,    -120,   -1183,     -63,     129,    -108,     162,   -2615,    -354,      -9,       0,     157,       0,   -2516,   -1398,     882,    -236,  100.0,    2.8,   46.6,    0.0,   17.9,   11.3,    1.1,   33.2,   15.3,    0.0,    0.0,    1.3,    0.0,   55.0,   75.6,   45.0,   24.4,     45,.,      7,.,     11,      5,.,     11,      8,.,      0,.,      0,     29,     22,    26.3,    45.6,    35.3,    56.4,    26.3,    45.5,    35.3,    56.4,"(CONTRACTS OF CHF 125,000)",092741,CME ,092 ,F10,FutOnly
SWISS FRANC - CHICAGO MERCANTILE EXCHANGE,210112,2021-01-12,092741,CME ,00,092 ,   50164,    1463,   23788,      69,    8572,    5584,     372,   18722,    7756,      28,       0,     484,       0,   29226,   38081,   20938,   12083,    1136,     562,     188,       1,   -1250,     208,    -150,    3403,     406,      24,       0,       0,       0,    2590,     677,   -1454,     459,  100.0,    2.9,   47.4,    0.1,   17.1,   11.1,    0.7,   37.3,   15.5,    0.1,    0.0,    1.0,    0.0,   58.3,   75.9,   41.7,   24.1,     47,.,      8,.,     12,      5,.,     11,      8,.,      0,.,      0,     31,     24,    29.8,    45.7,    38.6,    56.9,    29.8,    45.7,    38.5,    56.9,"(CONTRACTS OF CHF 125,000)",092741,CME ,092 ,F10,FutOnly
SWISS FRANC - CHICAGO MERCANTILE EXCHANGE,210105,2021-01-05,092741,CME ,00,092 ,   49028,     901,   23600,      68,    9822,    5376,     522,   15319,    7350,       4,       0,     484,       0,   26636,   37404,   22392,   11624,   -3376,     400,   -1683,      -1,      16,     189,     174,   -4327,   -1632,    -180,       0,       0,       0,   -3918,   -3133,     542,    -243,  100.0,    1.8,   48.1,    0.1,   20.0,   11.0,    1.1,   31.2,   15.0,    0.0,    0.0,    1.0,    0.0,   54.3,   76.3,   45.7,   23.7,     44,.,      8,.,     12,      5,.,      9,      7,.,      0,.,      0,     29,     22,    25.7,    47.4,    35.0,    57.5,    25.7,    47.4,    35.0,    57.5,"(CONTRACTS OF CHF 125,000)",092741,CME ,092 ,F10,FutOnly
BRITISH POUND STERLING - CHICAGO MERCANTILE EXCHANGE,211228,2021-12-28,096742,CME ,00,096 ,  205378,  109263,   20658,    3750,   33119,   93269,    4004,   25821,   39881,    3624,    3606,    8619,       0,  183187,  173805,   22191,   31573,   -2369,  -11981,    8803,    1577,    2624,  -17148,     569,    2852,    6080,    1039,       0,    -184,       0,   -3320,     736,     951,   -3105,  100.0,   53.2,   10.1,    1.8,   16.1,   45.4,    1.9,   12.6,   19.4,    1.8,    1.8,    4.2,    0.0,   89.2,   84.6,   10.8,   15.4,    123,      7,      7,      4,     14,     34,     14,     21,     30,     15,      4,      6,      0,     62,     94,    60.6,    18.6,    69.3,    28.4,    59.4,    18.5,    67.9,    27.9,"(CONTRACTS OF GBP 62,500)",096742,CME ,096 ,F10,FutOnly
BRITISH POUND STERLING - CHICAGO MERCANTILE EXCHANGE,211221,2021-12-21,096742,CME ,00,096 ,  207747,  121244,   11855,    2173,   30495,  110417,    3435,   22969,   33801,    2585,    3606,    8803,       0,  186507,  173069,   21240,   34678,   -5463,      44,    1575,    -279,     555,   -4547,     149,   -7812,    2075,     175,       0,     -62,       0,   -7168,    -914,    1705,   -4549,  100.0,   58.4,    5.7,    1.0,   14.7,   53.1,    1.7,   11.1,   16.3,    1.2,    1.7,    4.2,    0.0,   89.8,   83.3,   10.2,   16.7,    119,      8,      6,      4,      8,     38,     12,     20,     29,     13,      4,      6,      0,     54,     94,    62.7,    21.6,    71.2,    30.9,    62.0,    21.5,    70.3,    30.8,"(CONTRACTS OF GBP 62,500)",096742,CME ,096 ,F10,FutOnly
BRITISH POUND STERLING - CHICAGO MERCANTILE EXCHANGE,211214,2021-12-14,096742,CME ,00,096 ,  213210,  121200,   10280,    2452,   29940,  114964,    3286,   30781,   31726,    2410,    3606,    8865,       0,  193675,  173983,   19535,   39227,  -25100,    6571,    2180,  -11865,    -183,    4091,    -716,  -11431,  -15268,   -3248,       0,     609,       0,  -20872,  -24217,   -4228,    -883,  100.0,   56.8,    4.8,    1.1,   14.0,   53.9,    1.5,   14.4,   14.9,    1.1,    1.7,    4.2,    0.0,   90.8,   81.6,    9.2,   18.4,    120,      8,      5,      4,      9,     40,     12,     21,     27,     10,      4,      6,      0,     53,     93,    61.7,    22.7,    70.2,    31.9,    61.0,    22.6,    69.2,    31.8,"(CONTRACTS OF GBP 62,500)",096742,CME ,096 ,F10,FutOnly
BRITISH POUND STERLING - CHICAGO MERCANTILE EXCHANGE,211207,2021-12-07,096742,CME ,00,096 ,  238310,  114629,    8100,   14317,   30123,  110873,    4002,   42212,   46994,    5658,    3606,    8256,       0,  214547,  198200,   23763,   40110,    7887,    2302,    -841,   13171,   -2718,   -1890,     304,   -5011,   -3984,   -1666,     106,     -80,       0,    6488,    5014,    1399,    2873,  100.0,   48.1,    3.4,    6.0,   12.6,   46.5,    1.7,   17.7,   19.7,    2.4,    1.5,    3.5,    0.0,   90.0,   83.2,   10.0,   16.8,    126,     13,      5,      7,     11,     35,     13,     22,     31,     20,      4,      5,      0,     70,     96,    39.6,    20.2,    54.5,    32.6,    35.3,    19.8,    50.1,    30.1,"(CONTRACTS OF GBP 62,500)",096742,CME ,096 ,F10,FutOnly
BRITISH POUND STERLING - CHICAGO MERCANTILE EXCHANGE,211130,2021-11-30,096742,CME ,00,096 ,  230423,  112327,    8941,    1146,   32841,  112763,    3698,   47223,   50978,    7324,    3500,    8336,       0,  208059,  193186,   22364,   37237,   17110,   19655,   -3741,     375,   -4123,   13374,    -208,    2141,    4266,    -624,       0,     125,       0,   17216,   13567,    -106,    3543,  100.0,   48.7,    3.9,    0.5,   14.3,   48.9,    1.6,   20.5,   22.1,    3.2,    1.5,    3.6,    0.0,   90.3,   83.8,    9.7,   16.2,    131,     11,      6,      4,     11,     35,     12,     28,     31,     19,      4,      5,      0,     68,     98,    33.6,    20.6,    49.7,    31.6,    33.4,    20.5,    48.8,    31.5,"(CONTRACTS OF GBP 62,500)",096742,CME ,096 ,F10,FutOnly
BRITISH POUND STERLING - CHICAGO MERCANTILE EXCHANGE,211123,2021-11-23,096742,CME ,00,096 ,  213313,   92672,   12682,     771,   36964,   99389,    3906,   45082,   46712,    7948,    3500,    8211,       0,  190843,  179619,   22470,   33694,    6214,    4915,   -1581,     -66,    -390,    5114,     870,    1322,     995,     419,      -4,    -326,       0,    7066,    5425,    -852,     789,  100.0,   43.4,    5.9,    0.4,   17.3,   46.6,    1.8,   21.1,   21.9,    3.7,    1.6,    3.8,    0.0,   89.5,   84.2,   10.5,   15.8,    133,     10,      7,      4,     13,     36,     14,     26,     32,     19,      4,      5,      0,     68,    102,    31.7,    19.2,    49.0,    30.1,    31.5,    19.0,    48.4,    29.8,"(CONTRACTS OF GBP 62,500)",096742,CME ,096 ,F10,FutOnly
BRITISH POUND STERLING - CHICAGO MERCANTILE EXCHANGE,211116,2021-11-16,096742,CME ,00,096 ,  207099,   87757,   14263,     837,   37354,   94275,    3036,   43760,   45717,    7529,    3504,    8537,       0,  183777,  174194,   23322,   32905,   20201,   27947,   -1946,     -61,   -3660,   12632,     230,   -3059,    5345,      52,     -60,    1009,       0,   21389,   17261,   -1188,    2940,  100.0,   42.4,    6.9,    0.4,   18.0,   45.5,    1.5,   21.1,   22.1,    3.6,    1.7,    4.1,    0.0,   88.7,   84.1,   11.3,   15.9,    137,     10,      6,      4,     14,     34,     13,     26,     37,     19,      4,      6,      0,     67,    106,    31.2,    19.0,    48.6,    29.8,    31.2,    18.8,    48.4,    29.7,"(CONTRACTS OF GBP 62,500)",096742,CME ,096 ,F10,FutOnly
BRITISH POUND STERLING - CHICAGO MERCANTILE EXCHANGE,211109,2021-11-09,096742,CME ,00,096 ,  186898,   59810,   16209,     898,   41014,   81643,    2806,   46819,   40372,    7477,    3564,    7528,       0,  162388,  156933,   24510,   29965,   20118,   29938,  -16738,    -631,   -5428,   30545,   -1851,   -2748,    6420,    3211,     410,    -195,       0,   22901,   20761,   -2783,    -643,  100.0,   32.0,    8.7,    0.5,   21.9,   43.7,    1.5,   25.1,   21.6,    4.0,    1.9,    4.0,    0.0,   86.9,   84.0,   13.1,   16.0,    125,      9,      6,      4,     13,     36,     12,     23,     30,     19,      4,      4,      0,     65,     95,    27.8,    17.0,    46.1,    28.7,    27.8,    17.0,    45.9,    28.6,"(CONTRACTS OF GBP 62,500)",096742,CME ,096 ,F10,FutOnly
BRITISH POUND STERLING - CHICAGO MERCANTILE EXCHANGE,211102,2021-11-02,096742,CME ,00,096 ,  166780,   29872,   32947,    1529,   46442,   51098,    4657,   49567,   33952,    4266,    3154,    7723,       0,  139487,  136172,   27293,   30608,   10285,    6075,   -1011,     521,   -3882,    9303,     -78,    6520,   -1708,    1282,       0,     107,       0,   10438,    8416,    -153,    1869,  100.0,   17.9,   19.8,    0.9,   27.8,   30.6,    2.8,   29.7,   20.4,    2.6,    1.9,    4.6,    0.0,   83.6,   81.6,   16.4,   18.4,    121,      7,      8,      4,     18,     31,     13,     28,     22,     15,.,      4,      0,     70,     83,    23.3,    20.7,    40.6,    32.2,    23.1,    20.4,    40.3,    31.9,"(CONTRACTS OF GBP 62,500)",096742,CME ,096 ,F10,FutOnly
BRITISH POUND STERLING - CHICAGO MERCANTILE EXCHANGE,211026,2021-10-26,096742,CME ,00,096 ,  156495,   23797,   33958,    1008,   50324,   41795,    4735,   43047,   35660,    2984,    3154,    7616,       0,  129049,  127756,   27446,   28739,   -2466,   -6485,    2599,     122,    2937,   -8365,     231,    1083,    -122,     120,       0,    1364,       0,   -1992,   -4051,    -474,    1585,  100.0,   15.2,   21.7,    0.6,   32.2,   26.7,    3.0,   27.5,   22.8,    1.9,    2.0,    4.9,    0.0,   82.5,   81.6,   17.5,   18.4,    119,      6,      8,      4,     21,     27,     13,     21,     29,     10,.,      4,      0,     67,     79,    24.9,    20.1,    41.4,    31.4,    24.7,    20.0,    41.2,    31.3,"(CONTRACTS OF GBP 62,500)",096742,CME ,096 ,F10,FutOnly
BRITISH POUND STERLING - CHICAGO MERCANTILE EXCHANGE,211019,2021-10-19,096742,CME ,00,096 ,  158961,   30282,   31359,     886,   47387,   50160,    4504,   41964,   35782,    2864,    3154,    6252,       0,  131041,  131807,   27920,   27154,  -13868,  -21849,    8398,       6,    6028,  -22330,    -710,    -311,    5643,    -174,       0,    1135,       0,  -17010,   -8032,    3142,   -5836,  100.0,   19.0,   19.7,    0.6,   29.8,   31.6,    2.8,   26.4,   22.5,    1.8,    2.0,    3.9,    0.0,   82.4,   82.9,   17.6,   17.1,    120,      6,      8,      4,     19,     30,     12,     20,     29,     11,.,      5,      0,     65,     82,    23.9,    18.6,    42.1,    29.7,    23.7,    18.2,    41.7,    29.4,"(CONTRACTS OF GBP 62,500)",096742,CME ,096 ,F10,FutOnly
BRITISH POUND STERLING - CHICAGO MERCANTILE EXCHANGE,211012,2021-10-12,096742,CME ,00,096 ,  172829,   52131,   22961,     880,   41359,   72490,    5214,   42275,   30139,    3038,    3154,    5117,       0,  148051,  139839,   24778,   32990,   -9509,   -8658,     187,      27,    1028,  -12755,    1628,   -2920,    -536,     289,       0,       0,       0,   -8606,  -11160,    -903,    1651,  100.0,   30.2,   13.3,    0.5,   23.9,   41.9,    3.0,   24.5,   17.4,    1.8,    1.8,    3.0,    0.0,   85.7,   80.9,   14.3,   19.1,    121,      7,      8,      4,     15,     32,     11,     24,     28,     14,.,      4,      0,     64,     86,    30.5,    18.5,    48.4,    30.2,    30.4,    18.5,    48.0,    29.8,"(CONTRACTS OF GBP 62,500)",096742,CME ,096 ,F10,FutOnly
BRITISH POUND STERLING - CHICAGO MERCANTILE EXCHANGE,211005,2021-10-05,096742,CME ,00,096 ,  182338,   60789,   22774,     853,   40331,   85245,    3586,   45195,   30675,    2749,    3154,    5117,       0,  156657,  150999,   25681,   31339,   10565,   22777,    -544,      75,   -4277,   11513,    -111,   -6204,    1057,    -409,       4,      -9,       0,   11855,   11572,   -1290,   -1007,  100.0,   33.3,   12.5,    0.5,   22.1,   46.8,    2.0,   24.8,   16.8,    1.5,    1.7,    2.8,    0.0,   85.9,   82.8,   14.1,   17.2,    121,      8,      7,      4,     15,     30,     12,     25,     29,     15,.,      4,      0,     67,     85,    31.0,    20.2,    48.3,    32.1,    30.9,    19.9,    48.0,    31.7,"(CONTRACTS OF GBP 62,500)",096742,CME ,096 ,F10,FutOnly
BRITISH POUND STERLING - CHICAGO MERCANTILE EXCHANGE,210928,2021-09-28,096742,CME ,00,096 ,  171773,   38012,   23318,     778,   44608,   73732,    3697,   51399,   29618,    3158,    3150,    5126,       0,  144802,  139427,   26971,   32346,   11865,    7783,      55,      86,   -3689,     245,    -172,    5939,    5651,     707,     458,      20,       0,   11112,    6592,     753,    5273,  100.0,   22.1,   13.6,    0.5,   26.0,   42.9,    2.2,   29.9,   17.2,    1.8,    1.8,    3.0,    0.0,   84.3,   81.2,   15.7,   18.8,    126,      8,      6,      4,     17,     29,     12,     30,     27,     16,      5,      4,      0,     75,     83,    22.8,    20.1,    40.8,    31.6,    22.8,    19.7,    40.5,    31.1,"(CONTRACTS OF GBP 62,500)",096742,CME ,096 ,F10,FutOnly
BRITISH POUND STERLING - CHICAGO MERCANTILE EXCHANGE,210921,2021-09-21,096742,CME ,00,096 ,  159908,   30229,   23263,     692,   48297,   73487,    3869,   45460,   23967,    2451,    2692,    5106,       0,  133690,  132835,   26218,   27073,   17301,   18212,   -7037,     -86,   -1590,   15941,     910,    9333,    2618,    2214,   -5314,     -23,       0,   23679,   14537,   -6378,    2764,  100.0,   18.9,   14.5,    0.4,   30.2,   46.0,    2.4,   28.4,   15.0,    1.5,    1.7,    3.2,    0.0,   83.6,   83.1,   16.4,   16.9,    120,      9,      5,.,     16,     31,     13,     31,     21,     19,      4,.,      0,     75,     80,    25.3,    23.0,    38.4,    36.6,    25.1,    22.5,    38.1,    36.1,"(CONTRACTS OF GBP 62,500)",096742,CME ,096 ,F10,FutOnly
BRITISH POUND STERLING - CHICAGO MERCANTILE EXCHANGE,210914,2021-09-14,096742,CME ,00,096 ,  142607,   12017,   30300,     778,   49887,   57546,    2959,   36127,   21349,     237,    8006,    5129,       0,  110011,  118298,   32596,   24309,  -58782,  -47853,  -25615,  -10959,   -2670,   -4327,    -351,    6578,  -10419,   -5565,    -440,       5,       0,  -61260,  -57231,    2478,   -1551,  100.0,    8.4,   21.2,    0.5,   35.0,   40.4,    2.1,   25.3,   15.0,    0.2,    5.6,    3.6,    0.0,   77.1,   83.0,   22.9,   17.0,    107,      5,     10,.,     17,     26,     11,     24,     17,      8,      4,      4,      0,     62,     67,    28.6,    20.9,    44.5,    35.5,    28.5,    20.4,    44.2,    34.9,"(CONTRACTS OF GBP 62,500)",096742,CME ,096 ,F10,FutOnly
BRITISH POUND STERLING - CHICAGO MERCANTILE EXCHANGE,210907,2021-09-07,096742,CME ,00,096 ,  201389,   59870,   55915,   11737,   52557,   61873,    3310,   29549,   31768,    5802,    8446,    5124,       0,  171271,  175529,   30118,   25860,    7379,    1849,   -1241,    6281,    1211,   -4025,     274,   -7315,    4781,    3958,      -5,      18,       0,    6253,   10046,    1126,   -2667,  100.0,   29.7,   27.8,    5.8,   26.1,   30.7,    1.6,   14.7,   15.8,    2.9,    4.2,    2.5,    0.0,   85.0,   87.2,   15.0,   12.8,    118,      8,      9,      7,     18,     28,     14,     20,     23,     20,      5,      4,      0,     72,     87,    38.0,    28.1,    53.5,    38.3,    35.8,    28.0,    51.2,    38.0,"(CONTRACTS OF GBP 62,500)",096742,CME ,096 ,F10,FutOnly
BRITISH POUND STERLING - CHICAGO MERCANTILE EXCHANGE,210831,2021-08-31,096742,CME ,00,096 ,  194010,   58021,   57156,    5456,   51346,   65898,    3036,   36864,   26987,    1844,    8451,    5106,       0,  165018,  165483,   28992,   28527,   -2356,   -4450,    3778,    2742,    1021,   -1455,    -952,   -3244,   -6115,    -153,     -10,       0,       0,   -5046,   -2155,    2690,    -201,  100.0,   29.9,   29.5,    2.8,   26.5,   34.0,    1.6,   19.0,   13.9,    1.0,    4.4,    2.6,    0.0,   85.1,   85.3,   14.9,   14.7,    118,      6,     11,      7,     17,     29,     14,     25,     21,     16,      5,.,      0,     73,     82,    39.7,    30.9,    53.6,    41.2,    37.5,    30.9,    51.0,    41.2,"(CONTRACTS OF GBP 62,500)",096742,CME ,096 ,F10,FutOnly
BRITISH POUND STERLING - CHICAGO MERCANTILE EXCHANGE,210824,2021-08-24,096742,CME ,00,096 ,  196366,   62471,   53378,    2714,   50325,   67353,    3988,   40108,   33102,    1997,    8461,    5106,       0,  170064,  167638,   26302,   28728,   17981,   12747,   -1305,     -30,   10225,   10811,     609,    -729,   10444,   -2181,       5,     469,       0,   20646,   18817,   -2665,    -836,  100.0,   31.8,   27.2,    1.4,   25.6,   34.3,    2.0,   20.4,   16.9,    1.0,    4.3,    2.6,    0.0,   86.6,   85.4,   13.4,   14.6,    120,      7,      9,      4,     17,     30,     15,     20,     28,     16,      5,.,      0,     70,     85,    39.6,    29.6,    53.8,    39.6,    38.7,    29.5,    52.5,    39.6,"(CONTRACTS OF GBP 62,500)",096742,CME ,096 ,F10,FutOnly
BRITISH POUND STERLING - CHICAGO MERCANTILE EXCHANGE,210817,2021-08-17,096742,CME ,00,096 ,  178385,   49724,   54683,    2744,   40100,   56542,    3379,   40837,   22658,    4178,    8456,    4637,       0,  149418,  148821,   28967,   29564,    -490,    5734,   -3534,    -715,   -1700,    5364,   -2423,   -1846,   -2470,    1418,     -38,       0,       0,     430,   -2360,    -920,    1870,  100.0,   27.9,   30.7,    1.5,   22.5,   31.7,    1.9,   22.9,   12.7,    2.3,    4.7,    2.6,    0.0,   83.8,   83.4,   16.2,   16.6,    112,      5,     10,      4,     17,     27,     13,     25,     21,     17,      5,.,      0,     68,     78,    35.4,    30.6,    48.8,    41.6,    34.6,    30.6,    47.6,    41.6,"(CONTRACTS OF GBP 62,500)",096742,CME ,096 ,F10,FutOnly
BRITISH POUND STERLING - CHICAGO MERCANTILE EXCHANGE,210810,2021-08-10,096742,CME ,00,096 ,  178875,   43990,   58217,    3459,   41800,   51178,    5802,   42683,   25128,    2760,    8494,    4637,       0,  148988,  151181,   29887,   27694,   -1998,   -2649,    3858,     -24,    -516,    -956,     501,    -266,   -6546,     838,      -8,    -650,    -465,   -2589,   -3444,     591,    1446,  100.0,   24.6,   32.5,    1.9,   23.4,   28.6,    3.2,   23.9,   14.0,    1.5,    4.7,    2.6,    0.0,   83.3,   84.5,   16.7,   15.5,    110,      4,     11,      4,     19,     25,     14,     26,     18,     17,      5,.,      0,     69,     76,    32.5,    29.9,    46.7,    40.8,    31.2,    29.9,    44.6,    40.8,"(CONTRACTS OF GBP 62,500)",096742,CME ,096 ,F10,FutOnly
BRITISH POUND STERLING - CHICAGO MERCANTILE EXCHANGE,210803,2021-08-03,096742,CME ,00,096 ,  180873,   46639,   54359,    3483,   42316,   52134,    5301,   42949,   31674,    1922,    8502,    5287,     465,  151577,  154625,   29296,   26248,   -4500,  -17195,    2669,    1731,    6015,   -6161,     188,    1313,    -225,     -35,    1158,       0,      -9,   -6834,   -1842,    2334,   -2658,  100.0,   25.8,   30.1,    1.9,   23.4,   28.8,    2.9,   23.7,   17.5,    1.1,    4.7,    2.9,    0.3,   83.8,   85.5,   16.2,   14.5,    117,      5,     10,      5,     18,     27,     14,     22,     27,     12,      6,.,.,     68,     81,    33.0,    28.5,    46.5,    39.7,    31.8,    28.5,    45.0,    39.6,"(CONTRACTS OF GBP 62,500)",096742,CME ,096 ,F10,FutOnly
BRITISH POUND STERLING - CHICAGO MERCANTILE EXCHANGE,210727,2021-07-27,096742,CME ,00,096 ,  185373,   63834,   51690,    1752,   36301,   58295,    5113,   41636,   31899,    1957,    7344,    5287,     474,  158411,  156467,   26962,   28906,   -3414,   -2229,    2706,     214,    -667,   -5156,    -964,   -1571,    1384,    -613,    4173,    -937,     212,   -1445,   -3154,   -1969,    -260,  100.0,   34.4,   27.9,    0.9,   19.6,   31.4,    2.8,   22.5,   17.2,    1.1,    4.0,    2.9,    0.3,   85.5,   84.4,   14.5,   15.6,    117,      6,      9,      5,     16,     29,     14,     25,     24,     15,      6,.,.,     68,     84,    37.7,    28.1,    50.9,    39.4,    36.8,    28.1,    49.6,    39.2,"(CONTRACTS OF GBP 62,500)",096742,CME ,096 ,F10,FutOnly
BRITISH POUND STERLING - CHICAGO MERCANTILE EXCHANGE,210720,2021-07-20,096742,CME ,00,096 ,  188787,   66063,   48984,    1538,   36968,   63451,    6077,   43207,   30515,    2570,    3171,    6224,     262,  159856,  159621,   28931,   29166,   16442,   21725,   -3139,     -46,   -2713,   10946,     296,   -1306,    4948,    -110,     315,     445,     262,   18423,   13602,   -1981,    2840,  100.0,   35.0,   25.9,    0.8,   19.6,   33.6,    3.2,   22.9,   16.2,    1.4,    1.7,    3.3,    0.1,   84.7,   84.6,   15.3,   15.4,    123,      7,      7,      5,     17,     31,     14,     23,     29,     15,      5,      4,.,     69,     89,    37.0,    28.4,    50.1,    39.6,    36.2,    28.3,    48.8,    39.5,"(CONTRACTS OF GBP 62,500)",096742,CME ,096 ,F10,FutOnly
BRITISH POUND STERLING - CHICAGO MERCANTILE EXCHANGE,210713,2021-07-13,096742,CME ,00,096 ,  172345,   44338,   52123,    1584,   39681,   52505,    5781,   44513,   25567,    2680,    2856,    5779,       0,  141433,  146019,   30912,   26326,   -6438,    6543,   -1572,    -621,     -20,    -881,   -1234,  -10823,      66,    -868,    -193,   -1052,    -293,   -7509,   -6455,    1071,      17,  100.0,   25.7,   30.2,    0.9,   23.0,   30.5,    3.4,   25.8,   14.8,    1.6,    1.7,    3.4,    0.0,   82.1,   84.7,   17.9,   15.3,    111,      7,      6,      4,     16,     27,     14,     28,     20,     17,      4,.,      0,     68,     78,    33.0,    30.5,    45.3,    42.8,    32.1,    30.5,    44.0,    42.6,"(CONTRACTS OF GBP 62,500)",096742,CME ,096 ,F10,FutOnly
BRITISH POUND STERLING - CHICAGO MERCANTILE EXCHANGE,210706,2021-07-06,096742,CME ,00,096 ,  178783,   37795,   53695,    2205,   39701,   53386,    7015,   55336,   25501,    3548,    3049,    6831,     293,  148942,  152474,   29841,   26309,    9553,    8903,   -2406,     345,   -4683,    5969,     458,    6788,   -1296,    1871,    -236,     412,     293,   13739,    5646,   -4186,    3907,  100.0,   21.1,   30.0,    1.2,   22.2,   29.9,    3.9,   31.0,   14.3,    2.0,    1.7,    3.8,    0.2,   83.3,   85.3,   16.7,   14.7,    121,      5,      7,      5,     16,     28,     15,     32,     22,     21,      5,      6,.,     73,     90,    32.2,    31.3,    44.4,    43.3,    31.3,    31.2,    43.2,    43.1,"(CONTRACTS OF GBP 62,500)",096742,CME ,096 ,F10,FutOnly
BRITISH POUND STERLING - CHICAGO MERCANTILE EXCHANGE,210629,2021-06-29,096742,CME ,00,096 ,  169230,   28892,   56101,    1860,   44384,   47417,    6557,   48548,   26797,    1677,    3285,    6419,       0,  135203,  146828,   34027,   22402,   -2050,   -3069,   -1335,     312,     625,    -841,    -701,     -80,    2636,    -704,      10,       0,       0,   -3607,    -633,    1557,   -1417,  100.0,   17.1,   33.2,    1.1,   26.2,   28.0,    3.9,   28.7,   15.8,    1.0,    1.9,    3.8,    0.0,   79.9,   86.8,   20.1,   13.2,    118,      4,      8,      4,     17,     28,     15,     29,     22,     18,      6,      4,      0,     71,     84,    29.8,    33.8,    41.7,    45.6,    28.8,    33.6,    40.2,    45.5,"(CONTRACTS OF GBP 62,500)",096742,CME ,096 ,F10,FutOnly
BRITISH POUND STERLING - CHICAGO MERCANTILE EXCHANGE,210622,2021-06-22,096742,CME ,00,096 ,  171280,   31961,   57436,    1548,   43759,   48258,    7258,   48628,   24161,    2381,    3275,    6419,       0,  138810,  147461,   32470,   23819,   15221,   27491,     450,    -257,  -12231,    5452,    -676,    4496,    5092,    1675,     300,       0,       0,   20798,   11736,   -5577,    3485,  100.0,   18.7,   33.5,    0.9,   25.5,   28.2,    4.2,   28.4,   14.1,    1.4,    1.9,    3.7,    0.0,   81.0,   86.1,   19.0,   13.9,    114,      5,      8,      5,     17,     26,     14,     30,     19,     13,      5,      4,      0,     72,     74,    29.5,    34.3,    41.1,    46.0,    28.2,    34.2,    39.8,    45.9,"(CONTRACTS OF GBP 62,500)",096742,CME ,096 ,F10,FutOnly
BRITISH POUND STERLING - CHICAGO MERCANTILE EXCHANGE,210615,2021-06-15,096742,CME ,00,096 ,  156059,    4470,   56986,    1805,   55990,   42806,    7934,   44132,   19069,     706,    2975,    6419,       0,  118012,  135725,   38047,   20334,  -15543,    2081,    1949,   -3293,  -12877,   -1254,      74,    1053,   -8955,   -3037,     437,      38,       0,  -15562,  -14478,      19,   -1065,  100.0,    2.9,   36.5,    1.2,   35.9,   27.4,    5.1,   28.3,   12.2,    0.5,    1.9,    4.1,    0.0,   75.6,   87.0,   24.4,   13.0,    111,      6,      6,.,     21,     24,     15,     26,     19,     10,      5,      4,      0,     69,     70,    22.9,    38.1,    34.3,    50.8,    22.3,    37.9,    33.3,    50.6,"(CONTRACTS OF GBP 62,500)",096742,CME ,096 ,F10,FutOnly
BRITISH POUND STERLING - CHICAGO MERCANTILE EXCHANGE,210608,2021-06-08,096742,CME ,00,096 ,  171602,    2389,   55037,    5098,   68867,   44060,    7860,   43079,   28024,    3743,    2538,    6381,       0,  133574,  150203,   38028,   21399,   -2900,    -745,     467,    3635,   -4573,   -2981,    2446,   -2894,   -7644,    1454,     200,    -300,       0,    -477,   -2923,   -2423,      23,  100.0,    1.4,   32.1,    3.0,   40.1,   25.7,    4.6,   25.1,   16.3,    2.2,    1.5,    3.7,    0.0,   77.8,   87.5,   22.2,   12.5,    119,.,     11,      8,     22,     25,     15,     28,     23,     17,      4,      4,      0,     76,     83,    28.2,    28.7,    38.6,    41.5,    27.6,    28.3,    37.6,    41.2,"(CONTRACTS OF GBP 62,500)",096742,CME ,096 ,F10,FutOnly
BRITISH POUND STERLING - CHICAGO MERCANTILE EXCHANGE,210601,2021-06-01,096742,CME ,00,096 ,  174502,    3134,   54570,    1463,   73440,   47041,    5414,   45973,   35668,    2289,    2338,    6681,       0,  134051,  153126,   40451,   21376,    5130,     424,    -302,     333,    6485,   -1967,     239,   -2930,    5792,    1116,       0,       0,       0,    5667,    5211,    -537,     -81,  100.0,    1.8,   31.3,    0.8,   42.1,   27.0,    3.1,   26.3,   20.4,    1.3,    1.3,    3.8,    0.0,   76.8,   87.8,   23.2,   12.2,    122,      4,      9,      5,     23,     25,     12,     26,     27,     12,      4,      4,      0,     71,     80,    29.1,    27.4,    40.2,    40.3,    28.6,    27.1,    39.5,    39.9,"(CONTRACTS OF GBP 62,500)",096742,CME ,096 ,F10,FutOnly
BRITISH POUND STERLING - CHICAGO MERCANTILE EXCHANGE,210525,2021-05-25,096742,CME ,00,096 ,  169372,    2710,   54872,    1130,   66955,   49008,    5175,   48903,   29876,    1173,    2338,    6681,       0,  128384,  147915,   40988,   21457,   -3774,    -682,    2667,    -166,    -520,   -1493,    -260,    -688,   -4237,    -189,       0,       0,       0,   -2505,   -3678,   -1269,     -96,  100.0,    1.6,   32.4,    0.7,   39.5,   28.9,    3.1,   28.9,   17.6,    0.7,    1.4,    3.9,    0.0,   75.8,   87.3,   24.2,   12.7,    112,.,      8,      5,     20,     23,     12,     26,     23,     12,      4,      4,      0,     67,     74,    28.8,    30.8,    40.6,    43.5,    28.6,    30.6,    40.0,    43.2,"(CONTRACTS OF GBP 62,500)",096742,CME ,096 ,F10,FutOnly
BRITISH POUND STERLING - CHICAGO MERCANTILE EXCHANGE,210518,2021-05-18,096742,CME ,00,096 ,  173146,    3392,   52205,    1296,   67475,   50501,    5435,   49591,   34113,    1362,    2338,    6681,       0,  130889,  151593,   42257,   21553,    -814,     298,    -597,     403,    2634,   -1934,     658,   -2560,    1878,    -416,    -329,       0,       0,     688,      -8,   -1502,    -806,  100.0,    2.0,   30.2,    0.7,   39.0,   29.2,    3.1,   28.6,   19.7,    0.8,    1.4,    3.9,    0.0,   75.6,   87.6,   24.4,   12.4,    113,      4,      7,      5,     20,     24,     11,     26,     24,     13,      4,      4,      0,     69,     73,    27.1,    29.8,    39.0,    43.0,    26.9,    29.7,    38.4,    42.9,"(CONTRACTS OF GBP 62,500)",096742,CME ,096 ,F10,FutOnly
BRITISH POUND STERLING - CHICAGO MERCANTILE EXCHANGE,210511,2021-05-11,096742,CME ,00,096 ,  173960,    3094,   52802,     893,   64841,   52435,    4777,   52151,   32235,    1778,    2667,    6681,       0,  130201,  151601,   43759,   22359,   21219,    -631,   15850,     549,   11174,     768,    -584,    5900,    3510,     674,     430,       0,       0,   17512,   20767,    3707,     452,  100.0,    1.8,   30.4,    0.5,   37.3,   30.1,    2.7,   30.0,   18.5,    1.0,    1.5,    3.8,    0.0,   74.8,   87.1,   25.2,   12.9,    110,.,      7,      4,     21,     24,     11,     23,     23,     12,      5,      4,      0,     68,     69,    26.8,    30.4,    38.8,    43.8,    26.7,    30.3,    38.1,    43.7,"(CONTRACTS OF GBP 62,500)",096742,CME ,096 ,F10,FutOnly
BRITISH POUND STERLING - CHICAGO MERCANTILE EXCHANGE,210504,2021-05-04,096742,CME ,00,096 ,  152741,    3725,   36952,     344,   53667,   51667,    5361,   46251,   28725,    1104,    2237,    6681,       0,  112689,  130834,   40052,   21907,   -8510,    1399,  -10660,    -720,   -4724,     503,     -73,   -5424,    1582,    -433,     145,       0,       0,   -9830,   -9801,    1320,    1291,  100.0,    2.4,   24.2,    0.2,   35.1,   33.8,    3.5,   30.3,   18.8,    0.7,    1.5,    4.4,    0.0,   73.8,   85.7,   26.2,   14.3,    107,.,      6,.,     21,     24,     14,     23,     22,     11,      4,      4,      0,     64,     71,    29.4,    30.8,    40.5,    44.5,    28.8,    30.6,    39.3,    44.4,"(CONTRACTS OF GBP 62,500)",096742,CME ,096 ,F10,FutOnly
BRITISH POUND STERLING - CHICAGO MERCANTILE EXCHANGE,210427,2021-04-27,096742,CME ,00,096 ,  161251,    2326,   47612,    1064,   58391,   51164,    5434,   51675,   27143,    1537,    2092,    6681,       0,  122519,  140635,   38732,   20616,   -2995,      46,    1250,     290,    2788,      -7,    -201,   -3705,   -3976,    -818,      40,       0,       0,   -1560,   -3462,   -1435,     467,  100.0,    1.4,   29.5,    0.7,   36.2,   31.7,    3.4,   32.0,   16.8,    1.0,    1.3,    4.1,    0.0,   76.0,   87.2,   24.0,   12.8,    111,.,      7,      4,     24,     23,     12,     26,     21,      9,      4,      4,      0,     68,     68,    27.8,    31.2,    38.3,    46.4,    27.3,    31.1,    37.3,    45.8,"(CONTRACTS OF GBP 62,500)",096742,CME ,096 ,F10,FutOnly
BRITISH POUND STERLING - CHICAGO MERCANTILE EXCHANGE,210420,2021-04-20,096742,CME ,00,096 ,  164246,    2280,   46362,     774,   55603,   51171,    5635,   55380,   31119,    2355,    2052,    6681,       0,  124079,  144097,   40167,   20149,   15461,    -989,    9048,    -412,    6427,    1491,    -817,    8509,    8040,     728,    -930,       0,       0,   12516,   18078,    2945,   -2617,  100.0,    1.4,   28.2,    0.5,   33.9,   31.2,    3.4,   33.7,   18.9,    1.4,    1.2,    4.1,    0.0,   75.5,   87.7,   24.5,   12.3,    117,.,      8,      5,     23,     24,     13,     27,     25,     12,      4,      4,      0,     72,     75,    27.5,    28.6,    37.8,    43.5,    27.0,    28.3,    37.3,    43.2,"(CONTRACTS OF GBP 62,500)",096742,CME ,096 ,F10,FutOnly
BRITISH POUND STERLING - CHICAGO MERCANTILE EXCHANGE,210413,2021-04-13,096742,CME ,00,096 ,  148785,    3269,   37314,    1186,   49176,   49680,    6452,   46871,   23079,    1627,    2982,    6681,       0,  111563,  126019,   37222,   22766,    8229,   -1652,    4374,      78,   -1105,    2412,    1012,    6389,    1256,    1115,     130,       0,       0,    5967,   10247,    2262,   -2018,  100.0,    2.2,   25.1,    0.8,   33.1,   33.4,    4.3,   31.5,   15.5,    1.1,    2.0,    4.5,    0.0,   75.0,   84.7,   25.0,   15.3,    104,.,      8,      4,     21,     21,     12,     26,     18,     10,      4,      4,      0,     67,     63,    29.1,    31.1,    40.3,    45.3,    28.5,    30.9,    39.8,    45.2,"(CONTRACTS OF GBP 62,500)",096742,CME ,096 ,F10,FutOnly
BRITISH POUND STERLING - CHICAGO MERCANTILE EXCHANGE,210406,2021-04-06,096742,CME ,00,096 ,  140556,    4921,   32940,    1108,   50281,   47268,    5440,   40482,   21823,     512,    2852,    6681,       0,  105596,  115772,   34960,   24784,     777,    -793,     875,    -297,    2407,     676,    -423,    -539,    2525,    -244,    -100,     454,       0,      11,    3566,     766,   -2789,  100.0,    3.5,   23.4,    0.8,   35.8,   33.6,    3.9,   28.8,   15.5,    0.4,    2.0,    4.8,    0.0,   75.1,   82.4,   24.9,   17.6,    108,      4,      7,      4,     21,     21,     11,     29,     18,      9,      4,      4,      0,     69,     63,    26.6,    31.5,    36.2,    45.8,    26.1,    31.3,    35.6,    45.4,"(CONTRACTS OF GBP 62,500)",096742,CME ,096 ,F10,FutOnly
BRITISH POUND STERLING - CHICAGO MERCANTILE EXCHANGE,210330,2021-03-30,096742,CME ,00,096 ,  139779,    5714,   32065,    1405,   47874,   46592,    5863,   41021,   19298,     756,    2952,    6227,       0,  105585,  112206,   34194,   27573,   -6333,     396,   -2238,     513,   -6007,    1473,    -120,     297,   -8299,    -211,     524,       0,       0,   -4608,   -8882,   -1725,    2549,  100.0,    4.1,   22.9,    1.0,   34.2,   33.3,    4.2,   29.3,   13.8,    0.5,    2.1,    4.5,    0.0,   75.5,   80.3,   24.5,   19.7,     99,      4,      6,      4,     19,     20,     11,     27,     16,     10,      4,.,      0,     65,     59,    26.8,    31.5,    37.2,    45.9,    26.2,    31.3,    36.7,    45.5,"(CONTRACTS OF GBP 62,500)",096742,CME ,096 ,F10,FutOnly
BRITISH POUND STERLING - CHICAGO MERCANTILE EXCHANGE,210323,2021-03-23,096742,CME ,00,096 ,  146112,    5318,   34303,     892,   53881,   45119,    5983,   40724,   27597,     967,    2428,    6227,       0,  110193,  121088,   35919,   25024,   -1923,    2536,   -6951,     582,   -4711,   -1180,     863,     -98,    3487,      84,    -775,       0,       0,   -1519,   -3115,    -404,    1192,  100.0,    3.6,   23.5,    0.6,   36.9,   30.9,    4.1,   27.9,   18.9,    0.7,    1.7,    4.3,    0.0,   75.4,   82.9,   24.6,   17.1,    105,      4,      5,.,     20,     20,     12,     25,     25,     10,.,.,      0,     65,     65,    25.9,    30.3,    36.9,    45.5,    25.4,    30.2,    36.3,    44.8,"(CONTRACTS OF GBP 62,500)",096742,CME ,096 ,F10,FutOnly
BRITISH POUND STERLING - CHICAGO MERCANTILE EXCHANGE,210316,2021-03-16,096742,CME ,00,096 ,  148035,    2782,   41254,     310,   58592,   46299,    5120,   40822,   24110,     883,    3203,    6227,       0,  111712,  124203,   36323,   23832,  -33338,   -7182,   -3620,  -18427,    4668,   -3499,     289,   -6518,     220,   -6364,      85,       0,       0,  -33449,  -31401,     111,   -1937,  100.0,    1.9,   27.9,    0.2,   39.6,   31.3,    3.5,   27.6,   16.3,    0.6,    2.2,    4.2,    0.0,   75.5,   83.9,   24.5,   16.1,    103,.,      7,.,     21,     18,     12,     26,     21,      8,      4,.,      0,     65,     60,    26.8,    34.5,    38.0,    49.7,    26.3,    34.1,    37.4,    49.3,"(CONTRACTS OF GBP 62,500)",096742,CME ,096 ,F10,FutOnly
BRITISH POUND STERLING - CHICAGO MERCANTILE EXCHANGE,210309,2021-03-09,096742,CME ,00,096 ,  181373,    9964,   44874,   18737,   53924,   49798,    4831,   47340,   23890,    7247,    3118,    6227,       0,  145161,  155604,   36212,   25769,   12010,    -103,   -6292,   15678,   -3266,   -1232,     466,   -5176,   -1989,    4142,     211,    -466,       0,   11952,   10307,      58,    1703,  100.0,    5.5,   24.7,   10.3,   29.7,   27.5,    2.7,   26.1,   13.2,    4.0,    1.7,    3.4,    0.0,   80.0,   85.8,   20.0,   14.2,    112,      5,     11,      8,     17,     22,     13,     31,     19,     17,      4,.,      0,     77,     73,    28.5,    30.8,    41.2,    44.2,    21.8,    26.9,    33.7,    39.2,"(CONTRACTS OF GBP 62,500)",096742,CME ,096 ,F10,FutOnly
BRITISH POUND STERLING - CHICAGO MERCANTILE EXCHANGE,210302,2021-03-02,096742,CME ,00,096 ,  169363,   10067,   51166,    3059,   57190,   51030,    4365,   52516,   25879,    3105,    2907,    6693,       0,  133209,  145297,   36154,   24066,   -7358,   -1455,     157,    1081,   -3260,    3106,    -543,    1854,   -9033,    -657,   -1114,     226,       0,   -4094,   -5663,   -3264,   -1695,  100.0,    5.9,   30.2,    1.8,   33.8,   30.1,    2.6,   31.0,   15.3,    1.8,    1.7,    4.0,    0.0,   78.7,   85.8,   21.3,   14.2,    116,      4,     12,      6,     18,     20,     13,     34,     21,     16,.,      4,      0,     77,     74,    23.6,    30.0,    36.6,    43.3,    23.3,    29.6,    36.4,    42.9,"(CONTRACTS OF GBP 62,500)",096742,CME ,096 ,F10,FutOnly
BRITISH POUND STERLING - CHICAGO MERCANTILE EXCHANGE,210223,2021-02-23,096742,CME ,00,096 ,  176721,   11522,   51009,    1978,   60450,   47924,    4908,   50662,   34912,    3762,    4021,    6467,       0,  137303,  150960,   39418,   25761,    5503,    -939,    4631,    -213,    1557,   -3679,     753,    4458,    3168,     849,    1078,       0,       0,    7543,    5509,   -2040,      -6,  100.0,    6.5,   28.9,    1.1,   34.2,   27.1,    2.8,   28.7,   19.8,    2.1,    2.3,    3.7,    0.0,   77.7,   85.4,   22.3,   14.6,    118,      5,     11,      5,     21,     18,     14,     29,     27,     11,      4,.,      0,     75,     73,    22.2,    29.2,    35.9,    42.0,    22.0,    28.8,    35.7,    41.5,"(CONTRACTS OF GBP 62,500)",096742,CME ,096 ,F10,FutOnly
BRITISH POUND STERLING - CHICAGO MERCANTILE EXCHANGE,210216,2021-02-16,096742,CME ,00,096 ,  171218,   12461,   46378,    2191,   58893,   51603,    4155,   46204,   31744,    2913,    2943,    6467,       0,  129760,  145451,   41458,   25767,    1057,     339,    4145,     546,    2005,   -1060,    -226,   -1189,   -1641,    -491,     -19,       0,       0,     965,    1273,      92,    -216,  100.0,    7.3,   27.1,    1.3,   34.4,   30.1,    2.4,   27.0,   18.5,    1.7,    1.7,    3.8,    0.0,   75.8,   85.0,   24.2,   15.0,    109,      6,     10,      5,     20,     18,     14,     27,     22,     10,.,.,      0,     70,     68,    22.5,    29.5,    36.6,    43.3,    22.3,    29.1,    36.4,    42.9,"(CONTRACTS OF GBP 62,500)",096742,CME ,096 ,F10,FutOnly
BRITISH POUND STERLING - CHICAGO MERCANTILE EXCHANGE,210209,2021-02-09,096742,CME ,00,096 ,  170161,   12122,   42233,    1645,   56888,   52663,    4381,   47393,   33385,    3404,    2962,    6467,       0,  128795,  144178,   41366,   25983,    9061,   -5833,   12239,      94,     275,     967,   -2131,    7914,   -4454,    2258,     -80,       0,       0,    2497,    8973,    6564,      88,  100.0,    7.1,   24.8,    1.0,   33.4,   30.9,    2.6,   27.9,   19.6,    2.0,    1.7,    3.8,    0.0,   75.7,   84.7,   24.3,   15.3,    113,      5,     11,      4,     18,     19,     15,     32,     22,     14,.,.,      0,     73,     73,    22.6,    31.1,    35.5,    45.4,    22.4,    30.5,    35.3,    44.7,"(CONTRACTS OF GBP 62,500)",096742,CME ,096 ,F10,FutOnly
BRITISH POUND STERLING - CHICAGO MERCANTILE EXCHANGE,210202,2021-02-02,096742,CME ,00,096 ,  161100,   17955,   29994,    1551,   56613,   51696,    6512,   39479,   37839,    1146,    3042,    6467,       0,  126298,  135205,   34802,   25895,    6542,    2752,    -778,     853,    -815,    1144,     316,    5682,    6276,    -673,     974,    -387,       0,    9089,    6751,   -2547,    -209,  100.0,   11.1,   18.6,    1.0,   35.1,   32.1,    4.0,   24.5,   23.5,    0.7,    1.9,    4.0,    0.0,   78.4,   83.9,   21.6,   16.1,    113,      6,      8,      5,     19,     19,     17,     31,     24,     13,.,.,      0,     75,     73,    24.3,    28.1,    38.0,    42.1,    24.2,    27.6,    37.3,    41.7,"(CONTRACTS OF GBP 62,500)",096742,CME ,096 ,F10,FutOnly
BRITISH POUND STERLING - CHICAGO MERCANTILE EXCHANGE,210126,2021-01-26,096742,CME ,00,096 ,  154558,   15203,   30772,     698,   57428,   50552,    6196,   33797,   31563,    1819,    2068,    6854,       0,  117209,  128454,   37349,   26104,    7462,     679,   -1823,    -157,     600,     734,    -312,    2747,    6321,     -64,     -37,       0,       0,    3456,    4699,    4006,    2763,  100.0,    9.8,   19.9,    0.5,   37.2,   32.7,    4.0,   21.9,   20.4,    1.2,    1.3,    4.4,    0.0,   75.8,   83.1,   24.2,   16.9,    103,      6,      7,      4,     19,     17,     11,     26,     23,     13,.,.,      0,     67,     64,    25.4,    26.2,    37.8,    41.0,    25.3,    26.0,    37.4,    40.8,"(CONTRACTS OF GBP 62,500)",096742,CME ,096 ,F10,FutOnly
BRITISH POUND STERLING - CHICAGO MERCANTILE EXCHANGE,210119,2021-01-19,096742,CME ,00,096 ,  147096,   14524,   32595,     855,   56828,   49818,    6508,   31050,   25242,    1883,    2105,    6854,       0,  113753,  123755,   33343,   23341,   -5828,    -780,   -2766,     230,    3271,     885,    -192,   -4913,   -2867,    -824,     -23,    -424,    -264,   -3495,   -6222,   -2333,     394,  100.0,    9.9,   22.2,    0.6,   38.6,   33.9,    4.4,   21.1,   17.2,    1.3,    1.4,    4.7,    0.0,   77.3,   84.1,   22.7,   15.9,    100,      5,      7,      4,     17,     18,     10,     27,     21,     13,.,.,      0,     68,     59,    26.5,    28.0,    39.8,    43.1,    26.4,    27.9,    39.7,    42.9,"(CONTRACTS OF GBP 62,500)",096742,CME ,096 ,F10,FutOnly
BRITISH POUND STERLING - CHICAGO MERCANTILE EXCHANGE,210112,2021-01-12,096742,CME ,00,096 ,  152924,   15304,   35361,     625,   53557,   48933,    6700,   35963,   28109,    2707,    2128,    7278,     264,  117248,  129977,   35676,   22947,    9715,   -3548,    9158,     449,    1662,    -340,    -180,    8017,    1172,     588,     428,     424,     264,    7680,   11535,    2035,   -1820,  100.0,   10.0,   23.1,    0.4,   35.0,   32.0,    4.4,   23.5,   18.4,    1.8,    1.4,    4.8,    0.2,   76.7,   85.0,   23.3,   15.0,    107,      5,      7,      4,     18,     18,     10,     31,     21,     17,.,      4,.,     75,     64,    25.3,    28.5,    37.7,    42.8,    25.2,    28.3,    37.6,    42.6,"(CONTRACTS OF GBP 62,500)",096742,CME ,096 ,F10,FutOnly
BRITISH POUND STERLING - CHICAGO MERCANTILE EXCHANGE,210105,2021-01-05,096742,CME ,00,096 ,  143209,   18852,   26203,     176,   51895,   49273,    6880,   27946,   26937,    2119,    1700,    6854,       0,  109568,  118442,   33641,   24767,    3339,    -517,     125,       0,    3251,    2884,    -701,    -648,    1645,     448,    -311,   -1600,       0,    1522,    2801,    1817,     538,  100.0,   13.2,   18.3,    0.1,   36.2,   34.4,    4.8,   19.5,   18.8,    1.5,    1.2,    4.8,    0.0,   76.5,   82.7,   23.5,   17.3,    100,      5,      7,.,     17,     20,     13,     21,     24,     13,.,.,      0,     63,     66,    27.5,    27.4,    41.2,    41.3,    27.4,    27.3,    41.0,    41.1,"(CONTRACTS OF GBP 62,500)",096742,CME ,096 ,F10,FutOnly
JAPANESE YEN - CHICAGO MERCANTILE EXCHANGE,211228,2021-12-28,097741,CME ,00,097 ,  203814,  102130,    4107,     274,   40821,   98235,    5511,   33153,   54022,    5400,       0,     478,       0,  187289,  168027,   16525,   35787,   20071,    8776,     265,     -51,    1927,    9391,     218,    7749,    7918,    2343,    -500,     -11,       0,   20462,   20073,    -391,      -2,  100.0,   50.1,    2.0,    0.1,   20.0,   48.2,    2.7,   16.3,   26.5,    2.6,    0.0,    0.2,    0.0,   91.9,   82.4,    8.1,   17.6,    120,     10,      4,.,     18,     28,     10,     20,     36,     13,      0,      4,      0,     57,     88,    49.6,    27.7,    62.8,    40.0,    49.4,    27.5,    61.8,    39.8,"(CONTRACTS OF JPY 12,500,000)",097741,CME ,097 ,F10,FutOnly
JAPANESE YEN - CHICAGO MERCANTILE EXCHANGE,211221,2021-12-21,097741,CME ,00,097 ,  183743,   93354,    3842,     325,   38894,   88844,    5293,   25404,   46104,    3057,     500,     489,       0,  166827,  147954,   16916,   35789,    7159,    4684,    1402,     207,     679,    3345,       6,    1158,     477,     791,      26,     -13,       0,    7551,    6215,    -392,     944,  100.0,   50.8,    2.1,    0.2,   21.2,   48.4,    2.9,   13.8,   25.1,    1.7,    0.3,    0.3,    0.0,   90.8,   80.5,    9.2,   19.5,    109,     10,      4,.,     15,     27,     11,     18,     30,     11,.,      4,      0,     55,     78,    51.7,    29.1,    62.4,    41.1,    51.5,    28.9,    61.6,    40.8,"(CONTRACTS OF JPY 12,500,000)",097741,CME ,097 ,F10,FutOnly
JAPANESE YEN - CHICAGO MERCANTILE EXCHANGE,211214,2021-12-14,097741,CME ,00,097 ,  176584,   88670,    2440,     118,   38215,   85499,    5287,   24246,   45627,    2266,     474,     502,       0,  159276,  141739,   17308,   34845,  -29386,  -19280,  -17309,   -2613,   -1589,    2705,    -914,    4945,   -2592,   -7797,    -792,     359,       0,  -28040,  -28161,   -1346,   -1225,  100.0,   50.2,    1.4,    0.1,   21.6,   48.4,    3.0,   13.7,   25.8,    1.3,    0.3,    0.3,    0.0,   90.2,   80.3,    9.8,   19.7,    107,      8,      4,.,     15,     27,     11,     21,     27,     11,.,      4,      0,     55,     76,    52.9,    30.3,    64.1,    44.4,    52.8,    30.2,    64.0,    44.1,"(CONTRACTS OF JPY 12,500,000)",097741,CME ,097 ,F10,FutOnly
JAPANESE YEN - CHICAGO MERCANTILE EXCHANGE,211207,2021-12-07,097741,CME ,00,097 ,  205970,  107950,   19749,    2731,   39804,   82794,    6201,   19301,   48219,   10063,    1266,     143,       0,  187316,  169900,   18654,   36070,  -10722,  -13989,   -2051,    2467,    1753,   -4297,   -1078,   -3808,  -13793,    6183,       0,    -152,    -260,   -8732,  -12981,   -1990,    2259,  100.0,   52.4,    9.6,    1.3,   19.3,   40.2,    3.0,    9.4,   23.4,    4.9,    0.6,    0.1,    0.0,   90.9,   82.5,    9.1,   17.5,    109,      9,      6,      7,     15,     27,     15,     17,     30,     16,.,.,      0,     63,     84,    56.3,    28.8,    64.7,    40.8,    56.1,    28.7,    64.3,    40.6,"(CONTRACTS OF JPY 12,500,000)",097741,CME ,097 ,F10,FutOnly
JAPANESE YEN - CHICAGO MERCANTILE EXCHANGE,211130,2021-11-30,097741,CME ,00,097 ,  216692,  121939,   21800,     264,   38051,   87091,    7279,   23109,   62012,    3880,    1266,     295,     260,  196048,  182881,   20644,   33811,  -35109,  -32648,    2956,      28,   -3335,  -12175,    1368,    1199,  -20437,     213,    -500,     177,     260,  -33415,  -27610,   -1694,   -7499,  100.0,   56.3,   10.1,    0.1,   17.6,   40.2,    3.4,   10.7,   28.6,    1.8,    0.6,    0.1,    0.1,   90.5,   84.4,    9.5,   15.6,    114,     11,      4,      4,     16,     28,     16,     22,     28,     16,.,      4,.,     70,     81,    55.7,    30.5,    65.2,    43.2,    55.5,    30.4,    65.0,    43.0,"(CONTRACTS OF JPY 12,500,000)",097741,CME ,097 ,F10,FutOnly
JAPANESE YEN - CHICAGO MERCANTILE EXCHANGE,211123,2021-11-23,097741,CME ,00,097 ,  251801,  154587,   18844,     236,   41386,   99266,    5911,   21910,   82449,    3667,    1766,     118,       0,  229463,  210491,   22338,   41310,   -1096,   -1235,    1321,      32,    -799,    5308,     -27,    -248,   -5405,     783,    -150,       4,       0,   -1644,    2016,     548,   -3112,  100.0,   61.4,    7.5,    0.1,   16.4,   39.4,    2.3,    8.7,   32.7,    1.5,    0.7,    0.0,    0.0,   91.1,   83.6,    8.9,   16.4,    124,     11,.,      5,     16,     30,     12,     21,     38,     11,.,.,      0,     62,     90,    54.6,    27.7,    65.2,    42.6,    54.5,    27.5,    65.1,    42.5,"(CONTRACTS OF JPY 12,500,000)",097741,CME ,097 ,F10,FutOnly
JAPANESE YEN - CHICAGO MERCANTILE EXCHANGE,211116,2021-11-16,097741,CME ,00,097 ,  252897,  155822,   17523,     204,   42185,   93958,    5938,   22158,   87854,    2884,    1916,     114,       0,  231107,  208475,   21790,   44422,    9810,   10007,    1674,      23,   -6374,    3090,     989,    4758,   -1492,     264,    -350,     -15,       0,    9317,    4533,     493,    5277,  100.0,   61.6,    6.9,    0.1,   16.7,   37.2,    2.3,    8.8,   34.7,    1.1,    0.8,    0.0,    0.0,   91.4,   82.4,    8.6,   17.6,    133,     12,.,      6,     16,     32,     11,     21,     45,     13,.,.,      0,     68,     95,    54.3,    27.9,    65.7,    42.5,    54.2,    27.8,    65.7,    42.4,"(CONTRACTS OF JPY 12,500,000)",097741,CME ,097 ,F10,FutOnly
JAPANESE YEN - CHICAGO MERCANTILE EXCHANGE,211109,2021-11-09,097741,CME ,00,097 ,  243087,  145815,   15849,     181,   48559,   90868,    4949,   17400,   89346,    2620,    2266,     129,       0,  221790,  203942,   21297,   39145,   -7971,   -2923,     476,     -27,    1049,   -5496,    -990,   -5161,   -1482,    -272,       0,       0,       0,   -8324,   -7791,     353,    -180,  100.0,   60.0,    6.5,    0.1,   20.0,   37.4,    2.0,    7.2,   36.8,    1.1,    0.9,    0.1,    0.0,   91.2,   83.9,    8.8,   16.1,    124,     13,.,      5,     19,     29,     11,     19,     38,     14,.,.,      0,     71,     83,    53.1,    30.6,    64.4,    46.6,    53.1,    30.5,    64.1,    46.5,"(CONTRACTS OF JPY 12,500,000)",097741,CME ,097 ,F10,FutOnly
JAPANESE YEN - CHICAGO MERCANTILE EXCHANGE,211102,2021-11-02,097741,CME ,00,097 ,  251058,  148738,   15373,     208,   47510,   96364,    5939,   22561,   90828,    2892,    2266,     129,       0,  230114,  211733,   20944,   39325,  -14196,   -6699,     374,     109,    5548,   -6102,     934,  -15725,   -8024,     -53,       0,       5,       0,  -15886,  -12757,    1690,   -1439,  100.0,   59.2,    6.1,    0.1,   18.9,   38.4,    2.4,    9.0,   36.2,    1.2,    0.9,    0.1,    0.0,   91.7,   84.3,    8.3,   15.7,    128,     11,.,      6,     19,     30,     11,     22,     39,     14,.,.,      0,     71,     88,    53.5,    30.4,    64.8,    46.7,    53.5,    30.2,    64.7,    46.4,"(CONTRACTS OF JPY 12,500,000)",097741,CME ,097 ,F10,FutOnly
JAPANESE YEN - CHICAGO MERCANTILE EXCHANGE,211026,2021-10-26,097741,CME ,00,097 ,  265254,  155437,   14999,      99,   41962,  102466,    5005,   38286,   98852,    2945,    2266,     124,       0,  246000,  224490,   19254,   40764,   -1496,    5152,    -983,      26,    1371,   -8573,    -237,   -4941,    8596,     -90,    -941,      -3,       0,     340,   -1264,   -1836,    -232,  100.0,   58.6,    5.7,    0.0,   15.8,   38.6,    1.9,   14.4,   37.3,    1.1,    0.9,    0.0,    0.0,   92.7,   84.6,    7.3,   15.4,    135,     11,.,      6,     17,     31,     10,     24,     45,     11,.,.,      0,     67,     95,    52.7,    28.1,    63.1,    43.8,    52.7,    28.0,    63.1,    43.6,"(CONTRACTS OF JPY 12,500,000)",097741,CME ,097 ,F10,FutOnly
JAPANESE YEN - CHICAGO MERCANTILE EXCHANGE,211019,2021-10-19,097741,CME ,00,097 ,  266750,  150285,   15982,      73,   40591,  111039,    5242,   43227,   90256,    3035,    3207,     127,       0,  245660,  225754,   21090,   40996,   23133,   17140,   -4629,       3,   -3521,    8782,    -420,    8630,   16803,     796,     150,      -5,       0,   22778,   21330,     355,    1803,  100.0,   56.3,    6.0,    0.0,   15.2,   41.6,    2.0,   16.2,   33.8,    1.1,    1.2,    0.0,    0.0,   92.1,   84.6,    7.9,   15.4,    131,     11,.,      4,     15,     31,     10,     23,     43,     14,.,.,      0,     66,     93,    51.8,    26.9,    61.3,    42.9,    51.8,    26.7,    61.3,    42.8,"(CONTRACTS OF JPY 12,500,000)",097741,CME ,097 ,F10,FutOnly
JAPANESE YEN - CHICAGO MERCANTILE EXCHANGE,211012,2021-10-12,097741,CME ,00,097 ,  243617,  133145,   20611,      70,   44112,  102257,    5662,   34597,   73453,    2239,    3057,     132,       0,  222882,  204424,   20735,   39193,   17238,    9501,    1286,      12,   -2668,    8291,      41,    5250,    7276,     916,    1857,    -602,       0,   14909,   17220,    2329,      18,  100.0,   54.7,    8.5,    0.0,   18.1,   42.0,    2.3,   14.2,   30.2,    0.9,    1.3,    0.1,    0.0,   91.5,   83.9,    8.5,   16.1,    128,     11,.,      4,     18,     29,     11,     23,     39,     13,.,.,      0,     67,     89,    52.2,    28.5,    61.5,    43.2,    52.2,    28.4,    61.4,    43.0,"(CONTRACTS OF JPY 12,500,000)",097741,CME ,097 ,F10,FutOnly
JAPANESE YEN - CHICAGO MERCANTILE EXCHANGE,211005,2021-10-05,097741,CME ,00,097 ,  226379,  123644,   19325,      58,   46780,   93966,    5621,   29347,   66177,    1323,    1200,     734,       0,  207973,  187204,   18406,   39175,    6741,   11108,    -425,     -33,     736,    2571,     196,   -4649,    1951,    -467,    -750,      98,       0,    6141,    3891,     600,    2850,  100.0,   54.6,    8.5,    0.0,   20.7,   41.5,    2.5,   13.0,   29.2,    0.6,    0.5,    0.3,    0.0,   91.9,   82.7,    8.1,   17.3,    128,     10,      4,      4,     18,     26,     12,     25,     40,      8,.,.,      0,     67,     85,    52.8,    28.5,    62.2,    43.5,    52.8,    28.3,    62.1,    43.3,"(CONTRACTS OF JPY 12,500,000)",097741,CME ,097 ,F10,FutOnly
JAPANESE YEN - CHICAGO MERCANTILE EXCHANGE,210928,2021-09-28,097741,CME ,00,097 ,  219638,  112536,   19750,      91,   46044,   91395,    5425,   33996,   64226,    1790,    1950,     636,       0,  201832,  183313,   17806,   36325,   28425,   18712,   -6271,      65,   -1451,   18803,    -861,   14090,   11683,    -626,     375,    -485,       0,   30304,   22308,   -1879,    6117,  100.0,   51.2,    9.0,    0.0,   21.0,   41.6,    2.5,   15.5,   29.2,    0.8,    0.9,    0.3,    0.0,   91.9,   83.5,    8.1,   16.5,    126,      8,      6,.,     19,     27,     12,     23,     37,     12,.,.,      0,     65,     87,    51.4,    29.6,    61.9,    42.5,    51.4,    29.5,    61.8,    42.4,"(CONTRACTS OF JPY 12,500,000)",097741,CME ,097 ,F10,FutOnly
JAPANESE YEN - CHICAGO MERCANTILE EXCHANGE,210921,2021-09-21,097741,CME ,00,097 ,  191213,   93824,   26021,      26,   47495,   72592,    6286,   19906,   52543,    2416,    1575,    1121,       0,  171528,  161005,   19685,   30208,    -875,   -2313,    5749,     -25,    2724,   -4623,    -600,      77,   -2570,     652,     875,      24,       0,    1390,   -1393,   -2265,     518,  100.0,   49.1,   13.6,    0.0,   24.8,   38.0,    3.3,   10.4,   27.5,    1.3,    0.8,    0.6,    0.0,   89.7,   84.2,   10.3,   15.8,    124,      6,      7,.,     21,     26,     13,     25,     33,     15,.,      4,      0,     69,     85,    55.4,    32.6,    63.4,    45.6,    55.4,    32.5,    62.6,    45.4,"(CONTRACTS OF JPY 12,500,000)",097741,CME ,097 ,F10,FutOnly
JAPANESE YEN - CHICAGO MERCANTILE EXCHANGE,210914,2021-09-14,097741,CME ,00,097 ,  192088,   96137,   20272,      51,   44771,   77215,    6886,   19829,   55113,    1764,     700,    1097,       0,  170138,  162398,   21950,   29690,  -12347,    4067,   18780,   -9637,     907,   -5576,    1865,   -9795,   -9946,   -2795,       0,     438,     -13,  -15401,   -6884,    3054,   -5463,  100.0,   50.0,   10.6,    0.0,   23.3,   40.2,    3.6,   10.3,   28.7,    0.9,    0.4,    0.6,    0.0,   88.6,   84.5,   11.4,   15.5,    125,      8,      5,.,     19,     28,     13,     25,     35,     14,.,      4,      0,     69,     84,    56.3,    32.1,    64.5,    46.7,    56.3,    31.9,    64.0,    46.4,"(CONTRACTS OF JPY 12,500,000)",097741,CME ,097 ,F10,FutOnly
JAPANESE YEN - CHICAGO MERCANTILE EXCHANGE,210907,2021-09-07,097741,CME ,00,097 ,  204435,   92070,    1492,    9688,   43864,   82791,    5021,   29624,   65059,    4559,     700,     659,      13,  185539,  169282,   18896,   35153,   10436,   -5703,   -1969,    9685,    2257,   -5382,    -124,    1187,    5120,    3180,       0,       0,      13,   10495,   10523,     -59,     -87,  100.0,   45.0,    0.7,    4.7,   21.5,   40.5,    2.5,   14.5,   31.8,    2.2,    0.3,    0.3,    0.0,   90.8,   82.8,    9.2,   17.2,    127,     11,.,      6,     17,     28,     11,     25,     39,     13,.,.,.,     67,     91,    46.0,    28.5,    57.9,    40.9,    42.0,    28.4,    53.9,    39.6,"(CONTRACTS OF JPY 12,500,000)",097741,CME ,097 ,F10,FutOnly
JAPANESE YEN - CHICAGO MERCANTILE EXCHANGE,210831,2021-08-31,097741,CME ,00,097 ,  193999,   97773,    3461,       3,   41607,   88173,    5145,   28437,   59939,    1379,     700,     659,       0,  175044,  158759,   18955,   35240,    -478,   -1365,    -380,     -63,    -548,    3040,    -934,    2424,   -3011,     133,       0,     -24,       0,    -353,   -1239,    -125,     761,  100.0,   50.4,    1.8,    0.0,   21.4,   45.5,    2.7,   14.7,   30.9,    0.7,    0.4,    0.3,    0.0,   90.2,   81.8,    9.8,   18.2,    115,     10,      4,.,     16,     27,     10,     22,     32,      9,.,.,      0,     61,     74,    45.2,    31.1,    57.8,    44.0,    45.2,    31.0,    57.8,    43.9,"(CONTRACTS OF JPY 12,500,000)",097741,CME ,097 ,F10,FutOnly
JAPANESE YEN - CHICAGO MERCANTILE EXCHANGE,210824,2021-08-24,097741,CME ,00,097 ,  194477,   99138,    3841,      66,   42155,   85133,    6079,   26013,   62950,    1246,     700,     683,       0,  175397,  159998,   19080,   34479,   -2018,    1858,     149,     -12,    -779,    -583,    -195,   -1624,    -626,    -190,       0,      -1,       0,    -942,   -1458,   -1076,    -560,  100.0,   51.0,    2.0,    0.0,   21.7,   43.8,    3.1,   13.4,   32.4,    0.6,    0.4,    0.4,    0.0,   90.2,   82.3,    9.8,   17.7,    115,     10,      4,.,     18,     27,     12,     20,     32,     10,.,.,      0,     64,     75,    45.1,    30.7,    58.2,    44.1,    45.1,    30.6,    58.2,    43.9,"(CONTRACTS OF JPY 12,500,000)",097741,CME ,097 ,F10,FutOnly
JAPANESE YEN - CHICAGO MERCANTILE EXCHANGE,210817,2021-08-17,097741,CME ,00,097 ,  196495,   97280,    3692,      78,   42934,   85716,    6274,   27637,   63576,    1436,     700,     684,       0,  176339,  161456,   20156,   35039,   -9636,   -6126,    1771,      17,    1163,     397,    1105,   -9717,   -8076,    1032,       0,   -1051,       0,  -12526,   -4805,    2890,   -4831,  100.0,   49.5,    1.9,    0.0,   21.8,   43.6,    3.2,   14.1,   32.4,    0.7,    0.4,    0.3,    0.0,   89.7,   82.2,   10.3,   17.8,    122,     12,.,.,     18,     28,     11,     21,     36,     12,.,.,      0,     66,     82,    43.6,    28.9,    56.7,    42.6,    43.6,    28.8,    56.7,    42.5,"(CONTRACTS OF JPY 12,500,000)",097741,CME ,097 ,F10,FutOnly
JAPANESE YEN - CHICAGO MERCANTILE EXCHANGE,210810,2021-08-10,097741,CME ,00,097 ,  206131,  103406,    1921,      61,   41771,   85319,    5169,   37354,   71652,     404,     700,    1735,       0,  188865,  166261,   17266,   39870,   16889,   12760,   -3358,      29,    2273,    8910,   -1224,    7532,    5548,    -573,       0,    1278,       0,   20797,   10610,   -3908,    6279,  100.0,   50.2,    0.9,    0.0,   20.3,   41.4,    2.5,   18.1,   34.8,    0.2,    0.3,    0.8,    0.0,   91.6,   80.7,    8.4,   19.3,    122,     12,.,.,     17,     27,     10,     23,     36,      9,.,      4,      0,     63,     79,    43.8,    29.2,    56.6,    41.5,    43.8,    29.1,    56.6,    41.4,"(CONTRACTS OF JPY 12,500,000)",097741,CME ,097 ,F10,FutOnly
JAPANESE YEN - CHICAGO MERCANTILE EXCHANGE,210803,2021-08-03,097741,CME ,00,097 ,  189242,   90646,    5279,      32,   39498,   76409,    6393,   29822,   66104,     977,     700,     457,       0,  168068,  155651,   21174,   33591,   -6860,   -6060,    3243,      32,   -1178,   -7004,     903,   -1893,   -3335,    -621,    -628,       0,       0,   -9445,   -6782,    2585,     -78,  100.0,   47.9,    2.8,    0.0,   20.9,   40.4,    3.4,   15.8,   34.9,    0.5,    0.4,    0.2,    0.0,   88.8,   82.2,   11.2,   17.8,    120,     12,.,.,     18,     27,     14,     25,     32,     13,.,.,      0,     70,     78,    40.9,    29.6,    53.4,    41.4,    40.8,    29.4,    53.1,    41.2,"(CONTRACTS OF JPY 12,500,000)",097741,CME ,097 ,F10,FutOnly
JAPANESE YEN - CHICAGO MERCANTILE EXCHANGE,210727,2021-07-27,097741,CME ,00,097 ,  196102,   96706,    2036,       0,   40676,   83413,    5490,   31715,   69439,    1598,    1328,     457,       0,  177513,  162433,   18589,   33669,    3801,    5916,   -2684,       0,   -2065,    9401,    -882,   -1089,   -3500,    1027,       0,       0,       0,    2907,    3362,     894,     439,  100.0,   49.3,    1.0,    0.0,   20.7,   42.5,    2.8,   16.2,   35.4,    0.8,    0.7,    0.2,    0.0,   90.5,   82.8,    9.5,   17.2,    126,     13,.,      0,     18,     28,     13,     25,     35,     11,.,.,      0,     72,     78,    42.5,    29.5,    54.7,    43.0,    42.5,    29.4,    54.6,    42.8,"(CONTRACTS OF JPY 12,500,000)",097741,CME ,097 ,F10,FutOnly
JAPANESE YEN - CHICAGO MERCANTILE EXCHANGE,210720,2021-07-20,097741,CME ,00,097 ,  192301,   90790,    4720,       0,   42741,   74012,    6372,   32804,   72939,     571,    1328,     457,       0,  174606,  159071,   17695,   33230,  -11426,   -5434,      57,    -351,    2428,   -1662,   -2435,   -6248,   -3789,    -334,    -227,   -1136,       0,  -12601,   -9650,    1175,   -1776,  100.0,   47.2,    2.5,    0.0,   22.2,   38.5,    3.3,   17.1,   37.9,    0.3,    0.7,    0.2,    0.0,   90.8,   82.7,    9.2,   17.3,    125,     12,.,      0,     19,     29,     12,     22,     37,     10,.,.,      0,     67,     80,    43.1,    29.3,    56.4,    40.9,    43.1,    29.2,    56.4,    40.8,"(CONTRACTS OF JPY 12,500,000)",097741,CME ,097 ,F10,FutOnly
JAPANESE YEN - CHICAGO MERCANTILE EXCHANGE,210713,2021-07-13,097741,CME ,00,097 ,  203727,   96224,    4663,     351,   40313,   75674,    8807,   39052,   76728,     905,    1555,    1593,       0,  187207,  168721,   16520,   35006,   -1614,   -9407,    2801,     -58,    1474,   -2685,    -245,    6372,    3699,    -424,     855,     -12,       0,   -1433,    3076,    -181,   -4690,  100.0,   47.2,    2.3,    0.2,   19.8,   37.1,    4.3,   19.2,   37.7,    0.4,    0.8,    0.8,    0.0,   91.9,   82.8,    8.1,   17.2,    131,     11,.,.,     18,     31,     13,     24,     39,      9,.,.,      0,     67,     88,    42.3,    27.9,    56.0,    38.6,    42.1,    27.8,    55.4,    38.5,"(CONTRACTS OF JPY 12,500,000)",097741,CME ,097 ,F10,FutOnly
JAPANESE YEN - CHICAGO MERCANTILE EXCHANGE,210706,2021-07-06,097741,CME ,00,097 ,  205341,  105631,    1862,     409,   38839,   78359,    9052,   32680,   73029,    1329,     700,    1605,       0,  188640,  165645,   16701,   39696,    9643,    5733,    1027,    -130,   -4146,    9298,    3757,    6660,   -3253,    -436,       0,       0,       0,   11438,   10263,   -1795,    -620,  100.0,   51.4,    0.9,    0.2,   18.9,   38.2,    4.4,   15.9,   35.6,    0.6,    0.3,    0.8,    0.0,   91.9,   80.7,    8.1,   19.3,    129,     11,      4,      4,     17,     31,     13,     28,     34,      8,.,.,      0,     70,     84,    44.6,    28.1,    56.5,    40.0,    44.5,    28.0,    56.0,    39.9,"(CONTRACTS OF JPY 12,500,000)",097741,CME ,097 ,F10,FutOnly
JAPANESE YEN - CHICAGO MERCANTILE EXCHANGE,210629,2021-06-29,097741,CME ,00,097 ,  195698,   99898,     835,     539,   42985,   69061,    5295,   26020,   76282,    1765,     700,    1605,       0,  177202,  155382,   18496,   40316,    5153,   10854,    -650,      -8,     164,    4715,      13,   -6934,     491,    -425,     -16,       0,       0,    3648,    4136,    1505,    1017,  100.0,   51.0,    0.4,    0.3,   22.0,   35.3,    2.7,   13.3,   39.0,    0.9,    0.4,    0.8,    0.0,   90.5,   79.4,    9.5,   20.6,    126,     11,.,      4,     19,     27,     10,     21,     41,      7,.,.,      0,     63,     84,    45.3,    27.3,    57.2,    38.6,    45.0,    27.2,    56.3,    38.3,"(CONTRACTS OF JPY 12,500,000)",097741,CME ,097 ,F10,FutOnly
JAPANESE YEN - CHICAGO MERCANTILE EXCHANGE,210622,2021-06-22,097741,CME ,00,097 ,  190545,   89044,    1485,     547,   42821,   64346,    5282,   32954,   75791,    2190,     716,    1605,       0,  173554,  151246,   16991,   39299,   35186,   25332,     585,      99,   -1813,   17963,     551,   11967,   11374,    1622,    -684,    1039,       0,   37074,   33233,   -1888,    1953,  100.0,   46.7,    0.8,    0.3,   22.5,   33.8,    2.8,   17.3,   39.8,    1.1,    0.4,    0.8,    0.0,   91.1,   79.4,    8.9,   20.6,    131,     11,.,      4,     19,     27,      8,     26,     41,     11,.,.,      0,     66,     88,    42.5,    25.0,    54.7,    34.5,    42.3,    24.9,    53.4,    34.2,"(CONTRACTS OF JPY 12,500,000)",097741,CME ,097 ,F10,FutOnly
JAPANESE YEN - CHICAGO MERCANTILE EXCHANGE,210615,2021-06-15,097741,CME ,00,097 ,  155359,   63712,     900,     448,   44634,   46383,    4731,   20987,   64417,     568,    1400,     566,       0,  136480,  118013,   18879,   37346,   -6233,    8586,   -5891,   -2213,   -1943,    1282,    -649,   -3844,    6595,   -4527,     700,       0,       0,   -3890,   -5403,   -2343,    -830,  100.0,   41.0,    0.6,    0.3,   28.7,   29.9,    3.0,   13.5,   41.5,    0.4,    0.9,    0.4,    0.0,   87.8,   76.0,   12.2,   24.0,    118,     10,.,      4,     20,     24,      9,     22,     36,     10,.,.,      0,     63,     78,    45.1,    27.5,    56.1,    36.5,    44.8,    27.4,    55.0,    36.0,"(CONTRACTS OF JPY 12,500,000)",097741,CME ,097 ,F10,FutOnly
JAPANESE YEN - CHICAGO MERCANTILE EXCHANGE,210608,2021-06-08,097741,CME ,00,097 ,  161592,   55126,    6791,    2661,   46577,   45101,    5380,   24831,   57822,    5095,     700,     566,       0,  140370,  123416,   21222,   38176,    -499,   -7054,     727,    1634,    2171,    4536,     438,   -1116,  -12180,    1673,       0,    -572,       0,   -2254,   -3744,    1755,    3245,  100.0,   34.1,    4.2,    1.6,   28.8,   27.9,    3.3,   15.4,   35.8,    3.2,    0.4,    0.4,    0.0,   86.9,   76.4,   13.1,   23.6,    119,      9,.,      5,     22,     25,     11,     23,     33,     15,.,.,      0,     72,     78,    34.3,    25.4,    47.2,    35.1,    33.6,    25.4,    45.6,    34.6,"(CONTRACTS OF JPY 12,500,000)",097741,CME ,097 ,F10,FutOnly
JAPANESE YEN - CHICAGO MERCANTILE EXCHANGE,210601,2021-06-01,097741,CME ,00,097 ,  162091,   62180,    6064,    1027,   44406,   40565,    4942,   25947,   70002,    3422,     700,    1138,       0,  142624,  127160,   19467,   34931,    8895,    4482,   -1826,    -106,    -422,    5398,    -839,    5050,    1438,     383,       0,    -167,       0,    8548,    4281,     347,    4614,  100.0,   38.4,    3.7,    0.6,   27.4,   25.0,    3.0,   16.0,   43.2,    2.1,    0.4,    0.7,    0.0,   88.0,   78.4,   12.0,   21.6,    126,     11,.,      6,     20,     25,     13,     25,     37,     13,.,.,      0,     74,     84,    37.1,    25.3,    49.9,    35.7,    36.8,    25.2,    48.7,    35.2,"(CONTRACTS OF JPY 12,500,000)",097741,CME ,097 ,F10,FutOnly
JAPANESE YEN - CHICAGO MERCANTILE EXCHANGE,210525,2021-05-25,097741,CME ,00,097 ,  153196,   57698,    7890,    1133,   44828,   35167,    5781,   20897,   68564,    3039,     700,    1305,       0,  134076,  122879,   19120,   30317,   -1531,   -1720,    1709,     -21,    1225,    -208,    -101,    -446,    -619,    -155,       0,     133,       0,   -1218,     738,    -313,   -2269,  100.0,   37.7,    5.2,    0.7,   29.3,   23.0,    3.8,   13.6,   44.8,    2.0,    0.5,    0.9,    0.0,   87.5,   80.2,   12.5,   19.8,    124,     12,.,      7,     20,     24,     13,     24,     36,     13,.,.,      0,     75,     82,    37.6,    27.4,    50.3,    37.4,    37.2,    27.3,    48.9,    36.8,"(CONTRACTS OF JPY 12,500,000)",097741,CME ,097 ,F10,FutOnly
JAPANESE YEN - CHICAGO MERCANTILE EXCHANGE,210518,2021-05-18,097741,CME ,00,097 ,  154727,   59418,    6181,    1154,   43603,   35375,    5882,   21343,   69183,    3194,     700,    1172,       0,  135294,  122141,   19433,   32586,    2323,    9354,   -3897,      91,   -2613,    2587,      -2,   -4640,    3147,     752,       0,     606,       0,    2942,    3284,    -619,    -961,  100.0,   38.4,    4.0,    0.7,   28.2,   22.9,    3.8,   13.8,   44.7,    2.1,    0.5,    0.8,    0.0,   87.4,   78.9,   12.6,   21.1,    118,     11,.,      6,     21,     23,     13,     25,     30,     12,.,.,      0,     69,     80,    37.1,    28.7,    50.1,    37.8,    36.7,    28.6,    48.5,    37.2,"(CONTRACTS OF JPY 12,500,000)",097741,CME ,097 ,F10,FutOnly
JAPANESE YEN - CHICAGO MERCANTILE EXCHANGE,210511,2021-05-11,097741,CME ,00,097 ,  152404,   50064,   10078,    1063,   46216,   32788,    5884,   25983,   66036,    2442,     700,     566,       0,  132352,  118857,   20052,   33547,    -272,    2721,   -1297,     -59,   -1832,    -285,     530,   -1411,     404,      15,       0,       0,       0,     -36,    -692,    -236,     420,  100.0,   32.8,    6.6,    0.7,   30.3,   21.5,    3.9,   17.0,   43.3,    1.6,    0.5,    0.4,    0.0,   86.8,   78.0,   13.2,   22.0,    116,     10,      4,      4,     21,     22,     12,     23,     32,     10,.,.,      0,     69,     73,    32.8,    29.2,    45.4,    39.9,    32.4,    29.2,    43.9,    39.1,"(CONTRACTS OF JPY 12,500,000)",097741,CME ,097 ,F10,FutOnly
JAPANESE YEN - CHICAGO MERCANTILE EXCHANGE,210504,2021-05-04,097741,CME ,00,097 ,  152676,   47343,   11375,    1122,   48048,   33073,    5354,   27394,   65632,    2427,     700,     566,       0,  132388,  119549,   20288,   33127,   -2218,     -26,     541,      25,   -2189,    1947,    -499,   -1385,   -5508,    1555,       0,       0,       0,   -2519,   -1939,     301,    -279,  100.0,   31.0,    7.5,    0.7,   31.5,   21.7,    3.5,   17.9,   43.0,    1.6,    0.5,    0.4,    0.0,   86.7,   78.3,   13.3,   21.7,    116,     10,      4,      5,     21,     22,     12,     26,     29,     11,.,.,      0,     71,     73,    33.0,    30.2,    45.3,    41.2,    32.6,    30.2,    43.9,    40.3,"(CONTRACTS OF JPY 12,500,000)",097741,CME ,097 ,F10,FutOnly
JAPANESE YEN - CHICAGO MERCANTILE EXCHANGE,210427,2021-04-27,097741,CME ,00,097 ,  154894,   47369,   10834,    1097,   50237,   31126,    5853,   28779,   71140,     872,     700,     566,       0,  134907,  121488,   19987,   33406,   -7755,  -10353,    2050,     635,    1372,   -6602,    -700,     910,   -1274,    -748,    -600,       0,       0,   -9484,   -6639,    1729,   -1116,  100.0,   30.6,    7.0,    0.7,   32.4,   20.1,    3.8,   18.6,   45.9,    0.6,    0.5,    0.4,    0.0,   87.1,   78.4,   12.9,   21.6,    118,      8,      6,      4,     22,     22,     12,     25,     32,      8,.,.,      0,     68,     74,    33.5,    29.9,    45.9,    39.6,    33.1,    29.8,    44.6,    38.8,"(CONTRACTS OF JPY 12,500,000)",097741,CME ,097 ,F10,FutOnly
JAPANESE YEN - CHICAGO MERCANTILE EXCHANGE,210420,2021-04-20,097741,CME ,00,097 ,  162649,   57722,    8784,     462,   48865,   37728,    6553,   27869,   72414,    1620,    1300,     566,       0,  144391,  128127,   18258,   34522,   -2782,     237,    2432,     339,   -5211,  -11867,     459,    -589,    8666,     886,     600,       0,       0,   -3279,     915,     497,   -3697,  100.0,   35.5,    5.4,    0.3,   30.0,   23.2,    4.0,   17.1,   44.5,    1.0,    0.8,    0.3,    0.0,   88.8,   78.8,   11.2,   21.2,    123,     10,      4,      4,     21,     23,     13,     29,     32,      9,.,.,      0,     76,     73,    34.7,    28.8,    48.4,    39.3,    34.7,    28.7,    47.2,    38.8,"(CONTRACTS OF JPY 12,500,000)",097741,CME ,097 ,F10,FutOnly
JAPANESE YEN - CHICAGO MERCANTILE EXCHANGE,210413,2021-04-13,097741,CME ,00,097 ,  165431,   57485,    6352,     123,   54076,   49595,    6094,   28458,   63748,     734,     700,     566,       0,  147670,  127212,   17761,   38219,    1121,    3361,     218,       5,   -3206,    1020,    -220,    2358,    1362,     -31,       0,       3,       0,    2267,    2357,   -1146,   -1236,  100.0,   34.7,    3.8,    0.1,   32.7,   30.0,    3.7,   17.2,   38.5,    0.4,    0.4,    0.3,    0.0,   89.3,   76.9,   10.7,   23.1,    120,     11,.,.,     22,     25,     11,     28,     29,      5,.,.,      0,     72,     67,    34.7,    29.1,    47.5,    42.7,    34.7,    29.0,    46.6,    42.1,"(CONTRACTS OF JPY 12,500,000)",097741,CME ,097 ,F10,FutOnly
JAPANESE YEN - CHICAGO MERCANTILE EXCHANGE,210406,2021-04-06,097741,CME ,00,097 ,  164310,   54124,    6134,     118,   57282,   48575,    6314,   26100,   62386,     765,     700,     563,       0,  145403,  124855,   18907,   39455,   -1781,    5640,   -1143,      14,  -10333,    4198,    -241,    3385,   -3511,    -315,       0,       0,       0,   -1850,    -998,      69,    -783,  100.0,   32.9,    3.7,    0.1,   34.9,   29.6,    3.8,   15.9,   38.0,    0.5,    0.4,    0.3,    0.0,   88.5,   76.0,   11.5,   24.0,    118,     11,.,      4,     23,     24,     11,     26,     29,      7,.,.,      0,     69,     71,    36.4,    27.6,    48.9,    40.1,    36.4,    27.6,    47.8,    40.0,"(CONTRACTS OF JPY 12,500,000)",097741,CME ,097 ,F10,FutOnly
JAPANESE YEN - CHICAGO MERCANTILE EXCHANGE,210330,2021-03-30,097741,CME ,00,097 ,  166091,   48484,    7277,     104,   67615,   44377,    6555,   22715,   65897,    1080,     700,     563,       0,  147253,  125853,   18838,   40238,    5510,   10682,     341,      -6,   -2259,    4832,    -195,    -320,    -785,    -123,   -1702,       0,       0,    6077,    4064,    -567,    1446,  100.0,   29.2,    4.4,    0.1,   40.7,   26.7,    3.9,   13.7,   39.7,    0.7,    0.4,    0.3,    0.0,   88.7,   75.8,   11.3,   24.2,    115,      9,      4,.,     22,     23,     14,     23,     31,      7,.,.,      0,     65,     74,    36.9,    25.9,    51.7,    37.5,    36.9,    25.8,    51.3,    37.3,"(CONTRACTS OF JPY 12,500,000)",097741,CME ,097 ,F10,FutOnly
JAPANESE YEN - CHICAGO MERCANTILE EXCHANGE,210323,2021-03-23,097741,CME ,00,097 ,  160581,   37802,    6936,     110,   69874,   39545,    6750,   23035,   66682,    1203,    2402,     563,       0,  141176,  121789,   19405,   38792,   14630,   11797,   -4777,      -3,   -1189,    4296,     452,    1984,   11784,    -543,    1180,      -5,       0,   13678,   11204,     952,    3426,  100.0,   23.5,    4.3,    0.1,   43.5,   24.6,    4.2,   14.3,   41.5,    0.7,    1.5,    0.4,    0.0,   87.9,   75.8,   12.1,   24.2,    113,     10,.,.,     21,     22,     10,     23,     31,      9,.,.,      0,     64,     70,    38.7,    24.8,    50.3,    37.8,    38.7,    24.8,    50.0,    37.6,"(CONTRACTS OF JPY 12,500,000)",097741,CME ,097 ,F10,FutOnly
JAPANESE YEN - CHICAGO MERCANTILE EXCHANGE,210316,2021-03-16,097741,CME ,00,097 ,  145951,   26005,   11713,     113,   71063,   35249,    6298,   21051,   54898,    1746,    1222,     568,       0,  127498,  110585,   18453,   35366,  -65396,  -19623,  -66248,   -1188,   -4155,    3097,     -81,  -22561,    4250,   -2583,  -13393,    -414,    -252,  -63836,  -63419,   -1560,   -1977,  100.0,   17.8,    8.0,    0.1,   48.7,   24.2,    4.3,   14.4,   37.6,    1.2,    0.8,    0.4,    0.0,   87.4,   75.8,   12.6,   24.2,    113,      7,      5,.,     21,     22,     10,     24,     29,     10,.,.,      0,     63,     73,    39.3,    21.8,    51.2,    32.8,    39.3,    21.5,    50.5,    32.5,"(CONTRACTS OF JPY 12,500,000)",097741,CME ,097 ,F10,FutOnly
JAPANESE YEN - CHICAGO MERCANTILE EXCHANGE,210309,2021-03-09,097741,CME ,00,097 ,  211347,   45628,   77961,    1301,   75218,   32152,    6379,   43612,   50648,    4329,   14615,     982,     252,  191334,  174004,   20013,   37343,   22077,   22238,   -4014,   -1540,   -3622,   11023,    -400,    7688,    8196,     622,   -1311,     415,     252,   23927,   14554,   -1850,    7523,  100.0,   21.6,   36.9,    0.6,   35.6,   15.2,    3.0,   20.6,   24.0,    2.0,    6.9,    0.5,    0.1,   90.5,   82.3,    9.5,   17.7,    122,     13,      4,      5,     24,     21,     15,     21,     32,     16,.,      4,.,     78,     81,    31.4,    43.0,    50.1,    51.7,    31.4,    43.0,    50.1,    51.1,"(CONTRACTS OF JPY 12,500,000)",097741,CME ,097 ,F10,FutOnly
JAPANESE YEN - CHICAGO MERCANTILE EXCHANGE,210302,2021-03-02,097741,CME ,00,097 ,  189270,   23390,   81975,    2841,   78840,   21129,    6779,   35924,   42452,    3707,   15926,     567,       0,  167407,  159450,   21863,   29820,    6023,    9666,  -10846,    2274,   -2762,    4211,     644,   -3160,    3537,    2124,     580,       0,       0,    9366,    1944,   -3343,    4079,  100.0,   12.4,   43.3,    1.5,   41.7,   11.2,    3.6,   19.0,   22.4,    2.0,    8.4,    0.3,    0.0,   88.4,   84.2,   11.6,   15.8,    115,      9,      6,      5,     25,     16,     16,     21,     32,     15,      4,.,      0,     77,     74,    30.7,    48.9,    46.5,    55.4,    30.7,    48.9,    46.1,    55.4,"(CONTRACTS OF JPY 12,500,000)",097741,CME ,097 ,F10,FutOnly
JAPANESE YEN - CHICAGO MERCANTILE EXCHANGE,210223,2021-02-23,097741,CME ,00,097 ,  183247,   13724,   92821,     567,   81602,   16918,    6135,   39084,   38915,    1583,   15346,     567,       0,  158041,  157506,   25206,   25741,   -4872,    3662,  -13836,     387,   -7729,    2723,     341,    -148,    8059,    -581,       0,       0,       0,   -4068,   -2907,    -804,   -1965,  100.0,    7.5,   50.7,    0.3,   44.5,    9.2,    3.3,   21.3,   21.2,    0.9,    8.4,    0.3,    0.0,   86.2,   86.0,   13.8,   14.0,    112,      8,      8,      5,     25,     16,     13,     24,     25,     12,      4,.,      0,     77,     65,    31.6,    53.3,    46.3,    60.8,    31.6,    53.3,    46.3,    60.5,"(CONTRACTS OF JPY 12,500,000)",097741,CME ,097 ,F10,FutOnly
JAPANESE YEN - CHICAGO MERCANTILE EXCHANGE,210216,2021-02-16,097741,CME ,00,097 ,  188119,   10062,  106657,     180,   89331,   14195,    5794,   39232,   30856,    2164,   15346,     567,       0,  162109,  160413,   26010,   27706,    4218,     -83,   -2099,     -10,    1061,    1772,      10,    4474,    2348,     974,     520,       0,       0,    6946,    2995,   -2728,    1223,  100.0,    5.3,   56.7,    0.1,   47.5,    7.5,    3.1,   20.9,   16.4,    1.2,    8.2,    0.3,    0.0,   86.2,   85.3,   13.8,   14.7,    115,      6,      9,      4,     29,     15,     14,     22,     28,     13,      4,.,      0,     77,     69,    30.2,    54.7,    45.6,    62.0,    30.2,    54.7,    45.6,    61.9,"(CONTRACTS OF JPY 12,500,000)",097741,CME ,097 ,F10,FutOnly
JAPANESE YEN - CHICAGO MERCANTILE EXCHANGE,210209,2021-02-09,097741,CME ,00,097 ,  183901,   10145,  108756,     190,   88270,   12423,    5784,   34758,   28508,    1190,   14826,     567,       0,  155163,  157418,   28738,   26483,   -7047,     973,  -10257,      61,   -7333,     747,   -1205,   -3423,     584,     493,    -146,       1,       0,  -10580,   -9576,    3533,    2529,  100.0,    5.5,   59.1,    0.1,   48.0,    6.8,    3.1,   18.9,   15.5,    0.6,    8.1,    0.3,    0.0,   84.4,   85.6,   15.6,   14.4,    112,      7,      8,      4,     29,     15,     14,     24,     22,      9,      5,.,      0,     78,     61,    30.4,    58.1,    45.3,    64.7,    30.4,    58.0,    45.3,    64.5,"(CONTRACTS OF JPY 12,500,000)",097741,CME ,097 ,F10,FutOnly
JAPANESE YEN - CHICAGO MERCANTILE EXCHANGE,210202,2021-02-02,097741,CME ,00,097 ,  190948,    9172,  119013,     129,   95603,   11676,    6989,   38181,   27924,     697,   14972,     566,       0,  165743,  166994,   25205,   23954,   -2874,    4719,  -21755,     105,  -10374,    4116,     447,    9847,    7013,     480,     500,       1,       0,    5724,   -9593,   -8598,    6719,  100.0,    4.8,   62.3,    0.1,   50.1,    6.1,    3.7,   20.0,   14.6,    0.4,    7.8,    0.3,    0.0,   86.8,   87.5,   13.2,   12.5,    118,      6,     10,      6,     32,     13,     16,     27,     22,     11,      6,.,      0,     87,     64,    29.7,    60.5,    44.8,    66.9,    29.7,    60.5,    44.8,    66.9,"(CONTRACTS OF JPY 12,500,000)",097741,CME ,097 ,F10,FutOnly
JAPANESE YEN - CHICAGO MERCANTILE EXCHANGE,210126,2021-01-26,097741,CME ,00,097 ,  193822,    4453,  140768,      24,  105977,    7560,    6542,   28334,   20911,     217,   14472,     565,       0,  160019,  176587,   33803,   17235,    2282,      43,   -1984,      17,    -405,    -107,     205,     323,    4012,    -848,     320,       0,       0,    -345,    1295,    2627,     987,  100.0,    2.3,   72.6,    0.0,   54.7,    3.9,    3.4,   14.6,   10.8,    0.1,    7.5,    0.3,    0.0,   82.6,   91.1,   17.4,    8.9,    109,.,     11,.,     34,     11,     13,     25,     17,      7,      6,.,      0,     81,     51,    29.3,    66.8,    44.5,    76.3,    29.3,    66.8,    44.5,    76.2,"(CONTRACTS OF JPY 12,500,000)",097741,CME ,097 ,F10,FutOnly
JAPANESE YEN - CHICAGO MERCANTILE EXCHANGE,210119,2021-01-19,097741,CME ,00,097 ,  191540,    4410,  142752,       7,  106382,    7667,    6337,   28011,   16899,    1065,   14152,     565,       0,  160364,  175292,   31176,   16248,     729,    -672,    3407,     -67,     940,      23,     142,     267,    1406,      67,       0,    -650,       0,     677,    4328,      52,   -3599,  100.0,    2.3,   74.5,    0.0,   55.5,    4.0,    3.3,   14.6,    8.8,    0.6,    7.4,    0.3,    0.0,   83.7,   91.5,   16.3,    8.5,    115,.,     12,.,     36,     10,     13,     28,     19,     10,      5,.,      0,     83,     58,    30.1,    68.3,    45.0,    75.7,    30.1,    68.3,    45.0,    75.3,"(CONTRACTS OF JPY 12,500,000)",097741,CME ,097 ,F10,FutOnly
JAPANESE YEN - CHICAGO MERCANTILE EXCHANGE,210112,2021-01-12,097741,CME ,00,097 ,  190811,    5082,  139345,      74,  105442,    7644,    6195,   27744,   15493,     998,   14152,    1215,       0,  159687,  170964,   31124,   19847,  -16152,     432,  -14495,      67,   -6175,     121,    -364,   -7607,   -6462,   -1675,    4820,     656,       0,  -10502,  -22152,   -5650,    6000,  100.0,    2.7,   73.0,    0.0,   55.3,    4.0,    3.2,   14.5,    8.1,    0.5,    7.4,    0.6,    0.0,   83.7,   89.6,   16.3,   10.4,    113,      4,     10,      4,     34,     11,     13,     23,     23,      9,      5,.,      0,     80,     59,    29.2,    68.1,    44.2,    73.9,    29.2,    68.1,    44.2,    73.5,"(CONTRACTS OF JPY 12,500,000)",097741,CME ,097 ,F10,FutOnly
JAPANESE YEN - CHICAGO MERCANTILE EXCHANGE,210105,2021-01-05,097741,CME ,00,097 ,  206963,    4650,  153840,       7,  111617,    7523,    6559,   35351,   21955,    2673,    9332,     559,       0,  170189,  193116,   36774,   13847,   12509,     753,    9065,       0,    3980,     131,     307,    7689,    2873,     681,   -4244,       0,       0,    9166,   13057,    3343,    -548,  100.0,    2.2,   74.3,    0.0,   53.9,    3.6,    3.2,   17.1,   10.6,    1.3,    4.5,    0.3,    0.0,   82.2,   93.3,   17.8,    6.7,    115,      4,     10,.,     37,     11,     13,     27,     19,     15,      5,.,      0,     91,     55,    26.9,    67.6,    40.3,    75.2,    26.9,    67.6,    40.3,    74.9,"(CONTRACTS OF JPY 12,500,000)",097741,CME ,097 ,F10,FutOnly
EURO FX - CHICAGO MERCANTILE EXCHANGE,211228,2021-12-28,099741,CME ,00,099 ,  673273,   31727,  281161,    6222,  403923,  167507,   31491,   57637,  108038,   13885,   47681,    9429,    3968,  596534,  621701,   76739,   51572,    1034,    1040,    6426,    -936,    1670,   -1580,    1164,    1517,     246,   -1998,    1297,    -189,    -358,    3396,    2775,   -2362,   -1741,  100.0,    4.7,   41.8,    0.9,   60.0,   24.9,    4.7,    8.6,   16.0,    2.1,    7.1,    1.4,    0.6,   88.6,   92.3,   11.4,    7.7,    340,     18,     15,      8,    110,     45,     45,     50,     51,     29,     36,     15,      5,    246,    181,    16.1,    38.2,    25.0,    50.1,    14.4,    37.4,    22.6,    49.2,"(CONTRACTS OF EUR 125,000)",099741,CME ,099 ,F10,FutOnly
EURO FX - CHICAGO MERCANTILE EXCHANGE,211221,2021-12-21,099741,CME ,00,099 ,  672239,   30687,  274735,    7158,  402253,  169087,   30327,   56120,  107792,   15883,   46384,    9618,    4326,  593138,  618926,   79101,   53313,   10528,    -106,    2032,    1641,    4173,    3091,    -108,    5093,    3120,     454,     112,   -1651,     337,   11596,    8916,   -1068,    1612,  100.0,    4.6,   40.9,    1.1,   59.8,   25.2,    4.5,    8.3,   16.0,    2.4,    6.9,    1.4,    0.6,   88.2,   92.1,   11.8,    7.9,    333,     19,     15,      8,    109,     44,     43,     45,     50,     24,     36,     15,      5,    237,    176,    16.1,    38.2,    25.0,    49.4,    14.5,    37.3,    22.8,    48.4,"(CONTRACTS OF EUR 125,000)",099741,CME ,099 ,F10,FutOnly
EURO FX - CHICAGO MERCANTILE EXCHANGE,211214,2021-12-14,099741,CME ,00,099 ,  661711,   30793,  272703,    5517,  398080,  165996,   30435,   51027,  104672,   15429,   46272,   11269,    3989,  581542,  610010,   80169,   51701,  -54502,  -18574,  -24435,  -28579,    7238,    6265,   -2313,   -3294,    2603,   -1687,       1,     932,   -1028,  -48236,  -48242,   -6266,   -6260,  100.0,    4.7,   41.2,    0.8,   60.2,   25.1,    4.6,    7.7,   15.8,    2.3,    7.0,    1.7,    0.6,   87.9,   92.2,   12.1,    7.8,    334,     18,     16,      7,    109,     45,     44,     39,     54,     25,     35,     18,      6,    234,    182,    15.7,    38.2,    24.8,    48.9,    14.1,    37.5,    22.5,    48.1,"(CONTRACTS OF EUR 125,000)",099741,CME ,099 ,F10,FutOnly
EURO FX - CHICAGO MERCANTILE EXCHANGE,211207,2021-12-07,099741,CME ,00,099 ,  716213,   49367,  297138,   34096,  390842,  159731,   32748,   54321,  102069,   17116,   46271,   10337,    5017,  629778,  658252,   86435,   57961,   10804,   -7531,    8210,   22472,    5761,  -16158,    -331,   -5094,   -7794,    2442,   -1737,    1504,    1052,   17034,   11397,   -6230,    -593,  100.0,    6.9,   41.5,    4.8,   54.6,   22.3,    4.6,    7.6,   14.3,    2.4,    6.5,    1.4,    0.7,   87.9,   91.9,   12.1,    8.1,    344,     16,     18,     13,    109,     45,     47,     46,     55,     31,     38,     17,      6,    248,    193,    16.1,    35.7,    24.9,    49.1,    13.1,    34.9,    20.8,    47.1,"(CONTRACTS OF EUR 125,000)",099741,CME ,099 ,F10,FutOnly
EURO FX - CHICAGO MERCANTILE EXCHANGE,211130,2021-11-30,099741,CME ,00,099 ,  705409,   56898,  288928,   11624,  385081,  175889,   33079,   59415,  109863,   14674,   48008,    8833,    3965,  612744,  646855,   92665,   58554,   -6276,   -3972,   -3004,    3208,   -6793,   -2600,     989,   -2112,   -1633,     883,     735,   -4081,   -1189,   -8251,   -7427,    1975,    1151,  100.0,    8.1,   41.0,    1.6,   54.6,   24.9,    4.7,    8.4,   15.6,    2.1,    6.8,    1.3,    0.6,   86.9,   91.7,   13.1,    8.3,    336,     18,     16,     11,    106,     46,     45,     48,     52,     33,     36,     14,      5,    246,    184,    15.1,    35.9,    23.5,    48.2,    13.6,    35.1,    21.6,    47.5,"(CONTRACTS OF EUR 125,000)",099741,CME ,099 ,F10,FutOnly
EURO FX - CHICAGO MERCANTILE EXCHANGE,211123,2021-11-23,099741,CME ,00,099 ,  711685,   60870,  291932,    8416,  391874,  178489,   32090,   61527,  111496,   13791,   47273,   12914,    5154,  620995,  654282,   90690,   57403,    5987,    1855,  -19498,    2338,    -766,    9477,    -618,     824,   10376,    1146,     391,    4425,     388,    5558,    8034,     429,   -2047,  100.0,    8.6,   41.0,    1.2,   55.1,   25.1,    4.5,    8.6,   15.7,    1.9,    6.6,    1.8,    0.7,   87.3,   91.9,   12.7,    8.1,    339,     17,     15,     11,    109,     44,     44,     47,     57,     30,     37,     13,      5,    246,    183,    14.6,    36.2,    23.2,    48.3,    13.6,    35.5,    21.7,    47.5,"(CONTRACTS OF EUR 125,000)",099741,CME ,099 ,F10,FutOnly
EURO FX - CHICAGO MERCANTILE EXCHANGE,211116,2021-11-16,099741,CME ,00,099 ,  705698,   59015,  311430,    6078,  392640,  169012,   32708,   60703,  101120,   12645,   46882,    8489,    4766,  615437,  646248,   90261,   59450,   27330,   10199,   -3886,    1840,    1170,   12814,     788,    5478,   10763,    1710,     565,     264,    -854,   20896,   23439,    6434,    3891,  100.0,    8.4,   44.1,    0.9,   55.6,   23.9,    4.6,    8.6,   14.3,    1.8,    6.6,    1.2,    0.7,   87.2,   91.6,   12.8,    8.4,    339,     17,     15,      9,    109,     46,     48,     48,     54,     25,     36,     14,      5,    246,    180,    14.3,    38.9,    23.4,    50.7,    13.4,    38.5,    21.5,    50.2,"(CONTRACTS OF EUR 125,000)",099741,CME ,099 ,F10,FutOnly
EURO FX - CHICAGO MERCANTILE EXCHANGE,211109,2021-11-09,099741,CME ,00,099 ,  678368,   48816,  315316,    4238,  391470,  156198,   31920,   55225,   90357,   10935,   46317,    8225,    5620,  594541,  622809,   83827,   55559,     344,   -6013,    2187,     398,    -463,   -1118,    1920,    -157,   -6332,    2911,    2633,     665,    -552,     677,      79,    -333,     265,  100.0,    7.2,   46.5,    0.6,   57.7,   23.0,    4.7,    8.1,   13.3,    1.6,    6.8,    1.2,    0.8,   87.6,   91.8,   12.4,    8.2,    338,     17,     14,      7,    110,     45,     48,     49,     52,     26,     37,     14,      6,    247,    178,    14.6,    41.4,    23.3,    54.1,    13.3,    40.9,    21.4,    53.5,"(CONTRACTS OF EUR 125,000)",099741,CME ,099 ,F10,FutOnly
EURO FX - CHICAGO MERCANTILE EXCHANGE,211102,2021-11-02,099741,CME ,00,099 ,  678024,   54829,  313129,    3840,  391933,  157316,   30000,   55382,   96689,    8024,   43684,    7560,    6172,  593864,  622730,   84160,   55294,   -2350,    1863,    4558,     -23,   -3184,    4592,    1613,    -611,   -9875,     254,     274,     422,     -13,     173,    1528,   -2523,   -3878,  100.0,    8.1,   46.2,    0.6,   57.8,   23.2,    4.4,    8.2,   14.3,    1.2,    6.4,    1.1,    0.9,   87.6,   91.8,   12.4,    8.2,    334,     17,     15,      7,    109,     46,     47,     45,     54,     23,     36,     12,      5,    237,    179,    14.6,    40.9,    23.6,    53.5,    13.4,    40.5,    21.8,    53.1,"(CONTRACTS OF EUR 125,000)",099741,CME ,099 ,F10,FutOnly
EURO FX - CHICAGO MERCANTILE EXCHANGE,211026,2021-10-26,099741,CME ,00,099 ,  680374,   52966,  308571,    3863,  395117,  152724,   28387,   55993,  106564,    7770,   43410,    7138,    6185,  593691,  621202,   86683,   59172,     956,    7248,   -6831,    1048,  -11624,    2013,     311,    6066,    3446,     -79,   -1047,    -154,     113,    2036,    -133,   -1080,    1089,  100.0,    7.8,   45.4,    0.6,   58.1,   22.4,    4.2,    8.2,   15.7,    1.1,    6.4,    1.0,    0.9,   87.3,   91.3,   12.7,    8.7,    326,     16,     16,      6,    106,     46,     45,     45,     53,     25,     33,     11,      5,    229,    178,    14.8,    40.0,    24.1,    51.9,    14.0,    39.7,    22.3,    51.5,"(CONTRACTS OF EUR 125,000)",099741,CME ,099 ,F10,FutOnly
EURO FX - CHICAGO MERCANTILE EXCHANGE,211019,2021-10-19,099741,CME ,00,099 ,  679418,   45718,  315402,    2815,  406741,  150711,   28076,   49927,  103118,    7849,   44457,    7292,    6072,  591655,  621335,   87763,   58083,  -15911,   -9083,      12,     128,    2719,    5112,     384,   -8501,  -18912,    1010,   -1722,    -470,     124,  -14941,  -12612,    -970,   -3299,  100.0,    6.7,   46.4,    0.4,   59.9,   22.2,    4.1,    7.3,   15.2,    1.2,    6.5,    1.1,    0.9,   87.1,   91.5,   12.9,    8.5,    322,     14,     17,      6,    108,     45,     45,     43,     49,     25,     34,     12,      4,    230,    172,    14.8,    40.7,    24.3,    53.0,    14.1,    40.5,    22.6,    52.8,"(CONTRACTS OF EUR 125,000)",099741,CME ,099 ,F10,FutOnly
EURO FX - CHICAGO MERCANTILE EXCHANGE,211012,2021-10-12,099741,CME ,00,099 ,  695329,   54801,  315390,    2687,  404022,  145599,   27692,   58428,  122030,    6839,   46179,    7762,    5948,  606596,  633947,   88733,   61382,    1738,   10301,   -3177,     696,  -13809,    2129,    2552,    6773,   -1099,   -2719,    -425,    1517,     200,    3569,      99,   -1831,    1639,  100.0,    7.9,   45.4,    0.4,   58.1,   20.9,    4.0,    8.4,   17.5,    1.0,    6.6,    1.1,    0.9,   87.2,   91.2,   12.8,    8.8,    324,     16,     16,      6,    107,     41,     44,     38,     58,     24,     34,     14,      4,    226,    176,    15.0,    39.9,    24.3,    52.2,    14.3,    39.7,    22.6,    52.0,"(CONTRACTS OF EUR 125,000)",099741,CME ,099 ,F10,FutOnly
EURO FX - CHICAGO MERCANTILE EXCHANGE,211005,2021-10-05,099741,CME ,00,099 ,  693591,   44500,  318567,    1991,  417831,  143470,   25140,   51655,  123129,    9558,   46604,    6245,    5748,  603027,  633848,   90564,   59743,   25524,   16031,   -7690,      41,    5000,    3792,    -983,   -1548,   24638,    3892,    -774,    -762,     451,   22110,   23379,    3414,    2145,  100.0,    6.4,   45.9,    0.3,   60.2,   20.7,    3.6,    7.4,   17.8,    1.4,    6.7,    0.9,    0.8,   86.9,   91.4,   13.1,    8.6,    327,     15,     15,      7,    109,     41,     40,     37,     63,     25,     35,     11,      4,    227,    176,    15.3,    40.0,    25.4,    53.4,    14.0,    39.8,    23.5,    53.3,"(CONTRACTS OF EUR 125,000)",099741,CME ,099 ,F10,FutOnly
EURO FX - CHICAGO MERCANTILE EXCHANGE,210928,2021-09-28,099741,CME ,00,099 ,  668067,   28469,  326257,    1950,  412831,  139678,   26123,   53203,   98491,    5666,   47378,    7007,    5297,  580917,  610469,   87150,   57598,    4548,    8008,  -24460,     550,  -11874,    5124,     485,    2305,   17866,     568,    3589,     896,    -726,    2905,     303,    1643,    4245,  100.0,    4.3,   48.8,    0.3,   61.8,   20.9,    3.9,    8.0,   14.7,    0.8,    7.1,    1.0,    0.8,   87.0,   91.4,   13.0,    8.6,    324,     13,     17,      9,    107,     43,     41,     39,     56,     19,     36,     12,      4,    222,    175,    15.9,    41.9,    25.2,    55.3,    14.7,    41.7,    23.3,    55.2,"(CONTRACTS OF EUR 125,000)",099741,CME ,099 ,F10,FutOnly
EURO FX - CHICAGO MERCANTILE EXCHANGE,210921,2021-09-21,099741,CME ,00,099 ,  663519,   20461,  350717,    1400,  424705,  134554,   25638,   50898,   80625,    5098,   43789,    6111,    6023,  578012,  610166,   85507,   53353,   10417,    -403,   -9448,     154,   14412,   13991,   -1672,    2876,    6459,   -1582,     385,     -33,    1010,   15180,    8879,   -4763,    1538,  100.0,    3.1,   52.9,    0.2,   64.0,   20.3,    3.9,    7.7,   12.2,    0.8,    6.6,    0.9,    0.9,   87.1,   92.0,   12.9,    8.0,    313,     11,     16,      7,    110,     41,     44,     40,     52,     19,     33,     10,      4,    221,    166,    16.3,    44.2,    25.9,    57.4,    15.1,    44.1,    24.0,    57.3,"(CONTRACTS OF EUR 125,000)",099741,CME ,099 ,F10,FutOnly
EURO FX - CHICAGO MERCANTILE EXCHANGE,210914,2021-09-14,099741,CME ,00,099 ,  653102,   20864,  360165,    1246,  410293,  120563,   27310,   48022,   74166,    6680,   43404,    6144,    5013,  562832,  601287,   90270,   51815,  -43632,  -21476,  -16534,  -13608,    3599,   -1592,   -2009,   -3043,   -8174,   -2056,    2702,    -471,     241,  -35650,  -44203,   -7982,     571,  100.0,    3.2,   55.1,    0.2,   62.8,   18.5,    4.2,    7.4,   11.4,    1.0,    6.6,    0.9,    0.8,   86.2,   92.1,   13.8,    7.9,    304,     13,     14,      7,    108,     40,     44,     37,     49,     25,     33,     10,      4,    223,    161,    15.8,    44.9,    25.3,    58.0,    14.4,    44.9,    23.3,    57.9,"(CONTRACTS OF EUR 125,000)",099741,CME ,099 ,F10,FutOnly
EURO FX - CHICAGO MERCANTILE EXCHANGE,210907,2021-09-07,099741,CME ,00,099 ,  696734,   42340,  376699,   14854,  406694,  122155,   29319,   51065,   82340,    8736,   40702,    6615,    4772,  598482,  645490,   98252,   51244,   -8376,   -8152,   17424,    5833,    4300,  -10181,   -1057,   -5096,  -11869,   -6323,    -560,     390,    -368,  -11423,   -6151,    3047,   -2225,  100.0,    6.1,   54.1,    2.1,   58.4,   17.5,    4.2,    7.3,   11.8,    1.3,    5.8,    0.9,    0.7,   85.9,   92.6,   14.1,    7.4,    308,     17,     12,     14,    109,     42,     44,     40,     43,     25,     33,     11,      4,    231,    164,    14.6,    49.4,    23.1,    59.4,    13.2,    49.3,    21.1,    59.2,"(CONTRACTS OF EUR 125,000)",099741,CME ,099 ,F10,FutOnly
EURO FX - CHICAGO MERCANTILE EXCHANGE,210831,2021-08-31,099741,CME ,00,099 ,  705110,   50492,  359275,    9021,  402394,  132336,   30376,   56161,   94209,   15059,   41262,    6225,    5140,  609905,  651641,   95205,   53469,    6563,    -914,   -2248,    -131,    5218,    -761,     -66,   -6371,   10838,    4511,     571,    -352,     -89,    2729,   11702,    3834,   -5139,  100.0,    7.2,   51.0,    1.3,   57.1,   18.8,    4.3,    8.0,   13.4,    2.1,    5.9,    0.9,    0.7,   86.5,   92.4,   13.5,    7.6,    317,     17,     11,      7,    110,     43,     43,     45,     48,     29,     33,     10,      4,    230,    170,    14.4,    47.4,    22.6,    56.6,    13.0,    46.9,    20.7,    56.1,"(CONTRACTS OF EUR 125,000)",099741,CME ,099 ,F10,FutOnly
EURO FX - CHICAGO MERCANTILE EXCHANGE,210824,2021-08-24,099741,CME ,00,099 ,  698547,   51406,  361523,    9152,  397176,  133097,   30442,   62532,   83371,   10548,   40691,    6577,    5229,  607176,  639939,   91371,   58608,    3755,     872,   -6576,    5569,   -3650,    6767,     365,    3842,   -8816,    2930,  -27456,    -447,     -41,  -17569,    -249,   21324,    4004,  100.0,    7.4,   51.8,    1.3,   56.9,   19.1,    4.4,    9.0,   11.9,    1.5,    5.8,    0.9,    0.7,   86.9,   91.6,   13.1,    8.4,    315,     18,     11,      8,    109,     42,     43,     47,     44,     26,     34,     10,      5,    231,    166,    14.6,    48.0,    23.2,    57.5,    13.2,    47.5,    20.8,    57.0,"(CONTRACTS OF EUR 125,000)",099741,CME ,099 ,F10,FutOnly
EURO FX - CHICAGO MERCANTILE EXCHANGE,210817,2021-08-17,099741,CME ,00,099 ,  694792,   50534,  368099,    3583,  400826,  126330,   30077,   58690,   92187,    7618,   68147,    7024,    5270,  624745,  640188,   70047,   54604,   -7306,   -3574,   -7447,     235,   -7827,    4027,    2611,    -836,   -5362,     335,   24028,    -186,      26,   14998,   -5761,  -22304,   -1545,  100.0,    7.3,   53.0,    0.5,   57.7,   18.2,    4.3,    8.4,   13.3,    1.1,    9.8,    1.0,    0.8,   89.9,   92.1,   10.1,    7.9,    319,     17,     12,      8,    108,     41,     44,     40,     53,     23,     37,     11,      5,    229,    170,    15.9,    48.6,    25.8,    58.6,    14.9,    48.4,    23.6,    58.4,"(CONTRACTS OF EUR 125,000)",099741,CME ,099 ,F10,FutOnly
EURO FX - CHICAGO MERCANTILE EXCHANGE,210810,2021-08-10,099741,CME ,00,099 ,  702098,   54108,  375546,    3348,  408653,  122303,   27466,   59526,   97549,    7283,   44119,    7210,    5244,  609747,  645949,   92351,   56149,   27607,    8950,    2150,    -153,   10738,   13177,   -1051,    8344,    8626,    -590,    1600,     853,     148,   27986,   23160,    -379,    4447,  100.0,    7.7,   53.5,    0.5,   58.2,   17.4,    3.9,    8.5,   13.9,    1.0,    6.3,    1.0,    0.7,   86.8,   92.0,   13.2,    8.0,    316,     18,     12,      6,    109,     41,     44,     41,     50,     24,     35,     10,      5,    228,    167,    15.2,    48.9,    24.8,    58.8,    14.0,    48.7,    22.7,    58.6,"(CONTRACTS OF EUR 125,000)",099741,CME ,099 ,F10,FutOnly
EURO FX - CHICAGO MERCANTILE EXCHANGE,210803,2021-08-03,099741,CME ,00,099 ,  674491,   45158,  373396,    3501,  397915,  109126,   28517,   51182,   88923,    7873,   42519,    6357,    5096,  581761,  622789,   92730,   51702,   -3517,     777,   -1809,    -159,   -3495,   -4058,    -189,   -2053,    2504,    -900,    2196,      93,      62,   -3761,   -4456,     244,     939,  100.0,    6.7,   55.4,    0.5,   59.0,   16.2,    4.2,    7.6,   13.2,    1.2,    6.3,    0.9,    0.8,   86.3,   92.3,   13.7,    7.7,    308,     16,     12,      9,    109,     38,     44,     44,     43,     27,     36,     10,      4,    235,    157,    14.6,    51.1,    23.3,    60.9,    13.5,    51.0,    21.5,    60.7,"(CONTRACTS OF EUR 125,000)",099741,CME ,099 ,F10,FutOnly
EURO FX - CHICAGO MERCANTILE EXCHANGE,210727,2021-07-27,099741,CME ,00,099 ,  678008,   44381,  375205,    3660,  401410,  113184,   28706,   53235,   86419,    8773,   40323,    6264,    5034,  585522,  627245,   92486,   50763,   -5067,     834,  -11672,      28,  -11683,    4258,    1764,   -1487,   -2039,    2444,   -1079,    1182,     660,   -8519,   -3375,    3452,   -1692,  100.0,    6.5,   55.3,    0.5,   59.2,   16.7,    4.2,    7.9,   12.7,    1.3,    5.9,    0.9,    0.7,   86.4,   92.5,   13.6,    7.5,    310,     17,     14,      9,    110,     38,     45,     42,     46,     23,     33,     10,      5,    229,    163,    14.7,    51.2,    23.6,    60.8,    13.5,    51.0,    21.7,    60.6,"(CONTRACTS OF EUR 125,000)",099741,CME ,099 ,F10,FutOnly
EURO FX - CHICAGO MERCANTILE EXCHANGE,210720,2021-07-20,099741,CME ,00,099 ,  683075,   43547,  386877,    3632,  413093,  108926,   26942,   54722,   88458,    6329,   41402,    5082,    4374,  594041,  630620,   89034,   52455,   -5877,   18265,  -26663,    -940,  -13504,   12577,     353,   -5000,    6595,     -21,   -2191,     -18,     -36,   -3074,   -8153,   -2803,    2276,  100.0,    6.4,   56.6,    0.5,   60.5,   15.9,    3.9,    8.0,   12.9,    0.9,    6.1,    0.7,    0.6,   87.0,   92.3,   13.0,    7.7,    313,     18,     14,      8,    109,     37,     46,     42,     52,     22,     32,      9,      4,    229,    164,    15.0,    51.9,    24.5,    61.8,    13.8,    51.7,    22.5,    61.6,"(CONTRACTS OF EUR 125,000)",099741,CME ,099 ,F10,FutOnly
EURO FX - CHICAGO MERCANTILE EXCHANGE,210713,2021-07-13,099741,CME ,00,099 ,  688952,   25282,  413540,    4572,  426597,   96349,   26589,   59722,   81863,    6350,   43593,    5100,    4410,  597115,  638773,   91837,   50179,  -10431,     779,  -28116,    1263,  -18734,    2289,     896,    7020,   13211,   -1670,    1791,   -1838,     688,   -7967,  -13277,   -2464,    2846,  100.0,    3.7,   60.0,    0.7,   61.9,   14.0,    3.9,    8.7,   11.9,    0.9,    6.3,    0.7,    0.6,   86.7,   92.7,   13.3,    7.3,    308,     15,     15,      8,    112,     34,     47,     42,     47,     20,     34,      9,      4,    229,    158,    15.8,    55.2,    25.2,    65.1,    14.6,    55.0,    23.4,    64.9,"(CONTRACTS OF EUR 125,000)",099741,CME ,099 ,F10,FutOnly
EURO FX - CHICAGO MERCANTILE EXCHANGE,210706,2021-07-06,099741,CME ,00,099 ,  699383,   24503,  441656,    3309,  445331,   94060,   25693,   52702,   68652,    8020,   41802,    6938,    3722,  605082,  652050,   94301,   47333,    1958,    3346,  -13798,    -393,   -4711,    7300,     970,    1357,    4557,     517,    1058,     503,       0,    2144,    -344,    -186,    2302,  100.0,    3.5,   63.1,    0.5,   63.7,   13.4,    3.7,    7.5,    9.8,    1.1,    6.0,    1.0,    0.5,   86.5,   93.2,   13.5,    6.8,    305,     15,     14,      7,    112,     35,     46,     41,     48,     22,     30,     10,      4,    223,    161,    16.9,    56.6,    26.5,    67.2,    15.6,    56.5,    25.0,    67.0,"(CONTRACTS OF EUR 125,000)",099741,CME ,099 ,F10,FutOnly
EURO FX - CHICAGO MERCANTILE EXCHANGE,210629,2021-06-29,099741,CME ,00,099 ,  697425,   21157,  455454,    3702,  450042,   86760,   24723,   51345,   64095,    7503,   40744,    6435,    3722,  602938,  652394,   94487,   45031,    2621,    1672,   -2474,      68,    1255,    2471,     827,   -1037,   -4412,      53,    1880,    2119,     -16,    4702,   -1364,   -2081,    3985,  100.0,    3.0,   65.3,    0.5,   64.5,   12.4,    3.5,    7.4,    9.2,    1.1,    5.8,    0.9,    0.5,   86.5,   93.5,   13.5,    6.5,    302,     13,     14,      7,    114,     33,     46,     43,     45,     23,     31,      9,      4,    225,    157,    16.8,    57.9,    26.4,    68.2,    15.5,    57.7,    24.9,    67.9,"(CONTRACTS OF EUR 125,000)",099741,CME ,099 ,F10,FutOnly
EURO FX - CHICAGO MERCANTILE EXCHANGE,210622,2021-06-22,099741,CME ,00,099 ,  694804,   19485,  457928,    3634,  448787,   84289,   23896,   52382,   68507,    7450,   38864,    4316,    3738,  598236,  653758,   96568,   41046,      82,    3015,  -43590,    1308,   -5934,   16091,    1166,    3303,   16685,    3049,   -4082,   -1267,    1579,    3404,   -4979,   -3322,    5061,  100.0,    2.8,   65.9,    0.5,   64.6,   12.1,    3.4,    7.5,    9.9,    1.1,    5.6,    0.6,    0.5,   86.1,   94.1,   13.9,    5.9,    295,     10,     16,      8,    113,     32,     46,     41,     44,     22,     31,      8,      5,    222,    154,    16.8,    58.1,    26.4,    68.3,    15.7,    57.9,    24.9,    68.1,"(CONTRACTS OF EUR 125,000)",099741,CME ,099 ,F10,FutOnly
EURO FX - CHICAGO MERCANTILE EXCHANGE,210615,2021-06-15,099741,CME ,00,099 ,  694722,   16470,  501518,    2326,  454721,   68198,   22730,   49079,   51822,    4401,   42946,    5583,    2159,  594832,  658737,   99890,   35985,  -48437,   -7371,  -16387,   -7596,    1424,    1814,    -461,  -14479,  -18738,   -4510,      28,    1552,   -1540,  -34505,  -45866,  -13932,   -2571,  100.0,    2.4,   72.2,    0.3,   65.5,    9.8,    3.3,    7.1,    7.5,    0.6,    6.2,    0.8,    0.3,   85.6,   94.8,   14.4,    5.2,    296,     10,     16,      7,    117,     26,     45,     40,     43,     20,     35,      9,      5,    226,    147,    16.5,    61.3,    26.2,    74.2,    15.4,    61.1,    24.7,    74.0,"(CONTRACTS OF EUR 125,000)",099741,CME ,099 ,F10,FutOnly
EURO FX - CHICAGO MERCANTILE EXCHANGE,210608,2021-06-08,099741,CME ,00,099 ,  743159,   23841,  517905,    9922,  453297,   66384,   23191,   63558,   70560,    8911,   42918,    4031,    3699,  629337,  704603,  113822,   38556,    1080,   -3531,   -3718,    7524,    1219,   -1491,   -1698,   -6002,     837,    -495,    2299,    -569,      -1,    -685,     389,    1765,     691,  100.0,    3.2,   69.7,    1.3,   61.0,    8.9,    3.1,    8.6,    9.5,    1.2,    5.8,    0.5,    0.5,   84.7,   94.8,   15.3,    5.2,    302,     12,     18,     11,    116,     25,     45,     45,     41,     24,     36,      7,      5,    239,    148,    15.6,    58.3,    24.7,    70.3,    14.5,    58.1,    23.3,    70.1,"(CONTRACTS OF EUR 125,000)",099741,CME ,099 ,F10,FutOnly
EURO FX - CHICAGO MERCANTILE EXCHANGE,210601,2021-06-01,099741,CME ,00,099 ,  742079,   27372,  521623,    2398,  452078,   67875,   24889,   69560,   69723,    9406,   40619,    4600,    3700,  630022,  704214,  112057,   37865,    3941,    -304,    5379,      79,    6295,     468,    -280,   -1421,   -3761,     459,   -1435,    -625,     -32,    3361,    1687,     580,    2254,  100.0,    3.7,   70.3,    0.3,   60.9,    9.1,    3.4,    9.4,    9.4,    1.3,    5.5,    0.6,    0.5,   84.9,   94.9,   15.1,    5.1,    307,     15,     14,      9,    116,     28,     44,     52,     37,     24,     36,      8,      5,    243,    146,    15.0,    58.2,    24.2,    70.8,    13.9,    58.1,    22.7,    70.6,"(CONTRACTS OF EUR 125,000)",099741,CME ,099 ,F10,FutOnly
EURO FX - CHICAGO MERCANTILE EXCHANGE,210525,2021-05-25,099741,CME ,00,099 ,  738138,   27676,  516244,    2319,  445783,   67407,   25169,   70981,   73484,    8947,   42054,    5225,    3732,  626661,  702527,  111477,   35611,   10507,    -147,    9138,     -64,    5397,    1217,      79,     562,    -254,    1361,    1136,    -333,     -33,    8291,   11111,    2216,    -604,  100.0,    3.7,   69.9,    0.3,   60.4,    9.1,    3.4,    9.6,   10.0,    1.2,    5.7,    0.7,    0.5,   84.9,   95.2,   15.1,    4.8,    315,     14,     16,      9,    116,     28,     44,     55,     38,     25,     38,      9,      5,    245,    153,    14.9,    57.9,    24.1,    70.5,    13.8,    57.7,    22.6,    70.2,"(CONTRACTS OF EUR 125,000)",099741,CME ,099 ,F10,FutOnly
EURO FX - CHICAGO MERCANTILE EXCHANGE,210518,2021-05-18,099741,CME ,00,099 ,  727631,   27823,  507106,    2383,  440386,   66190,   25090,   70419,   73738,    7586,   40918,    5558,    3765,  618370,  691416,  109261,   36215,   30420,    -495,   30339,     194,   33700,   -1160,   -4351,   -1711,    4035,     186,      10,     338,    -251,   27282,   29330,    3138,    1090,  100.0,    3.8,   69.7,    0.3,   60.5,    9.1,    3.4,    9.7,   10.1,    1.0,    5.6,    0.8,    0.5,   85.0,   95.0,   15.0,    5.0,    313,     14,     16,      9,    117,     29,     45,     52,     36,     22,     37,     11,      6,    244,    151,    15.1,    58.4,    24.4,    70.9,    13.9,    58.3,    22.9,    70.6,"(CONTRACTS OF EUR 125,000)",099741,CME ,099 ,F10,FutOnly
EURO FX - CHICAGO MERCANTILE EXCHANGE,210511,2021-05-11,099741,CME ,00,099 ,  697211,   28318,  476767,    2189,  406686,   67350,   29441,   72130,   69703,    7400,   40908,    5220,    4016,  591088,  662086,  106123,   35125,   19814,   -8710,   16635,    -328,    8003,    1402,    1079,   12149,    5902,     -39,    -161,    1011,   -1383,   10610,   24279,    9204,   -4465,  100.0,    4.1,   68.4,    0.3,   58.3,    9.7,    4.2,   10.3,   10.0,    1.1,    5.9,    0.7,    0.6,   84.8,   95.0,   15.2,    5.0,    312,     14,     15,      7,    117,     27,     48,     56,     38,     23,     34,     10,      7,    244,    153,    13.7,    59.2,    22.1,    71.3,    12.5,    59.1,    20.2,    71.2,"(CONTRACTS OF EUR 125,000)",099741,CME ,099 ,F10,FutOnly
EURO FX - CHICAGO MERCANTILE EXCHANGE,210504,2021-05-04,099741,CME ,00,099 ,  677397,   37028,  460132,    2517,  398683,   65948,   28362,   59981,   63801,    7439,   41069,    4209,    5399,  580478,  637807,   96919,   39590,    5325,    -488,    2955,     178,    2621,    -169,     276,   -3341,     441,    2031,    1970,      -2,    1118,    4365,    6828,     960,   -1503,  100.0,    5.5,   67.9,    0.4,   58.9,    9.7,    4.2,    8.9,    9.4,    1.1,    6.1,    0.6,    0.8,   85.7,   94.2,   14.3,    5.8,    305,     13,     15,      7,    115,     27,     45,     46,     46,     23,     35,      7,      7,    233,    154,    14.1,    59.2,    22.5,    71.9,    12.9,    59.0,    20.6,    71.7,"(CONTRACTS OF EUR 125,000)",099741,CME ,099 ,F10,FutOnly
EURO FX - CHICAGO MERCANTILE EXCHANGE,210427,2021-04-27,099741,CME ,00,099 ,  672072,   37516,  457177,    2339,  396062,   66117,   28086,   63322,   63360,    5408,   39099,    4211,    4281,  576113,  630979,   95959,   41093,   10432,    4113,    8092,     119,    2302,    2800,    -643,    1766,    1820,    -489,   -1610,     301,     397,    5955,   12397,    4477,   -1965,  100.0,    5.6,   68.0,    0.3,   58.9,    9.8,    4.2,    9.4,    9.4,    0.8,    5.8,    0.6,    0.6,   85.7,   93.9,   14.3,    6.1,    302,     15,     14,      7,    115,     28,     48,     49,     39,     24,     35,      7,      7,    237,    151,    14.2,    59.6,    22.4,    72.1,    13.0,    59.4,    20.8,    71.9,"(CONTRACTS OF EUR 125,000)",099741,CME ,099 ,F10,FutOnly
EURO FX - CHICAGO MERCANTILE EXCHANGE,210420,2021-04-20,099741,CME ,00,099 ,  661640,   33403,  449085,    2220,  393760,   63317,   28729,   61556,   61540,    5897,   40709,    3910,    3884,  570158,  618582,   91482,   43058,   12959,    -571,   27165,    -162,     282,   -9568,    2572,    6282,   -3949,    -866,    2588,     574,      59,   10184,   15825,    2775,   -2866,  100.0,    5.0,   67.9,    0.3,   59.5,    9.6,    4.3,    9.3,    9.3,    0.9,    6.2,    0.6,    0.6,   86.2,   93.5,   13.8,    6.5,    299,     14,     15,      6,    116,     26,     46,     49,     37,     24,     36,      6,      7,    237,    145,    14.5,    59.0,    23.1,    71.9,    13.3,    58.8,    21.6,    71.7,"(CONTRACTS OF EUR 125,000)",099741,CME ,099 ,F10,FutOnly
EURO FX - CHICAGO MERCANTILE EXCHANGE,210413,2021-04-13,099741,CME ,00,099 ,  648681,   33974,  421920,    2382,  393478,   72885,   26157,   55274,   65489,    6763,   38121,    3336,    3825,  559974,  602757,   88707,   45924,    6010,    -458,    7493,     810,    2545,   -3938,    1202,    2068,     194,    1061,    -306,     664,      74,    6996,    7560,    -986,   -1550,  100.0,    5.2,   65.0,    0.4,   60.7,   11.2,    4.0,    8.5,   10.1,    1.0,    5.9,    0.5,    0.6,   86.3,   92.9,   13.7,    7.1,    292,     13,     12,      6,    110,     32,     46,     46,     41,     24,     33,      5,      6,    225,    149,    14.6,    57.2,    24.2,    70.5,    13.5,    57.0,    22.4,    70.3,"(CONTRACTS OF EUR 125,000)",099741,CME ,099 ,F10,FutOnly
EURO FX - CHICAGO MERCANTILE EXCHANGE,210406,2021-04-06,099741,CME ,00,099 ,  642671,   34432,  414427,    1572,  390933,   76823,   24955,   53206,   65295,    5702,   38427,    2672,    3751,  552978,  595197,   89693,   47474,   -2450,    -499,   -2355,      26,    5893,   -3059,    -882,   -3927,    1382,   -1046,    -105,      24,      18,    -522,   -5892,   -1928,    3442,  100.0,    5.4,   64.5,    0.2,   60.8,   12.0,    3.9,    8.3,   10.2,    0.9,    6.0,    0.4,    0.6,   86.0,   92.6,   14.0,    7.4,    288,     13,     13,      5,    107,     32,     44,     41,     45,     21,     33,      4,      5,    217,    146,    14.8,    56.1,    25.3,    69.4,    14.0,    55.9,    23.7,    69.3,"(CONTRACTS OF EUR 125,000)",099741,CME ,099 ,F10,FutOnly
EURO FX - CHICAGO MERCANTILE EXCHANGE,210330,2021-03-30,099741,CME ,00,099 ,  645121,   34931,  416782,    1546,  385040,   79882,   25837,   57133,   63913,    6748,   38532,    2648,    3733,  553500,  601089,   91621,   44032,    3693,    7678,  -14223,     166,  -13799,   10558,     641,    5681,    5799,     503,    -363,     -59,    -161,     346,    3224,    3347,     469,  100.0,    5.4,   64.6,    0.2,   59.7,   12.4,    4.0,    8.9,    9.9,    1.0,    6.0,    0.4,    0.6,   85.8,   93.2,   14.2,    6.8,    291,     13,     14,      6,    105,     36,     46,     45,     44,     22,     30,      4,      6,    218,    153,    14.5,    56.2,    25.2,    69.4,    13.8,    56.1,    23.6,    69.2,"(CONTRACTS OF EUR 125,000)",099741,CME ,099 ,F10,FutOnly
EURO FX - CHICAGO MERCANTILE EXCHANGE,210323,2021-03-23,099741,CME ,00,099 ,  641428,   27253,  431005,    1380,  398839,   69324,   25196,   51452,   58114,    6245,   38895,    2707,    3894,  553154,  597865,   88274,   43563,    2451,     542,     457,    -538,   -5737,    2403,    2066,    2540,   -2621,    1052,    1514,   -1672,      -2,    1437,    1145,    1014,    1306,  100.0,    4.2,   67.2,    0.2,   62.2,   10.8,    3.9,    8.0,    9.1,    1.0,    6.1,    0.4,    0.6,   86.2,   93.2,   13.8,    6.8,    292,     11,     14,      5,    111,     31,     49,     41,     47,     19,     33,      4,      8,    217,    156,    15.6,    58.7,    26.4,    71.7,    14.5,    58.6,    25.0,    71.6,"(CONTRACTS OF EUR 125,000)",099741,CME ,099 ,F10,FutOnly
EURO FX - CHICAGO MERCANTILE EXCHANGE,210316,2021-03-16,099741,CME ,00,099 ,  638977,   26711,  430548,    1918,  404576,   66921,   23130,   48912,   60735,    5193,   37381,    4379,    3896,  551717,  596720,   87260,   42257,  -83146,   -6788,  -13797,  -51551,    9649,   -3807,     357,  -15335,   -3438,  -10770,    1137,    -770,    -580,  -73881,  -84356,   -9265,    1210,  100.0,    4.2,   67.4,    0.3,   63.3,   10.5,    3.6,    7.7,    9.5,    0.8,    5.9,    0.7,    0.6,   86.3,   93.4,   13.7,    6.6,    286,     12,     12,      6,    111,     29,     47,     42,     44,     21,     30,      6,      6,    216,    150,    15.5,    59.0,    26.6,    72.1,    14.6,    58.9,    25.3,    71.9,"(CONTRACTS OF EUR 125,000)",099741,CME ,099 ,F10,FutOnly
EURO FX - CHICAGO MERCANTILE EXCHANGE,210309,2021-03-09,099741,CME ,00,099 ,  722123,   33499,  444345,   53469,  394927,   70728,   22773,   64247,   64173,   15963,   36244,    5149,    4476,  625598,  681076,   96525,   41047,   23894,    2476,  -22876,   29395,   -7419,    5431,   -2916,   -9175,    8979,    5490,     322,     208,      67,   18240,   23778,    5654,     116,  100.0,    4.6,   61.5,    7.4,   54.7,    9.8,    3.2,    8.9,    8.9,    2.2,    5.0,    0.7,    0.6,   86.6,   94.3,   13.4,    5.7,    290,     16,     12,     12,    112,     31,     45,     43,     38,     29,     31,      7,      9,    232,    153,    16.0,    63.1,    25.8,    72.6,    13.0,    58.0,    21.3,    65.8,"(CONTRACTS OF EUR 125,000)",099741,CME ,099 ,F10,FutOnly
EURO FX - CHICAGO MERCANTILE EXCHANGE,210302,2021-03-02,099741,CME ,00,099 ,  698229,   31023,  467221,   24074,  402346,   65297,   25689,   73422,   55194,   10473,   35922,    4941,    4409,  607358,  657298,   90871,   40931,    1313,    2420,  -16470,     481,     181,    7807,    2050,    1330,    1188,    4718,   -5360,     -66,    -100,    5720,    -392,   -4407,    1705,  100.0,    4.4,   66.9,    3.4,   57.6,    9.4,    3.7,   10.5,    7.9,    1.5,    5.1,    0.7,    0.6,   87.0,   94.1,   13.0,    5.9,    304,     12,     16,      9,    121,     28,     45,     48,     38,     27,     33,      8,      5,    236,    154,    14.2,    65.4,    24.0,    73.9,    13.4,    62.2,    21.8,    70.6,"(CONTRACTS OF EUR 125,000)",099741,CME ,099 ,F10,FutOnly
EURO FX - CHICAGO MERCANTILE EXCHANGE,210223,2021-02-23,099741,CME ,00,099 ,  696916,   28603,  483691,   23593,  402165,   57490,   23639,   72092,   54006,    5755,   41282,    5007,    4509,  601638,  657690,   95278,   39226,   21155,     472,    4381,    9867,    6135,     867,    -129,    3956,    5298,     160,   -1936,     383,     238,   18763,   21065,    2392,      90,  100.0,    4.1,   69.4,    3.4,   57.7,    8.2,    3.4,   10.3,    7.7,    0.8,    5.9,    0.7,    0.6,   86.3,   94.4,   13.7,    5.6,    302,     14,     15,      9,    118,     26,     41,     49,     36,     26,     36,      8,      5,    239,    144,    14.5,    66.9,    24.1,    75.0,    13.8,    63.9,    22.8,    71.8,"(CONTRACTS OF EUR 125,000)",099741,CME ,099 ,F10,FutOnly
EURO FX - CHICAGO MERCANTILE EXCHANGE,210216,2021-02-16,099741,CME ,00,099 ,  675761,   28131,  479310,   13726,  396030,   56623,   23768,   68136,   48708,    5595,   43218,    4624,    4271,  582875,  636625,   92886,   39136,    2645,   -1508,    2414,    1842,    9575,    3244,    -358,   -2762,     273,    -744,   -1307,      52,     -50,    4688,    6673,   -2043,   -4028,  100.0,    4.2,   70.9,    2.0,   58.6,    8.4,    3.5,   10.1,    7.2,    0.8,    6.4,    0.7,    0.6,   86.3,   94.2,   13.7,    5.8,    302,     16,     13,      9,    117,     27,     43,     53,     30,     25,     39,      7,      5,    245,    139,    15.0,    67.2,    24.1,    75.5,    14.3,    65.6,    23.2,    73.6,"(CONTRACTS OF EUR 125,000)",099741,CME ,099 ,F10,FutOnly
EURO FX - CHICAGO MERCANTILE EXCHANGE,210209,2021-02-09,099741,CME ,00,099 ,  673116,   29639,  476896,   11884,  386455,   53379,   24126,   70898,   48435,    6339,   44525,    4572,    4321,  578187,  629952,   94929,   43164,   -2404,   -5063,     556,    1759,    5040,   -1341,    -762,   -2632,   -2974,    -123,    -384,     680,      70,   -2095,   -2135,    -309,    -269,  100.0,    4.4,   70.8,    1.8,   57.4,    7.9,    3.6,   10.5,    7.2,    0.9,    6.6,    0.7,    0.6,   85.9,   93.6,   14.1,    6.4,    298,     14,     12,      9,    117,     27,     44,     52,     31,     27,     38,      7,      5,    240,    143,    15.0,    67.4,    24.0,    75.7,    14.3,    65.9,    23.1,    74.0,"(CONTRACTS OF EUR 125,000)",099741,CME ,099 ,F10,FutOnly
EURO FX - CHICAGO MERCANTILE EXCHANGE,210202,2021-02-02,099741,CME ,00,099 ,  675520,   34702,  476340,   10125,  381415,   54720,   24888,   73530,   51409,    6462,   44909,    3892,    4251,  580282,  632087,   95238,   43433,   -1912,    -633,  -18330,    3852,   -7622,    -830,    1928,   -2927,    4488,    2600,     684,     695,     185,   -1933,   -5412,      21,    3500,  100.0,    5.1,   70.5,    1.5,   56.5,    8.1,    3.7,   10.9,    7.6,    1.0,    6.6,    0.6,    0.6,   85.9,   93.6,   14.1,    6.4,    298,     15,     11,     10,    112,     29,     50,     50,     36,     23,     39,      6,      6,    239,    148,    15.5,    66.7,    24.2,    75.4,    14.9,    65.5,    23.0,    74.0,"(CONTRACTS OF EUR 125,000)",099741,CME ,099 ,F10,FutOnly
EURO FX - CHICAGO MERCANTILE EXCHANGE,210126,2021-01-26,099741,CME ,00,099 ,  677432,   35335,  494670,    6273,  389037,   55550,   22960,   76457,   46921,    3862,   44225,    3197,    4066,  582215,  637499,   95217,   39933,     917,    2791,    2278,     636,    1033,   -1345,     594,   -3640,   -1932,      97,    1993,    -452,     204,    3708,      80,   -2791,     837,  100.0,    5.2,   73.0,    0.9,   57.4,    8.2,    3.4,   11.3,    6.9,    0.6,    6.5,    0.5,    0.6,   85.9,   94.1,   14.1,    5.9,    297,     15,     11,     10,    113,     28,     45,     52,     32,     20,     38,      7,      6,    237,    141,    14.8,    68.0,    23.7,    76.6,    14.1,    67.4,    22.7,    75.9,"(CONTRACTS OF EUR 125,000)",099741,CME ,099 ,F10,FutOnly
EURO FX - CHICAGO MERCANTILE EXCHANGE,210119,2021-01-19,099741,CME ,00,099 ,  676515,   32544,  492392,    5637,  388004,   56895,   22366,   80097,   48853,    3765,   42232,    3649,    3862,  578507,  637419,   98008,   39096,   -1437,     895,   13044,    -455,   -9607,  -12880,    -679,    7978,     390,   -1420,    2160,    -128,       3,   -1125,   -2125,    -312,     688,  100.0,    4.8,   72.8,    0.8,   57.4,    8.4,    3.3,   11.8,    7.2,    0.6,    6.2,    0.5,    0.6,   85.5,   94.2,   14.5,    5.8,    290,     13,     12,     10,    112,     27,     44,     51,     31,     16,     36,      8,      6,    229,    137,    14.8,    67.8,    23.7,    76.5,    14.1,    67.3,    22.5,    75.8,"(CONTRACTS OF EUR 125,000)",099741,CME ,099 ,F10,FutOnly
EURO FX - CHICAGO MERCANTILE EXCHANGE,210112,2021-01-12,099741,CME ,00,099 ,  677952,   31649,  479348,    6092,  397611,   69775,   23045,   72119,   48463,    5185,   40072,    3777,    3859,  579632,  639544,   98320,   38408,    4420,   -2480,    5519,    -152,    -956,    2203,    1008,    4276,   -6514,    1304,   -2054,    -784,       1,     947,    2585,    3473,    1835,  100.0,    4.7,   70.7,    0.9,   58.6,   10.3,    3.4,   10.6,    7.1,    0.8,    5.9,    0.6,    0.6,   85.5,   94.3,   14.5,    5.7,    284,     12,     12,      9,    110,     30,     42,     52,     27,     20,     33,      8,      6,    224,    137,    15.5,    67.8,    24.8,    76.3,    14.8,    67.3,    23.7,    75.6,"(CONTRACTS OF EUR 125,000)",099741,CME ,099 ,F10,FutOnly
EURO FX - CHICAGO MERCANTILE EXCHANGE,210105,2021-01-05,099741,CME ,00,099 ,  673532,   34129,  473829,    6244,  398567,   67572,   22037,   67843,   54977,    3881,   42126,    4561,    3858,  578685,  636959,   94847,   36573,    1889,    1838,    1496,    -446,     786,   -2388,     744,    -391,    3353,    -902,    -410,   -1060,    1402,    2621,    2199,    -732,    -310,  100.0,    5.1,   70.3,    0.9,   59.2,   10.0,    3.3,   10.1,    8.2,    0.6,    6.3,    0.7,    0.6,   85.9,   94.6,   14.1,    5.4,    296,     14,     11,      8,    112,     27,     41,     57,     34,     19,     33,      8,      6,    231,    139,    15.5,    67.6,    24.8,    76.1,    14.8,    67.1,    23.6,    75.4,"(CONTRACTS OF EUR 125,000)",099741,CME ,099 ,F10,FutOnly
AUSTRALIAN DOLLAR - CHICAGO MERCANTILE EXCHANGE,211228,2021-12-28,232741,CME ,00,232 ,  183152,  117177,    4735,     598,   26867,  101924,    4829,   14666,   35231,     615,    1615,     700,       0,  166367,  148632,   16785,   34520,   -8157,   -2085,    -372,      -1,    -319,   -6673,      37,   -6070,   -2070,    -142,    -235,     350,     -57,   -8872,   -8928,     715,     771,  100.0,   64.0,    2.6,    0.3,   14.7,   55.6,    2.6,    8.0,   19.2,    0.3,    0.9,    0.4,    0.0,   90.8,   81.2,    9.2,   18.8,     85,      6,      6,.,     12,     20,      8,     14,     23,      7,.,.,      0,     42,     60,    69.4,    41.5,    75.2,    51.1,    69.4,    41.4,    75.1,    49.8,"(CONTRACTS OF AUD 100,000)",232741,CME ,232 ,F10,FutOnly
AUSTRALIAN DOLLAR - CHICAGO MERCANTILE EXCHANGE,211221,2021-12-21,232741,CME ,00,232 ,  191309,  119262,    5107,     599,   27186,  108597,    4792,   20736,   37301,     757,    1850,     350,      57,  175239,  157560,   16070,   33749,   -6096,    -261,     593,       1,    2621,    -395,      53,   -7665,   -3880,     110,      95,     313,    -313,   -5359,   -3518,    -737,   -2578,  100.0,   62.3,    2.7,    0.3,   14.2,   56.8,    2.5,   10.8,   19.5,    0.4,    1.0,    0.2,    0.0,   91.6,   82.4,    8.4,   17.6,     87,      8,      5,.,     10,     21,      8,     15,     24,      8,.,.,.,     44,     62,    67.3,    40.7,    73.6,    50.5,    67.3,    40.6,    73.5,    49.6,"(CONTRACTS OF AUD 100,000)",232741,CME ,232 ,F10,FutOnly
AUSTRALIAN DOLLAR - CHICAGO MERCANTILE EXCHANGE,211214,2021-12-14,232741,CME ,00,232 ,  197405,  119523,    4514,     598,   24565,  108992,    4739,   28401,   41181,     647,    1755,      37,     370,  180598,  161078,   16807,   36327,  -14745,    -461,    -521,   -6011,   -1947,     458,   -1169,    -437,   -4392,   -2556,     435,    -393,     370,  -11776,  -14214,   -2969,    -531,  100.0,   60.5,    2.3,    0.3,   12.4,   55.2,    2.4,   14.4,   20.9,    0.3,    0.9,    0.0,    0.2,   91.5,   81.6,    8.5,   18.4,     90,      8,      5,.,     10,     21,      7,     18,     25,      8,.,.,.,     46,     62,    65.4,    40.4,    73.3,    51.7,    65.3,    40.3,    73.2,    50.9,"(CONTRACTS OF AUD 100,000)",232741,CME ,232 ,F10,FutOnly
AUSTRALIAN DOLLAR - CHICAGO MERCANTILE EXCHANGE,211207,2021-12-07,232741,CME ,00,232 ,  212150,  119984,    5035,    6609,   26512,  108534,    5908,   28838,   45573,    3203,    1320,     430,       0,  192374,  175292,   19776,   36858,   10169,    1209,     933,    6316,    -242,    3395,     420,    1037,   -5582,     129,    -270,     430,       0,    8599,    6041,    1570,    4128,  100.0,   56.6,    2.4,    3.1,   12.5,   51.2,    2.8,   13.6,   21.5,    1.5,    0.6,    0.2,    0.0,   90.7,   82.6,    9.3,   17.4,     97,     12,      5,      7,     10,     23,      9,     19,     25,     13,.,.,      0,     54,     72,    48.7,    37.4,    65.0,    48.2,    47.2,    37.3,    63.4,    47.3,"(CONTRACTS OF AUD 100,000)",232741,CME ,232 ,F10,FutOnly
AUSTRALIAN DOLLAR - CHICAGO MERCANTILE EXCHANGE,211130,2021-11-30,232741,CME ,00,232 ,  201981,  118775,    4102,     293,   26754,  105139,    5488,   27801,   51155,    3074,    1590,       0,       0,  183775,  169251,   18206,   32730,   13948,   22360,    -129,       7,    -732,    4998,     -43,   -6690,    5961,    -504,     258,       0,       0,   14656,   10290,    -708,    3658,  100.0,   58.8,    2.0,    0.1,   13.2,   52.1,    2.7,   13.8,   25.3,    1.5,    0.8,    0.0,    0.0,   91.0,   83.8,    9.0,   16.2,     97,     11,      4,.,     10,     24,     10,     19,     27,      9,.,      0,      0,     52,     67,    48.9,    37.9,    63.8,    48.7,    48.8,    37.8,    63.7,    48.5,"(CONTRACTS OF AUD 100,000)",232741,CME ,232 ,F10,FutOnly
AUSTRALIAN DOLLAR - CHICAGO MERCANTILE EXCHANGE,211123,2021-11-23,232741,CME ,00,232 ,  188033,   96415,    4231,     286,   27486,  100141,    5531,   34491,   45194,    3578,    1332,       0,       0,  169119,  158961,   18914,   29072,   21345,   13389,    -709,       4,   -2287,   17642,     587,   10219,    4944,     155,     108,   -1901,       0,   22175,   20722,    -830,     623,  100.0,   51.3,    2.3,    0.2,   14.6,   53.3,    2.9,   18.3,   24.0,    1.9,    0.7,    0.0,    0.0,   89.9,   84.5,   10.1,   15.5,     93,     11,      4,.,     11,     22,      8,     16,     27,     11,.,      0,      0,     49,     65,    47.6,    42.1,    59.4,    52.9,    47.5,    42.0,    59.2,    52.7,"(CONTRACTS OF AUD 100,000)",232741,CME ,232 ,F10,FutOnly
AUSTRALIAN DOLLAR - CHICAGO MERCANTILE EXCHANGE,211116,2021-11-16,232741,CME ,00,232 ,  166688,   83026,    4940,     282,   29773,   82499,    4944,   24272,   40250,    3423,    1224,    1901,       0,  146944,  138239,   19744,   28449,    9419,   12645,   -3878,      67,  -10874,    8711,    1798,    8316,    -457,     695,    -351,    -584,       0,   12296,    6352,   -2877,    3067,  100.0,   49.8,    3.0,    0.2,   17.9,   49.5,    3.0,   14.6,   24.1,    2.1,    0.7,    1.1,    0.0,   88.2,   82.9,   11.8,   17.1,     93,     10,      5,.,     15,     16,      8,     19,     23,      9,.,.,      0,     52,     60,    50.8,    43.4,    60.9,    54.1,    50.6,    43.3,    60.2,    53.6,"(CONTRACTS OF AUD 100,000)",232741,CME ,232 ,F10,FutOnly
AUSTRALIAN DOLLAR - CHICAGO MERCANTILE EXCHANGE,211109,2021-11-09,232741,CME ,00,232 ,  157269,   70381,    8818,     215,   40647,   73788,    3146,   15956,   40707,    2728,    1575,    2485,       0,  134648,  131887,   22621,   25382,   -5619,    -718,   -4734,       2,   -7914,    9184,     872,    4785,  -12071,     -28,     510,      -3,       0,   -2491,   -6778,   -3128,    1159,  100.0,   44.8,    5.6,    0.1,   25.8,   46.9,    2.0,   10.1,   25.9,    1.7,    1.0,    1.6,    0.0,   85.6,   83.9,   14.4,   16.1,     92,      8,      6,.,     15,     15,      9,     18,     24,      9,.,.,      0,     53,     59,    52.8,    42.8,    62.2,    54.9,    52.6,    42.7,    61.9,    54.5,"(CONTRACTS OF AUD 100,000)",232741,CME ,232 ,F10,FutOnly
AUSTRALIAN DOLLAR - CHICAGO MERCANTILE EXCHANGE,211102,2021-11-02,232741,CME ,00,232 ,  162888,   71099,   13552,     213,   48561,   64604,    2274,   11171,   52778,    2756,    1065,    2488,       0,  137139,  138665,   25749,   24223,    2877,   -3191,    3952,      13,    3881,   -3791,    -442,    -260,    3090,    -591,     150,       8,       0,    -440,    2239,    3317,     638,  100.0,   43.6,    8.3,    0.1,   29.8,   39.7,    1.4,    6.9,   32.4,    1.7,    0.7,    1.5,    0.0,   84.2,   85.1,   15.8,   14.9,     93,      9,      9,.,     16,     14,      7,     14,     26,      7,.,.,      0,     49,     60,    52.8,    38.4,    62.6,    50.3,    52.6,    38.3,    62.4,    50.0,"(CONTRACTS OF AUD 100,000)",232741,CME ,232 ,F10,FutOnly
AUSTRALIAN DOLLAR - CHICAGO MERCANTILE EXCHANGE,211026,2021-10-26,232741,CME ,00,232 ,  160011,   74290,    9600,     200,   44680,   68395,    2716,   11431,   49688,    3347,     915,    2480,       0,  137579,  136426,   22432,   23585,    1480,   -5993,    2193,    -166,    3951,    5983,   -1507,    3784,   -1404,     297,     430,    -500,       0,     796,    4896,     684,   -3416,  100.0,   46.4,    6.0,    0.1,   27.9,   42.7,    1.7,    7.1,   31.1,    2.1,    0.6,    1.5,    0.0,   86.0,   85.3,   14.0,   14.7,     91,      8,      9,.,     14,     14,      9,     12,     29,      8,.,.,      0,     47,     62,    56.1,    40.2,    64.8,    52.0,    55.9,    39.9,    64.6,    51.4,"(CONTRACTS OF AUD 100,000)",232741,CME ,232 ,F10,FutOnly
AUSTRALIAN DOLLAR - CHICAGO MERCANTILE EXCHANGE,211019,2021-10-19,232741,CME ,00,232 ,  158531,   80283,    7407,     366,   40729,   62412,    4223,    7647,   51092,    3050,     485,    2980,       0,  136783,  131530,   21748,   27001,  -19401,  -27243,     919,     -54,    2800,  -15865,    -965,     -24,     814,    1537,    -855,   -2051,       0,  -24804,  -15665,    5403,   -3736,  100.0,   50.6,    4.7,    0.2,   25.7,   39.4,    2.7,    4.8,   32.2,    1.9,    0.3,    1.9,    0.0,   86.3,   83.0,   13.7,   17.0,     87,      6,      8,.,     14,     15,      9,     12,     27,      9,.,      4,      0,     43,     63,    58.7,    34.3,    66.7,    46.6,    58.4,    34.0,    66.4,    46.0,"(CONTRACTS OF AUD 100,000)",232741,CME ,232 ,F10,FutOnly
AUSTRALIAN DOLLAR - CHICAGO MERCANTILE EXCHANGE,211012,2021-10-12,232741,CME ,00,232 ,  177932,  107526,    6488,     420,   37929,   78277,    5188,    7671,   50278,    1513,    1340,    5031,       0,  161587,  147195,   16345,   30737,  -10759,   -4404,    3009,     256,   -4019,  -14252,     440,   -4310,    1972,      22,    -115,     745,    -500,  -12630,   -8308,    1871,   -2451,  100.0,   60.4,    3.6,    0.2,   21.3,   44.0,    2.9,    4.3,   28.3,    0.9,    0.8,    2.8,    0.0,   90.8,   82.7,    9.2,   17.3,     91,      8,      7,.,     11,     20,      8,      8,     29,      6,.,      6,      0,     39,     68,    60.0,    35.7,    71.8,    47.2,    59.7,    35.4,    71.5,    46.9,"(CONTRACTS OF AUD 100,000)",232741,CME ,232 ,F10,FutOnly
AUSTRALIAN DOLLAR - CHICAGO MERCANTILE EXCHANGE,211005,2021-10-05,232741,CME ,00,232 ,  188691,  111930,    3479,     164,   41948,   92529,    4748,   11981,   48306,    1491,    1455,    4286,     500,  174217,  155503,   14474,   33188,    7822,    6381,    -245,     -30,     418,    4949,     919,    -575,     286,     725,    -230,     605,     200,    7808,    7409,      14,     413,  100.0,   59.3,    1.8,    0.1,   22.2,   49.0,    2.5,    6.3,   25.6,    0.8,    0.8,    2.3,    0.3,   92.3,   82.4,    7.7,   17.6,     92,     10,      4,.,     11,     19,      7,     10,     29,      7,.,      6,.,     43,     66,    58.4,    39.2,    72.3,    49.7,    58.3,    39.0,    72.2,    49.1,"(CONTRACTS OF AUD 100,000)",232741,CME ,232 ,F10,FutOnly
AUSTRALIAN DOLLAR - CHICAGO MERCANTILE EXCHANGE,210928,2021-09-28,232741,CME ,00,232 ,  180869,  105549,    3724,     194,   41530,   87580,    3829,   12556,   48020,     766,    1685,    3681,     300,  166409,  148094,   14460,   32775,   -4623,    2398,     112,      75,    -741,   -7445,     335,   -5886,     104,    -534,       8,    1411,    -440,   -4785,   -6382,     162,    1759,  100.0,   58.4,    2.1,    0.1,   23.0,   48.4,    2.1,    6.9,   26.5,    0.4,    0.9,    2.0,    0.2,   92.0,   81.9,    8.0,   18.1,     93,     10,      4,.,     11,     18,      7,     16,     27,      7,.,      4,.,     47,     63,    61.2,    39.1,    71.6,    49.6,    61.1,    38.9,    71.5,    49.1,"(CONTRACTS OF AUD 100,000)",232741,CME ,232 ,F10,FutOnly
AUSTRALIAN DOLLAR - CHICAGO MERCANTILE EXCHANGE,210921,2021-09-21,232741,CME ,00,232 ,  185492,  103151,    3612,     119,   42271,   95025,    3494,   18442,   47916,    1300,    1677,    2270,     740,  171194,  154476,   14298,   31016,   20765,    9436,   -1122,      20,     677,   10262,    -234,   13763,    8808,     280,   -1840,      20,     740,   22842,   18774,   -2077,    1991,  100.0,   55.6,    1.9,    0.1,   22.8,   51.2,    1.9,    9.9,   25.8,    0.7,    0.9,    1.2,    0.4,   92.3,   83.3,    7.7,   16.7,     91,     11,      4,.,     11,     18,      6,     11,     31,     11,.,.,.,     47,     64,    59.8,    40.3,    69.9,    50.5,    59.7,    40.1,    69.8,    50.2,"(CONTRACTS OF AUD 100,000)",232741,CME ,232 ,F10,FutOnly
AUSTRALIAN DOLLAR - CHICAGO MERCANTILE EXCHANGE,210914,2021-09-14,232741,CME ,00,232 ,  164727,   93715,    4734,      99,   41594,   84763,    3728,    4679,   39108,    1020,    3517,    2250,       0,  148352,  135702,   16375,   29025,   -8757,   18572,    1055,   -1368,    -869,    3585,    -179,  -16849,   -7139,    -713,   -3730,     -60,       0,   -5136,   -4819,   -3621,   -3938,  100.0,   56.9,    2.9,    0.1,   25.3,   51.5,    2.3,    2.8,   23.7,    0.6,    2.1,    1.4,    0.0,   90.1,   82.4,    9.9,   17.6,     80,      9,      5,.,     11,     15,      7,      5,     29,      4,.,.,      0,     35,     58,    66.0,    44.2,    74.8,    54.8,    66.0,    44.0,    74.6,    54.1,"(CONTRACTS OF AUD 100,000)",232741,CME ,232 ,F10,FutOnly
AUSTRALIAN DOLLAR - CHICAGO MERCANTILE EXCHANGE,210907,2021-09-07,232741,CME ,00,232 ,  173484,   75143,    3679,    1467,   42463,   81178,    3907,   21528,   46247,    1733,    7247,    2310,       0,  153488,  140521,   19996,   32963,   -8600,    4688,     523,    -478,   -1048,   -5950,    -326,  -17547,    1790,    -117,    1044,    -690,       0,  -13784,   -5248,    5184,   -3352,  100.0,   43.3,    2.1,    0.8,   24.5,   46.8,    2.3,   12.4,   26.7,    1.0,    4.2,    1.3,    0.0,   88.5,   81.0,   11.5,   19.0,     86,     12,      4,.,     11,     14,      7,     12,     28,     11,.,.,      0,     48,     58,    39.3,    41.0,    55.6,    51.3,    39.2,    40.8,    55.5,    50.7,"(CONTRACTS OF AUD 100,000)",232741,CME ,232 ,F10,FutOnly
AUSTRALIAN DOLLAR - CHICAGO MERCANTILE EXCHANGE,210831,2021-08-31,232741,CME ,00,232 ,  182084,   70455,    3156,    1945,   43511,   87128,    4233,   39075,   44457,    1850,    6203,    3000,       0,  167272,  145769,   14812,   36315,  -15552,    -624,      66,       9,    -398,  -11002,     -70,  -13811,   -5136,     313,     -96,     500,       0,  -14677,  -15320,    -875,    -232,  100.0,   38.7,    1.7,    1.1,   23.9,   47.9,    2.3,   21.5,   24.4,    1.0,    3.4,    1.6,    0.0,   91.9,   80.1,    8.1,   19.9,     91,     12,.,.,     11,     16,      6,     16,     28,     12,.,.,      0,     52,     60,    34.9,    40.5,    52.2,    50.7,    34.8,    40.2,    52.0,    49.8,"(CONTRACTS OF AUD 100,000)",232741,CME ,232 ,F10,FutOnly
AUSTRALIAN DOLLAR - CHICAGO MERCANTILE EXCHANGE,210824,2021-08-24,232741,CME ,00,232 ,  197636,   71079,    3090,    1936,   43909,   98130,    4303,   52886,   49593,    1537,    6299,    2500,       0,  181949,  161089,   15687,   36547,   10688,   11696,       0,    1643,    3478,    1971,     391,   -6148,    5783,     278,     876,     630,       0,   12214,   10696,   -1526,      -8,  100.0,   36.0,    1.6,    1.0,   22.2,   49.7,    2.2,   26.8,   25.1,    0.8,    3.2,    1.3,    0.0,   92.1,   81.5,    7.9,   18.5,     95,     13,.,.,     11,     17,      5,     16,     32,     11,.,.,      0,     49,     65,    31.7,    38.8,    50.6,    50.4,    31.7,    38.6,    50.4,    49.4,"(CONTRACTS OF AUD 100,000)",232741,CME ,232 ,F10,FutOnly
AUSTRALIAN DOLLAR - CHICAGO MERCANTILE EXCHANGE,210817,2021-08-17,232741,CME ,00,232 ,  186948,   59383,    3090,     293,   40431,   96159,    3912,   59034,   43810,    1259,    5423,    1870,       0,  169735,  150393,   17213,   36555,   15206,    8548,       0,     -10,    -810,    2317,     139,    6791,    8593,     395,      88,    -700,       0,   15141,   10734,      65,    4472,  100.0,   31.8,    1.7,    0.2,   21.6,   51.4,    2.1,   31.6,   23.4,    0.7,    2.9,    1.0,    0.0,   90.8,   80.4,    9.2,   19.6,     95,     12,.,.,     12,     16,      7,     16,     33,      9,.,.,      0,     48,     64,    29.9,    41.9,    48.9,    51.7,    29.9,    41.7,    48.7,    51.1,"(CONTRACTS OF AUD 100,000)",232741,CME ,232 ,F10,FutOnly
AUSTRALIAN DOLLAR - CHICAGO MERCANTILE EXCHANGE,210810,2021-08-10,232741,CME ,00,232 ,  171742,   50835,    3090,     303,   41241,   93842,    3773,   52243,   35217,     864,    5335,    2570,       0,  154594,  139659,   17148,   32083,    1853,    5136,   -5417,       0,   -1563,   -3962,     235,     379,    8383,      33,    -117,      50,       0,    4103,    -678,   -2250,    2531,  100.0,   29.6,    1.8,    0.2,   24.0,   54.6,    2.2,   30.4,   20.5,    0.5,    3.1,    1.5,    0.0,   90.0,   81.3,   10.0,   18.7,     89,     11,.,.,     12,     16,      7,     16,     26,      7,.,      4,      0,     48,     57,    31.0,    44.4,    49.6,    55.0,    31.0,    44.2,    49.4,    54.3,"(CONTRACTS OF AUD 100,000)",232741,CME ,232 ,F10,FutOnly
AUSTRALIAN DOLLAR - CHICAGO MERCANTILE EXCHANGE,210803,2021-08-03,232741,CME ,00,232 ,  169889,   45699,    8507,     303,   42804,   97804,    3538,   51864,   26834,     831,    5452,    2520,       0,  150491,  140337,   19398,   29552,    2049,     407,   -1629,       0,     268,    2970,      57,    -659,    -119,     390,      24,     920,       0,     487,    2589,    1562,    -540,  100.0,   26.9,    5.0,    0.2,   25.2,   57.6,    2.1,   30.5,   15.8,    0.5,    3.2,    1.5,    0.0,   88.6,   82.6,   11.4,   17.4,     88,     10,      4,.,     12,     18,      6,     19,     19,      7,.,      4,      0,     47,     56,    30.2,    46.0,    48.5,    57.0,    30.2,    45.8,    48.3,    56.7,"(CONTRACTS OF AUD 100,000)",232741,CME ,232 ,F10,FutOnly
AUSTRALIAN DOLLAR - CHICAGO MERCANTILE EXCHANGE,210727,2021-07-27,232741,CME ,00,232 ,  167840,   45292,   10136,     303,   42536,   94834,    3481,   52523,   26953,     441,    5428,    1600,       0,  150004,  137748,   17836,   30092,    4266,    3450,   -1272,       1,    1500,    3328,     254,     795,    -883,    -108,     -10,    1600,       0,    5882,    2920,   -1616,    1346,  100.0,   27.0,    6.0,    0.2,   25.3,   56.5,    2.1,   31.3,   16.1,    0.3,    3.2,    1.0,    0.0,   89.4,   82.1,   10.6,   17.9,     90,     10,      4,.,     12,     17,      7,     21,     22,      8,.,.,      0,     50,     57,    31.1,    46.1,    49.2,    58.0,    31.0,    45.9,    49.0,    57.3,"(CONTRACTS OF AUD 100,000)",232741,CME ,232 ,F10,FutOnly
AUSTRALIAN DOLLAR - CHICAGO MERCANTILE EXCHANGE,210720,2021-07-20,232741,CME ,00,232 ,  163574,   41842,   11408,     302,   41036,   91506,    3227,   51728,   27836,     549,    5438,       0,       0,  144122,  134828,   19452,   28746,    7579,    7089,   -3784,      -7,   -1114,    5169,    1317,    1794,    3167,    -192,     262,       0,       0,    9149,    5670,   -1570,    1909,  100.0,   25.6,    7.0,    0.2,   25.1,   55.9,    2.0,   31.6,   17.0,    0.3,    3.3,    0.0,    0.0,   88.1,   82.4,   11.9,   17.6,     89,     10,      4,.,     12,     18,      8,     20,     23,      8,.,      0,      0,     51,     56,    30.9,    45.3,    47.5,    57.6,    30.6,    45.0,    47.3,    56.9,"(CONTRACTS OF AUD 100,000)",232741,CME ,232 ,F10,FutOnly
AUSTRALIAN DOLLAR - CHICAGO MERCANTILE EXCHANGE,210713,2021-07-13,232741,CME ,00,232 ,  155995,   34753,   15192,     309,   42150,   86337,    1910,   49934,   24669,     741,    5176,       0,       0,  134973,  129158,   21022,   26837,    8643,    9205,   -2783,    -156,     482,    9142,    -643,    2157,    1285,    -159,       0,       0,       0,   10886,    6686,   -2243,    1957,  100.0,   22.3,    9.7,    0.2,   27.0,   55.3,    1.2,   32.0,   15.8,    0.5,    3.3,    0.0,    0.0,   86.5,   82.8,   13.5,   17.2,     86,     10,      4,.,     13,     15,      6,     19,     23,      9,.,      0,      0,     50,     54,    33.1,    46.7,    48.2,    58.8,    32.9,    46.4,    47.9,    58.0,"(CONTRACTS OF AUD 100,000)",232741,CME ,232 ,F10,FutOnly
AUSTRALIAN DOLLAR - CHICAGO MERCANTILE EXCHANGE,210706,2021-07-06,232741,CME ,00,232 ,  147352,   25548,   17975,     465,   41668,   77195,    2553,   47777,   23384,     900,    5176,       0,       0,  124087,  122472,   23265,   24880,    6870,    5993,   -4564,      38,   -4623,    3652,     499,    6788,    6424,    -334,    -283,    -800,       0,    8078,    4915,   -1208,    1955,  100.0,   17.3,   12.2,    0.3,   28.3,   52.4,    1.7,   32.4,   15.9,    0.6,    3.5,    0.0,    0.0,   84.2,   83.1,   15.8,   16.9,     86,      8,      5,.,     12,     16,      7,     21,     22,     11,.,      0,      0,     51,     56,    34.5,    46.6,    48.9,    58.0,    34.3,    46.2,    48.6,    57.0,"(CONTRACTS OF AUD 100,000)",232741,CME ,232 ,F10,FutOnly
AUSTRALIAN DOLLAR - CHICAGO MERCANTILE EXCHANGE,210629,2021-06-29,232741,CME ,00,232 ,  140482,   19555,   22539,     427,   46291,   73543,    2054,   40989,   16960,    1234,    5459,     800,       0,  116009,  117557,   24473,   22925,   -7332,   -2067,    -429,     129,    -247,      39,     479,   -6833,   -5465,    -143,   -1029,       0,       0,   -9711,   -5390,    2379,   -1942,  100.0,   13.9,   16.0,    0.3,   33.0,   52.4,    1.5,   29.2,   12.1,    0.9,    3.9,    0.6,    0.0,   82.6,   83.7,   17.4,   16.3,     89,      7,      6,.,     14,     16,      7,     23,     20,     12,.,.,      0,     56,     55,    32.4,    47.0,    47.4,    59.6,    32.2,    46.7,    47.1,    58.8,"(CONTRACTS OF AUD 100,000)",232741,CME ,232 ,F10,FutOnly
AUSTRALIAN DOLLAR - CHICAGO MERCANTILE EXCHANGE,210622,2021-06-22,232741,CME ,00,232 ,  147814,   21622,   22968,     298,   46538,   73504,    1575,   47822,   22425,    1377,    6488,     800,       0,  125720,  122947,   22094,   24867,   23677,   12624,   -2474,     208,   -5413,    9668,     256,   16582,    8341,     749,    2839,     800,       0,   27845,   17548,   -4168,    6129,  100.0,   14.6,   15.5,    0.2,   31.5,   49.7,    1.1,   32.4,   15.2,    0.9,    4.4,    0.5,    0.0,   85.1,   83.2,   14.9,   16.8,     93,      8,      5,.,     16,     14,      7,     22,     24,     11,.,.,      0,     57,     56,    30.6,    44.4,    46.0,    57.3,    30.4,    44.1,    45.8,    56.6,"(CONTRACTS OF AUD 100,000)",232741,CME ,232 ,F10,FutOnly
AUSTRALIAN DOLLAR - CHICAGO MERCANTILE EXCHANGE,210615,2021-06-15,232741,CME ,00,232 ,  124137,    8998,   25442,      90,   51951,   63836,    1319,   31240,   14084,     628,    3649,       0,       0,   97875,  105399,   26262,   18738,  -24503,    1272,  -11713,   -5710,     336,    6000,      98,   -9595,   -6125,   -7364,    2365,       0,   -1120,  -19718,  -25934,   -4785,    1431,  100.0,    7.2,   20.5,    0.1,   41.8,   51.4,    1.1,   25.2,   11.3,    0.5,    2.9,    0.0,    0.0,   78.8,   84.9,   21.2,   15.1,     83,      5,      7,.,     20,     11,      5,     21,     17,     11,.,      0,      0,     56,     45,    33.6,    51.2,    47.4,    62.8,    33.6,    50.9,    47.4,    62.0,"(CONTRACTS OF AUD 100,000)",232741,CME ,232 ,F10,FutOnly
AUSTRALIAN DOLLAR - CHICAGO MERCANTILE EXCHANGE,210608,2021-06-08,232741,CME ,00,232 ,  148640,    7726,   37155,    5800,   51615,   57836,    1221,   40835,   20209,    7992,    1284,       0,    1120,  117593,  131333,   31047,   17307,   13458,    2188,   -3465,    5794,     999,    3207,    -124,   -3266,    -101,    7047,     -82,       0,      80,   12636,   12438,     822,    1020,  100.0,    5.2,   25.0,    3.9,   34.7,   38.9,    0.8,   27.5,   13.6,    5.4,    0.9,    0.0,    0.8,   79.1,   88.4,   20.9,   11.6,     89,      4,      9,      4,     19,     10,      6,     25,     18,     12,.,      0,.,     61,     51,    26.7,    45.4,    41.2,    57.0,    26.1,    45.1,    39.0,    55.0,"(CONTRACTS OF AUD 100,000)",232741,CME ,232 ,F10,FutOnly
AUSTRALIAN DOLLAR - CHICAGO MERCANTILE EXCHANGE,210601,2021-06-01,232741,CME ,00,232 ,  135182,    5538,   40620,       6,   50616,   54629,    1345,   44101,   20310,     945,    1366,       0,    1040,  104957,  118895,   30225,   16287,     392,     767,   -2203,       0,   -2672,    2867,    -354,    2149,   -1473,     173,   -1393,       0,    1040,    -290,      50,     682,     342,  100.0,    4.1,   30.0,    0.0,   37.4,   40.4,    1.0,   32.6,   15.0,    0.7,    1.0,    0.0,    0.8,   77.6,   88.0,   22.4,   12.0,     92,      4,     10,.,     21,     10,      7,     28,     16,     11,.,      0,.,     64,     49,    28.9,    50.1,    39.6,    61.1,    28.9,    49.8,    39.5,    60.8,"(CONTRACTS OF AUD 100,000)",232741,CME ,232 ,F10,FutOnly
AUSTRALIAN DOLLAR - CHICAGO MERCANTILE EXCHANGE,210525,2021-05-25,232741,CME ,00,232 ,  134790,    4771,   42823,       6,   53288,   51762,    1699,   41952,   21783,     772,    2759,       0,       0,  105247,  118845,   29543,   15945,   -2646,    1334,   -1886,       0,   -1374,     639,    -126,   -2595,    -750,    -445,    1925,       0,    -365,   -1646,   -2933,   -1000,     287,  100.0,    3.5,   31.8,    0.0,   39.5,   38.4,    1.3,   31.1,   16.2,    0.6,    2.0,    0.0,    0.0,   78.1,   88.2,   21.9,   11.8,     86,      4,     11,.,     19,     10,      7,     24,     15,     10,.,      0,      0,     60,     45,    29.3,    50.6,    42.6,    62.3,    29.3,    50.3,    42.6,    62.0,"(CONTRACTS OF AUD 100,000)",232741,CME ,232 ,F10,FutOnly
AUSTRALIAN DOLLAR - CHICAGO MERCANTILE EXCHANGE,210518,2021-05-18,232741,CME ,00,232 ,  137436,    3437,   44709,       6,   54662,   51123,    1825,   44547,   22533,    1217,     834,       0,     365,  106893,  121778,   30543,   15658,   -3471,    1033,   -1283,       0,   -3467,     345,     460,    3040,   -1841,     639,    -522,    -405,    -430,     753,   -2515,   -4224,    -956,  100.0,    2.5,   32.5,    0.0,   39.8,   37.2,    1.3,   32.4,   16.4,    0.9,    0.6,    0.0,    0.3,   77.8,   88.6,   22.2,   11.4,     85,      4,     11,.,     20,     10,      7,     20,     17,     10,.,      0,.,     58,     47,    30.3,    48.9,    44.2,    61.5,    30.3,    48.6,    44.2,    61.2,"(CONTRACTS OF AUD 100,000)",232741,CME ,232 ,F10,FutOnly
AUSTRALIAN DOLLAR - CHICAGO MERCANTILE EXCHANGE,210511,2021-05-11,232741,CME ,00,232 ,  140907,    2404,   45992,       6,   58129,   50778,    1365,   41507,   24374,     578,    1356,     405,     795,  106140,  124293,   34767,   16614,    3258,    -576,    3769,     -49,    2547,   -1609,    -376,    -668,    1754,     274,   -1853,     -14,     195,    -506,    3944,    3764,    -686,  100.0,    1.7,   32.6,    0.0,   41.3,   36.0,    1.0,   29.5,   17.3,    0.4,    1.0,    0.3,    0.6,   75.3,   88.2,   24.7,   11.8,     90,      4,     11,.,     21,     11,      7,     21,     17,     12,      4,.,.,     63,     49,    30.8,    47.3,    43.8,    59.5,    30.7,    47.0,    43.7,    59.3,"(CONTRACTS OF AUD 100,000)",232741,CME ,232 ,F10,FutOnly
AUSTRALIAN DOLLAR - CHICAGO MERCANTILE EXCHANGE,210504,2021-05-04,232741,CME ,00,232 ,  137649,    2980,   42223,      55,   55582,   52387,    1741,   42175,   22620,     304,    3209,     419,     600,  106646,  120349,   31003,   17300,   -3087,    -350,    -841,      -9,     498,    1323,    -443,   -1354,   -4416,      71,     537,     419,    -280,   -1330,   -4176,   -1757,    1089,  100.0,    2.2,   30.7,    0.0,   40.4,   38.1,    1.3,   30.6,   16.4,    0.2,    2.3,    0.3,    0.4,   77.5,   87.4,   22.5,   12.6,     88,.,     10,.,     22,     11,      8,     22,     15,      8,.,.,.,     60,     48,    29.5,    49.1,    41.7,    60.0,    29.5,    48.9,    41.7,    59.7,"(CONTRACTS OF AUD 100,000)",232741,CME ,232 ,F10,FutOnly
AUSTRALIAN DOLLAR - CHICAGO MERCANTILE EXCHANGE,210427,2021-04-27,232741,CME ,00,232 ,  140736,    3330,   43064,      64,   55084,   51064,    2184,   43529,   27036,     233,    2672,       0,     880,  107976,  124525,   32760,   16211,    4569,    -403,     803,       2,    5611,   -1563,     549,   -1090,    4024,    -346,   -1317,     -10,     480,    3486,    3939,    1083,     630,  100.0,    2.4,   30.6,    0.0,   39.1,   36.3,    1.6,   30.9,   19.2,    0.2,    1.9,    0.0,    0.6,   76.7,   88.5,   23.3,   11.5,     90,.,     10,.,     22,     11,      7,     21,     20,      9,.,      0,.,     61,     49,    28.4,    48.7,    42.1,    59.1,    28.4,    48.4,    42.1,    58.8,"(CONTRACTS OF AUD 100,000)",232741,CME ,232 ,F10,FutOnly
AUSTRALIAN DOLLAR - CHICAGO MERCANTILE EXCHANGE,210420,2021-04-20,232741,CME ,00,232 ,  136167,    3733,   42261,      62,   49473,   52627,    1635,   44619,   23012,     579,    3989,      10,     400,  104490,  120586,   31677,   15581,   -3466,    -664,    -243,      42,    1889,    -600,    -314,   -2154,    1090,     291,   -5123,      10,       0,   -6033,     276,    2567,   -3742,  100.0,    2.7,   31.0,    0.0,   36.3,   38.6,    1.2,   32.8,   16.9,    0.4,    2.9,    0.0,    0.3,   76.7,   88.6,   23.3,   11.4,     90,      4,      9,.,     21,     10,      6,     24,     18,      9,.,.,.,     60,     48,    31.8,    52.0,    43.4,    62.1,    31.8,    51.7,    43.0,    61.6,"(CONTRACTS OF AUD 100,000)",232741,CME ,232 ,F10,FutOnly
AUSTRALIAN DOLLAR - CHICAGO MERCANTILE EXCHANGE,210413,2021-04-13,232741,CME ,00,232 ,  139633,    4397,   42504,      20,   47584,   53227,    1949,   46773,   21922,     288,    9112,       0,     400,  110523,  120310,   29110,   19323,    2415,     769,    -607,       1,    -153,     611,     551,    1552,     123,     -20,    -400,       0,     400,    2700,    1059,    -285,    1356,  100.0,    3.1,   30.4,    0.0,   34.1,   38.1,    1.4,   33.5,   15.7,    0.2,    6.5,    0.0,    0.3,   79.2,   86.2,   20.8,   13.8,     83,      4,      9,.,     20,     11,      8,     19,     17,      5,.,      0,.,     55,     44,    35.6,    51.0,    51.4,    60.6,    35.3,    50.7,    51.1,    60.0,"(CONTRACTS OF AUD 100,000)",232741,CME ,232 ,F10,FutOnly
AUSTRALIAN DOLLAR - CHICAGO MERCANTILE EXCHANGE,210406,2021-04-06,232741,CME ,00,232 ,  137218,    3628,   43111,      19,   47737,   52616,    1398,   45221,   21799,     308,    9512,       0,       0,  107823,  119251,   29395,   17967,    -117,    1024,   -1453,     -23,     753,    4274,    -358,   -3088,    1632,    -239,     -64,    -774,       0,   -1995,    3059,    1878,   -3176,  100.0,    2.6,   31.4,    0.0,   34.8,   38.3,    1.0,   33.0,   15.9,    0.2,    6.9,    0.0,    0.0,   78.6,   86.9,   21.4,   13.1,     86,.,      9,.,     21,     10,      6,     19,     20,      7,.,      0,      0,     55,     45,    35.8,    51.2,    50.0,    61.5,    35.7,    50.9,    50.0,    60.9,"(CONTRACTS OF AUD 100,000)",232741,CME ,232 ,F10,FutOnly
AUSTRALIAN DOLLAR - CHICAGO MERCANTILE EXCHANGE,210330,2021-03-30,232741,CME ,00,232 ,  137335,    2604,   44564,      42,   46984,   48342,    1756,   48309,   20167,     547,    9576,     774,       0,  109818,  116192,   27517,   21143,    4059,    1028,    1856,       0,    1040,    1238,    -283,    6270,    -755,     -27,     906,       0,       0,    8934,    2029,   -4875,    2030,  100.0,    1.9,   32.4,    0.0,   34.2,   35.2,    1.3,   35.2,   14.7,    0.4,    7.0,    0.6,    0.0,   80.0,   84.6,   20.0,   15.4,     82,.,      9,.,     20,     12,      7,     16,     19,     10,.,.,      0,     55,     45,    36.7,    49.5,    53.1,    60.3,    36.6,    49.2,    53.0,    59.7,"(CONTRACTS OF AUD 100,000)",232741,CME ,232 ,F10,FutOnly
AUSTRALIAN DOLLAR - CHICAGO MERCANTILE EXCHANGE,210323,2021-03-23,232741,CME ,00,232 ,  133276,    1576,   42708,      42,   45944,   47104,    2039,   42039,   20922,     574,    8670,     774,       0,  100884,  114163,   32392,   19113,    3855,    1344,   -1442,      41,   -3670,     831,     -17,    1714,    3007,    -204,    2555,       0,       0,    1763,    2216,    2092,    1639,  100.0,    1.2,   32.0,    0.0,   34.5,   35.3,    1.5,   31.5,   15.7,    0.4,    6.5,    0.6,    0.0,   75.7,   85.7,   24.3,   14.3,     83,.,      9,.,     20,     11,      8,     18,     21,     10,.,.,      0,     54,     48,    33.3,    50.3,    48.9,    60.5,    33.3,    50.1,    48.9,    59.9,"(CONTRACTS OF AUD 100,000)",232741,CME ,232 ,F10,FutOnly
AUSTRALIAN DOLLAR - CHICAGO MERCANTILE EXCHANGE,210316,2021-03-16,232741,CME ,00,232 ,  129421,     232,   44150,       1,   49614,   46273,    2056,   40325,   17915,     778,    6115,     774,       0,   99121,  111947,   30300,   17474,  -20909,   -3945,    -632,   -6034,    1103,    -929,     393,   -8558,   -4184,   -3044,    5663,       0,       0,  -14422,  -14430,   -6487,   -6479,  100.0,    0.2,   34.1,    0.0,   38.3,   35.8,    1.6,   31.2,   13.8,    0.6,    4.7,    0.6,    0.0,   76.6,   86.5,   23.4,   13.5,     83,.,      8,.,     23,     11,      9,     20,     17,      6,.,.,      0,     56,     43,    33.3,    52.3,    47.0,    63.9,    33.3,    52.0,    47.0,    63.3,"(CONTRACTS OF AUD 100,000)",232741,CME ,232 ,F10,FutOnly
AUSTRALIAN DOLLAR - CHICAGO MERCANTILE EXCHANGE,210309,2021-03-09,232741,CME ,00,232 ,  150330,    4177,   44782,    6035,   48511,   47202,    1663,   48883,   22099,    3822,     452,     774,       0,  113543,  126377,   36787,   23953,     426,    -472,   -9826,    2826,   -5437,    3629,    -308,    1917,   -1496,    -313,      20,       0,       0,   -1767,   -5488,    2193,    5914,  100.0,    2.8,   29.8,    4.0,   32.3,   31.4,    1.1,   32.5,   14.7,    2.5,    0.3,    0.5,    0.0,   75.5,   84.1,   24.5,   15.9,     86,.,      9,      6,     20,     11,      9,     25,     16,     14,.,.,      0,     61,     54,    31.3,    47.3,    43.6,    58.9,    30.3,    47.1,    39.9,    57.0,"(CONTRACTS OF AUD 100,000)",232741,CME ,232 ,F10,FutOnly
AUSTRALIAN DOLLAR - CHICAGO MERCANTILE EXCHANGE,210302,2021-03-02,232741,CME ,00,232 ,  149904,    4649,   54608,    3209,   53948,   43573,    1971,   46966,   23595,    4135,     432,     774,       0,  115310,  131865,   34594,   18039,    4643,    -316,    4854,    2158,     812,    -785,    -136,    4110,   -2448,    1121,     -33,       0,       0,    7716,    4764,   -3073,    -121,  100.0,    3.1,   36.4,    2.1,   36.0,   29.1,    1.3,   31.3,   15.7,    2.8,    0.3,    0.5,    0.0,   76.9,   88.0,   23.1,   12.0,     88,.,     11,      6,     20,     10,      9,     22,     21,     12,.,.,      0,     61,     54,    34.2,    53.0,    45.3,    63.0,    34.2,    51.7,    44.9,    61.3,"(CONTRACTS OF AUD 100,000)",232741,CME ,232 ,F10,FutOnly
AUSTRALIAN DOLLAR - CHICAGO MERCANTILE EXCHANGE,210223,2021-02-23,232741,CME ,00,232 ,  145261,    4965,   49754,    1051,   53136,   44358,    2107,   42856,   26043,    3014,     465,     774,       0,  107594,  127101,   37667,   18160,    4307,     270,    4325,       2,    1759,   -6317,    -239,   -1255,    4973,    1601,     465,     774,       0,    2603,    5119,    1704,    -812,  100.0,    3.4,   34.3,    0.7,   36.6,   30.5,    1.5,   29.5,   17.9,    2.1,    0.3,    0.5,    0.0,   74.1,   87.5,   25.9,   12.5,     89,      4,     10,.,     21,      8,      8,     24,     20,     10,.,.,      0,     64,     46,    33.0,    51.1,    41.3,    61.1,    32.9,    50.9,    40.6,    60.4,"(CONTRACTS OF AUD 100,000)",232741,CME ,232 ,F10,FutOnly
AUSTRALIAN DOLLAR - CHICAGO MERCANTILE EXCHANGE,210216,2021-02-16,232741,CME ,00,232 ,  140954,    4695,   45429,    1049,   51377,   50675,    2346,   44111,   21070,    1413,       0,       0,       0,  104991,  121982,   35963,   18972,     457,      16,    -457,      37,    1037,    -192,     223,   -1360,    1426,    -196,       0,       0,       0,    -243,     841,     700,    -384,  100.0,    3.3,   32.2,    0.7,   36.4,   36.0,    1.7,   31.3,   14.9,    1.0,    0.0,    0.0,    0.0,   74.5,   86.5,   25.5,   13.5,     85,.,      9,.,     20,      9,      9,     25,     19,      8,      0,      0,      0,     58,     46,    34.2,    55.0,    42.5,    64.4,    34.0,    54.7,    41.8,    63.8,"(CONTRACTS OF AUD 100,000)",232741,CME ,232 ,F10,FutOnly
AUSTRALIAN DOLLAR - CHICAGO MERCANTILE EXCHANGE,210209,2021-02-09,232741,CME ,00,232 ,  140497,    4679,   45886,    1012,   50340,   50867,    2123,   45471,   19644,    1609,       0,       0,       0,  105234,  121141,   35263,   19356,   -2147,    1210,   -3296,       0,   -2833,    -198,     130,     -46,    -880,     602,   -1226,       0,       0,   -2163,   -3642,      16,    1495,  100.0,    3.3,   32.7,    0.7,   35.8,   36.2,    1.5,   32.4,   14.0,    1.1,    0.0,    0.0,    0.0,   74.9,   86.2,   25.1,   13.8,     82,.,      9,.,     20,      9,      9,     25,     16,      8,      0,      0,      0,     57,     44,    33.9,    55.5,    43.2,    65.0,    33.9,    55.2,    42.6,    64.2,"(CONTRACTS OF AUD 100,000)",232741,CME ,232 ,F10,FutOnly
AUSTRALIAN DOLLAR - CHICAGO MERCANTILE EXCHANGE,210202,2021-02-02,232741,CME ,00,232 ,  142644,    3469,   49182,    1012,   53173,   51065,    1993,   45517,   20524,    1007,    1226,       0,       0,  107397,  124783,   35247,   17861,    -429,      -3,     -97,      -6,    -577,    1411,    -910,    1714,    -159,    -532,    -498,       0,       0,    -812,    -293,     383,    -136,  100.0,    2.4,   34.5,    0.7,   37.3,   35.8,    1.4,   31.9,   14.4,    0.7,    0.9,    0.0,    0.0,   75.3,   87.5,   24.7,   12.5,     85,.,     11,.,     20,     10,      8,     23,     18,      6,.,      0,      0,     55,     46,    35.4,    55.1,    45.8,    64.5,    35.3,    54.8,    45.1,    63.7,"(CONTRACTS OF AUD 100,000)",232741,CME ,232 ,F10,FutOnly
AUSTRALIAN DOLLAR - CHICAGO MERCANTILE EXCHANGE,210126,2021-01-26,232741,CME ,00,232 ,  143073,    3472,   49279,    1018,   53750,   49654,    2903,   43803,   20683,    1539,    1724,       0,       0,  108209,  125076,   34864,   17997,   -1210,    1018,   -3313,       5,   -1129,     230,     151,   -2487,     159,     480,      83,       0,       0,   -1879,   -2288,     669,    1078,  100.0,    2.4,   34.4,    0.7,   37.6,   34.7,    2.0,   30.6,   14.5,    1.1,    1.2,    0.0,    0.0,   75.6,   87.4,   24.4,   12.6,     86,.,     10,.,     21,     10,      9,     23,     18,     10,.,      0,      0,     60,     48,    33.4,    54.6,    41.9,    64.0,    33.2,    54.3,    41.1,    63.3,"(CONTRACTS OF AUD 100,000)",232741,CME ,232 ,F10,FutOnly
AUSTRALIAN DOLLAR - CHICAGO MERCANTILE EXCHANGE,210119,2021-01-19,232741,CME ,00,232 ,  144283,    2454,   52592,    1013,   54879,   49424,    2752,   46290,   20524,    1059,    1641,       0,       0,  110088,  127364,   34195,   16919,    -331,      36,    1245,       1,   -2913,    1198,    -483,     935,     588,     -39,    -166,    -420,       0,   -2629,    2090,    2298,   -2421,  100.0,    1.7,   36.5,    0.7,   38.0,   34.3,    1.9,   32.1,   14.2,    0.7,    1.1,    0.0,    0.0,   76.3,   88.3,   23.7,   11.7,     87,.,     12,.,     19,     11,      8,     24,     18,     11,.,      0,      0,     59,     50,    33.7,    54.2,    44.1,    64.0,    33.7,    53.9,    43.4,    63.4,"(CONTRACTS OF AUD 100,000)",232741,CME ,232 ,F10,FutOnly
AUSTRALIAN DOLLAR - CHICAGO MERCANTILE EXCHANGE,210112,2021-01-12,232741,CME ,00,232 ,  144614,    2418,   51347,    1012,   57792,   48226,    3235,   45355,   19936,    1098,    1807,     420,       0,  112717,  125274,   31897,   19340,   -1479,    -820,    4623,    1004,      67,     -87,     -24,    2460,   -7879,   -1059,       9,       0,       0,    1637,   -3422,   -3116,    1943,  100.0,    1.7,   35.5,    0.7,   40.0,   33.3,    2.2,   31.4,   13.8,    0.8,    1.2,    0.3,    0.0,   77.9,   86.6,   22.1,   13.4,     85,.,     13,.,     20,     10,      8,     21,     17,      7,.,.,      0,     56,     47,    33.7,    53.5,    44.3,    63.8,    33.6,    53.2,    44.1,    63.1,"(CONTRACTS OF AUD 100,000)",232741,CME ,232 ,F10,FutOnly
AUSTRALIAN DOLLAR - CHICAGO MERCANTILE EXCHANGE,210105,2021-01-05,232741,CME ,00,232 ,  146093,    3238,   46724,       8,   57725,   48313,    3259,   42895,   27815,    2157,    1798,     420,       0,  111080,  128696,   35013,   17397,    7784,     -59,     654,       8,    3010,    1385,       6,    3119,    2428,    1160,       0,       0,       0,    7244,    5641,     540,    2143,  100.0,    2.2,   32.0,    0.0,   39.5,   33.1,    2.2,   29.4,   19.0,    1.5,    1.2,    0.3,    0.0,   76.0,   88.1,   24.0,   11.9,     86,.,     11,.,     20,      9,      8,     23,     19,     13,.,.,      0,     61,     47,    32.0,    50.9,    42.9,    62.3,    31.9,    50.7,    42.6,    62.1,"(CONTRACTS OF AUD 100,000)",232741,CME ,232 ,F10,FutOnly
NEW ZEALAND DOLLAR - CHICAGO MERCANTILE EXCHANGE,211228,2021-12-28,112741,CME ,00,112 ,   41862,   21075,    1719,       0,    4010,   20108,     624,   11833,   12186,     469,     794,    2020,      32,   38837,   37158,    3025,    4704,     508,    -686,      68,       0,     562,    -664,     207,     425,    1817,    -135,     -81,      50,       0,     292,    1343,     216,    -835,  100.0,   50.3,    4.1,    0.0,    9.6,   48.0,    1.5,   28.3,   29.1,    1.1,    1.9,    4.8,    0.1,   92.8,   88.8,    7.2,   11.2,    100,      9,.,      0,      9,     21,      9,     21,     26,      4,      4,      7,.,     51,     63,    45.4,    32.5,    59.4,    47.6,    45.4,    32.4,    59.4,    47.5,"(CONTRACTS OF NZD 100,000)",112741,CME ,112 ,F15,FutOnly
NEW ZEALAND DOLLAR - CHICAGO MERCANTILE EXCHANGE,211221,2021-12-21,112741,CME ,00,112 ,   41354,   21761,    1651,       0,    3448,   20772,     417,   11408,   10369,     604,     875,    1970,      32,   38545,   35815,    2809,    5539,     131,    1541,      15,       0,     824,     879,     365,   -2486,   -1489,     -24,     183,     240,       0,     403,     -14,    -272,     145,  100.0,   52.6,    4.0,    0.0,    8.3,   50.2,    1.0,   27.6,   25.1,    1.5,    2.1,    4.8,    0.1,   93.2,   86.6,    6.8,   13.4,     98,      9,.,      0,      8,     24,      8,     20,     25,      6,.,      7,.,     51,     62,    42.1,    30.9,    56.6,    46.0,    42.1,    30.6,    56.6,    45.3,"(CONTRACTS OF NZD 100,000)",112741,CME ,112 ,F15,FutOnly
NEW ZEALAND DOLLAR - CHICAGO MERCANTILE EXCHANGE,211214,2021-12-14,112741,CME ,00,112 ,   41223,   20220,    1636,       0,    2624,   19893,      52,   13894,   11858,     628,     692,    1730,      32,   38142,   35829,    3081,    5394,  -14752,    9132,  -10037,   -1960,     790,    1763,    -450,  -19238,   -1542,   -3090,     177,     197,       0,  -14639,  -15119,    -113,     367,  100.0,   49.1,    4.0,    0.0,    6.4,   48.3,    0.1,   33.7,   28.8,    1.5,    1.7,    4.2,    0.1,   92.5,   86.9,    7.5,   13.1,     91,      9,.,      0,      7,     20,      5,     19,     25,      6,.,      6,.,     45,     58,    44.6,    29.2,    60.0,    45.4,    44.6,    29.0,    59.5,    45.2,"(CONTRACTS OF NZD 100,000)",112741,CME ,112 ,F15,FutOnly
NEW ZEALAND DOLLAR - CHICAGO MERCANTILE EXCHANGE,211207,2021-12-07,112741,CME ,00,112 ,   55975,   11088,   11673,    1960,    1834,   18130,     502,   33132,   13400,    3718,     515,    1533,      32,   52781,   50948,    3194,    5027,    6492,    1065,   -2525,    1810,   -1537,    5309,    -372,    3022,   -1119,    2542,    -136,     243,       2,    6396,    5890,      96,     602,  100.0,   19.8,   20.9,    3.5,    3.3,   32.4,    0.9,   59.2,   23.9,    6.6,    0.9,    2.7,    0.1,   94.3,   91.0,    5.7,    9.0,     96,      8,      6,      5,      6,     19,      7,     23,     25,     12,.,      6,.,     53,     68,    41.5,    23.0,    59.9,    38.7,    41.5,    22.5,    59.3,    38.0,"(CONTRACTS OF NZD 100,000)",112741,CME ,112 ,F15,FutOnly
NEW ZEALAND DOLLAR - CHICAGO MERCANTILE EXCHANGE,211130,2021-11-30,112741,CME ,00,112 ,   49483,   10023,   14198,     150,    3371,   12821,     874,   30110,   14519,    1176,     651,    1290,      30,   46385,   45058,    3098,    4425,    4959,    4029,   -4441,     150,   -2708,    4585,     244,    4545,    3565,      38,     172,      81,     -13,    6457,    4209,   -1498,     750,  100.0,   20.3,   28.7,    0.3,    6.8,   25.9,    1.8,   60.8,   29.3,    2.4,    1.3,    2.6,    0.1,   93.7,   91.1,    6.3,    8.9,     98,      9,      6,.,      8,     16,      7,     22,     28,     11,.,      6,.,     52,     66,    38.2,    27.7,    55.8,    44.6,    37.6,    27.7,    54.6,    44.2,"(CONTRACTS OF NZD 100,000)",112741,CME ,112 ,F15,FutOnly
NEW ZEALAND DOLLAR - CHICAGO MERCANTILE EXCHANGE,211123,2021-11-23,112741,CME ,00,112 ,   44524,    5994,   18639,       0,    6079,    8236,     630,   25565,   10954,    1138,     479,    1209,      43,   39928,   40849,    4596,    3675,    1579,    1988,   -1204,       0,    -903,    2309,    -582,    1171,     228,     381,    -139,     149,     -10,    1906,    1271,    -327,     308,  100.0,   13.5,   41.9,    0.0,   13.7,   18.5,    1.4,   57.4,   24.6,    2.6,    1.1,    2.7,    0.1,   89.7,   91.7,   10.3,    8.3,     89,      7,      6,      0,     12,     12,      6,     26,     19,     10,.,      5,.,     56,     51,    29.4,    41.7,    47.2,    59.5,    29.4,    41.7,    46.5,    58.6,"(CONTRACTS OF NZD 100,000)",112741,CME ,112 ,F15,FutOnly
NEW ZEALAND DOLLAR - CHICAGO MERCANTILE EXCHANGE,211116,2021-11-16,112741,CME ,00,112 ,   42945,    4006,   19843,       0,    6982,    5927,    1212,   24394,   10726,     757,     618,    1060,      53,   38022,   39578,    4923,    3367,    -516,     248,   -1340,       0,   -1886,    -179,    -312,    2136,     957,     301,    -488,    -129,     -33,     -34,    -735,    -482,     219,  100.0,    9.3,   46.2,    0.0,   16.3,   13.8,    2.8,   56.8,   25.0,    1.8,    1.4,    2.5,    0.1,   88.5,   92.2,   11.5,    7.8,     92,      5,      7,      0,     11,     11,      7,     30,     22,      9,.,      4,.,     56,     54,    30.6,    43.9,    43.7,    60.6,    30.6,    43.9,    43.7,    59.7,"(CONTRACTS OF NZD 100,000)",112741,CME ,112 ,F15,FutOnly
NEW ZEALAND DOLLAR - CHICAGO MERCANTILE EXCHANGE,211109,2021-11-09,112741,CME ,00,112 ,   43461,    3758,   21183,       0,    8868,    6106,    1524,   22258,    9769,     456,    1106,    1189,      86,   38056,   40313,    5405,    3148,   -1975,     223,    -535,       0,     203,    1470,    -236,   -1607,   -2994,     119,    -245,     126,      56,   -1487,   -1994,    -488,      19,  100.0,    8.6,   48.7,    0.0,   20.4,   14.0,    3.5,   51.2,   22.5,    1.0,    2.5,    2.7,    0.2,   87.6,   92.8,   12.4,    7.2,     96,      4,      8,      0,     14,     10,      7,     30,     19,      7,      5,      6,.,     62,     50,    29.9,    44.3,    43.5,    59.1,    29.9,    44.3,    43.5,    58.2,"(CONTRACTS OF NZD 100,000)",112741,CME ,112 ,F15,FutOnly
NEW ZEALAND DOLLAR - CHICAGO MERCANTILE EXCHANGE,211102,2021-11-02,112741,CME ,00,112 ,   45436,    3535,   21718,       0,    8665,    4636,    1760,   23865,   12763,     337,    1351,    1063,      30,   39543,   42307,    5893,    3129,    2375,     195,    3880,       0,   -1057,    1513,     453,    2928,   -2772,    -376,     158,    -201,       0,    2301,    2497,      74,    -122,  100.0,    7.8,   47.8,    0.0,   19.1,   10.2,    3.9,   52.5,   28.1,    0.7,    3.0,    2.3,    0.1,   87.0,   93.1,   13.0,    6.9,     99,      4,      9,      0,     13,     12,      7,     32,     19,      6,      6,      4,.,     64,     49,    31.4,    42.0,    46.6,    57.2,    31.4,    42.0,    46.6,    56.7,"(CONTRACTS OF NZD 100,000)",112741,CME ,112 ,F15,FutOnly
NEW ZEALAND DOLLAR - CHICAGO MERCANTILE EXCHANGE,211026,2021-10-26,112741,CME ,00,112 ,   43061,    3340,   17838,       0,    9722,    3123,    1307,   20937,   15535,     713,    1193,    1264,      30,   37242,   39810,    5819,    3251,    5331,   -1712,    6382,       0,    3997,   -2838,     650,     965,    1607,     -87,     351,    -140,     -21,    4143,    5553,    1188,    -222,  100.0,    7.8,   41.4,    0.0,   22.6,    7.3,    3.0,   48.6,   36.1,    1.7,    2.8,    2.9,    0.1,   86.5,   92.5,   13.5,    7.5,     98,.,      9,      0,     17,      9,      8,     33,     17,      7,      5,      5,.,     66,     48,    35.1,    40.6,    48.1,    58.1,    35.1,    40.6,    48.1,    57.1,"(CONTRACTS OF NZD 100,000)",112741,CME ,112 ,F15,FutOnly
NEW ZEALAND DOLLAR - CHICAGO MERCANTILE EXCHANGE,211019,2021-10-19,112741,CME ,00,112 ,   37730,    5052,   11456,       0,    5725,    5961,     657,   19972,   13928,     800,     842,    1404,      51,   33099,   34257,    4631,    3473,     390,   -1867,     171,     -12,      17,   -3580,     -25,     498,    4068,     274,     513,     257,       7,    -595,    1160,     985,    -770,  100.0,   13.4,   30.4,    0.0,   15.2,   15.8,    1.7,   52.9,   36.9,    2.1,    2.2,    3.7,    0.1,   87.7,   90.8,   12.3,    9.2,    103,      5,      6,      0,     11,     14,      6,     38,     19,      9,      4,      6,.,     69,     51,    33.6,    34.3,    47.6,    50.5,    33.6,    33.6,    47.6,    49.4,"(CONTRACTS OF NZD 100,000)",112741,CME ,112 ,F15,FutOnly
NEW ZEALAND DOLLAR - CHICAGO MERCANTILE EXCHANGE,211012,2021-10-12,112741,CME ,00,112 ,   37340,    6919,   11285,      12,    5708,    9541,     682,   19474,    9860,     526,     329,    1147,      44,   33694,   33097,    3646,    4243,    1479,    1018,    -782,       0,   -1536,   -1064,     -20,    2110,    3114,     -12,     -39,    -142,      14,    1535,    1108,     -56,     371,  100.0,   18.5,   30.2,    0.0,   15.3,   25.6,    1.8,   52.2,   26.4,    1.4,    0.9,    3.1,    0.1,   90.2,   88.6,    9.8,   11.4,     92,      5,      6,.,     10,     17,      7,     32,     17,      9,.,      4,.,     58,     53,    33.4,    40.0,    48.0,    54.8,    33.4,    39.9,    48.0,    54.1,"(CONTRACTS OF NZD 100,000)",112741,CME ,112 ,F15,FutOnly
NEW ZEALAND DOLLAR - CHICAGO MERCANTILE EXCHANGE,211005,2021-10-05,112741,CME ,00,112 ,   35861,    5901,   12067,      12,    7244,   10605,     702,   17364,    6746,     538,     368,    1289,      30,   32159,   31989,    3702,    3872,    2188,    2407,   -1075,       1,    -583,    2249,    -279,     834,     920,     240,      -2,      40,     -26,    2592,    2070,    -404,     118,  100.0,   16.5,   33.6,    0.0,   20.2,   29.6,    2.0,   48.4,   18.8,    1.5,    1.0,    3.6,    0.1,   89.7,   89.2,   10.3,   10.8,     90,      5,      6,.,     11,     17,      7,     29,     17,      6,.,      4,.,     54,     51,    33.2,    36.4,    50.3,    52.8,    33.2,    36.4,    50.3,    52.0,"(CONTRACTS OF NZD 100,000)",112741,CME ,112 ,F15,FutOnly
NEW ZEALAND DOLLAR - CHICAGO MERCANTILE EXCHANGE,210928,2021-09-28,112741,CME ,00,112 ,   33673,    3494,   13142,      11,    7827,    8356,     981,   16530,    5826,     298,     370,    1249,      56,   29567,   29919,    4106,    3754,   -3018,     350,    -375,       0,    -541,   -1987,    -137,   -1831,   -1268,    -169,      67,     908,      10,   -2251,   -3018,    -767,       0,  100.0,   10.4,   39.0,    0.0,   23.2,   24.8,    2.9,   49.1,   17.3,    0.9,    1.1,    3.7,    0.2,   87.8,   88.9,   12.2,   11.1,     85,      4,      6,.,     13,     16,      6,     28,     13,      5,.,      4,.,     56,     43,    34.1,    41.3,    50.3,    56.1,    34.1,    40.7,    50.3,    54.8,"(CONTRACTS OF NZD 100,000)",112741,CME ,112 ,F15,FutOnly
NEW ZEALAND DOLLAR - CHICAGO MERCANTILE EXCHANGE,210921,2021-09-21,112741,CME ,00,112 ,   36691,    3144,   13517,      11,    8368,   10343,    1118,   18361,    7094,     467,     303,     341,      46,   31818,   32937,    4873,    3754,    1024,     166,    -863,      11,     -45,     214,    -209,    1980,    1165,     262,    -160,      -5,      19,    2024,     594,   -1000,     430,  100.0,    8.6,   36.8,    0.0,   22.8,   28.2,    3.0,   50.0,   19.3,    1.3,    0.8,    0.9,    0.1,   86.7,   89.8,   13.3,   10.2,     81,      4,      7,.,     13,     12,      5,     28,     13,      6,.,.,.,     54,     41,    34.0,    38.1,    49.0,    56.2,    34.0,    38.0,    49.0,    54.5,"(CONTRACTS OF NZD 100,000)",112741,CME ,112 ,F15,FutOnly
NEW ZEALAND DOLLAR - CHICAGO MERCANTILE EXCHANGE,210914,2021-09-14,112741,CME ,00,112 ,   35667,    2978,   14380,       0,    8413,   10129,    1327,   16381,    5929,     205,     463,     346,      27,   29794,   32343,    5873,    3324,  -22408,   -7206,   -5224,   -8405,    -118,    1018,      87,   -3624,   -5614,   -3727,    -184,     111,       0,  -23177,  -21754,     769,    -654,  100.0,    8.3,   40.3,    0.0,   23.6,   28.4,    3.7,   45.9,   16.6,    0.6,    1.3,    1.0,    0.1,   83.5,   90.7,   16.5,    9.3,     85,.,      9,      0,     13,     11,      5,     32,     13,      6,.,.,.,     55,     42,    32.7,    43.9,    48.5,    62.9,    32.7,    43.9,    48.5,    62.1,"(CONTRACTS OF NZD 100,000)",112741,CME ,112 ,F15,FutOnly
NEW ZEALAND DOLLAR - CHICAGO MERCANTILE EXCHANGE,210907,2021-09-07,112741,CME ,00,112 ,   58075,   10184,   19604,    8405,    8531,    9111,    1240,   20005,   11543,    3932,     647,     235,      27,   52971,   54097,    5104,    3978,    9779,   -1889,    6714,    7941,    1438,   -2224,    -141,     606,   -2891,     554,      80,      -7,       5,    8594,    9951,    1185,    -172,  100.0,   17.5,   33.8,   14.5,   14.7,   15.7,    2.1,   34.4,   19.9,    6.8,    1.1,    0.4,    0.0,   91.2,   93.2,    8.8,    6.8,     90,      7,      5,      5,     14,     12,      5,     35,     12,      9,.,.,.,     71,     39,    32.0,    50.7,    47.1,    66.3,    26.4,    41.0,    39.0,    55.0,"(CONTRACTS OF NZD 100,000)",112741,CME ,112 ,F15,FutOnly
NEW ZEALAND DOLLAR - CHICAGO MERCANTILE EXCHANGE,210831,2021-08-31,112741,CME ,00,112 ,   48296,   12073,   12890,     464,    7093,   11335,    1381,   19399,   14434,    3378,     567,     242,      22,   44377,   44146,    3919,    4150,    1852,    -885,    1071,    -286,     747,   -1616,     536,     835,    3143,    -134,     273,    -390,       0,    1086,    2324,     766,    -472,  100.0,   25.0,   26.7,    1.0,   14.7,   23.5,    2.9,   40.2,   29.9,    7.0,    1.2,    0.5,    0.0,   91.9,   91.4,    8.1,    8.6,     93,      8,      5,.,     10,     17,      6,     31,     16,     10,.,.,.,     60,     51,    31.5,    43.4,    46.0,    57.2,    31.5,    43.4,    46.0,    56.7,"(CONTRACTS OF NZD 100,000)",112741,CME ,112 ,F15,FutOnly
NEW ZEALAND DOLLAR - CHICAGO MERCANTILE EXCHANGE,210824,2021-08-24,112741,CME ,00,112 ,   46444,   12958,   11819,     750,    6346,   12951,     845,   18564,   11291,    3512,     294,     632,      22,   43291,   41822,    3153,    4622,    2222,    2017,   -2131,     750,    -231,    3864,    -363,     510,   -1246,     853,    -356,      93,       0,    3180,    1820,    -958,     402,  100.0,   27.9,   25.4,    1.6,   13.7,   27.9,    1.8,   40.0,   24.3,    7.6,    0.6,    1.4,    0.0,   93.2,   90.0,    6.8,   10.0,     99,      8,      4,.,     11,     18,      6,     34,     18,     10,.,      4,.,     62,     55,    31.7,    42.9,    45.0,    58.7,    31.7,    42.9,    45.0,    57.8,"(CONTRACTS OF NZD 100,000)",112741,CME ,112 ,F15,FutOnly
NEW ZEALAND DOLLAR - CHICAGO MERCANTILE EXCHANGE,210817,2021-08-17,112741,CME ,00,112 ,   44222,   10941,   13950,       0,    6577,    9087,    1208,   18054,   12537,    2659,     650,     539,      22,   40111,   40002,    4111,    4220,   -2468,     -69,     152,       0,     -51,   -1039,      51,   -1628,      -7,   -1570,     457,       6,       0,   -2810,   -2407,     342,     -61,  100.0,   24.7,   31.5,    0.0,   14.9,   20.5,    2.7,   40.8,   28.4,    6.0,    1.5,    1.2,    0.0,   90.7,   90.5,    9.3,    9.5,    104,      7,      6,      0,     13,     18,      6,     34,     18,      9,      4,      4,.,     66,     54,    32.3,    44.4,    45.7,    60.4,    32.3,    44.4,    45.7,    60.2,"(CONTRACTS OF NZD 100,000)",112741,CME ,112 ,F15,FutOnly
NEW ZEALAND DOLLAR - CHICAGO MERCANTILE EXCHANGE,210810,2021-08-10,112741,CME ,00,112 ,   46690,   11010,   13798,       0,    6628,   10126,    1157,   19682,   12544,    4229,     193,     533,      22,   42921,   42409,    3769,    4281,    3947,    -430,     100,       0,    1027,    -121,     130,     363,     -56,    3608,    -337,     185,       0,    4361,    3846,    -414,     101,  100.0,   23.6,   29.6,    0.0,   14.2,   21.7,    2.5,   42.2,   26.9,    9.1,    0.4,    1.1,    0.0,   91.9,   90.8,    8.1,    9.2,     96,      8,      4,      0,     13,     16,      6,     34,     16,     12,.,      4,.,     67,     48,    29.9,    42.8,    45.6,    60.0,    29.9,    42.5,    43.7,    57.9,"(CONTRACTS OF NZD 100,000)",112741,CME ,112 ,F15,FutOnly
NEW ZEALAND DOLLAR - CHICAGO MERCANTILE EXCHANGE,210803,2021-08-03,112741,CME ,00,112 ,   42743,   11440,   13698,       0,    5601,   10247,    1027,   19319,   12600,     621,     530,     348,      22,   38560,   38563,    4183,    4180,   -1210,     293,    -620,       0,    -106,   -1794,     197,   -2018,     914,     270,     -94,    -192,       0,   -1458,   -1225,     248,      15,  100.0,   26.8,   32.0,    0.0,   13.1,   24.0,    2.4,   45.2,   29.5,    1.5,    1.2,    0.8,    0.1,   90.2,   90.2,    9.8,    9.8,     96,      9,      4,      0,     12,     18,      6,     34,     13,      8,.,.,.,     66,     45,    32.4,    46.0,    48.4,    63.0,    32.4,    46.0,    48.4,    62.1,"(CONTRACTS OF NZD 100,000)",112741,CME ,112 ,F15,FutOnly
NEW ZEALAND DOLLAR - CHICAGO MERCANTILE EXCHANGE,210727,2021-07-27,112741,CME ,00,112 ,   43953,   11147,   14318,       0,    5707,   12041,     830,   21337,   11686,     351,     624,     540,      22,   40018,   39788,    3935,    4165,     370,     -65,     497,       0,    2408,     336,    -220,   -1410,     752,    -362,     226,     -58,       2,     579,     947,    -209,    -577,  100.0,   25.4,   32.6,    0.0,   13.0,   27.4,    1.9,   48.5,   26.6,    0.8,    1.4,    1.2,    0.0,   91.0,   90.5,    9.0,    9.5,     98,      9,.,      0,     13,     17,      6,     33,     16,      9,.,      4,.,     67,     47,    32.0,    48.0,    46.7,    66.2,    32.0,    48.0,    46.7,    65.7,"(CONTRACTS OF NZD 100,000)",112741,CME ,112 ,F15,FutOnly
NEW ZEALAND DOLLAR - CHICAGO MERCANTILE EXCHANGE,210720,2021-07-20,112741,CME ,00,112 ,   43583,   11212,   13821,       0,    3299,   11705,    1050,   22747,   10934,     713,     398,     598,      20,   39439,   38841,    4144,    4742,    1120,     640,     -90,       0,    -444,    1748,    -232,     931,    -604,      72,     -92,    -181,       0,     875,     713,     245,     407,  100.0,   25.7,   31.7,    0.0,    7.6,   26.9,    2.4,   52.2,   25.1,    1.6,    0.9,    1.4,    0.0,   90.5,   89.1,    9.5,   10.9,     96,      9,      4,      0,     10,     16,      6,     37,     13,      8,.,      5,.,     66,     45,    27.4,    49.2,    40.9,    66.4,    27.4,    49.2,    40.9,    64.9,"(CONTRACTS OF NZD 100,000)",112741,CME ,112 ,F15,FutOnly
NEW ZEALAND DOLLAR - CHICAGO MERCANTILE EXCHANGE,210713,2021-07-13,112741,CME ,00,112 ,   42463,   10572,   13911,       0,    3743,    9957,    1282,   21816,   11538,     641,     490,     779,      20,   38564,   38128,    3899,    4335,     707,    1361,   -1687,       0,   -1147,    1395,     210,     843,     -77,     -29,     192,    -120,       0,    1430,    -308,    -723,    1015,  100.0,   24.9,   32.8,    0.0,    8.8,   23.4,    3.0,   51.4,   27.2,    1.5,    1.2,    1.8,    0.0,   90.8,   89.8,    9.2,   10.2,     93,      8,      4,      0,     11,     13,      6,     33,     17,      7,.,      4,.,     60,     47,    25.6,    48.6,    41.1,    66.5,    25.6,    48.6,    41.1,    64.6,"(CONTRACTS OF NZD 100,000)",112741,CME ,112 ,F15,FutOnly
NEW ZEALAND DOLLAR - CHICAGO MERCANTILE EXCHANGE,210706,2021-07-06,112741,CME ,00,112 ,   41756,    9211,   15598,       0,    4890,    8562,    1072,   20973,   11615,     670,     298,     899,      20,   37134,   38436,    4622,    3320,     404,     374,     226,       0,      27,    1551,     -18,      22,   -1025,     -57,     -45,     131,       0,     303,     808,     101,    -404,  100.0,   22.1,   37.4,    0.0,   11.7,   20.5,    2.6,   50.2,   27.8,    1.6,    0.7,    2.2,    0.0,   88.9,   92.0,   11.1,    8.0,     82,      7,.,      0,     13,     11,      5,     29,     13,     10,.,      4,.,     58,     40,    24.9,    55.4,    41.4,    73.6,    24.9,    55.4,    41.4,    72.8,"(CONTRACTS OF NZD 100,000)",112741,CME ,112 ,F15,FutOnly
NEW ZEALAND DOLLAR - CHICAGO MERCANTILE EXCHANGE,210629,2021-06-29,112741,CME ,00,112 ,   41352,    8837,   15372,       0,    4863,    7011,    1090,   20951,   12640,     727,     343,     768,      20,   36831,   37628,    4521,    3724,    2067,     784,     761,       0,    -178,    1259,     203,     797,     107,     212,     343,    -428,       0,    2161,    2114,     -94,     -47,  100.0,   21.4,   37.2,    0.0,   11.8,   17.0,    2.6,   50.7,   30.6,    1.8,    0.8,    1.9,    0.0,   89.1,   91.0,   10.9,    9.0,     85,      7,      4,      0,     15,      9,      5,     28,     16,      8,.,.,.,     56,     43,    27.0,    52.1,    41.9,    70.2,    27.0,    52.1,    41.6,    69.3,"(CONTRACTS OF NZD 100,000)",112741,CME ,112 ,F15,FutOnly
NEW ZEALAND DOLLAR - CHICAGO MERCANTILE EXCHANGE,210622,2021-06-22,112741,CME ,00,112 ,   39285,    8053,   14611,       0,    5041,    5752,     887,   20154,   12533,     515,       0,    1196,      20,   34670,   35514,    4615,    3771,    1372,    4608,     309,       0,   -6727,    1689,      68,    4665,   -1052,      64,    -134,     -82,       0,    2544,     996,   -1172,     376,  100.0,   20.5,   37.2,    0.0,   12.8,   14.6,    2.3,   51.3,   31.9,    1.3,    0.0,    3.0,    0.1,   88.3,   90.4,   11.7,    9.6,     90,      9,.,      0,     14,     10,      5,     30,     19,      8,      0,      5,.,     58,     46,    24.1,    52.7,    38.8,    67.7,    24.1,    52.7,    38.8,    66.8,"(CONTRACTS OF NZD 100,000)",112741,CME ,112 ,F15,FutOnly
NEW ZEALAND DOLLAR - CHICAGO MERCANTILE EXCHANGE,210615,2021-06-15,112741,CME ,00,112 ,   37913,    3445,   14302,       0,   11768,    4063,     819,   15489,   13585,     451,     134,    1278,      20,   32126,   34518,    5787,    3395,   -7890,   -1501,   -3476,    -669,     101,   -1653,     -93,   -3080,    -670,   -1863,     -16,     141,     -35,   -7156,   -8318,    -734,     428,  100.0,    9.1,   37.7,    0.0,   31.0,   10.7,    2.2,   40.9,   35.8,    1.2,    0.4,    3.4,    0.1,   84.7,   91.0,   15.3,    9.0,     83,.,      4,      0,     19,      7,      5,     30,     15,      6,.,      4,.,     58,     37,    24.0,    53.4,    38.9,    68.6,    24.0,    53.4,    38.8,    67.6,"(CONTRACTS OF NZD 100,000)",112741,CME ,112 ,F15,FutOnly
NEW ZEALAND DOLLAR - CHICAGO MERCANTILE EXCHANGE,210608,2021-06-08,112741,CME ,00,112 ,   45803,    4946,   17778,     669,   11667,    5716,     912,   18569,   14255,    2314,     150,    1137,      55,   39282,   42836,    6521,    2967,    -450,     148,    -421,     452,    -324,    -556,     200,   -2114,   -1293,    1216,    -379,    -201,       0,    -801,    -603,     351,     153,  100.0,   10.8,   38.8,    1.5,   25.5,   12.5,    2.0,   40.5,   31.1,    5.1,    0.3,    2.5,    0.1,   85.8,   93.5,   14.2,    6.5,     86,      5,      7,.,     16,      7,      6,     31,     16,     12,.,.,.,     62,     45,    26.0,    48.4,    40.4,    67.1,    25.9,    48.4,    39.5,    66.4,"(CONTRACTS OF NZD 100,000)",112741,CME ,112 ,F15,FutOnly
NEW ZEALAND DOLLAR - CHICAGO MERCANTILE EXCHANGE,210601,2021-06-01,112741,CME ,00,112 ,   46253,    4798,   18199,     217,   11991,    6272,     712,   20683,   15548,    1098,     529,    1338,      55,   40083,   43439,    6170,    2814,    2008,      60,    -120,     195,     726,    -321,       8,     127,    1788,     516,      43,    -157,      36,    1711,    1945,     297,      63,  100.0,   10.4,   39.3,    0.5,   25.9,   13.6,    1.5,   44.7,   33.6,    2.4,    1.1,    2.9,    0.1,   86.7,   93.9,   13.3,    6.1,     95,      5,      7,.,     16,      7,.,     36,     16,      8,      4,      4,.,     70,     41,    25.9,    47.9,    40.8,    67.3,    25.9,    47.8,    39.7,    66.5,"(CONTRACTS OF NZD 100,000)",112741,CME ,112 ,F15,FutOnly
NEW ZEALAND DOLLAR - CHICAGO MERCANTILE EXCHANGE,210525,2021-05-25,112741,CME ,00,112 ,   44245,    4738,   18319,      22,   11265,    6593,     704,   20556,   13760,     582,     486,    1495,      19,   38372,   41494,    5873,    2751,    1090,      26,    -213,      20,    -810,    1067,     -61,    1151,    -434,     248,     151,     167,       0,     725,     794,     365,     296,  100.0,   10.7,   41.4,    0.0,   25.5,   14.9,    1.6,   46.5,   31.1,    1.3,    1.1,    3.4,    0.0,   86.7,   93.8,   13.3,    6.2,     87,      4,      7,.,     15,      8,.,     31,     14,      7,.,      5,.,     59,     41,    27.6,    50.4,    42.1,    68.2,    27.6,    50.4,    41.8,    67.8,"(CONTRACTS OF NZD 100,000)",112741,CME ,112 ,F15,FutOnly
NEW ZEALAND DOLLAR - CHICAGO MERCANTILE EXCHANGE,210518,2021-05-18,112741,CME ,00,112 ,   43155,    4712,   18532,       2,   12075,    5526,     765,   19405,   14194,     334,     335,    1328,      19,   37647,   40700,    5508,    2455,   -2259,      57,      66,     -77,     -51,     778,    -264,   -1046,   -2138,      59,    -879,    -423,       0,   -2201,   -1999,     -58,    -260,  100.0,   10.9,   42.9,    0.0,   28.0,   12.8,    1.8,   45.0,   32.9,    0.8,    0.8,    3.1,    0.0,   87.2,   94.3,   12.8,    5.7,     89,      5,      8,.,     16,      7,      5,     32,     15,      7,.,      4,.,     60,     43,    29.6,    51.4,    44.6,    69.7,    29.6,    51.4,    43.9,    69.3,"(CONTRACTS OF NZD 100,000)",112741,CME ,112 ,F15,FutOnly
NEW ZEALAND DOLLAR - CHICAGO MERCANTILE EXCHANGE,210511,2021-05-11,112741,CME ,00,112 ,   45414,    4655,   18466,      79,   12126,    4748,    1029,   20451,   16332,     275,    1214,    1751,      19,   39848,   42699,    5566,    2715,     961,     -78,    1933,    -145,     340,    -754,     381,    -336,    -258,      -4,     189,      68,       0,     347,    1221,     614,    -260,  100.0,   10.3,   40.7,    0.2,   26.7,   10.5,    2.3,   45.0,   36.0,    0.6,    2.7,    3.9,    0.0,   87.7,   94.0,   12.3,    6.0,     88,      4,      7,.,     18,      7,.,     30,     14,      7,.,      5,.,     60,     40,    27.1,    49.2,    41.9,    68.2,    27.1,    49.2,    41.0,    67.8,"(CONTRACTS OF NZD 100,000)",112741,CME ,112 ,F15,FutOnly
NEW ZEALAND DOLLAR - CHICAGO MERCANTILE EXCHANGE,210504,2021-05-04,112741,CME ,00,112 ,   44453,    4733,   16533,     224,   11786,    5502,     648,   20787,   16590,     279,    1025,    1683,      19,   39501,   41478,    4952,    2975,     351,    -165,    1591,     224,    1374,   -1157,      24,    -849,     173,     -93,     -58,    -178,      11,     468,     595,    -117,    -244,  100.0,   10.6,   37.2,    0.5,   26.5,   12.4,    1.5,   46.8,   37.3,    0.6,    2.3,    3.8,    0.0,   88.9,   93.3,   11.1,    6.7,     88,      5,      6,.,     17,      9,.,     27,     18,      7,.,      4,.,     57,     43,    29.0,    46.9,    44.1,    65.3,    29.0,    46.9,    43.2,    64.9,"(CONTRACTS OF NZD 100,000)",112741,CME ,112 ,F15,FutOnly
NEW ZEALAND DOLLAR - CHICAGO MERCANTILE EXCHANGE,210427,2021-04-27,112741,CME ,00,112 ,   44102,    4898,   14942,       0,   10412,    6659,     624,   21636,   16417,     372,    1083,    1861,       8,   39033,   40883,    5069,    3219,    3470,    -250,    3797,       0,     994,    -876,       7,    1778,     635,      16,    1083,      -7,       0,    3628,    3572,    -158,    -102,  100.0,   11.1,   33.9,    0.0,   23.6,   15.1,    1.4,   49.1,   37.2,    0.8,    2.5,    4.2,    0.0,   88.5,   92.7,   11.5,    7.3,     86,      4,      6,      0,     16,      9,.,     28,     15,      5,.,      5,.,     56,     39,    27.5,    44.3,    42.2,    63.5,    27.5,    44.3,    41.7,    62.8,"(CONTRACTS OF NZD 100,000)",112741,CME ,112 ,F15,FutOnly
NEW ZEALAND DOLLAR - CHICAGO MERCANTILE EXCHANGE,210420,2021-04-20,112741,CME ,00,112 ,   40632,    5148,   11145,       0,    9418,    7535,     617,   19858,   15782,     356,       0,    1868,       8,   35405,   37311,    5227,    3321,    2197,    -646,    2424,    -142,    1665,    -416,    -117,    1976,     947,    -537,       0,    -207,       0,    2199,    1952,      -2,     245,  100.0,   12.7,   27.4,    0.0,   23.2,   18.5,    1.5,   48.9,   38.8,    0.9,    0.0,    4.6,    0.0,   87.1,   91.8,   12.9,    8.2,     81,      5,      5,      0,     16,     10,.,     25,     15,      5,      0,      5,.,     51,     39,    27.7,    41.9,    42.7,    63.4,    27.7,    41.9,    42.7,    63.2,"(CONTRACTS OF NZD 100,000)",112741,CME ,112 ,F15,FutOnly
NEW ZEALAND DOLLAR - CHICAGO MERCANTILE EXCHANGE,210413,2021-04-13,112741,CME ,00,112 ,   38435,    5794,    8721,     142,    7753,    7951,     734,   17882,   14835,     893,       0,    2075,       8,   33206,   35359,    5229,    3076,    1058,     248,     590,     -30,     191,     622,     159,     619,     291,    -231,       0,     -80,       0,     956,    1321,     102,    -263,  100.0,   15.1,   22.7,    0.4,   20.2,   20.7,    1.9,   46.5,   38.6,    2.3,    0.0,    5.4,    0.0,   86.4,   92.0,   13.6,    8.0,     83,      8,.,.,     15,      9,      4,     24,     18,      5,      0,      6,.,     50,     44,    26.8,    42.8,    41.9,    60.1,    26.8,    42.8,    41.9,    58.9,"(CONTRACTS OF NZD 100,000)",112741,CME ,112 ,F15,FutOnly
NEW ZEALAND DOLLAR - CHICAGO MERCANTILE EXCHANGE,210406,2021-04-06,112741,CME ,00,112 ,   37377,    5546,    8131,     172,    7562,    7329,     575,   17263,   14544,    1124,       0,    2155,       8,   32250,   34038,    5127,    3339,     572,     136,     497,      20,    -450,     417,     171,    1258,    -448,    -341,       0,     295,       2,     796,     613,    -224,     -41,  100.0,   14.8,   21.8,    0.5,   20.2,   19.6,    1.5,   46.2,   38.9,    3.0,    0.0,    5.8,    0.0,   86.3,   91.1,   13.7,    8.9,     77,      6,.,.,     15,      9,.,     22,     16,      6,      0,      6,.,     46,     41,    25.6,    44.0,    41.3,    62.8,    25.6,    43.3,    41.3,    61.7,"(CONTRACTS OF NZD 100,000)",112741,CME ,112 ,F15,FutOnly
NEW ZEALAND DOLLAR - CHICAGO MERCANTILE EXCHANGE,210330,2021-03-30,112741,CME ,00,112 ,   36805,    5410,    7634,     152,    8012,    6912,     404,   16005,   14992,    1465,       0,    1860,       6,   31454,   33425,    5351,    3380,   -1448,     848,     479,      62,   -1655,     635,    -548,     304,   -2212,      55,       0,      -1,       0,    -934,   -1530,    -514,      82,  100.0,   14.7,   20.7,    0.4,   21.8,   18.8,    1.1,   43.5,   40.7,    4.0,    0.0,    5.1,    0.0,   85.5,   90.8,   14.5,    9.2,     78,      6,.,.,     16,      9,      4,     20,     19,      7,      0,      5,.,     46,     45,    23.3,    45.6,    40.3,    64.7,    23.3,    44.3,    39.6,    63.4,"(CONTRACTS OF NZD 100,000)",112741,CME ,112 ,F15,FutOnly
NEW ZEALAND DOLLAR - CHICAGO MERCANTILE EXCHANGE,210323,2021-03-23,112741,CME ,00,112 ,   38253,    4562,    7155,      90,    9667,    6277,     952,   15701,   17204,    1410,       0,    1861,       6,   32388,   34955,    5865,    3298,    3688,    2280,     556,      90,   -1943,    -291,     -43,    1925,    2091,     489,    -113,     228,       0,    2685,    3120,    1003,     568,  100.0,   11.9,   18.7,    0.2,   25.3,   16.4,    2.5,   41.0,   45.0,    3.7,    0.0,    4.9,    0.0,   84.7,   91.4,   15.3,    8.6,     78,      5,.,.,     17,      8,      4,     21,     19,      5,      0,      5,.,     49,     40,    25.2,    44.8,    41.2,    61.5,    24.6,    43.6,    40.5,    60.2,"(CONTRACTS OF NZD 100,000)",112741,CME ,112 ,F15,FutOnly
NEW ZEALAND DOLLAR - CHICAGO MERCANTILE EXCHANGE,210316,2021-03-16,112741,CME ,00,112 ,   34565,    2282,    6599,       0,   11610,    6568,     995,   13776,   15113,     921,     113,    1633,       6,   29703,   31835,    4862,    2730,  -16815,    -846,  -12311,    -637,    -487,    1502,    -273,  -11557,   -2342,   -2241,       3,     -85,       0,  -16038,  -16387,    -777,    -428,  100.0,    6.6,   19.1,    0.0,   33.6,   19.0,    2.9,   39.9,   43.7,    2.7,    0.3,    4.7,    0.0,   85.9,   92.1,   14.1,    7.9,     75,.,.,      0,     18,      7,      5,     25,     14,      5,.,      4,.,     52,     34,    26.2,    50.0,    42.7,    64.7,    26.2,    49.3,    42.7,    64.1,"(CONTRACTS OF NZD 100,000)",112741,CME ,112 ,F15,FutOnly
NEW ZEALAND DOLLAR - CHICAGO MERCANTILE EXCHANGE,210309,2021-03-09,112741,CME ,00,112 ,   51380,    3128,   18910,     637,   12097,    5066,    1268,   25333,   17455,    3162,     110,    1718,       6,   45741,   48222,    5639,    3158,    2793,    1054,     407,     347,    -708,       0,     413,     904,      87,    1366,    -634,      32,       0,    2742,    2652,      51,     141,  100.0,    6.1,   36.8,    1.2,   23.5,    9.9,    2.5,   49.3,   34.0,    6.2,    0.2,    3.3,    0.0,   89.0,   93.9,   11.0,    6.1,     78,      7,      4,.,     15,      5,      4,     24,     17,      9,.,      5,.,     52,     42,    31.5,    58.4,    46.9,    70.5,    30.1,    57.9,    45.1,    70.0,"(CONTRACTS OF NZD 100,000)",112741,CME ,112 ,F15,FutOnly
NEW ZEALAND DOLLAR - CHICAGO MERCANTILE EXCHANGE,210302,2021-03-02,112741,CME ,00,112 ,   48587,    2074,   18503,     290,   12805,    5066,     855,   24429,   17368,    1796,     744,    1686,       6,   42999,   45570,    5588,    3017,     378,    -937,   -1041,     279,    -817,     910,     493,    1338,   -1585,    1040,    -108,      45,       0,    1288,     141,    -910,     237,  100.0,    4.3,   38.1,    0.6,   26.4,   10.4,    1.8,   50.3,   35.7,    3.7,    1.5,    3.5,    0.0,   88.5,   93.8,   11.5,    6.2,     90,      4,      8,.,     18,      4,      4,     30,     17,      6,      4,      5,.,     61,     42,    27.4,    58.2,    41.9,    71.2,    27.4,    57.8,    41.6,    70.4,"(CONTRACTS OF NZD 100,000)",112741,CME ,112 ,F15,FutOnly
NEW ZEALAND DOLLAR - CHICAGO MERCANTILE EXCHANGE,210223,2021-02-23,112741,CME ,00,112 ,   48209,    3011,   19544,      11,   13622,    4156,     362,   23091,   18953,     756,     852,    1641,       6,   41711,   45429,    6498,    2780,     106,    -590,    1583,      -4,     565,   -2488,    -198,    -313,     539,     339,     102,     108,       0,     -99,    -121,     205,     227,  100.0,    6.2,   40.5,    0.0,   28.3,    8.6,    0.8,   47.9,   39.3,    1.6,    1.8,    3.4,    0.0,   86.5,   94.2,   13.5,    5.8,     95,      4,      8,.,     19,      4,.,     36,     16,      7,.,      5,.,     65,     41,    26.0,    59.1,    39.2,    74.1,    26.0,    58.7,    39.2,    73.6,"(CONTRACTS OF NZD 100,000)",112741,CME ,112 ,F15,FutOnly
NEW ZEALAND DOLLAR - CHICAGO MERCANTILE EXCHANGE,210216,2021-02-16,112741,CME ,00,112 ,   48103,    3601,   17961,      15,   13057,    6644,     560,   23404,   18414,     417,     750,    1533,       6,   41810,   45550,    6293,    2553,    -552,   -1006,     428,      -2,     604,    -857,    -237,    1388,     336,      44,    -851,    -160,       0,     -60,    -448,    -492,    -104,  100.0,    7.5,   37.3,    0.0,   27.1,   13.8,    1.2,   48.7,   38.3,    0.9,    1.6,    3.2,    0.0,   86.9,   94.7,   13.1,    5.3,     96,      6,      5,.,     18,      6,.,     35,     18,      7,      4,      4,.,     68,     40,    24.7,    59.0,    37.8,    73.0,    24.7,    58.7,    37.7,    72.7,"(CONTRACTS OF NZD 100,000)",112741,CME ,112 ,F15,FutOnly
NEW ZEALAND DOLLAR - CHICAGO MERCANTILE EXCHANGE,210209,2021-02-09,112741,CME ,00,112 ,   48655,    4607,   17533,      17,   12453,    7501,     797,   22016,   18078,     373,    1601,    1693,       6,   41870,   45998,    6785,    2657,   -2030,    -633,    1665,       0,     609,   -1106,      17,   -2543,   -1299,    -306,     181,     182,       0,   -2675,    -847,     645,   -1183,  100.0,    9.5,   36.0,    0.0,   25.6,   15.4,    1.6,   45.2,   37.2,    0.8,    3.3,    3.5,    0.0,   86.1,   94.5,   13.9,    5.5,     98,      7,      5,.,     18,      6,.,     33,     20,      7,      4,      5,.,     67,     43,    22.4,    57.7,    35.1,    71.7,    22.3,    57.5,    35.1,    71.5,"(CONTRACTS OF NZD 100,000)",112741,CME ,112 ,F15,FutOnly
NEW ZEALAND DOLLAR - CHICAGO MERCANTILE EXCHANGE,210202,2021-02-02,112741,CME ,00,112 ,   50685,    5240,   15868,      17,   11844,    8607,     780,   24559,   19377,     679,    1420,    1511,       6,   44545,   46845,    6140,    3840,    3881,    1505,   -2612,       0,   -1243,    1476,     776,    2465,    3389,     292,     589,      -9,       0,    4384,    3312,    -503,     569,  100.0,   10.3,   31.3,    0.0,   23.4,   17.0,    1.5,   48.5,   38.2,    1.3,    2.8,    3.0,    0.0,   87.9,   92.4,   12.1,    7.6,     93,      6,      4,.,     17,      6,      4,     29,     21,      9,      6,      4,.,     65,     44,    22.3,    55.1,    35.2,    67.9,    21.9,    54.8,    34.8,    67.6,"(CONTRACTS OF NZD 100,000)",112741,CME ,112 ,F15,FutOnly
NEW ZEALAND DOLLAR - CHICAGO MERCANTILE EXCHANGE,210126,2021-01-26,112741,CME ,00,112 ,   46804,    3735,   18480,      17,   13087,    7131,       4,   22094,   15988,     387,     831,    1520,       6,   40161,   43533,    6643,    3271,     560,     595,     153,      11,   -1081,     618,    -756,    1732,     439,    -162,     297,     -36,       0,     636,     267,     -76,     293,  100.0,    8.0,   39.5,    0.0,   28.0,   15.2,    0.0,   47.2,   34.2,    0.8,    1.8,    3.2,    0.0,   85.8,   93.0,   14.2,    7.0,     92,      5,      5,.,     15,      6,.,     37,     14,      6,      5,      5,.,     66,     36,    19.4,    62.3,    32.8,    77.8,    19.4,    62.0,    32.8,    77.5,"(CONTRACTS OF NZD 100,000)",112741,CME ,112 ,F15,FutOnly
NEW ZEALAND DOLLAR - CHICAGO MERCANTILE EXCHANGE,210119,2021-01-19,112741,CME ,00,112 ,   46244,    3140,   18327,       6,   14168,    6513,     760,   20362,   15549,     549,     534,    1556,       6,   39525,   43266,    6719,    2978,    1487,     375,    -280,       0,   -2412,     579,     530,    2870,     416,      43,    -374,     -26,       0,    1032,    1262,     455,     225,  100.0,    6.8,   39.6,    0.0,   30.6,   14.1,    1.6,   44.0,   33.6,    1.2,    1.2,    3.4,    0.0,   85.5,   93.6,   14.5,    6.4,     83,      4,      5,.,     18,      6,      4,     28,     14,      4,.,      5,.,     57,     36,    21.6,    62.8,    35.3,    77.5,    21.5,    62.4,    34.3,    77.2,"(CONTRACTS OF NZD 100,000)",112741,CME ,112 ,F15,FutOnly
NEW ZEALAND DOLLAR - CHICAGO MERCANTILE EXCHANGE,210112,2021-01-12,112741,CME ,00,112 ,   44757,    2765,   18607,       6,   16580,    5934,     230,   17492,   15133,     506,     908,    1582,       6,   38493,   42004,    6264,    2753,   -2437,    -261,     646,       5,   -1354,     -94,     -79,    1374,   -3027,     147,   -1435,     104,       0,   -1603,   -2298,    -834,    -139,  100.0,    6.2,   41.6,    0.0,   37.0,   13.3,    0.5,   39.1,   33.8,    1.1,    2.0,    3.5,    0.0,   86.0,   93.8,   14.0,    6.2,     87,.,      6,.,     18,      6,      4,     31,     14,      4,      4,      5,.,     60,     37,    25.4,    65.0,    39.5,    80.0,    25.2,    64.6,    39.2,    79.6,"(CONTRACTS OF NZD 100,000)",112741,CME ,112 ,F15,FutOnly
NEW ZEALAND DOLLAR - CHICAGO MERCANTILE EXCHANGE,210105,2021-01-05,112741,CME ,00,112 ,   47194,    3026,   17961,       1,   17934,    6028,     309,   16118,   18160,     359,    2343,    1478,       6,   40096,   44302,    7098,    2892,    -721,    -419,     103,       1,    -401,    -767,     -95,   -1044,     -46,      39,     387,      18,       0,   -1532,    -747,     811,      26,  100.0,    6.4,   38.1,    0.0,   38.0,   12.8,    0.7,   34.2,   38.5,    0.8,    5.0,    3.1,    0.0,   85.0,   93.9,   15.0,    6.1,     81,.,      4,.,     18,      6,      4,     27,     14,      6,      5,      4,.,     58,     35,    23.8,    61.1,    36.8,    77.5,    23.2,    60.7,    36.2,    77.1,"(CONTRACTS OF NZD 100,000)",112741,CME ,112 ,F15,FutOnly
