CANADIAN DOLLAR - CHICAGO MERCANTILE EXCHANGE,221227,2022-12-27,090741,CME ,00,090 ,  140544,   38857,    5152,     645,   29863,   56104,    5510,   16329,   35658,    4264,   14297,    4039,     504,  110269,  111876,   30275,   28668,  -40313,    1179,  -10386,  -18570,    1741,   -7683,      87,  -19415,    1957,    -448,    -380,   -3131,     -14,  -35820,  -38188,   -4493,   -2125,  100.0,   27.6,    3.7,    0.5,   21.2,   39.9,    3.9,   11.6,   25.4,    3.0,   10.2,    2.9,    0.4,   78.5,   79.6,   21.5,   20.4,    108,     12,.,.,     12,     23,     10,     11,     33,     11,     11,.,.,     60,     71,    27.2,    20.6,    42.2,    31.5,    27.2,    20.6,    40.9,    31.2,"(CONTRACTS OF CAD 100,000)",090741,CME ,090 ,F10,FutOnly
CANADIAN DOLLAR - CHICAGO MERCANTILE EXCHANGE,221220,2022-12-20,090741,CME ,00,090 ,  180857,   37678,   15538,   19215,   28122,   63787,    5423,   35744,   33701,    4712,   14677,    7170,     518,  146089,  150064,   34768,   30793,   11424,    -745,     -21,    3093,     975,    4451,    -292,    8218,    5274,   -1885,    -618,    -223,      -1,    8745,   10396,    2679,    1028,  100.0,   20.8,    8.6,   10.6,   15.5,   35.3,    3.0,   19.8,   18.6,    2.6,    8.1,    4.0,    0.3,   80.8,   83.0,   19.2,   17.0,    110,     10,      5,      5,     11,     24,     11,     14,     29,     11,     12,      5,.,     63,     75,    23.0,    22.7,    38.0,    35.3,    23.0,    17.5,    33.3,    27.9,"(CONTRACTS OF CAD 100,000)",090741,CME ,090 ,F10,FutOnly
CANADIAN DOLLAR - CHICAGO MERCANTILE EXCHANGE,221213,2022-12-13,090741,CME ,00,090 ,  169433,   38423,   15559,   16122,   27147,   59336,    5715,   27526,   28427,    6597,   15295,    7393,     519,  137344,  139668,   32089,   29765,   20542,    4982,    1680,   13819,    -794,    6978,     417,    1525,    2028,   -1391,     674,   -1160,     205,   19437,   22576,    1105,   -2034,  100.0,   22.7,    9.2,    9.5,   16.0,   35.0,    3.4,   16.2,   16.8,    3.9,    9.0,    4.4,    0.3,   81.1,   82.4,   18.9,   17.6,    111,     10,      5,      7,     12,     22,     10,     16,     28,     13,     13,      5,.,     67,     76,    23.5,    22.0,    35.4,    33.4,    22.6,    18.4,    32.7,    28.0,"(CONTRACTS OF CAD 100,000)",090741,CME ,090 ,F10,FutOnly
CANADIAN DOLLAR - CHICAGO MERCANTILE EXCHANGE,221206,2022-12-06,090741,CME ,00,090 ,  148891,   33441,   13879,    2303,   27941,   52358,    5298,   26001,   26399,    7988,   14621,    8553,     314,  117907,  117092,   30984,   31799,   12237,   12340,   -1435,     895,   -9288,   11472,    -605,    4970,   -4336,    5616,     433,    -226,     267,   14628,   11648,   -2391,     589,  100.0,   22.5,    9.3,    1.5,   18.8,   35.2,    3.6,   17.5,   17.7,    5.4,    9.8,    5.7,    0.2,   79.2,   78.6,   20.8,   21.4,    108,     11,      4,      4,     10,     24,      7,     18,     25,     17,     11,      5,      4,     61,     79,    27.0,    18.9,    40.7,    29.7,    26.4,    18.5,    37.1,    29.0,"(CONTRACTS OF CAD 100,000)",090741,CME ,090 ,F10,FutOnly
CANADIAN DOLLAR - CHICAGO MERCANTILE EXCHANGE,221129,2022-11-29,090741,CME ,00,090 ,  136654,   21101,   15314,    1408,   37229,   40886,    5903,   21031,   30735,    2372,   14188,    8779,      47,  103279,  105444,   33375,   31210,    1753,   -1188,     402,      55,   -5934,    -457,     273,    6525,    2472,    -409,    -531,    -388,       0,   -1209,    1948,    2962,    -195,  100.0,   15.4,   11.2,    1.0,   27.2,   29.9,    4.3,   15.4,   22.5,    1.7,   10.4,    6.4,    0.0,   75.6,   77.2,   24.4,   22.8,    109,     10,      5,.,     13,     19,      7,     18,     28,     13,     11,      5,.,     64,     69,    22.1,    18.8,    35.6,    28.6,    21.7,    18.8,    33.8,    27.9,"(CONTRACTS OF CAD 100,000)",090741,CME ,090 ,F10,FutOnly
CANADIAN DOLLAR - CHICAGO MERCANTILE EXCHANGE,221122,2022-11-22,090741,CME ,00,090 ,  134901,   22289,   14912,    1353,   43163,   41343,    5630,   14506,   28263,    2781,   14719,    9167,      47,  104488,  103496,   30413,   31405,   -4852,   -3916,    -760,      53,    -943,   -3537,     -60,    -318,   -1801,     817,    -420,     818,       0,   -4787,   -4470,     -65,    -382,  100.0,   16.5,   11.1,    1.0,   32.0,   30.6,    4.2,   10.8,   21.0,    2.1,   10.9,    6.8,    0.0,   77.5,   76.7,   22.5,   23.3,     99,     10,      4,.,     11,     19,      5,     16,     24,     14,     12,.,.,     58,     64,    28.2,    19.9,    40.9,    30.2,    27.4,    19.9,    38.9,    29.5,"(CONTRACTS OF CAD 100,000)",090741,CME ,090 ,F10,FutOnly
CANADIAN DOLLAR - CHICAGO MERCANTILE EXCHANGE,221115,2022-11-15,090741,CME ,00,090 ,  139753,   26205,   15672,    1300,   44106,   44880,    5690,   14824,   30064,    1964,   15139,    8349,      47,  109275,  107966,   30478,   31787,   -7802,   -4666,    1062,      -9,    -795,   -2033,      16,   -2103,   -7867,    -285,     -68,    -637,       0,   -7910,   -9753,     108,    1951,  100.0,   18.8,   11.2,    0.9,   31.6,   32.1,    4.1,   10.6,   21.5,    1.4,   10.8,    6.0,    0.0,   78.2,   77.3,   21.8,   22.7,    106,     10,      5,.,     12,     24,      5,     15,     25,     10,     12,.,.,     57,     68,    29.4,    17.7,    41.5,    28.6,    28.9,    17.7,    39.7,    28.0,"(CONTRACTS OF CAD 100,000)",090741,CME ,090 ,F10,FutOnly
CANADIAN DOLLAR - CHICAGO MERCANTILE EXCHANGE,221108,2022-11-08,090741,CME ,00,090 ,  147555,   30871,   14610,    1309,   44901,   46913,    5674,   16927,   37931,    2249,   15207,    8986,      47,  117185,  117719,   30370,   29836,     385,    2185,    -715,      -6,    -987,    1351,    -131,     692,    3093,    -928,    1240,    1561,    -838,    1227,    3387,    -842,   -3002,  100.0,   20.9,    9.9,    0.9,   30.4,   31.8,    3.8,   11.5,   25.7,    1.5,   10.3,    6.1,    0.0,   79.4,   79.8,   20.6,   20.2,    115,     10,      4,.,     14,     24,      5,     17,     28,     13,     13,      5,.,     63,     74,    31.0,    19.9,    42.3,    30.6,    30.6,    19.9,    40.6,    30.3,"(CONTRACTS OF CAD 100,000)",090741,CME ,090 ,F10,FutOnly
CANADIAN DOLLAR - CHICAGO MERCANTILE EXCHANGE,221101,2022-11-01,090741,CME ,00,090 ,  147170,   28686,   15325,    1315,   45888,   45562,    5805,   16235,   34838,    3177,   13967,    7425,     885,  115958,  114332,   31212,   32838,    3753,    1493,    -995,      90,    1695,    1093,    -237,     693,    2593,     376,     -69,    -607,    -377,    3664,    1936,      89,    1817,  100.0,   19.5,   10.4,    0.9,   31.2,   31.0,    3.9,   11.0,   23.7,    2.2,    9.5,    5.0,    0.6,   78.8,   77.7,   21.2,   22.3,    111,     11,      5,.,     14,     25,      5,     15,     27,     11,     11,.,.,     59,     73,    31.0,    18.0,    42.4,    28.3,    30.7,    18.0,    40.4,    27.8,"(CONTRACTS OF CAD 100,000)",090741,CME ,090 ,F10,FutOnly
CANADIAN DOLLAR - CHICAGO MERCANTILE EXCHANGE,221025,2022-10-25,090741,CME ,00,090 ,  143417,   27193,   16320,    1225,   44193,   44469,    6042,   15542,   32245,    2801,   14036,    8032,    1262,  112294,  112396,   31123,   31021,   -3008,   -1479,    1841,     156,   -1130,    1115,     133,   -1417,   -3742,    -111,    -510,     882,    -265,   -4623,       9,    1615,   -3017,  100.0,   19.0,   11.4,    0.9,   30.8,   31.0,    4.2,   10.8,   22.5,    2.0,    9.8,    5.6,    0.9,   78.3,   78.4,   21.7,   21.6,    111,     10,      6,.,     13,     25,      8,     16,     25,     10,     13,.,.,     61,     73,    29.8,    19.9,    41.6,    30.7,    29.5,    19.9,    39.8,    30.2,"(CONTRACTS OF CAD 100,000)",090741,CME ,090 ,F10,FutOnly
CANADIAN DOLLAR - CHICAGO MERCANTILE EXCHANGE,221018,2022-10-18,090741,CME ,00,090 ,  146425,   28672,   14479,    1069,   45323,   43354,    5909,   16959,   35987,    2912,   14546,    7150,    1527,  116917,  112387,   29508,   34038,    2425,     320,    -517,      -7,    3758,    3453,    -254,      37,   -2388,     211,     157,     888,    -169,    4053,    1217,   -1628,    1208,  100.0,   19.6,    9.9,    0.7,   31.0,   29.6,    4.0,   11.6,   24.6,    2.0,    9.9,    4.9,    1.0,   79.8,   76.8,   20.2,   23.2,    110,     11,      5,.,     15,     20,      8,     14,     28,     12,     14,.,.,     64,     71,    29.1,    20.6,    42.0,    31.2,    28.7,    20.6,    40.2,    30.7,"(CONTRACTS OF CAD 100,000)",090741,CME ,090 ,F10,FutOnly
CANADIAN DOLLAR - CHICAGO MERCANTILE EXCHANGE,221011,2022-10-11,090741,CME ,00,090 ,  144000,   28352,   14996,    1076,   41565,   39901,    6163,   16922,   38375,    2701,   14389,    6262,    1696,  112864,  111170,   31136,   32830,    2201,    9004,    1030,     744,   -3576,   -2643,    -896,   -2193,     136,     488,     619,     177,    -124,    4066,   -1088,   -1865,    3289,  100.0,   19.7,   10.4,    0.7,   28.9,   27.7,    4.3,   11.8,   26.6,    1.9,   10.0,    4.3,    1.2,   78.4,   77.2,   21.6,   22.8,    110,     11,      5,.,     14,     20,      8,     14,     29,     12,     14,.,.,     62,     73,    26.5,    19.0,    39.0,    30.3,    26.1,    19.0,    37.2,    29.7,"(CONTRACTS OF CAD 100,000)",090741,CME ,090 ,F10,FutOnly
CANADIAN DOLLAR - CHICAGO MERCANTILE EXCHANGE,221004,2022-10-04,090741,CME ,00,090 ,  141799,   19348,   13966,     332,   45141,   42544,    7059,   19115,   38239,    2213,   13770,    6085,    1820,  108798,  112258,   33001,   29541,     910,   -3252,      27,     171,    1834,    2450,     573,    -754,    1335,     192,    -942,     575,      65,   -2113,    5388,    3023,   -4478,  100.0,   13.6,    9.8,    0.2,   31.8,   30.0,    5.0,   13.5,   27.0,    1.6,    9.7,    4.3,    1.3,   76.7,   79.2,   23.3,   20.8,    115,      9,      6,.,     15,     20,      9,     18,     31,     13,     13,.,.,     67,     74,    23.5,    19.4,    34.8,    31.4,    22.5,    19.4,    33.2,    31.0,"(CONTRACTS OF CAD 100,000)",090741,CME ,090 ,F10,FutOnly
CANADIAN DOLLAR - CHICAGO MERCANTILE EXCHANGE,220927,2022-09-27,090741,CME ,00,090 ,  140889,   22600,   13939,     161,   43307,   40094,    6486,   19869,   36904,    2021,   14712,    5510,    1755,  110911,  106870,   29978,   34019,  -19425,    9208,  -12875,  -10167,     -49,    1237,     -74,  -11905,    6483,   -1635,    -875,     441,      69,  -15428,  -16521,   -3997,   -2904,  100.0,   16.0,    9.9,    0.1,   30.7,   28.5,    4.6,   14.1,   26.2,    1.4,   10.4,    3.9,    1.2,   78.7,   75.9,   21.3,   24.1,    114,      9,      6,.,     12,     22,      7,     20,     27,      9,     15,.,.,     62,     71,    23.6,    19.4,    35.8,    30.4,    23.6,    19.4,    34.6,    29.5,"(CONTRACTS OF CAD 100,000)",090741,CME ,090 ,F10,FutOnly
CANADIAN DOLLAR - CHICAGO MERCANTILE EXCHANGE,220920,2022-09-20,090741,CME ,00,090 ,  160314,   13392,   26814,   10328,   43356,   38857,    6560,   31774,   30421,    3656,   15587,    5069,    1686,  126339,  123391,   33975,   36923,   10758,    1215,   -7164,    -158,     143,    7206,      65,    5903,    2573,    -285,     545,    1192,     288,    7716,    3717,    3042,    7041,  100.0,    8.4,   16.7,    6.4,   27.0,   24.2,    4.1,   19.8,   19.0,    2.3,    9.7,    3.2,    1.1,   78.8,   77.0,   21.2,   23.0,    114,     12,.,      6,     12,     22,      7,     20,     25,     12,     15,      5,.,     68,     73,    18.2,    26.4,    30.3,    37.8,    17.4,    25.0,    28.2,    34.5,"(CONTRACTS OF CAD 100,000)",090741,CME ,090 ,F10,FutOnly
CANADIAN DOLLAR - CHICAGO MERCANTILE EXCHANGE,220913,2022-09-13,090741,CME ,00,090 ,  149556,   12177,   33978,   10486,   43213,   31651,    6495,   25871,   27848,    3941,   15042,    3877,    1398,  118623,  119674,   30933,   29882,  -11011,    -279,   -6984,    3939,   -4178,    1853,     291,   -7106,   -6081,   -3877,    2021,    1715,     284,   -8905,   -8860,   -2106,   -2151,  100.0,    8.1,   22.7,    7.0,   28.9,   21.2,    4.3,   17.3,   18.6,    2.6,   10.1,    2.6,    0.9,   79.3,   80.0,   20.7,   20.0,    102,     10,      4,      6,     11,     19,      7,     18,     21,     16,     14,      4,.,     67,     66,    20.3,    31.6,    32.1,    42.7,    20.3,    28.8,    31.0,    38.7,"(CONTRACTS OF CAD 100,000)",090741,CME ,090 ,F10,FutOnly
CANADIAN DOLLAR - CHICAGO MERCANTILE EXCHANGE,220906,2022-09-06,090741,CME ,00,090 ,  160567,   12456,   40962,    6547,   47391,   29798,    6204,   32977,   33929,    7818,   13021,    2162,    1114,  127528,  128534,   33039,   32033,    2402,    2982,   -8071,    3805,     619,    -249,     142,   -4010,    3687,     725,    -358,      12,     458,    4363,     509,   -1961,    1893,  100.0,    7.8,   25.5,    4.1,   29.5,   18.6,    3.9,   20.5,   21.1,    4.9,    8.1,    1.3,    0.7,   79.4,   80.0,   20.6,   19.9,     97,     12,      5,      5,     13,     19,      8,     15,     20,     10,     11,.,.,     60,     62,    22.1,    31.0,    34.1,    42.7,    22.0,    30.1,    33.4,    41.6,"(CONTRACTS OF CAD 100,000)",090741,CME ,090 ,F10,FutOnly
CANADIAN DOLLAR - CHICAGO MERCANTILE EXCHANGE,220830,2022-08-30,090741,CME ,00,090 ,  158165,    9474,   49033,    2742,   46772,   30047,    6062,   36987,   30242,    7093,   13379,    2150,     656,  123165,  128025,   35000,   30140,    5480,    -212,   -6401,    2402,    -703,    5064,    1034,    3870,    1196,   -1659,    -413,    1087,     357,    4676,    3080,     804,    2400,  100.0,    6.0,   31.0,    1.7,   29.6,   19.0,    3.8,   23.4,   19.1,    4.5,    8.5,    1.4,    0.4,   77.9,   80.9,   22.1,   19.1,     94,      8,      5,.,     14,     16,      9,     19,     19,     14,     11,.,.,     61,     60,    22.7,    33.3,    36.0,    45.4,    22.7,    33.3,    34.2,    44.3,"(CONTRACTS OF CAD 100,000)",090741,CME ,090 ,F10,FutOnly
CANADIAN DOLLAR - CHICAGO MERCANTILE EXCHANGE,220823,2022-08-23,090741,CME ,00,090 ,  152685,    9686,   55434,     340,   47475,   24983,    5028,   33117,   29046,    8752,   13792,    1063,     299,  118489,  124945,   34196,   27740,    5089,    1555,   -3457,      -4,    -957,    2527,     466,    1356,    3894,     660,     810,     994,     136,    4022,    5216,    1067,    -127,  100.0,    6.3,   36.3,    0.2,   31.1,   16.4,    3.3,   21.7,   19.0,    5.7,    9.0,    0.7,    0.2,   77.6,   81.8,   22.4,   18.2,     94,      8,      5,.,     14,     14,      7,     16,     24,     11,     12,.,.,     59,     56,    23.1,    38.9,    37.5,    51.8,    23.1,    38.9,    35.6,    49.4,"(CONTRACTS OF CAD 100,000)",090741,CME ,090 ,F10,FutOnly
CANADIAN DOLLAR - CHICAGO MERCANTILE EXCHANGE,220816,2022-08-16,090741,CME ,00,090 ,  147596,    8131,   58891,     344,   48432,   22456,    4562,   31761,   25152,    8092,   12982,      69,     163,  114467,  119729,   33129,   27867,    3950,    -427,    7617,       4,    -262,   -6496,     265,    5036,   -1280,    1549,   -1179,      69,    -357,    4629,    1371,    -679,    2579,  100.0,    5.5,   39.9,    0.2,   32.8,   15.2,    3.1,   21.5,   17.0,    5.5,    8.8,    0.0,    0.1,   77.6,   81.1,   22.4,   18.9,     89,      8,      5,.,     16,     14,      5,     18,     17,     12,     10,.,.,     59,     50,    24.3,    41.5,    37.5,    54.5,    24.3,    41.5,    35.6,    53.4,"(CONTRACTS OF CAD 100,000)",090741,CME ,090 ,F10,FutOnly
CANADIAN DOLLAR - CHICAGO MERCANTILE EXCHANGE,220809,2022-08-09,090741,CME ,00,090 ,  143646,    8558,   51274,     340,   48694,   28952,    4297,   26725,   26432,    6543,   14161,       0,     520,  109838,  118358,   33808,   25288,   -2268,    -172,    1201,       0,    1028,     603,    -802,    -328,   -3091,     -24,    -612,    -407,     227,    -683,   -2293,   -1585,      25,  100.0,    6.0,   35.7,    0.2,   33.9,   20.2,    3.0,   18.6,   18.4,    4.6,    9.9,    0.0,    0.4,   76.5,   82.4,   23.5,   17.6,     91,      7,      7,.,     15,     16,      4,     17,     18,     13,     11,      0,.,     58,     53,    22.6,    37.9,    37.0,    50.6,    22.6,    37.9,    34.9,    50.4,"(CONTRACTS OF CAD 100,000)",090741,CME ,090 ,F10,FutOnly
CANADIAN DOLLAR - CHICAGO MERCANTILE EXCHANGE,220802,2022-08-02,090741,CME ,00,090 ,  145914,    8730,   50073,     340,   47666,   28349,    5099,   27053,   29523,    6567,   14773,     407,     293,  110521,  120651,   35393,   25263,    1732,    -350,    9672,       0,    1786,   -5442,    -464,     563,    -816,     341,   -1880,     407,     133,     129,    3831,    1603,   -2099,  100.0,    6.0,   34.3,    0.2,   32.7,   19.4,    3.5,   18.5,   20.2,    4.5,   10.1,    0.3,    0.2,   75.7,   82.7,   24.3,   17.3,     92,      8,      7,.,     14,     15,      4,     16,     20,     13,     11,.,.,     56,     56,    21.4,    38.0,    34.9,    50.9,    20.9,    38.0,    32.8,    49.8,"(CONTRACTS OF CAD 100,000)",090741,CME ,090 ,F10,FutOnly
CANADIAN DOLLAR - CHICAGO MERCANTILE EXCHANGE,220726,2022-07-26,090741,CME ,00,090 ,  144182,    9080,   40401,     340,   45880,   33791,    5563,   26490,   30339,    6226,   16653,       0,     160,  110392,  116820,   33790,   27362,    1966,   -4793,   13674,       0,    2217,   -5609,      36,    3413,   -4218,     -98,   -1339,       0,     131,    -433,    3916,    2399,   -1950,  100.0,    6.3,   28.0,    0.2,   31.8,   23.4,    3.9,   18.4,   21.0,    4.3,   11.5,    0.0,    0.1,   76.6,   81.0,   23.4,   19.0,     95,      8,      5,.,     14,     16,      4,     18,     21,     13,     13,      0,.,     62,     53,    21.0,    35.0,    32.9,    49.0,    20.1,    35.0,    30.5,    46.9,"(CONTRACTS OF CAD 100,000)",090741,CME ,090 ,F10,FutOnly
CANADIAN DOLLAR - CHICAGO MERCANTILE EXCHANGE,220719,2022-07-19,090741,CME ,00,090 ,  142216,   13873,   26727,     340,   43663,   39400,    5527,   23077,   34557,    6324,   17992,       0,      29,  110825,  112904,   31391,   29312,    2919,    1603,    4926,       0,    4711,   -1930,      28,   -2761,     644,     630,    -844,       0,      -5,    3362,    4293,    -443,   -1374,  100.0,    9.8,   18.8,    0.2,   30.7,   27.7,    3.9,   16.2,   24.3,    4.4,   12.7,    0.0,    0.0,   77.9,   79.4,   22.1,   20.6,    102,      9,      5,.,     13,     17,      4,     17,     26,     13,     14,      0,.,     63,     59,    20.8,    25.7,    33.5,    39.8,    20.1,    25.7,    31.3,    38.0,"(CONTRACTS OF CAD 100,000)",090741,CME ,090 ,F10,FutOnly
CANADIAN DOLLAR - CHICAGO MERCANTILE EXCHANGE,220712,2022-07-12,090741,CME ,00,090 ,  139297,   12270,   21801,     340,   38952,   41330,    5499,   25838,   33913,    5694,   18836,       0,      34,  107463,  108611,   31834,   30686,   -6075,      90,   -3815,       0,    -490,    3257,    -201,   -6212,   -5220,    -566,     -74,       0,       4,   -7449,   -6541,    1374,     466,  100.0,    8.8,   15.7,    0.2,   28.0,   29.7,    3.9,   18.5,   24.3,    4.1,   13.5,    0.0,    0.0,   77.1,   78.0,   22.9,   22.0,    100,      8,      6,.,     13,     17,      6,     18,     22,     12,     15,      0,.,     64,     57,    19.7,    22.6,    33.5,    37.6,    19.3,    22.6,    31.5,    37.0,"(CONTRACTS OF CAD 100,000)",090741,CME ,090 ,F10,FutOnly
CANADIAN DOLLAR - CHICAGO MERCANTILE EXCHANGE,220705,2022-07-05,090741,CME ,00,090 ,  145372,   12180,   25616,     340,   39442,   38073,    5700,   32050,   39133,    6260,   18910,       0,      30,  114912,  115152,   30460,   30220,    2788,    4827,   -7473,      -1,   -3643,    7483,     314,     439,   -1525,     157,    -228,       0,       0,    1865,   -1045,     923,    3833,  100.0,    8.4,   17.6,    0.2,   27.1,   26.2,    3.9,   22.0,   26.9,    4.3,   13.0,    0.0,    0.0,   79.0,   79.2,   21.0,   20.8,    110,      8,      6,.,     13,     20,      8,     20,     28,     14,     14,      0,.,     65,     70,    19.5,    22.0,    33.0,    36.2,    19.1,    22.0,    31.1,    35.5,"(CONTRACTS OF CAD 100,000)",090741,CME ,090 ,F10,FutOnly
CANADIAN DOLLAR - CHICAGO MERCANTILE EXCHANGE,220628,2022-06-28,090741,CME ,00,090 ,  142584,    7353,   33089,     341,   43085,   30590,    5386,   31611,   40658,    6103,   19138,       0,      30,  113047,  116197,   29537,   26387,    2537,    2346,   -1339,       1,   -2677,    3079,      65,    3292,    1224,      54,   -1094,    -420,      24,    2011,    2688,     526,    -151,  100.0,    5.2,   23.2,    0.2,   30.2,   21.5,    3.8,   22.2,   28.5,    4.3,   13.4,    0.0,    0.0,   79.3,   81.5,   20.7,   18.5,    109,      6,      7,.,     17,     17,      6,     18,     28,     14,     15,      0,.,     67,     65,    18.5,    27.6,    30.5,    41.1,    17.6,    27.5,    28.8,    39.5,"(CONTRACTS OF CAD 100,000)",090741,CME ,090 ,F10,FutOnly
CANADIAN DOLLAR - CHICAGO MERCANTILE EXCHANGE,220621,2022-06-21,090741,CME ,00,090 ,  140047,    5007,   34428,     340,   45762,   27511,    5321,   28319,   39434,    6049,   20232,     420,       6,  111036,  113509,   29011,   26538,  -35172,     899,  -34331,  -12183,   -2466,   12686,     -88,  -12201,    3594,   -8697,     -79,    -405,     -11,  -34826,  -39435,    -346,    4263,  100.0,    3.6,   24.6,    0.2,   32.7,   19.6,    3.8,   20.2,   28.2,    4.3,   14.4,    0.3,    0.0,   79.3,   81.1,   20.7,   18.9,    109,      7,      6,.,     17,     16,      5,     19,     26,     15,     16,.,.,     68,     63,    20.0,    29.9,    33.0,    44.0,    19.1,    29.9,    30.9,    43.1,"(CONTRACTS OF CAD 100,000)",090741,CME ,090 ,F10,FutOnly
CANADIAN DOLLAR - CHICAGO MERCANTILE EXCHANGE,220614,2022-06-14,090741,CME ,00,090 ,  175219,    4108,   68759,   12523,   48228,   14825,    5409,   40520,   35840,   14746,   20311,     825,      17,  145862,  152944,   29357,   22275,    7846,    2451,   15561,   -5968,   -2261,    3066,     -77,   18743,   -7212,    3159,     -96,      41,       1,   15952,    8571,   -8106,    -725,  100.0,    2.3,   39.2,    7.1,   27.5,    8.5,    3.1,   23.1,   20.5,    8.4,   11.6,    0.5,    0.0,   83.2,   87.3,   16.8,   12.7,    105,      4,     10,      8,     19,     13,      5,     18,     23,     20,     16,.,.,     75,     65,    24.8,    42.3,    37.7,    52.5,    21.0,    38.1,    31.7,    46.1,"(CONTRACTS OF CAD 100,000)",090741,CME ,090 ,F10,FutOnly
CANADIAN DOLLAR - CHICAGO MERCANTILE EXCHANGE,220607,2022-06-07,090741,CME ,00,090 ,  167373,    1657,   53198,   18491,   50489,   11759,    5486,   21777,   43052,   11587,   20407,     784,      16,  129910,  144373,   37463,   23000,   31444,   -2925,   17545,   17569,    4457,  -14132,    -699,    3813,    9488,    4217,     503,      76,    -294,   26641,   33770,    4803,   -2326,  100.0,    1.0,   31.8,   11.0,   30.2,    7.0,    3.3,   13.0,   25.7,    6.9,   12.2,    0.5,    0.0,   77.6,   86.3,   22.4,   13.7,    106,.,     10,      6,     21,      8,      6,     20,     26,     17,     16,.,.,     76,     60,    20.6,    36.7,    33.2,    49.2,    15.5,    30.5,    24.4,    40.6,"(CONTRACTS OF CAD 100,000)",090741,CME ,090 ,F10,FutOnly
CANADIAN DOLLAR - CHICAGO MERCANTILE EXCHANGE,220531,2022-05-31,090741,CME ,00,090 ,  135929,    4582,   35653,     922,   46032,   25891,    6185,   17964,   33564,    7370,   19904,     708,     310,  103269,  110603,   32660,   25326,   -2579,   -4640,    4205,    -557,    2109,  -10087,      72,    1153,    4621,     190,   -1470,      -7,     -48,   -3191,   -1611,     612,    -968,  100.0,    3.4,   26.2,    0.7,   33.9,   19.0,    4.6,   13.2,   24.7,    5.4,   14.6,    0.5,    0.2,   76.0,   81.4,   24.0,   18.6,    106,      5,      9,      5,     20,     13,      8,     16,     26,     16,     14,.,.,     71,     65,    18.7,    29.3,    30.8,    41.8,    18.1,    29.0,    29.1,    39.9,"(CONTRACTS OF CAD 100,000)",090741,CME ,090 ,F10,FutOnly
CANADIAN DOLLAR - CHICAGO MERCANTILE EXCHANGE,220524,2022-05-24,090741,CME ,00,090 ,  138508,    9222,   31448,    1479,   43923,   35978,    6113,   16811,   28943,    7180,   21374,     715,     358,  106460,  112214,   32048,   26294,  -13077,   -4203,    1418,     619,    1054,   -4475,      26,   -7916,   -4603,   -3164,    -312,     132,      -1,  -13897,  -10048,     820,   -3029,  100.0,    6.7,   22.7,    1.1,   31.7,   26.0,    4.4,   12.1,   20.9,    5.2,   15.4,    0.5,    0.3,   76.9,   81.0,   23.1,   19.0,    108,      7,      8,      5,     19,     16,      8,     15,     25,     15,     15,.,.,     72,     66,    19.7,    30.2,    32.6,    42.4,    19.1,    30.2,    31.2,    40.2,"(CONTRACTS OF CAD 100,000)",090741,CME ,090 ,F10,FutOnly
CANADIAN DOLLAR - CHICAGO MERCANTILE EXCHANGE,220517,2022-05-17,090741,CME ,00,090 ,  151585,   13425,   30030,     860,   42869,   40453,    6087,   24727,   33546,   10344,   21686,     583,     359,  120357,  122262,   31228,   29323,     576,    4449,   -6730,     394,    2705,    5507,     -14,   -6152,    2035,     439,     403,      30,       4,    2228,    1665,   -1652,   -1089,  100.0,    8.9,   19.8,    0.6,   28.3,   26.7,    4.0,   16.3,   22.1,    6.8,   14.3,    0.4,    0.2,   79.4,   80.7,   20.6,   19.3,    109,      8,      7,      5,     18,     16,      7,     19,     23,     14,     15,.,.,     70,     66,    18.0,    30.3,    30.6,    41.3,    17.7,    30.3,    29.4,    39.6,"(CONTRACTS OF CAD 100,000)",090741,CME ,090 ,F10,FutOnly
CANADIAN DOLLAR - CHICAGO MERCANTILE EXCHANGE,220510,2022-05-10,090741,CME ,00,090 ,  151009,    8976,   36760,     466,   40164,   34946,    6101,   30879,   31511,    9905,   21283,     553,     355,  118129,  120597,   32880,   30412,   -1770,     -74,   -8839,     159,    2631,    1347,    -136,   -6642,    2302,     768,     382,      25,     355,   -2557,   -4019,     787,    2249,  100.0,    5.9,   24.3,    0.3,   26.6,   23.1,    4.0,   20.4,   20.9,    6.6,   14.1,    0.4,    0.2,   78.2,   79.9,   21.8,   20.1,    112,      7,      8,      4,     17,     17,      8,     23,     24,     17,     14,.,.,     72,     70,    17.7,    27.1,    29.6,    38.9,    17.3,    27.1,    28.4,    37.7,"(CONTRACTS OF CAD 100,000)",090741,CME ,090 ,F10,FutOnly
CANADIAN DOLLAR - CHICAGO MERCANTILE EXCHANGE,220503,2022-05-03,090741,CME ,00,090 ,  152779,    9050,   45599,     307,   37533,   33599,    6237,   37521,   29209,    9137,   20901,     528,       0,  120686,  124616,   32093,   28163,   -2583,    3565,  -23432,       0,   -2652,   15211,     341,   -3397,     892,     282,     767,     -58,    -714,   -1808,   -7478,    -775,    4895,  100.0,    5.9,   29.8,    0.2,   24.6,   22.0,    4.1,   24.6,   19.1,    6.0,   13.7,    0.3,    0.0,   79.0,   81.6,   21.0,   18.4,    109,      7,      8,.,     17,     17,      7,     23,     22,     17,     13,.,      0,     71,     65,    18.1,    28.1,    29.9,    40.4,    18.0,    28.1,    28.6,    39.6,"(CONTRACTS OF CAD 100,000)",090741,CME ,090 ,F10,FutOnly
CANADIAN DOLLAR - CHICAGO MERCANTILE EXCHANGE,220426,2022-04-26,090741,CME ,00,090 ,  155362,    5485,   69031,     307,   40185,   18388,    5896,   40918,   28317,    8855,   20134,     586,     714,  122494,  132094,   32868,   23268,    2060,    1315,  -14434,     -48,   -8884,    8479,     129,   11931,    2050,    1738,     798,     553,      -3,    6976,   -1536,   -4916,    3596,  100.0,    3.5,   44.4,    0.2,   25.9,   11.8,    3.8,   26.3,   18.2,    5.7,   13.0,    0.4,    0.5,   78.8,   85.0,   21.2,   15.0,    111,      8,      7,.,     18,     14,      6,     29,     19,     19,     13,.,.,     76,     64,    18.3,    40.0,    30.3,    51.3,    18.3,    40.0,    28.7,    50.3,"(CONTRACTS OF CAD 100,000)",090741,CME ,090 ,F10,FutOnly
CANADIAN DOLLAR - CHICAGO MERCANTILE EXCHANGE,220419,2022-04-19,090741,CME ,00,090 ,  153302,    4170,   83465,     355,   49069,    9909,    5767,   28987,   26267,    7117,   19336,      33,     717,  115518,  133630,   37784,   19672,   -2088,     -63,   -2928,       0,   -8784,     835,     307,    6212,   -2627,     508,    1115,      20,    -371,   -1076,   -4256,   -1012,    2168,  100.0,    2.7,   54.4,    0.2,   32.0,    6.5,    3.8,   18.9,   17.1,    4.6,   12.6,    0.0,    0.5,   75.4,   87.2,   24.6,   12.8,    107,      7,      9,.,     21,     10,      7,     27,     19,     16,     12,.,.,     77,     56,    18.2,    47.5,    29.2,    58.4,    18.2,    47.2,    28.1,    57.4,"(CONTRACTS OF CAD 100,000)",090741,CME ,090 ,F10,FutOnly
CANADIAN DOLLAR - CHICAGO MERCANTILE EXCHANGE,220412,2022-04-12,090741,CME ,00,090 ,  155390,    4233,   86393,     355,   57853,    9074,    5460,   22775,   28894,    6609,   18221,      13,    1088,  116594,  137886,   38796,   17504,   -2172,    -166,    2686,       0,    -547,     475,    -263,    -208,   -4931,     653,     763,    -587,    -294,     -62,   -2261,   -2110,      89,  100.0,    2.7,   55.6,    0.2,   37.2,    5.8,    3.5,   14.7,   18.6,    4.3,   11.7,    0.0,    0.7,   75.0,   88.7,   25.0,   11.3,    105,      8,      8,.,     24,      9,      6,     21,     21,     18,     12,.,.,     78,     54,    18.5,    48.6,    30.4,    59.6,    18.5,    48.6,    29.3,    59.1,"(CONTRACTS OF CAD 100,000)",090741,CME ,090 ,F10,FutOnly
CANADIAN DOLLAR - CHICAGO MERCANTILE EXCHANGE,220405,2022-04-05,090741,CME ,00,090 ,  157562,    4399,   83707,     355,   58400,    8599,    5723,   22983,   33825,    5956,   17458,     600,    1382,  116656,  140147,   40906,   17415,   10141,     747,   18510,       0,    4885,   -1884,     364,    -112,   -4776,    -161,     492,     600,    -209,    6006,   12444,    4135,   -2303,  100.0,    2.8,   53.1,    0.2,   37.1,    5.5,    3.6,   14.6,   21.5,    3.8,   11.1,    0.4,    0.9,   74.0,   88.9,   26.0,   11.1,    103,      6,      8,.,     24,      8,      6,     19,     22,     17,     13,.,.,     75,     54,    19.2,    47.0,    31.2,    58.8,    19.2,    47.0,    30.2,    58.4,"(CONTRACTS OF CAD 100,000)",090741,CME ,090 ,F10,FutOnly
CANADIAN DOLLAR - CHICAGO MERCANTILE EXCHANGE,220329,2022-03-29,090741,CME ,00,090 ,  147421,    3652,   65197,     355,   53515,   10483,    5359,   23095,   38601,    6117,   16966,       0,    1591,  110650,  127703,   36771,   19718,   23331,    1428,   30554,       0,   15338,   -6532,    -154,    2233,     400,     490,     875,       0,    -244,   19966,   24514,    3365,   -1183,  100.0,    2.5,   44.2,    0.2,   36.3,    7.1,    3.6,   15.7,   26.2,    4.1,   11.5,    0.0,    1.1,   75.1,   86.6,   24.9,   13.4,    101,      5,      7,.,     22,      8,      6,     20,     24,     15,     13,      0,.,     74,     51,    18.1,    41.9,    28.5,    53.2,    16.6,    41.6,    26.4,    52.8,"(CONTRACTS OF CAD 100,000)",090741,CME ,090 ,F10,FutOnly
CANADIAN DOLLAR - CHICAGO MERCANTILE EXCHANGE,220322,2022-03-22,090741,CME ,00,090 ,  124090,    2224,   34643,     355,   38177,   17015,    5513,   20862,   38201,    5627,   16091,       0,    1835,   90684,  103189,   33406,   20901,  -19773,  -24036,    4953,   -4724,    1287,  -10829,    -223,    6543,    7763,   -3099,     165,    -828,     121,  -23966,   -6866,    4193,  -12907,  100.0,    1.8,   27.9,    0.3,   30.8,   13.7,    4.4,   16.8,   30.8,    4.5,   13.0,    0.0,    1.5,   73.1,   83.2,   26.9,   16.8,     99,      4,      7,.,     19,     11,      7,     20,     27,     16,     10,      0,.,     68,     57,    20.6,    29.6,    31.5,    43.4,    18.5,    29.4,    28.9,    43.2,"(CONTRACTS OF CAD 100,000)",090741,CME ,090 ,F10,FutOnly
CANADIAN DOLLAR - CHICAGO MERCANTILE EXCHANGE,220315,2022-03-15,090741,CME ,00,090 ,  143863,   26260,   29690,    5079,   36890,   27844,    5736,   14319,   30438,    8726,   15926,     828,    1714,  114650,  110055,   29213,   33808,   -5562,    1082,   -8975,    2956,   -6149,    2058,     348,    -238,  -10434,    1267,     471,      74,    -561,    -824,  -13267,   -4738,    7705,  100.0,   18.3,   20.6,    3.5,   25.6,   19.4,    4.0,   10.0,   21.2,    6.1,   11.1,    0.6,    1.2,   79.7,   76.5,   20.3,   23.5,    106,      5,      9,      5,     17,     19,      8,     15,     28,     18,     11,.,.,     67,     71,    33.8,    19.0,    43.2,    30.4,    30.2,    18.7,    39.0,    29.6,"(CONTRACTS OF CAD 100,000)",090741,CME ,090 ,F10,FutOnly
CANADIAN DOLLAR - CHICAGO MERCANTILE EXCHANGE,220308,2022-03-08,090741,CME ,00,090 ,  149425,   25178,   38665,    2123,   43039,   25786,    5388,   14557,   40872,    7459,   15455,     754,    2275,  115474,  123322,   33951,   26103,    5918,    -443,    1218,    1484,    3145,   -8598,    -578,   -4082,    8160,    1266,    1740,     -18,     252,    2784,    3186,    3134,    2732,  100.0,   16.8,   25.9,    1.4,   28.8,   17.3,    3.6,    9.7,   27.4,    5.0,   10.3,    0.5,    1.5,   77.3,   82.5,   22.7,   17.5,    104,      4,     11,      5,     17,     18,      5,     12,     28,     13,     11,.,.,     61,     67,    31.6,    18.2,    42.5,    29.7,    31.0,    17.8,    40.5,    29.2,"(CONTRACTS OF CAD 100,000)",090741,CME ,090 ,F10,FutOnly
CANADIAN DOLLAR - CHICAGO MERCANTILE EXCHANGE,220301,2022-03-01,090741,CME ,00,090 ,  143507,   25621,   37447,     639,   39894,   34384,    5966,   18639,   32712,    6193,   13715,     772,    2023,  112690,  120136,   30817,   23371,    3202,     359,    3491,       0,   -3343,   -1288,    1516,    1882,    1535,     562,    2284,       0,    -548,    2712,    5268,     490,   -2066,  100.0,   17.9,   26.1,    0.4,   27.8,   24.0,    4.2,   13.0,   22.8,    4.3,    9.6,    0.5,    1.4,   78.5,   83.7,   21.5,   16.3,    109,      4,     12,.,     18,     21,      6,     17,     25,     14,     10,.,.,     64,     69,    32.2,    18.4,    42.0,    30.7,    30.9,    18.1,    40.2,    30.1,"(CONTRACTS OF CAD 100,000)",090741,CME ,090 ,F10,FutOnly
CANADIAN DOLLAR - CHICAGO MERCANTILE EXCHANGE,220222,2022-02-22,090741,CME ,00,090 ,  140305,   25262,   33956,     639,   43237,   35672,    4450,   16757,   31177,    5631,   11431,     772,    2571,  109978,  114868,   30327,   25437,   -4510,   -1331,     704,      65,    -124,   -7420,     202,   -6366,    1183,     499,     302,     -42,     203,   -6550,   -4606,    2040,      96,  100.0,   18.0,   24.2,    0.5,   30.8,   25.4,    3.2,   11.9,   22.2,    4.0,    8.1,    0.6,    1.8,   78.4,   81.9,   21.6,   18.1,    106,.,     12,.,     19,     18,      5,     19,     24,     16,      9,.,.,     63,     68,    33.5,    19.8,    44.2,    32.9,    32.2,    19.5,    41.9,    32.5,"(CONTRACTS OF CAD 100,000)",090741,CME ,090 ,F10,FutOnly
CANADIAN DOLLAR - CHICAGO MERCANTILE EXCHANGE,220215,2022-02-15,090741,CME ,00,090 ,  144815,   26593,   33252,     574,   43361,   43092,    4248,   23123,   29994,    5132,   11129,     814,    2368,  116528,  119474,   28287,   25341,    -393,    -162,   -2616,     477,   -1189,    2801,     -18,     966,    -306,    -781,   -1022,    -412,     529,   -1200,    -326,     807,     -67,  100.0,   18.4,   23.0,    0.4,   29.9,   29.8,    2.9,   16.0,   20.7,    3.5,    7.7,    0.6,    1.6,   80.5,   82.5,   19.5,   17.5,    106,      4,     11,.,     18,     20,      6,     20,     21,     14,      9,.,.,     62,     67,    32.4,    22.3,    43.7,    34.2,    31.4,    22.0,    41.9,    33.8,"(CONTRACTS OF CAD 100,000)",090741,CME ,090 ,F10,FutOnly
CANADIAN DOLLAR - CHICAGO MERCANTILE EXCHANGE,220208,2022-02-08,090741,CME ,00,090 ,  145208,   26755,   35868,      97,   44550,   40291,    4266,   22157,   30300,    5913,   12151,    1226,    1839,  117728,  119800,   27480,   25408,     126,     -64,   -5652,       0,    1168,    1368,    -599,    1891,    3178,     810,     696,    -489,     100,    4002,   -1284,   -3876,    1410,  100.0,   18.4,   24.7,    0.1,   30.7,   27.7,    2.9,   15.3,   20.9,    4.1,    8.4,    0.8,    1.3,   81.1,   82.5,   18.9,   17.5,    105,      4,     11,.,     18,     20,      6,     22,     17,     14,     10,.,.,     62,     66,    32.4,    22.2,    45.2,    35.0,    31.8,    22.1,    43.6,    35.0,"(CONTRACTS OF CAD 100,000)",090741,CME ,090 ,F10,FutOnly
CANADIAN DOLLAR - CHICAGO MERCANTILE EXCHANGE,220201,2022-02-01,090741,CME ,00,090 ,  145082,   26819,   41520,      97,   43382,   38923,    4865,   20266,   27122,    5103,   11455,    1715,    1739,  113726,  121084,   31356,   23998,   -1366,    1090,   -3970,       0,   -4798,   11410,     732,    1016,  -10029,     -13,     719,     710,      71,   -1183,   -1089,    -183,    -277,  100.0,   18.5,   28.6,    0.1,   29.9,   26.8,    3.4,   14.0,   18.7,    3.5,    7.9,    1.2,    1.2,   78.4,   83.5,   21.6,   16.5,    100,      4,     11,.,     17,     21,      6,     16,     17,     12,      9,.,.,     59,     62,    32.2,    24.1,    45.4,    37.0,    31.8,    24.1,    44.2,    37.0,"(CONTRACTS OF CAD 100,000)",090741,CME ,090 ,F10,FutOnly
CANADIAN DOLLAR - CHICAGO MERCANTILE EXCHANGE,220125,2022-01-25,090741,CME ,00,090 ,  146448,   25729,   45490,      97,   48180,   27513,    4133,   19250,   37151,    5116,   10736,    1005,    1668,  114909,  122173,   31539,   24275,    3077,   -2791,    5682,    -707,    4538,    -832,    -110,    1348,   -1876,     995,    -713,     441,     248,    2808,    3841,     269,    -764,  100.0,   17.6,   31.1,    0.1,   32.9,   18.8,    2.8,   13.1,   25.4,    3.5,    7.3,    0.7,    1.1,   78.5,   83.4,   21.5,   16.6,     96,      4,     11,.,     19,     14,      7,     14,     22,     13,      9,.,.,     58,     61,    32.2,    25.9,    45.3,    38.5,    31.7,    25.9,    43.8,    38.5,"(CONTRACTS OF CAD 100,000)",090741,CME ,090 ,F10,FutOnly
CANADIAN DOLLAR - CHICAGO MERCANTILE EXCHANGE,220118,2022-01-18,090741,CME ,00,090 ,  143371,   28520,   39808,     804,   43642,   28345,    4243,   17902,   39027,    4121,   11449,     564,    1420,  112101,  118332,   31270,   25039,    4800,    -192,   18591,    -817,    1622,  -15939,     508,    4117,    4557,    -690,    -709,   -1520,     398,    4237,    5088,     563,    -288,  100.0,   19.9,   27.8,    0.6,   30.4,   19.8,    3.0,   12.5,   27.2,    2.9,    8.0,    0.4,    1.0,   78.2,   82.5,   21.8,   17.5,    102,      5,     11,.,     19,     16,      8,     15,     24,     13,     10,.,.,     60,     67,    32.7,    25.0,    44.8,    37.4,    31.9,    24.3,    42.5,    36.8,"(CONTRACTS OF CAD 100,000)",090741,CME ,090 ,F10,FutOnly
CANADIAN DOLLAR - CHICAGO MERCANTILE EXCHANGE,220111,2022-01-11,090741,CME ,00,090 ,  138571,   28712,   21217,    1621,   42020,   44284,    3735,   13785,   34470,    4811,   12158,    2084,    1022,  107864,  113244,   30707,   25327,    2938,   -3208,    6465,       6,    1895,     127,    -519,    2525,   -1012,    -785,    -609,   -2080,     575,    -120,    2777,    3058,     161,  100.0,   20.7,   15.3,    1.2,   30.3,   32.0,    2.7,    9.9,   24.9,    3.5,    8.8,    1.5,    0.7,   77.8,   81.7,   22.2,   18.3,     99,      6,      7,.,     16,     20,      8,     13,     24,     15,     10,.,.,     58,     67,    34.3,    20.7,    46.0,    33.3,    32.6,    20.7,    43.8,    32.6,"(CONTRACTS OF CAD 100,000)",090741,CME ,090 ,F10,FutOnly
CANADIAN DOLLAR - CHICAGO MERCANTILE EXCHANGE,220104,2022-01-04,090741,CME ,00,090 ,  135633,   31920,   14752,    1615,   40125,   44157,    4254,   11260,   35482,    5596,   12767,    4164,     447,  107984,  110467,   27649,   25166,   -3059,   -1098,    -710,       0,     564,    2072,    -563,   -1206,   -4403,    1639,    -127,     490,      -5,    -796,   -1480,   -2263,   -1579,  100.0,   23.5,   10.9,    1.2,   29.6,   32.6,    3.1,    8.3,   26.2,    4.1,    9.4,    3.1,    0.3,   79.6,   81.4,   20.4,   18.6,    103,      7,      7,.,     14,     20,      7,     14,     25,     13,     10,      4,.,     55,     71,    34.4,    19.2,    46.4,    30.8,    33.9,    19.0,    44.1,    30.1,"(CONTRACTS OF CAD 100,000)",090741,CME ,090 ,F10,FutOnly
SWISS FRANC - CHICAGO MERCANTILE EXCHANGE,221227,2022-12-27,092741,CME ,00,092 ,   29851,   10917,    1057,      12,    2259,    9503,     487,    3939,    6519,      19,       0,       0,       0,   17633,   17597,   12218,   12254,    -189,     184,      17,       0,     -34,    1083,     -91,   -1087,    -965,      -3,       0,       0,       0,   -1031,      41,     842,    -230,  100.0,   36.6,    3.5,    0.0,    7.6,   31.8,    1.6,   13.2,   21.8,    0.1,    0.0,    0.0,    0.0,   59.1,   58.9,   40.9,   41.1,     35,      5,.,.,      5,      8,.,      8,      8,.,      0,      0,      0,     20,     20,    37.5,    28.2,    45.4,    43.9,    37.4,    28.2,    45.4,    43.9,"(CONTRACTS OF CHF 125,000)",092741,CME ,092 ,F10,FutOnly
SWISS FRANC - CHICAGO MERCANTILE EXCHANGE,221220,2022-12-20,092741,CME ,00,092 ,   30040,   10733,    1040,      12,    2293,    8420,     578,    5026,    7484,      22,       0,       0,       0,   18664,   17556,   11376,   12484,  -19300,  -14397,   -4028,   -4635,     423,   -1187,      25,    2367,   -3339,   -3862,       0,       0,       0,  -20079,  -17026,     779,   -2274,  100.0,   35.7,    3.5,    0.0,    7.6,   28.0,    1.9,   16.7,   24.9,    0.1,    0.0,    0.0,    0.0,   62.1,   58.4,   37.9,   41.6,     35,      4,.,.,      5,      7,.,      9,      9,.,      0,      0,      0,     20,     21,    37.1,    27.1,    45.6,    44.0,    37.1,    27.1,    45.5,    44.0,"(CONTRACTS OF CHF 125,000)",092741,CME ,092 ,F10,FutOnly
SWISS FRANC - CHICAGO MERCANTILE EXCHANGE,221213,2022-12-13,092741,CME ,00,092 ,   49340,   25130,    5068,    4647,    1870,    9607,     553,    2659,   10823,    3884,       0,       0,       0,   38743,   34582,   10597,   14758,    9169,     150,    2601,    3973,    -239,      34,     -61,    1220,     -36,    3712,       0,       0,       0,    8755,   10223,     414,   -1054,  100.0,   50.9,   10.3,    9.4,    3.8,   19.5,    1.1,    5.4,   21.9,    7.9,    0.0,    0.0,    0.0,   78.5,   70.1,   21.5,   29.9,     36,      5,.,.,      4,      6,.,      7,     12,      7,      0,      0,      0,     23,     23,    60.9,    29.8,    67.7,    44.6,    50.3,    23.6,    55.1,    35.7,"(CONTRACTS OF CHF 125,000)",092741,CME ,092 ,F10,FutOnly
SWISS FRANC - CHICAGO MERCANTILE EXCHANGE,221206,2022-12-06,092741,CME ,00,092 ,   40171,   24980,    2467,     674,    2109,    9573,     614,    1439,   10859,     172,       0,       0,       0,   29988,   24359,   10183,   15812,   -1189,    -209,    1065,     -24,    -103,     348,     -90,     -87,   -1718,    -163,       0,       0,       0,    -676,    -582,    -513,    -607,  100.0,   62.2,    6.1,    1.7,    5.3,   23.8,    1.5,    3.6,   27.0,    0.4,    0.0,    0.0,    0.0,   74.7,   60.6,   25.3,   39.4,     33,      6,.,.,      4,      6,.,.,     12,      4,      0,      0,      0,     18,     23,    64.1,    25.6,    69.9,    39.8,    62.4,    25.6,    68.2,    39.8,"(CONTRACTS OF CHF 125,000)",092741,CME ,092 ,F10,FutOnly
SWISS FRANC - CHICAGO MERCANTILE EXCHANGE,221129,2022-11-29,092741,CME ,00,092 ,   41360,   25189,    1402,     698,    2212,    9225,     704,    1526,   12577,     335,       0,       0,       0,   30664,   24941,   10696,   16419,     -80,    -179,     149,      -1,      37,   -1020,     538,    -444,    -711,      -4,       0,       0,       0,     -53,   -1049,     -27,     969,  100.0,   60.9,    3.4,    1.7,    5.3,   22.3,    1.7,    3.7,   30.4,    0.8,    0.0,    0.0,    0.0,   74.1,   60.3,   25.9,   39.7,     33,      6,.,.,.,      7,.,      4,     12,.,      0,      0,      0,     17,     23,    63.0,    25.5,    68.8,    38.8,    61.3,    25.2,    67.0,    38.4,"(CONTRACTS OF CHF 125,000)",092741,CME ,092 ,F10,FutOnly
SWISS FRANC - CHICAGO MERCANTILE EXCHANGE,221122,2022-11-22,092741,CME ,00,092 ,   41440,   25368,    1253,     699,    2175,   10245,     166,    1970,   13288,     339,       0,       0,       0,   30717,   25990,   10723,   15450,    -526,    -796,     351,      41,     140,    -823,     -11,    -523,    -624,     -42,       0,       0,       0,   -1191,   -1108,     665,     582,  100.0,   61.2,    3.0,    1.7,    5.2,   24.7,    0.4,    4.8,   32.1,    0.8,    0.0,    0.0,    0.0,   74.1,   62.7,   25.9,   37.3,     36,      6,.,.,.,      7,.,      5,     14,.,      0,      0,      0,     17,     25,    63.1,    25.9,    68.8,    39.6,    61.4,    25.6,    67.1,    39.2,"(CONTRACTS OF CHF 125,000)",092741,CME ,092 ,F10,FutOnly
SWISS FRANC - CHICAGO MERCANTILE EXCHANGE,221115,2022-11-15,092741,CME ,00,092 ,   41966,   26164,     902,     658,    2035,   11068,     177,    2493,   13912,     381,       0,       0,       0,   31908,   27098,   10058,   14868,   -7941,   -6220,     902,     -40,    -294,   -3393,     -40,   -2411,    -122,     162,       0,       0,       0,   -8843,   -2531,     902,   -5410,  100.0,   62.3,    2.1,    1.6,    4.8,   26.4,    0.4,    5.9,   33.2,    0.9,    0.0,    0.0,    0.0,   76.0,   64.6,   24.0,   35.4,     40,      7,.,.,.,      9,.,      5,     15,.,      0,      0,      0,     18,     29,    62.3,    22.2,    68.9,    34.5,    61.0,    21.9,    67.3,    34.2,"(CONTRACTS OF CHF 125,000)",092741,CME ,092 ,F10,FutOnly
SWISS FRANC - CHICAGO MERCANTILE EXCHANGE,221108,2022-11-08,092741,CME ,00,092 ,   49907,   32384,       0,     698,    2329,   14461,     217,    4904,   14034,     219,       0,       0,       0,   40751,   29629,    9156,   20278,    -200,    -106,     -89,     -89,    -216,   -1483,     -35,   -1561,    1514,     210,       0,       0,       0,   -1797,      28,    1597,    -228,  100.0,   64.9,    0.0,    1.4,    4.7,   29.0,    0.4,    9.8,   28.1,    0.4,    0.0,    0.0,    0.0,   81.7,   59.4,   18.3,   40.6,     41,      7,      0,.,.,     12,.,      8,     11,      4,      0,      0,      0,     23,     27,    64.9,    21.9,    73.0,    34.7,    64.6,    21.9,    71.4,    34.7,"(CONTRACTS OF CHF 125,000)",092741,CME ,092 ,F10,FutOnly
SWISS FRANC - CHICAGO MERCANTILE EXCHANGE,221101,2022-11-01,092741,CME ,00,092 ,   50107,   32490,      89,     787,    2545,   15944,     252,    6465,   12520,       9,       0,       0,       0,   42548,   29601,    7559,   20506,    3513,    4040,      -3,      -4,     121,    1044,    -320,    1228,    3262,     -14,       0,       0,       0,    5051,    3965,   -1538,    -452,  100.0,   64.8,    0.2,    1.6,    5.1,   31.8,    0.5,   12.9,   25.0,    0.0,    0.0,    0.0,    0.0,   84.9,   59.1,   15.1,   40.9,     46,      7,.,.,.,     14,.,     11,     10,.,      0,      0,      0,     23,     30,    62.7,    23.2,    71.6,    35.8,    62.2,    23.2,    69.9,    35.8,"(CONTRACTS OF CHF 125,000)",092741,CME ,092 ,F10,FutOnly
SWISS FRANC - CHICAGO MERCANTILE EXCHANGE,221025,2022-10-25,092741,CME ,00,092 ,   46594,   28450,      92,     791,    2424,   14900,     572,    5237,    9258,      23,       0,       0,       0,   37497,   25636,    9097,   20958,    1683,    3663,       1,     -29,    -352,     384,    -290,   -1286,    1791,       2,       0,       0,       0,    1708,    1859,     -25,    -176,  100.0,   61.1,    0.2,    1.7,    5.2,   32.0,    1.2,   11.2,   19.9,    0.0,    0.0,    0.0,    0.0,   80.5,   55.0,   19.5,   45.0,     42,      6,.,.,.,     13,.,      8,     11,.,      0,      0,      0,     21,     30,    61.1,    21.1,    70.2,    33.3,    60.4,    21.1,    68.3,    33.3,"(CONTRACTS OF CHF 125,000)",092741,CME ,092 ,F10,FutOnly
SWISS FRANC - CHICAGO MERCANTILE EXCHANGE,221018,2022-10-18,092741,CME ,00,092 ,   44911,   24787,      91,     820,    2776,   14516,     862,    6523,    7467,      21,       0,       0,       0,   35789,   23777,    9122,   21134,    1163,    -763,      -1,      30,     407,   -1010,     150,     986,    1722,       1,       0,       0,       0,     811,     892,     352,     271,  100.0,   55.2,    0.2,    1.8,    6.2,   32.3,    1.9,   14.5,   16.6,    0.0,    0.0,    0.0,    0.0,   79.7,   52.9,   20.3,   47.1,     39,      6,.,.,      4,     11,.,      8,      9,.,      0,      0,      0,     20,     28,    57.0,    21.8,    68.0,    34.0,    56.5,    21.8,    66.0,    34.0,"(CONTRACTS OF CHF 125,000)",092741,CME ,092 ,F10,FutOnly
SWISS FRANC - CHICAGO MERCANTILE EXCHANGE,221011,2022-10-11,092741,CME ,00,092 ,   43748,   25550,      92,     790,    2369,   15526,     712,    5537,    5745,      20,       0,       0,       0,   34978,   22885,    8770,   20863,     627,    4121,      92,       1,    -745,    1948,    -276,   -2113,   -3700,      -3,       0,       0,       0,     985,   -1938,    -358,    2565,  100.0,   58.4,    0.2,    1.8,    5.4,   35.5,    1.6,   12.7,   13.1,    0.0,    0.0,    0.0,    0.0,   80.0,   52.3,   20.0,   47.7,     36,      6,.,.,.,     12,.,      7,      7,.,      0,      0,      0,     19,     26,    60.6,    24.6,    70.2,    36.6,    59.9,    24.6,    68.4,    36.6,"(CONTRACTS OF CHF 125,000)",092741,CME ,092 ,F10,FutOnly
SWISS FRANC - CHICAGO MERCANTILE EXCHANGE,221004,2022-10-04,092741,CME ,00,092 ,   43121,   21429,       0,     789,    3114,   13578,     988,    7650,    9445,      23,       0,       0,       0,   33993,   24823,    9128,   18298,   -1371,   -2138,       0,     -96,     -69,   -1186,    -154,     451,    1428,       7,       0,       0,       0,   -1999,      -1,     628,   -1370,  100.0,   49.7,    0.0,    1.8,    7.2,   31.5,    2.3,   17.7,   21.9,    0.1,    0.0,    0.0,    0.0,   78.8,   57.6,   21.2,   42.4,     41,      7,      0,.,      4,     11,.,      9,     10,      4,      0,      0,      0,     23,     28,    54.0,    24.4,    65.5,    36.1,    53.8,    24.4,    62.0,    36.1,"(CONTRACTS OF CHF 125,000)",092741,CME ,092 ,F10,FutOnly
SWISS FRANC - CHICAGO MERCANTILE EXCHANGE,220927,2022-09-27,092741,CME ,00,092 ,   44492,   23567,       0,     885,    3183,   14764,    1142,    7199,    8017,      16,       0,       0,       0,   35992,   24824,    8500,   19668,    3555,    5892,      -5,      21,     525,    1943,       2,    -968,   -1411,       4,       0,       0,       0,    5476,     554,   -1921,    3001,  100.0,   53.0,    0.0,    2.0,    7.2,   33.2,    2.6,   16.2,   18.0,    0.0,    0.0,    0.0,    0.0,   80.9,   55.8,   19.1,   44.2,     40,      7,      0,.,      5,     11,.,      7,     10,.,      0,      0,      0,     21,     27,    56.6,    25.7,    67.5,    36.6,    56.2,    25.7,    64.7,    36.6,"(CONTRACTS OF CHF 125,000)",092741,CME ,092 ,F10,FutOnly
SWISS FRANC - CHICAGO MERCANTILE EXCHANGE,220920,2022-09-20,092741,CME ,00,092 ,   40937,   17675,       5,     864,    2658,   12821,    1140,    8167,    9428,      12,       0,       0,       0,   30516,   24270,   10421,   16667,   -3916,   -5326,   -1419,    -167,     247,   -1606,     653,     390,    1297,    -779,       0,       0,       0,   -4982,   -2021,    1066,   -1895,  100.0,   43.2,    0.0,    2.1,    6.5,   31.3,    2.8,   20.0,   23.0,    0.0,    0.0,    0.0,    0.0,   74.5,   59.3,   25.5,   40.7,     40,      5,.,.,      4,     12,.,     10,      8,.,      0,      0,      0,     21,     26,    51.9,    23.8,    61.6,    36.7,    51.4,    23.8,    58.8,    36.7,"(CONTRACTS OF CHF 125,000)",092741,CME ,092 ,F10,FutOnly
SWISS FRANC - CHICAGO MERCANTILE EXCHANGE,220913,2022-09-13,092741,CME ,00,092 ,   44853,   23001,    1424,    1031,    2411,   14427,     487,    7777,    8131,     791,       0,       0,       0,   35498,   26291,    9355,   18562,   -3373,    -529,     298,     936,    -100,   -1361,       1,   -3159,     898,    -257,       0,       0,       0,   -3108,     515,    -265,   -3888,  100.0,   51.3,    3.2,    2.3,    5.4,   32.2,    1.1,   17.3,   18.1,    1.8,    0.0,    0.0,    0.0,   79.1,   58.6,   20.9,   41.4,     42,      7,.,.,.,     12,      4,     10,      9,      4,      0,      0,      0,     25,     28,    50.3,    20.6,    61.7,    32.1,    48.4,    20.5,    59.1,    31.6,"(CONTRACTS OF CHF 125,000)",092741,CME ,092 ,F10,FutOnly
SWISS FRANC - CHICAGO MERCANTILE EXCHANGE,220906,2022-09-06,092741,CME ,00,092 ,   48226,   23530,    1126,      95,    2511,   15788,     486,   10936,    7233,    1048,       0,       0,       0,   38606,   25776,    9620,   22450,    1058,     126,     -48,       6,     231,     583,    -293,   -1631,   -1430,     905,       0,       0,       0,    -656,    -277,    1714,    1335,  100.0,   48.8,    2.3,    0.2,    5.2,   32.7,    1.0,   22.7,   15.0,    2.2,    0.0,    0.0,    0.0,   80.1,   53.4,   19.9,   46.6,     45,      8,.,.,.,     12,      5,     12,      8,      6,      0,      0,      0,     28,     29,    45.9,    19.5,    59.3,    30.7,    45.7,    19.5,    57.0,    30.6,"(CONTRACTS OF CHF 125,000)",092741,CME ,092 ,F10,FutOnly
SWISS FRANC - CHICAGO MERCANTILE EXCHANGE,220830,2022-08-30,092741,CME ,00,092 ,   47168,   23404,    1174,      89,    2280,   15205,     779,   12567,    8663,     143,       0,       0,       0,   39262,   26053,    7906,   21115,    4697,    2900,    -620,     -75,      29,    4884,     -34,    2808,     638,      79,       0,       0,       0,    5707,    4872,   -1010,    -175,  100.0,   49.6,    2.5,    0.2,    4.8,   32.2,    1.7,   26.6,   18.4,    0.3,    0.0,    0.0,    0.0,   83.2,   55.2,   16.8,   44.8,     49,      8,.,.,.,     13,      4,     13,     10,      4,      0,      0,      0,     27,     31,    45.0,    22.1,    57.6,    33.7,    44.8,    22.1,    57.2,    33.7,"(CONTRACTS OF CHF 125,000)",092741,CME ,092 ,F10,FutOnly
SWISS FRANC - CHICAGO MERCANTILE EXCHANGE,220823,2022-08-23,092741,CME ,00,092 ,   42471,   20504,    1794,     164,    2251,   10321,     813,    9759,    8025,      64,       0,       0,       0,   33555,   21181,    8916,   21290,    3064,    1866,    -425,       5,    -195,    1145,     258,    2002,    -901,      21,       0,       0,       0,    3957,     103,    -893,    2961,  100.0,   48.3,    4.2,    0.4,    5.3,   24.3,    1.9,   23.0,   18.9,    0.2,    0.0,    0.0,    0.0,   79.0,   49.9,   21.0,   50.1,     43,      6,.,.,.,     11,      4,     12,      8,      5,      0,      0,      0,     25,     29,    48.4,    18.1,    59.9,    29.5,    48.2,    18.1,    59.4,    29.4,"(CONTRACTS OF CHF 125,000)",092741,CME ,092 ,F10,FutOnly
SWISS FRANC - CHICAGO MERCANTILE EXCHANGE,220816,2022-08-16,092741,CME ,00,092 ,   39407,   18638,    2219,     159,    2446,    9176,     555,    7757,    8926,      43,       0,       0,       0,   29598,   21078,    9809,   18329,   -3795,   -2795,    1456,      51,    -539,   -2255,     -57,    -844,   -2217,      -6,       0,       0,       0,   -4190,   -3028,     395,    -767,  100.0,   47.3,    5.6,    0.4,    6.2,   23.3,    1.4,   19.7,   22.7,    0.1,    0.0,    0.0,    0.0,   75.1,   53.5,   24.9,   46.5,     38,      4,.,.,.,     10,.,      9,     10,.,      0,      0,      0,     20,     26,    49.8,    19.1,    62.0,    31.9,    49.6,    18.8,    61.7,    31.6,"(CONTRACTS OF CHF 125,000)",092741,CME ,092 ,F10,FutOnly
SWISS FRANC - CHICAGO MERCANTILE EXCHANGE,220809,2022-08-09,092741,CME ,00,092 ,   43202,   21433,     763,     108,    2985,   11431,     612,    8601,   11143,      49,       0,       0,       0,   33788,   24106,    9414,   19096,   -2672,   -2897,    -444,      21,    -514,    -393,    -352,     134,   -2151,     -21,       0,       0,       0,   -3629,   -3340,     957,     668,  100.0,   49.6,    1.8,    0.2,    6.9,   26.5,    1.4,   19.9,   25.8,    0.1,    0.0,    0.0,    0.0,   78.2,   55.8,   21.8,   44.2,     43,      6,.,.,      4,     12,.,     11,      9,.,      0,      0,      0,     24,     27,    45.4,    21.9,    59.3,    33.8,    45.2,    21.9,    58.9,    33.8,"(CONTRACTS OF CHF 125,000)",092741,CME ,092 ,F10,FutOnly
SWISS FRANC - CHICAGO MERCANTILE EXCHANGE,220802,2022-08-02,092741,CME ,00,092 ,   45874,   24330,    1207,      87,    3499,   11824,     964,    8467,   13294,      70,       0,       0,       0,   37417,   27446,    8457,   18428,    1793,    1264,      13,      -4,     477,   -1894,     338,     -70,    2892,     -16,       0,       0,       0,    1989,    1329,    -196,     464,  100.0,   53.0,    2.6,    0.2,    7.6,   25.8,    2.1,   18.5,   29.0,    0.2,    0.0,    0.0,    0.0,   81.6,   59.8,   18.4,   40.2,     47,      6,.,.,      6,     12,      4,     11,     10,      4,      0,      0,      0,     27,     30,    51.4,    25.0,    61.5,    36.7,    51.1,    24.9,    61.1,    36.7,"(CONTRACTS OF CHF 125,000)",092741,CME ,092 ,F10,FutOnly
SWISS FRANC - CHICAGO MERCANTILE EXCHANGE,220726,2022-07-26,092741,CME ,00,092 ,   44081,   23066,    1194,      91,    3022,   13718,     626,    8537,   10402,      86,       0,       0,       0,   35428,   26117,    8653,   17964,    2226,    3819,     432,      19,   -1341,    1664,    -374,    1254,     618,      15,       0,       0,       0,    3392,    2374,   -1166,    -148,  100.0,   52.3,    2.7,    0.2,    6.9,   31.1,    1.4,   19.4,   23.6,    0.2,    0.0,    0.0,    0.0,   80.4,   59.2,   19.6,   40.8,     46,      6,.,.,      5,     13,.,     10,     10,      4,      0,      0,      0,     24,     31,    51.8,    25.4,    63.5,    36.0,    51.4,    25.4,    63.1,    36.0,"(CONTRACTS OF CHF 125,000)",092741,CME ,092 ,F10,FutOnly
SWISS FRANC - CHICAGO MERCANTILE EXCHANGE,220719,2022-07-19,092741,CME ,00,092 ,   41855,   19247,     762,      72,    4363,   12054,    1000,    7283,    9784,      71,       0,       0,       0,   32036,   23743,    9819,   18112,     600,     -55,     -14,      -1,     731,    1243,     -52,   -1905,     407,      47,       0,       0,       0,   -1235,    1630,    1835,   -1030,  100.0,   46.0,    1.8,    0.2,   10.4,   28.8,    2.4,   17.4,   23.4,    0.2,    0.0,    0.0,    0.0,   76.5,   56.7,   23.5,   43.3,     43,      5,.,.,      6,     11,.,     10,     10,.,      0,      0,      0,     24,     26,    47.9,    23.4,    59.4,    35.2,    47.7,    23.4,    59.1,    35.2,"(CONTRACTS OF CHF 125,000)",092741,CME ,092 ,F10,FutOnly
SWISS FRANC - CHICAGO MERCANTILE EXCHANGE,220712,2022-07-12,092741,CME ,00,092 ,   41255,   19302,     776,      73,    3632,   10811,    1052,    9188,    9377,      24,       0,       0,       0,   33271,   22113,    7984,   19142,    2751,    -723,     776,       0,     810,     996,      69,    3209,     306,       4,       0,       0,       0,    3369,    2151,    -618,     600,  100.0,   46.8,    1.9,    0.2,    8.8,   26.2,    2.5,   22.3,   22.7,    0.1,    0.0,    0.0,    0.0,   80.6,   53.6,   19.4,   46.4,     42,      5,.,.,      5,     11,.,     12,      8,.,      0,      0,      0,     25,     24,    48.4,    22.1,    59.5,    32.2,    48.2,    22.1,    59.1,    32.2,"(CONTRACTS OF CHF 125,000)",092741,CME ,092 ,F10,FutOnly
SWISS FRANC - CHICAGO MERCANTILE EXCHANGE,220705,2022-07-05,092741,CME ,00,092 ,   38504,   20025,       0,      73,    2822,    9815,     983,    5979,    9071,      20,       0,       0,       0,   29902,   19962,    8602,   18542,   -1619,     221,    -411,      -2,    -148,   -1582,    -140,    -565,     832,       1,       0,       0,       0,    -633,   -1302,    -986,    -317,  100.0,   52.0,    0.0,    0.2,    7.3,   25.5,    2.6,   15.5,   23.6,    0.1,    0.0,    0.0,    0.0,   77.7,   51.8,   22.3,   48.2,     38,      7,      0,.,      4,      9,.,     10,      8,.,      0,      0,      0,     23,     21,    54.7,    25.0,    65.2,    36.7,    54.5,    25.0,    65.0,    36.7,"(CONTRACTS OF CHF 125,000)",092741,CME ,092 ,F10,FutOnly
SWISS FRANC - CHICAGO MERCANTILE EXCHANGE,220628,2022-06-28,092741,CME ,00,092 ,   40123,   19804,     411,      75,    2970,   11397,    1123,    6544,    8239,      19,       0,       0,       0,   30535,   21264,    9588,   18859,    2454,     826,    -105,      -2,    -396,   -1011,    -301,    2394,    2470,      18,       0,       0,       0,    2539,    1069,     -85,    1385,  100.0,   49.4,    1.0,    0.2,    7.4,   28.4,    2.8,   16.3,   20.5,    0.0,    0.0,    0.0,    0.0,   76.1,   53.0,   23.9,   47.0,     38,      5,.,.,.,     10,.,     10,      8,.,      0,      0,      0,     20,     24,    52.4,    24.4,    63.5,    35.6,    52.2,    24.4,    62.1,    35.6,"(CONTRACTS OF CHF 125,000)",092741,CME ,092 ,F10,FutOnly
SWISS FRANC - CHICAGO MERCANTILE EXCHANGE,220621,2022-06-21,092741,CME ,00,092 ,   37669,   18978,     516,      77,    3366,   12408,    1424,    4150,    5769,       1,       0,       0,       0,   27996,   20195,    9673,   17474,   -1693,     381,     512,     -15,    -946,     114,    -232,   -1529,     818,       1,       0,       0,       0,   -2340,    1198,     647,   -2891,  100.0,   50.4,    1.4,    0.2,    8.9,   32.9,    3.8,   11.0,   15.3,    0.0,    0.0,    0.0,    0.0,   74.3,   53.6,   25.7,   46.4,     37,      4,.,.,      4,     13,.,      7,      6,.,      0,      0,      0,     18,     24,    53.6,    23.1,    64.1,    33.9,    53.4,    23.1,    62.5,    33.8,"(CONTRACTS OF CHF 125,000)",092741,CME ,092 ,F10,FutOnly
SWISS FRANC - CHICAGO MERCANTILE EXCHANGE,220614,2022-06-14,092741,CME ,00,092 ,   39362,   18597,       4,      92,    4312,   12294,    1656,    5679,    4951,       0,       0,       0,       0,   30336,   18997,    9026,   20365,  -10432,   -9029,    -925,   -1028,    -339,    1480,     127,    2854,   -7324,   -2665,       0,       0,       0,  -10080,  -10335,    -352,     -97,  100.0,   47.2,    0.0,    0.2,   11.0,   31.2,    4.2,   14.4,   12.6,    0.0,    0.0,    0.0,    0.0,   77.1,   48.3,   22.9,   51.7,     38,      5,.,.,      5,     12,.,      9,      6,      0,      0,      0,      0,     20,     22,    51.7,    18.3,    64.2,    28.7,    51.4,    18.3,    61.5,    28.7,"(CONTRACTS OF CHF 125,000)",092741,CME ,092 ,F10,FutOnly
SWISS FRANC - CHICAGO MERCANTILE EXCHANGE,220607,2022-06-07,092741,CME ,00,092 ,   49794,   27626,     929,    1120,    4651,   10814,    1529,    2825,   12275,    2665,       0,       0,       0,   40416,   29332,    9378,   20462,     215,   -1442,    -465,     706,   -2099,   -1617,      65,     -41,   -3191,    2244,       0,       0,       0,    -567,   -2258,     782,    2473,  100.0,   55.5,    1.9,    2.2,    9.3,   21.7,    3.1,    5.7,   24.7,    5.4,    0.0,    0.0,    0.0,   81.2,   58.9,   18.8,   41.1,     44,      6,.,      5,      6,     11,      5,      7,     11,.,      0,      0,      0,     26,     31,    53.8,    21.2,    65.6,    31.5,    51.6,    19.3,    60.8,    28.7,"(CONTRACTS OF CHF 125,000)",092741,CME ,092 ,F10,FutOnly
SWISS FRANC - CHICAGO MERCANTILE EXCHANGE,220531,2022-05-31,092741,CME ,00,092 ,   49579,   29068,    1394,     414,    6750,   12431,    1464,    2866,   15466,     421,       0,       0,       0,   40983,   31590,    8596,   17989,    -339,   -2266,    -460,     383,     -68,    -307,    -198,    1357,    2418,     165,       0,       0,       0,    -627,    2001,     288,   -2340,  100.0,   58.6,    2.8,    0.8,   13.6,   25.1,    3.0,    5.8,   31.2,    0.8,    0.0,    0.0,    0.0,   82.7,   63.7,   17.3,   36.3,     51,      7,.,.,      6,     13,      5,      7,     16,.,      0,      0,      0,     25,     35,    53.6,    19.6,    67.4,    28.9,    53.5,    19.5,    67.4,    28.8,"(CONTRACTS OF CHF 125,000)",092741,CME ,092 ,F10,FutOnly
SWISS FRANC - CHICAGO MERCANTILE EXCHANGE,220524,2022-05-24,092741,CME ,00,092 ,   49918,   31334,    1854,      31,    6818,   12738,    1662,    1509,   13048,     256,       0,       0,       0,   41610,   29589,    8308,   20329,   -3373,    1930,     696,       0,   -1191,   -1088,      72,   -4470,    -771,      72,       0,       0,       0,   -3587,   -1019,     214,   -2354,  100.0,   62.8,    3.7,    0.1,   13.7,   25.5,    3.3,    3.0,   26.1,    0.5,    0.0,    0.0,    0.0,   83.4,   59.3,   16.6,   40.7,     45,      7,.,.,      7,     12,      5,      4,     13,.,      0,      0,      0,     23,     31,    53.0,    18.9,    68.1,    29.6,    52.9,    18.9,    68.1,    29.5,"(CONTRACTS OF CHF 125,000)",092741,CME ,092 ,F10,FutOnly
SWISS FRANC - CHICAGO MERCANTILE EXCHANGE,220517,2022-05-17,092741,CME ,00,092 ,   53291,   29404,    1158,      31,    8009,   13826,    1590,    5979,   13819,     184,       0,       0,       0,   45197,   30608,    8094,   22683,    2009,    -538,    -684,      -3,    2070,     680,     502,     -27,     976,     182,       0,       0,       0,    2186,    1653,    -177,     356,  100.0,   55.2,    2.2,    0.1,   15.0,   25.9,    3.0,   11.2,   25.9,    0.3,    0.0,    0.0,    0.0,   84.8,   57.4,   15.2,   42.6,     50,      6,.,.,      7,     13,      6,      9,     13,.,      0,      0,      0,     28,     32,    51.0,    16.2,    64.9,    26.9,    50.9,    16.2,    64.9,    26.8,"(CONTRACTS OF CHF 125,000)",092741,CME ,092 ,F10,FutOnly
SWISS FRANC - CHICAGO MERCANTILE EXCHANGE,220510,2022-05-10,092741,CME ,00,092 ,   51282,   29942,    1842,      34,    5939,   13146,    1088,    6006,   12843,       2,       0,       0,       0,   43011,   28955,    8271,   22327,    1897,   -1292,    1842,       4,    1225,    -487,      25,    1237,    2394,    -176,       0,       0,       0,    1023,    3602,     874,   -1705,  100.0,   58.4,    3.6,    0.1,   11.6,   25.6,    2.1,   11.7,   25.0,    0.0,    0.0,    0.0,    0.0,   83.9,   56.5,   16.1,   43.5,     51,      7,.,.,      6,     13,      4,     10,     13,.,      0,      0,      0,     28,     30,    51.5,    14.6,    64.7,    25.1,    51.4,    14.6,    64.6,    25.1,"(CONTRACTS OF CHF 125,000)",092741,CME ,092 ,F10,FutOnly
SWISS FRANC - CHICAGO MERCANTILE EXCHANGE,220503,2022-05-03,092741,CME ,00,092 ,   49385,   31234,       0,      30,    4714,   13633,    1063,    4769,   10449,     178,       0,       0,       0,   41988,   25353,    7397,   24032,    2088,    3393,       0,      -1,    1027,   -1887,      16,    -204,    2312,     147,       0,       0,       0,    4378,     587,   -2290,    1501,  100.0,   63.2,    0.0,    0.1,    9.5,   27.6,    2.2,    9.7,   21.2,    0.4,    0.0,    0.0,    0.0,   85.0,   51.3,   15.0,   48.7,     47,      8,      0,.,      5,     13,.,      6,     15,.,      0,      0,      0,     23,     31,    53.8,    13.0,    68.6,    22.5,    53.7,    13.0,    68.5,    22.5,"(CONTRACTS OF CHF 125,000)",092741,CME ,092 ,F10,FutOnly
SWISS FRANC - CHICAGO MERCANTILE EXCHANGE,220426,2022-04-26,092741,CME ,00,092 ,   47297,   27841,       0,      31,    3687,   15520,    1047,    4973,    8137,      31,       0,       0,       0,   37610,   24766,    9687,   22531,    3028,    1856,       0,       0,    1118,     712,      17,     -82,     937,      31,       0,       0,       0,    2940,    1697,      88,    1331,  100.0,   58.9,    0.0,    0.1,    7.8,   32.8,    2.2,   10.5,   17.2,    0.1,    0.0,    0.0,    0.0,   79.5,   52.4,   20.5,   47.6,     42,      6,      0,.,      4,     15,      4,      8,      9,.,      0,      0,      0,     21,     27,    54.8,    14.3,    66.2,    24.0,    54.7,    14.3,    64.8,    24.0,"(CONTRACTS OF CHF 125,000)",092741,CME ,092 ,F10,FutOnly
SWISS FRANC - CHICAGO MERCANTILE EXCHANGE,220419,2022-04-19,092741,CME ,00,092 ,   44269,   25985,       0,      31,    2569,   14808,    1030,    5055,    7200,       0,       0,       0,       0,   34670,   23069,    9599,   21200,    3038,    1010,       0,       0,     -17,     -97,     -13,    1208,    -946,      -7,       0,       0,       0,    2181,   -1063,     857,    4101,  100.0,   58.7,    0.0,    0.1,    5.8,   33.5,    2.3,   11.4,   16.3,    0.0,    0.0,    0.0,    0.0,   78.3,   52.1,   21.7,   47.9,     42,      5,      0,.,.,     17,      5,      8,      9,      0,      0,      0,      0,     20,     28,    57.7,    15.4,    67.6,    25.2,    57.7,    15.4,    67.5,    25.2,"(CONTRACTS OF CHF 125,000)",092741,CME ,092 ,F10,FutOnly
SWISS FRANC - CHICAGO MERCANTILE EXCHANGE,220412,2022-04-12,092741,CME ,00,092 ,   41231,   24975,       0,      31,    2586,   14905,    1043,    3847,    8146,       7,       0,       0,       0,   32489,   24132,    8742,   17099,    1226,     644,     -10,       2,      -4,     557,     224,     311,     397,       1,       0,       0,       0,    1178,    1171,      48,      55,  100.0,   60.6,    0.0,    0.1,    6.3,   36.1,    2.5,    9.3,   19.8,    0.0,    0.0,    0.0,    0.0,   78.8,   58.5,   21.2,   41.5,     41,      5,      0,.,.,     15,      5,      7,     11,.,      0,      0,      0,     21,     28,    60.2,    17.2,    69.4,    27.6,    60.1,    17.2,    69.3,    27.6,"(CONTRACTS OF CHF 125,000)",092741,CME ,092 ,F10,FutOnly
SWISS FRANC - CHICAGO MERCANTILE EXCHANGE,220405,2022-04-05,092741,CME ,00,092 ,   40005,   24331,      10,      29,    2590,   14348,     819,    3536,    7749,       6,       0,       0,       0,   31311,   22961,    8694,   17044,   -4322,   -3165,      -1,       0,     278,    -788,    -209,   -1397,    -196,      -1,       0,       0,       0,   -4494,   -1195,     172,   -3127,  100.0,   60.8,    0.0,    0.1,    6.5,   35.9,    2.0,    8.8,   19.4,    0.0,    0.0,    0.0,    0.0,   78.3,   57.4,   21.7,   42.6,     43,      4,.,.,.,     16,      5,      7,     12,.,      0,      0,      0,     20,     31,    62.2,    18.0,    72.0,    28.3,    62.1,    18.0,    71.9,    28.3,"(CONTRACTS OF CHF 125,000)",092741,CME ,092 ,F10,FutOnly
SWISS FRANC - CHICAGO MERCANTILE EXCHANGE,220329,2022-03-29,092741,CME ,00,092 ,   44327,   27496,      11,      29,    2312,   15136,    1028,    4933,    7945,       7,       0,       0,       0,   35805,   24156,    8522,   20171,    -584,    1003,    -435,       0,    -189,    -160,    -274,   -1506,     329,       3,       0,       0,       0,    -963,    -537,     379,     -47,  100.0,   62.0,    0.0,    0.1,    5.2,   34.1,    2.3,   11.1,   17.9,    0.0,    0.0,    0.0,    0.0,   80.8,   54.5,   19.2,   45.5,     45,      5,.,.,.,     16,      4,      8,     13,.,      0,      0,      0,     21,     31,    57.8,    17.9,    70.7,    27.7,    57.7,    17.9,    70.7,    27.7,"(CONTRACTS OF CHF 125,000)",092741,CME ,092 ,F10,FutOnly
SWISS FRANC - CHICAGO MERCANTILE EXCHANGE,220322,2022-03-22,092741,CME ,00,092 ,   44911,   26493,     446,      29,    2501,   15296,    1302,    6439,    7616,       4,       0,       0,       0,   36768,   24693,    8143,   20218,    1555,    4063,     -60,       0,   -2036,    1102,     -55,     204,    1345,       4,       0,       0,       0,    2180,    2336,    -625,    -781,  100.0,   59.0,    1.0,    0.1,    5.6,   34.1,    2.9,   14.3,   17.0,    0.0,    0.0,    0.0,    0.0,   81.9,   55.0,   18.1,   45.0,     48,      5,.,.,.,     18,      5,      7,     13,.,      0,      0,      0,     20,     35,    56.9,    16.3,    70.4,    25.4,    56.8,    16.3,    70.4,    25.3,"(CONTRACTS OF CHF 125,000)",092741,CME ,092 ,F10,FutOnly
SWISS FRANC - CHICAGO MERCANTILE EXCHANGE,220315,2022-03-15,092741,CME ,00,092 ,   43356,   22430,     506,      29,    4537,   14194,    1357,    6235,    6271,       0,       0,       0,       0,   34588,   22357,    8768,   20999,   -8464,   -5392,   -1937,   -1043,   -1460,     879,     -13,     952,   -4841,   -1329,       0,       0,       0,   -8285,   -8284,    -179,    -180,  100.0,   51.7,    1.2,    0.1,   10.5,   32.7,    3.1,   14.4,   14.5,    0.0,    0.0,    0.0,    0.0,   79.8,   51.6,   20.2,   48.4,     42,      4,.,.,      4,     14,      5,      7,     11,      0,      0,      0,      0,     18,     30,    54.8,    17.9,    68.6,    26.2,    53.6,    17.9,    67.1,    26.1,"(CONTRACTS OF CHF 125,000)",092741,CME ,092 ,F10,FutOnly
SWISS FRANC - CHICAGO MERCANTILE EXCHANGE,220308,2022-03-08,092741,CME ,00,092 ,   51820,   27822,    2443,    1072,    5997,   13315,    1370,    5283,   11112,    1329,       0,       0,       0,   42873,   30641,    8947,   21179,    4547,    -409,     360,    1072,    1147,    -321,    -255,    3205,   -2228,     967,       0,    -486,       0,    5727,    -891,   -1180,    5438,  100.0,   53.7,    4.7,    2.1,   11.6,   25.7,    2.6,   10.2,   21.4,    2.6,    0.0,    0.0,    0.0,   82.7,   59.1,   17.3,   40.9,     41,      7,.,.,      4,     11,      5,      5,     11,      4,      0,      0,      0,     22,     30,    54.1,    21.2,    68.1,    33.5,    53.7,    20.6,    66.5,    32.3,"(CONTRACTS OF CHF 125,000)",092741,CME ,092 ,F10,FutOnly
SWISS FRANC - CHICAGO MERCANTILE EXCHANGE,220301,2022-03-01,092741,CME ,00,092 ,   47273,   28231,    2083,       0,    4850,   13636,    1625,    2078,   13340,     362,       0,     486,       0,   37146,   31532,   10127,   15741,     -66,     771,     281,       0,    1630,     -67,    -268,   -2949,    1747,     314,       0,       0,       0,    -502,    2007,     436,   -2073,  100.0,   59.7,    4.4,    0.0,   10.3,   28.8,    3.4,    4.4,   28.2,    0.8,    0.0,    1.0,    0.0,   78.6,   66.7,   21.4,   33.3,     45,      5,      4,      0,      4,     14,      5,      4,     13,      4,      0,.,      0,     20,     34,    58.5,    20.6,    71.0,    34.4,    58.2,    20.6,    69.0,    34.2,"(CONTRACTS OF CHF 125,000)",092741,CME ,092 ,F10,FutOnly
SWISS FRANC - CHICAGO MERCANTILE EXCHANGE,220222,2022-02-22,092741,CME ,00,092 ,   47339,   27460,    1802,       0,    3220,   13703,    1893,    5027,   11593,      48,       0,     486,       0,   37648,   29525,    9691,   17814,    1817,     290,      63,       0,     280,     -44,      65,     147,    1748,      -2,       0,       0,       0,     780,    1830,    1037,     -13,  100.0,   58.0,    3.8,    0.0,    6.8,   28.9,    4.0,   10.6,   24.5,    0.1,    0.0,    1.0,    0.0,   79.5,   62.4,   20.5,   37.6,     48,      6,      4,      0,      5,     14,      6,      6,     12,.,      0,.,      0,     22,     35,    55.5,    19.7,    66.7,    33.0,    55.5,    19.7,    66.0,    32.9,"(CONTRACTS OF CHF 125,000)",092741,CME ,092 ,F10,FutOnly
SWISS FRANC - CHICAGO MERCANTILE EXCHANGE,220215,2022-02-15,092741,CME ,00,092 ,   45522,   27170,    1739,       0,    2940,   13747,    1828,    4880,    9845,      50,       0,     486,       0,   36868,   27695,    8654,   17827,    4041,    1949,    -326,       0,     621,    2025,     264,    2418,    1635,     -27,       0,       0,       0,    5225,    3571,   -1184,     470,  100.0,   59.7,    3.8,    0.0,    6.5,   30.2,    4.0,   10.7,   21.6,    0.1,    0.0,    1.1,    0.0,   81.0,   60.8,   19.0,   39.2,     48,      6,      4,      0,      4,     15,      5,      6,     12,.,      0,.,      0,     21,     35,    57.2,    17.4,    69.2,    29.3,    57.2,    17.4,    67.9,    29.0,"(CONTRACTS OF CHF 125,000)",092741,CME ,092 ,F10,FutOnly
SWISS FRANC - CHICAGO MERCANTILE EXCHANGE,220208,2022-02-08,092741,CME ,00,092 ,   41481,   25221,    2065,       0,    2319,   11722,    1564,    2462,    8210,      77,       0,     486,       0,   31643,   24124,    9838,   17357,     427,    1015,    -575,       0,    -693,    -886,    -227,     536,    3102,      61,       0,       0,       0,     692,    1475,    -265,   -1048,  100.0,   60.8,    5.0,    0.0,    5.6,   28.3,    3.8,    5.9,   19.8,    0.2,    0.0,    1.2,    0.0,   76.3,   58.2,   23.7,   41.8,     45,      5,      4,      0,.,     16,      5,      5,     11,.,      0,.,      0,     20,     33,    60.1,    15.5,    68.0,    26.1,    60.1,    15.5,    68.0,    25.4,"(CONTRACTS OF CHF 125,000)",092741,CME ,092 ,F10,FutOnly
SWISS FRANC - CHICAGO MERCANTILE EXCHANGE,220201,2022-02-01,092741,CME ,00,092 ,   41054,   24206,    2640,       0,    3012,   12608,    1791,    1926,    5108,      16,       0,     486,       0,   30951,   22649,   10103,   18405,    1312,    3622,     -79,       0,   -1035,    1019,      38,   -1356,   -3328,     -64,       0,       0,       0,    1205,   -2414,     107,    3726,  100.0,   59.0,    6.4,    0.0,    7.3,   30.7,    4.4,    4.7,   12.4,    0.0,    0.0,    1.2,    0.0,   75.4,   55.2,   24.6,   44.8,     41,      5,      4,      0,      5,     14,      6,      5,      7,.,      0,.,      0,     19,     29,    58.2,    15.7,    67.0,    27.4,    58.2,    15.7,    66.2,    27.1,"(CONTRACTS OF CHF 125,000)",092741,CME ,092 ,F10,FutOnly
SWISS FRANC - CHICAGO MERCANTILE EXCHANGE,220125,2022-01-25,092741,CME ,00,092 ,   39742,   20584,    2719,       0,    4047,   11589,    1753,    3282,    8436,      80,       0,     486,       0,   29746,   25063,    9996,   14679,    -129,    -331,     839,     -12,     673,   -1037,     347,    1090,     -64,      59,       0,       0,       0,    1826,     132,   -1955,    -261,  100.0,   51.8,    6.8,    0.0,   10.2,   29.2,    4.4,    8.3,   21.2,    0.2,    0.0,    1.2,    0.0,   74.8,   63.1,   25.2,   36.9,     45,      4,      5,      0,      6,     12,      6,      7,     10,      4,      0,.,      0,     23,     32,    56.2,    17.4,    63.9,    30.2,    55.0,    17.4,    61.8,    29.8,"(CONTRACTS OF CHF 125,000)",092741,CME ,092 ,F10,FutOnly
SWISS FRANC - CHICAGO MERCANTILE EXCHANGE,220118,2022-01-18,092741,CME ,00,092 ,   39871,   20915,    1880,      12,    3374,   12626,    1406,    2192,    8500,      21,       0,     486,       0,   27920,   24931,   11951,   14940,   -2842,   -1226,    -249,      12,    -360,    -672,     577,   -3679,     606,       7,       0,       0,       0,   -4669,     281,    1827,   -3123,  100.0,   52.5,    4.7,    0.0,    8.5,   31.7,    3.5,    5.5,   21.3,    0.1,    0.0,    1.2,    0.0,   70.0,   62.5,   30.0,   37.5,     41,      4,.,.,      5,     13,      6,      5,     10,.,      0,.,      0,     20,     30,    56.6,    17.2,    62.9,    30.5,    56.6,    17.2,    62.5,    30.1,"(CONTRACTS OF CHF 125,000)",092741,CME ,092 ,F10,FutOnly
SWISS FRANC - CHICAGO MERCANTILE EXCHANGE,220111,2022-01-11,092741,CME ,00,092 ,   42713,   22141,    2129,       0,    3734,   13298,     829,    5871,    7894,      14,       0,     486,       0,   32589,   24650,   10124,   18063,     462,    2559,      25,      -4,    -538,     456,    -374,     180,   -1120,     -19,       0,       0,       0,    1804,   -1036,   -1342,    1498,  100.0,   51.8,    5.0,    0.0,    8.7,   31.1,    1.9,   13.7,   18.5,    0.0,    0.0,    1.1,    0.0,   76.3,   57.7,   23.7,   42.3,     47,      5,      4,      0,      5,     15,      5,      8,      9,.,      0,.,      0,     24,     31,    54.3,    18.1,    62.6,    29.0,    54.3,    17.9,    62.4,    28.0,"(CONTRACTS OF CHF 125,000)",092741,CME ,092 ,F10,FutOnly
SWISS FRANC - CHICAGO MERCANTILE EXCHANGE,220104,2022-01-04,092741,CME ,00,092 ,   42251,   19582,    2104,       4,    4272,   12842,    1203,    5691,    9014,      33,       0,     486,       0,   30785,   25686,   11466,   16565,    2129,     625,     623,       4,    -587,   -1015,    -184,    3431,    3270,      -8,       0,       0,       0,    3281,    2690,   -1152,    -561,  100.0,   46.3,    5.0,    0.0,   10.1,   30.4,    2.8,   13.5,   21.3,    0.1,    0.0,    1.2,    0.0,   72.9,   60.8,   27.1,   39.2,     43,.,      4,.,      4,     13,      5,      8,     10,      4,      0,.,      0,     21,     32,    52.8,    20.3,    60.9,    33.8,    52.6,    20.2,    60.5,    33.5,"(CONTRACTS OF CHF 125,000)",092741,CME ,092 ,F10,FutOnly
BRITISH POUND - CHICAGO MERCANTILE EXCHANGE,221227,2022-12-27,096742,CME ,00,096 ,  195440,   50819,   35305,    1246,   47666,   60134,    6670,   57734,   50503,    8766,     960,    2863,       0,  173861,  165487,   21579,   29953,    7674,    2271,    -679,     673,     813,    -174,     158,    6624,    9251,   -1571,       0,     -10,       0,    8968,    7648,   -1294,      26,  100.0,   26.0,   18.1,    0.6,   24.4,   30.8,    3.4,   29.5,   25.8,    4.5,    0.5,    1.5,    0.0,   89.0,   84.7,   11.0,   15.3,    126,      6,      8,.,     14,     31,     11,     27,     35,     14,.,      4,      0,     59,     94,    48.9,    20.4,    63.4,    30.1,    46.0,    20.4,    60.1,    29.5,"(CONTRACTS OF GBP 62,500)",096742,CME ,096 ,F10,FutOnly
BRITISH POUND - CHICAGO MERCANTILE EXCHANGE,221220,2022-12-20,096742,CME ,00,096 ,  187766,   48548,   35984,     573,   46853,   60308,    6512,   51110,   41252,   10337,     960,    2873,       0,  164893,  157839,   22873,   29927,  -52498,  -34373,  -19506,  -10775,    5151,    -144,     163,   -4126,  -15917,   -4961,    -978,    -264,       0,  -49899,  -51404,   -2599,   -1094,  100.0,   25.9,   19.2,    0.3,   25.0,   32.1,    3.5,   27.2,   22.0,    5.5,    0.5,    1.5,    0.0,   87.8,   84.1,   12.2,   15.9,    122,      5,      7,.,     14,     32,     13,     25,     33,     16,.,      5,      0,     61,     92,    50.9,    21.7,    65.5,    31.6,    47.8,    21.6,    61.8,    30.9,"(CONTRACTS OF GBP 62,500)",096742,CME ,096 ,F10,FutOnly
BRITISH POUND - CHICAGO MERCANTILE EXCHANGE,221213,2022-12-13,096742,CME ,00,096 ,  240264,   82921,   55490,   11348,   41702,   60452,    6349,   55236,   57169,   15298,    1938,    3137,       0,  214792,  209243,   25472,   31021,    9953,   -4554,    2970,    6481,   -1284,   -8881,     892,    -413,    4696,    6329,     -22,   -1026,      -7,    7422,   11454,    2531,   -1501,  100.0,   34.5,   23.1,    4.7,   17.4,   25.2,    2.6,   23.0,   23.8,    6.4,    0.8,    1.3,    0.0,   89.4,   87.1,   10.6,   12.9,    128,      7,      9,      6,     15,     30,     13,     27,     32,     23,.,      5,      0,     73,     97,    44.4,    25.4,    59.2,    35.1,    44.3,    23.3,    58.5,    32.6,"(CONTRACTS OF GBP 62,500)",096742,CME ,096 ,F10,FutOnly
BRITISH POUND - CHICAGO MERCANTILE EXCHANGE,221206,2022-12-06,096742,CME ,00,096 ,  230311,   87475,   52520,    4867,   42986,   69333,    5457,   55649,   52473,    8969,    1960,    4163,       7,  207370,  197789,   22941,   32522,    4831,   -2347,    5075,    -406,     833,   -4232,    -115,     788,    1651,    4500,       0,    -153,       0,    3253,    6320,    1578,   -1489,  100.0,   38.0,   22.8,    2.1,   18.7,   30.1,    2.4,   24.2,   22.8,    3.9,    0.9,    1.8,    0.0,   90.0,   85.9,   10.0,   14.1,    128,      6,      8,      4,     15,     33,     12,     21,     38,     21,.,      5,.,     68,     98,    47.1,    24.4,    64.0,    34.2,    47.1,    22.9,    63.5,    32.6,"(CONTRACTS OF GBP 62,500)",096742,CME ,096 ,F10,FutOnly
BRITISH POUND - CHICAGO MERCANTILE EXCHANGE,221129,2022-11-29,096742,CME ,00,096 ,  225480,   89822,   47445,    5273,   42153,   73565,    5572,   54861,   50822,    4469,    1960,    4316,       7,  204117,  191469,   21363,   34011,    3163,    1087,    3049,    3555,     593,   -2365,     988,   -4341,   -1509,     280,   -1061,       0,     -44,    1057,    3954,    2106,    -791,  100.0,   39.8,   21.0,    2.3,   18.7,   32.6,    2.5,   24.3,   22.5,    2.0,    0.9,    1.9,    0.0,   90.5,   84.9,    9.5,   15.1,    131,      8,      7,      4,     16,     35,     13,     22,     35,     16,.,      6,.,     67,     98,    49.1,    24.2,    66.2,    34.1,    49.1,    22.6,    65.9,    32.5,"(CONTRACTS OF GBP 62,500)",096742,CME ,096 ,F10,FutOnly
BRITISH POUND - CHICAGO MERCANTILE EXCHANGE,221122,2022-11-22,096742,CME ,00,096 ,  222317,   88735,   44396,    1718,   41560,   75930,    4584,   59202,   52331,    4189,    3021,    4316,      51,  203060,  187515,   19257,   34802,   -7785,   -1060,    1127,    -140,    -421,   -7123,    -950,   -5067,     474,     306,     -34,       0,       0,   -7366,   -6306,    -419,   -1479,  100.0,   39.9,   20.0,    0.8,   18.7,   34.2,    2.1,   26.6,   23.5,    1.9,    1.4,    1.9,    0.0,   91.3,   84.3,    8.7,   15.7,    129,      7,      8,.,     17,     32,     12,     23,     33,     17,.,      6,.,     66,     96,    49.9,    22.7,    67.6,    32.9,    49.8,    22.6,    67.3,    32.8,"(CONTRACTS OF GBP 62,500)",096742,CME ,096 ,F10,FutOnly
BRITISH POUND - CHICAGO MERCANTILE EXCHANGE,221115,2022-11-15,096742,CME ,00,096 ,  230102,   89795,   43269,    1858,   41981,   83053,    5534,   64269,   51857,    3883,    3055,    4316,      51,  210426,  193821,   19676,   36281,   -7232,  -10844,    6182,     429,    4030,   -9162,     993,   -1341,   -6410,      90,   -1350,    -200,    -201,   -8194,   -8279,     962,    1047,  100.0,   39.0,   18.8,    0.8,   18.2,   36.1,    2.4,   27.9,   22.5,    1.7,    1.3,    1.9,    0.0,   91.4,   84.2,    8.6,   15.8,    131,      7,      8,.,     17,     35,     13,     21,     34,     16,.,      6,.,     65,     99,    48.6,    23.7,    66.8,    33.5,    48.6,    23.6,    66.4,    33.4,"(CONTRACTS OF GBP 62,500)",096742,CME ,096 ,F10,FutOnly
BRITISH POUND - CHICAGO MERCANTILE EXCHANGE,221108,2022-11-08,096742,CME ,00,096 ,  237334,  100639,   37087,    1429,   37951,   92215,    4541,   65610,   58267,    3793,    4405,    4516,     252,  218620,  202100,   18714,   35234,   -6215,   -7125,    1268,     -93,    -211,    1331,     636,     908,   -3621,    -567,     735,    -650,     252,   -5465,   -1444,    -750,   -4771,  100.0,   42.4,   15.6,    0.6,   16.0,   38.9,    1.9,   27.6,   24.6,    1.6,    1.9,    1.9,    0.1,   92.1,   85.2,    7.9,   14.8,    137,      6,      8,.,     15,     39,     13,     22,     36,     16,      5,      6,.,     65,    105,    51.8,    24.0,    69.2,    33.7,    51.7,    23.9,    68.8,    33.6,"(CONTRACTS OF GBP 62,500)",096742,CME ,096 ,F10,FutOnly
BRITISH POUND - CHICAGO MERCANTILE EXCHANGE,221101,2022-11-01,096742,CME ,00,096 ,  243549,  107764,   35819,    1522,   38162,   90884,    3905,   64702,   61888,    4360,    3670,    5166,       0,  224085,  203544,   19464,   40005,  -15420,   -5399,     623,     -33,    -546,  -13000,    -132,   -8308,   -3470,     504,      42,    -150,       0,  -13872,  -15658,   -1548,     238,  100.0,   44.2,   14.7,    0.6,   15.7,   37.3,    1.6,   26.6,   25.4,    1.8,    1.5,    2.1,    0.0,   92.0,   83.6,    8.0,   16.4,    136,      7,      8,      4,     13,     39,     11,     21,     37,     17,      4,      6,      0,     61,    107,    53.4,    25.7,    70.3,    34.0,    53.4,    25.6,    70.0,    33.9,"(CONTRACTS OF GBP 62,500)",096742,CME ,096 ,F10,FutOnly
BRITISH POUND - CHICAGO MERCANTILE EXCHANGE,221025,2022-10-25,096742,CME ,00,096 ,  258969,  113163,   35196,    1555,   38708,  103884,    4037,   73010,   65358,    3856,    3628,    5316,       0,  237957,  219202,   21012,   39767,     143,   -4811,    3963,      34,     985,   -4663,     178,    1490,    5006,      36,    -113,    -412,       0,   -2201,    4142,    2344,   -3999,  100.0,   43.7,   13.6,    0.6,   14.9,   40.1,    1.6,   28.2,   25.2,    1.5,    1.4,    2.1,    0.0,   91.9,   84.6,    8.1,   15.4,    142,      7,      7,      4,     14,     39,     10,     23,     40,     14,      4,      6,      0,     62,    108,    52.7,    26.3,    70.9,    35.2,    52.6,    26.2,    70.6,    35.2,"(CONTRACTS OF GBP 62,500)",096742,CME ,096 ,F10,FutOnly
BRITISH POUND - CHICAGO MERCANTILE EXCHANGE,221018,2022-10-18,096742,CME ,00,096 ,  258826,  117974,   31233,    1521,   37723,  108547,    3859,   71520,   60352,    3820,    3741,    5728,       0,  240158,  215060,   18668,   43766,    3177,   12122,    4085,     101,   -1175,   -4022,     172,   -2648,    3958,   -2599,   -1844,    2970,       0,    4129,    4665,    -952,   -1488,  100.0,   45.6,   12.1,    0.6,   14.6,   41.9,    1.5,   27.6,   23.3,    1.5,    1.4,    2.2,    0.0,   92.8,   83.1,    7.2,   16.9,    137,      9,      7,      4,     12,     39,     11,     20,     37,     16,      5,      7,      0,     61,    107,    52.2,    26.6,    71.3,    36.0,    52.2,    26.6,    71.0,    35.9,"(CONTRACTS OF GBP 62,500)",096742,CME ,096 ,F10,FutOnly
BRITISH POUND - CHICAGO MERCANTILE EXCHANGE,221011,2022-10-11,096742,CME ,00,096 ,  255649,  105852,   27148,    1420,   38898,  112569,    3687,   74168,   56394,    6419,    5585,    2758,       0,  236029,  210395,   19620,   45254,   -1257,  -10560,   -5446,     707,    -867,   -4518,     -89,    5174,    6779,    1523,    -398,     477,       0,   -4510,    -567,    3253,    -690,  100.0,   41.4,   10.6,    0.6,   15.2,   44.0,    1.4,   29.0,   22.1,    2.5,    2.2,    1.1,    0.0,   92.3,   82.3,    7.7,   17.7,    134,      8,      7,      4,     12,     39,     12,     26,     31,     16,      6,      4,      0,     68,     98,    49.5,    26.6,    68.9,    35.0,    49.4,    26.5,    68.6,    34.9,"(CONTRACTS OF GBP 62,500)",096742,CME ,096 ,F10,FutOnly
BRITISH POUND - CHICAGO MERCANTILE EXCHANGE,221004,2022-10-04,096742,CME ,00,096 ,  256906,  116412,   32594,     713,   39765,  117087,    3776,   68994,   49615,    4896,    5983,    2281,       0,  240539,  210962,   16367,   45944,  -24899,   -4423,    1689,    -601,     119,   -9850,   -2371,  -13206,  -20954,    1541,    -998,    -177,       0,  -19939,  -30723,   -4960,    5824,  100.0,   45.3,   12.7,    0.3,   15.5,   45.6,    1.5,   26.9,   19.3,    1.9,    2.3,    0.9,    0.0,   93.6,   82.1,    6.4,   17.9,    137,      8,      6,.,     13,     40,     12,     18,     41,     15,      7,.,      0,     61,    106,    52.4,    26.8,    71.4,    34.9,    52.4,    26.7,    71.1,    34.8,"(CONTRACTS OF GBP 62,500)",096742,CME ,096 ,F10,FutOnly
BRITISH POUND - CHICAGO MERCANTILE EXCHANGE,220927,2022-09-27,096742,CME ,00,096 ,  281805,  120835,   30905,    1314,   39646,  126937,    6147,   82200,   70569,    3355,    6981,    2458,       0,  260478,  241685,   21327,   40120,   15510,   -4356,    -826,    1005,    -100,  -12066,    2279,   18390,   26516,   -1118,    -179,     -17,       0,   15921,   15773,    -411,    -263,  100.0,   42.9,   11.0,    0.5,   14.1,   45.0,    2.2,   29.2,   25.0,    1.2,    2.5,    0.9,    0.0,   92.4,   85.8,    7.6,   14.2,    145,      7,      7,.,     11,     43,     15,     21,     46,     11,      7,.,      0,     63,    111,    51.3,    24.0,    69.5,    32.9,    51.3,    23.8,    69.0,    32.8,"(CONTRACTS OF GBP 62,500)",096742,CME ,096 ,F10,FutOnly
BRITISH POUND - CHICAGO MERCANTILE EXCHANGE,220920,2022-09-20,096742,CME ,00,096 ,  266295,  125191,   31731,     309,   39746,  139003,    3868,   63810,   44053,    4473,    7160,    2475,       0,  244557,  225912,   21738,   40383,  -37670,   -5039,    8623,   -9990,    1535,    1196,   -5520,    5409,   -8070,  -23937,    -705,      45,       0,  -38247,  -37653,     577,     -17,  100.0,   47.0,   11.9,    0.1,   14.9,   52.2,    1.5,   24.0,   16.5,    1.7,    2.7,    0.9,    0.0,   91.8,   84.8,    8.2,   15.2,    138,      8,      6,.,     12,     41,     13,     24,     37,     16,      7,.,      0,     66,    103,    51.9,    29.6,    67.7,    39.5,    51.9,    29.4,    67.2,    39.3,"(CONTRACTS OF GBP 62,500)",096742,CME ,096 ,F10,FutOnly
BRITISH POUND - CHICAGO MERCANTILE EXCHANGE,220913,2022-09-13,096742,CME ,00,096 ,  303965,  130230,   23108,   10299,   38211,  137807,    9388,   58401,   52123,   28410,    7865,    2430,       0,  282804,  263565,   21161,   40400,   23028,   11925,    3103,    3681,     223,  -12845,    4895,  -14258,    8299,   17614,     394,      14,       0,   24474,   24761,   -1446,   -1733,  100.0,   42.8,    7.6,    3.4,   12.6,   45.3,    3.1,   19.2,   17.1,    9.3,    2.6,    0.8,    0.0,   93.0,   86.7,    7.0,   13.3,    139,      8,      7,      6,     14,     39,     15,     21,     37,     18,      8,.,      0,     75,    103,    51.4,    27.1,    66.9,    39.4,    44.1,    22.5,    59.0,    31.6,"(CONTRACTS OF GBP 62,500)",096742,CME ,096 ,F10,FutOnly
BRITISH POUND - CHICAGO MERCANTILE EXCHANGE,220906,2022-09-06,096742,CME ,00,096 ,  280937,  118305,   20005,    6618,   37988,  150652,    4493,   72659,   43824,   10796,    7471,    2416,       0,  258330,  238804,   22607,   42133,   18933,   16385,   -1481,    1253,     368,    4357,     255,   -6308,   10342,    3539,    -460,    -431,       0,   15032,   17834,    3901,    1099,  100.0,   42.1,    7.1,    2.4,   13.5,   53.6,    1.6,   25.9,   15.6,    3.8,    2.7,    0.9,    0.0,   92.0,   85.0,    8.0,   15.0,    142,      9,      8,      6,     12,     40,     16,     26,     36,     11,      7,.,      0,     74,    101,    42.0,    25.3,    58.8,    36.4,    41.9,    25.2,    57.9,    36.0,"(CONTRACTS OF GBP 62,500)",096742,CME ,096 ,F10,FutOnly
BRITISH POUND - CHICAGO MERCANTILE EXCHANGE,220830,2022-08-30,096742,CME ,00,096 ,  262004,  101920,   21486,    5365,   37620,  146295,    4238,   78967,   33482,    7257,    7931,    2847,       0,  243298,  220970,   18706,   41034,   13997,    8730,    -812,    3215,    2118,   11559,    -477,    -137,   -1426,    1616,     180,     441,       0,   15245,   14116,   -1248,    -119,  100.0,   38.9,    8.2,    2.0,   14.4,   55.8,    1.6,   30.1,   12.8,    2.8,    3.0,    1.1,    0.0,   92.9,   84.3,    7.1,   15.7,    144,      9,      6,      4,     13,     42,     13,     28,     33,      9,      8,      4,      0,     70,    100,    40.6,    26.6,    56.7,    37.6,    40.5,    26.4,    55.8,    37.5,"(CONTRACTS OF GBP 62,500)",096742,CME ,096 ,F10,FutOnly
BRITISH POUND - CHICAGO MERCANTILE EXCHANGE,220823,2022-08-23,096742,CME ,00,096 ,  248007,   93190,   22298,    2150,   35502,  134736,    4715,   79104,   34908,    5641,    7751,    2406,       0,  228053,  206854,   19954,   41153,   20255,    6532,   -3322,     559,    -556,   14633,     208,   10802,    4675,    -479,    3125,   -3174,       0,   20191,   13100,      64,    7155,  100.0,   37.6,    9.0,    0.9,   14.3,   54.3,    1.9,   31.9,   14.1,    2.3,    3.1,    1.0,    0.0,   92.0,   83.4,    8.0,   16.6,    141,     10,      6,      4,     10,     40,     14,     32,     32,     11,      8,.,      0,     72,     98,    42.8,    26.8,    59.6,    37.0,    42.8,    26.7,    58.7,    36.9,"(CONTRACTS OF GBP 62,500)",096742,CME ,096 ,F10,FutOnly
BRITISH POUND - CHICAGO MERCANTILE EXCHANGE,220816,2022-08-16,096742,CME ,00,096 ,  227752,   86658,   25620,    1591,   36058,  120103,    4507,   68302,   30233,    6120,    4626,    5580,       0,  207862,  193754,   19890,   33998,    3171,   -4176,    2702,     943,     248,   -1202,     356,    5350,    -211,     803,   -1000,    2607,       0,    2524,    5998,     647,   -2827,  100.0,   38.0,   11.2,    0.7,   15.8,   52.7,    2.0,   30.0,   13.3,    2.7,    2.0,    2.5,    0.0,   91.3,   85.1,    8.7,   14.9,    131,      8,      8,.,     12,     37,     13,     27,     27,     11,      6,      5,      0,     66,     92,    46.6,    26.1,    63.7,    36.1,    46.6,    26.0,    62.7,    35.9,"(CONTRACTS OF GBP 62,500)",096742,CME ,096 ,F10,FutOnly
BRITISH POUND - CHICAGO MERCANTILE EXCHANGE,220809,2022-08-09,096742,CME ,00,096 ,  224581,   90834,   22918,     648,   35810,  121305,    4151,   62952,   30444,    5317,    5626,    2973,       0,  205338,  187756,   19243,   36825,   -2406,  -14506,    -335,     362,    1830,    1460,    -105,    8096,   -5582,     315,    1550,      13,       0,   -2458,   -3872,      52,    1466,  100.0,   40.4,   10.2,    0.3,   15.9,   54.0,    1.8,   28.0,   13.6,    2.4,    2.5,    1.3,    0.0,   91.4,   83.6,    8.6,   16.4,    133,      9,      5,.,     13,     40,     11,     28,     27,     11,      7,      4,      0,     68,     90,    47.3,    23.7,    63.3,    34.9,    47.2,    23.7,    62.2,    34.7,"(CONTRACTS OF GBP 62,500)",096742,CME ,096 ,F10,FutOnly
BRITISH POUND - CHICAGO MERCANTILE EXCHANGE,220802,2022-08-02,096742,CME ,00,096 ,  226987,  105340,   23253,     286,   33980,  119845,    4256,   54856,   36026,    5002,    4076,    2960,       0,  207796,  191628,   19191,   35359,    1098,    5187,    -354,    -702,   -1188,    -966,     463,   -2036,     991,     883,   -3149,     -56,       0,    -542,     259,    1640,     839,  100.0,   46.4,   10.2,    0.1,   15.0,   52.8,    1.9,   24.2,   15.9,    2.2,    1.8,    1.3,    0.0,   91.5,   84.4,    8.5,   15.6,    133,     11,      5,.,     11,     40,     12,     21,     36,     11,      5,      4,      0,     60,     99,    46.8,    23.6,    66.2,    34.0,    46.8,    23.6,    65.2,    33.8,"(CONTRACTS OF GBP 62,500)",096742,CME ,096 ,F10,FutOnly
BRITISH POUND - CHICAGO MERCANTILE EXCHANGE,220726,2022-07-26,096742,CME ,00,096 ,  225889,  100153,   23607,     988,   35168,  120811,    3793,   56892,   35035,    4119,    7225,    3016,       0,  208338,  191369,   17551,   34520,   -2162,   -1674,   -1910,     -42,    -152,     259,     216,    1233,     790,    -971,    1559,   -2093,       0,     169,   -3751,   -2331,    1589,  100.0,   44.3,   10.5,    0.4,   15.6,   53.5,    1.7,   25.2,   15.5,    1.8,    3.2,    1.3,    0.0,   92.2,   84.7,    7.8,   15.3,    136,     11,      5,      4,     13,     39,     13,     21,     35,     13,      8,      4,      0,     67,     99,    47.1,    25.5,    64.7,    35.8,    47.1,    25.5,    64.4,    35.6,"(CONTRACTS OF GBP 62,500)",096742,CME ,096 ,F10,FutOnly
BRITISH POUND - CHICAGO MERCANTILE EXCHANGE,220719,2022-07-19,096742,CME ,00,096 ,  228051,  101827,   25517,    1030,   35320,  120552,    3577,   55659,   34245,    5090,    5666,    5109,       0,  208169,  195120,   19882,   32931,   -3894,   -6061,    1218,    -475,     484,    2385,    -149,    -413,   -4679,    1737,     100,   -1547,       0,   -4777,   -1510,     883,   -2384,  100.0,   44.7,   11.2,    0.5,   15.5,   52.9,    1.6,   24.4,   15.0,    2.2,    2.5,    2.2,    0.0,   91.3,   85.6,    8.7,   14.4,    135,     10,      7,      4,     13,     39,     10,     20,     36,     15,      5,      5,      0,     62,    102,    46.7,    25.0,    65.5,    35.2,    46.7,    25.0,    65.1,    35.1,"(CONTRACTS OF GBP 62,500)",096742,CME ,096 ,F10,FutOnly
BRITISH POUND - CHICAGO MERCANTILE EXCHANGE,220712,2022-07-12,096742,CME ,00,096 ,  231945,  107888,   24299,    1505,   34836,  118167,    3726,   56072,   38924,    3353,    5566,    6656,       0,  212946,  196630,   18999,   35315,   -8981,     606,    -764,    -361,   -2094,   -1635,     122,   -6048,   -1909,   -1012,   -1500,    -243,       0,  -10287,   -5802,    1306,   -3179,  100.0,   46.5,   10.5,    0.6,   15.0,   50.9,    1.6,   24.2,   16.8,    1.4,    2.4,    2.9,    0.0,   91.8,   84.8,    8.2,   15.2,    135,      9,      7,      5,     14,     38,     12,     23,     33,     14,      6,      5,      0,     66,    100,    47.0,    24.7,    66.4,    34.8,    47.0,    24.7,    66.1,    34.7,"(CONTRACTS OF GBP 62,500)",096742,CME ,096 ,F10,FutOnly
BRITISH POUND - CHICAGO MERCANTILE EXCHANGE,220705,2022-07-05,096742,CME ,00,096 ,  240926,  107282,   25063,    1866,   36930,  119802,    3604,   62120,   40833,    4365,    7066,    6899,       0,  223233,  202432,   17693,   38494,   12190,    5947,   -3267,     437,    1460,    6312,    -851,    2854,    5533,     505,    2200,     194,       0,   12552,    8863,    -362,    3327,  100.0,   44.5,   10.4,    0.8,   15.3,   49.7,    1.5,   25.8,   16.9,    1.8,    2.9,    2.9,    0.0,   92.7,   84.0,    7.3,   16.0,    133,      8,      6,.,     13,     38,     11,     23,     34,     13,      6,      5,      0,     61,     99,    45.1,    24.9,    63.2,    35.3,    45.1,    24.9,    63.0,    35.2,"(CONTRACTS OF GBP 62,500)",096742,CME ,096 ,F10,FutOnly
BRITISH POUND - CHICAGO MERCANTILE EXCHANGE,220628,2022-06-28,096742,CME ,00,096 ,  228736,  101335,   28330,    1429,   35470,  113490,    4455,   59266,   35300,    3860,    4866,    6705,       0,  210681,  193569,   18055,   35167,     470,   -6198,    4216,     293,    -783,   -1547,     -52,    4634,   -4797,    -544,    2800,     124,       0,     150,   -2307,     320,    2777,  100.0,   44.3,   12.4,    0.6,   15.5,   49.6,    1.9,   25.9,   15.4,    1.7,    2.1,    2.9,    0.0,   92.1,   84.6,    7.9,   15.4,    129,      7,      7,.,     15,     36,     13,     24,     31,     14,      4,      5,      0,     64,     95,    46.6,    26.0,    64.3,    36.2,    46.6,    26.0,    64.1,    36.1,"(CONTRACTS OF GBP 62,500)",096742,CME ,096 ,F10,FutOnly
BRITISH POUND - CHICAGO MERCANTILE EXCHANGE,220621,2022-06-21,096742,CME ,00,096 ,  228266,  107533,   24114,    1136,   36253,  115037,    4507,   54632,   40097,    4404,    2066,    6581,       0,  210531,  195876,   17735,   32390,  -10056,  -11767,    2801,      15,    2822,   -7858,     524,     958,   -1873,     282,       0,    -245,       0,   -7166,   -6354,   -2890,   -3702,  100.0,   47.1,   10.6,    0.5,   15.9,   50.4,    2.0,   23.9,   17.6,    1.9,    0.9,    2.9,    0.0,   92.2,   85.8,    7.8,   14.2,    127,      8,      6,.,     16,     35,     14,     22,     33,     14,.,      5,      0,     62,     96,    48.9,    25.3,    68.2,    35.4,    48.9,    25.3,    67.9,    35.2,"(CONTRACTS OF GBP 62,500)",096742,CME ,096 ,F10,FutOnly
BRITISH POUND - CHICAGO MERCANTILE EXCHANGE,220614,2022-06-14,096742,CME ,00,096 ,  238322,  119300,   21313,    1121,   33431,  122895,    3983,   53674,   41970,    4122,    2066,    6826,       0,  217697,  202230,   20625,   36092,  -20301,     114,  -12688,   -4985,   -1375,    6654,    -441,   -5339,   -5530,   -7298,       0,    -848,       0,  -19324,  -25136,    -977,    4835,  100.0,   50.1,    8.9,    0.5,   14.0,   51.6,    1.7,   22.5,   17.6,    1.7,    0.9,    2.9,    0.0,   91.3,   84.9,    8.7,   15.1,    128,      8,      5,.,     13,     41,     15,     21,     33,     17,.,      5,      0,     60,    102,    50.8,    25.0,    70.1,    34.5,    50.8,    25.0,    70.0,    34.4,"(CONTRACTS OF GBP 62,500)",096742,CME ,096 ,F10,FutOnly
BRITISH POUND - CHICAGO MERCANTILE EXCHANGE,220607,2022-06-07,096742,CME ,00,096 ,  258623,  119186,   34001,    6106,   34806,  116241,    4424,   59013,   47500,   11420,    2066,    7674,       0,  237021,  227366,   21602,   31257,    5742,    2068,    5387,      99,     367,   -1553,    -943,    2776,    2853,    -229,    -552,    1384,       0,    3586,    6998,    2156,   -1256,  100.0,   46.1,   13.1,    2.4,   13.5,   44.9,    1.7,   22.8,   18.4,    4.4,    0.8,    3.0,    0.0,   91.6,   87.9,    8.4,   12.1,    134,      7,      7,      7,     15,     36,     16,     22,     37,     16,.,      7,      0,     69,    104,    51.2,    27.1,    67.1,    35.4,    50.1,    26.9,    65.8,    35.2,"(CONTRACTS OF GBP 62,500)",096742,CME ,096 ,F10,FutOnly
BRITISH POUND - CHICAGO MERCANTILE EXCHANGE,220531,2022-05-31,096742,CME ,00,096 ,  252881,  117118,   28614,    6007,   34439,  117794,    5367,   56237,   44647,   11649,    2618,    6290,       0,  233435,  220368,   19446,   32513,    -983,  -11460,    2743,     494,     617,   -5744,    -481,    7336,     896,    3670,   -1498,     703,       0,   -1322,    2281,     339,   -3264,  100.0,   46.3,   11.3,    2.4,   13.6,   46.6,    2.1,   22.2,   17.7,    4.6,    1.0,    2.5,    0.0,   92.3,   87.1,    7.7,   12.9,    135,     10,      5,      5,     17,     35,     16,     25,     34,     18,      4,      5,      0,     75,     99,    50.5,    27.3,    66.9,    36.1,    49.2,    27.3,    65.4,    36.0,"(CONTRACTS OF GBP 62,500)",096742,CME ,096 ,F10,FutOnly
BRITISH POUND - CHICAGO MERCANTILE EXCHANGE,220524,2022-05-24,096742,CME ,00,096 ,  253864,  128578,   25871,    5513,   33822,  123538,    5848,   48901,   43751,    7979,    4116,    5587,       0,  234757,  218087,   19107,   35777,      53,    -268,    1229,    -121,    1484,   -2604,     -14,     466,    1040,     660,    -450,       0,       0,    1757,     190,   -1704,    -137,  100.0,   50.6,   10.2,    2.2,   13.3,   48.7,    2.3,   19.3,   17.2,    3.1,    1.6,    2.2,    0.0,   92.5,   85.9,    7.5,   14.1,    130,      9,      4,      4,     17,     36,     17,     20,     37,     15,      4,.,      0,     70,     96,    52.1,    28.0,    68.2,    36.7,    50.8,    28.0,    66.8,    36.6,"(CONTRACTS OF GBP 62,500)",096742,CME ,096 ,F10,FutOnly
BRITISH POUND - CHICAGO MERCANTILE EXCHANGE,220517,2022-05-17,096742,CME ,00,096 ,  253811,  128846,   24642,    5634,   32338,  126142,    5862,   48435,   42711,    7319,    4566,    5587,       0,  233000,  217897,   20811,   35914,  -10783,   -4955,   -4931,     -28,      62,   -2251,    1759,   -8935,   -5466,     440,     220,    -416,       0,  -11437,  -10893,     654,     110,  100.0,   50.8,    9.7,    2.2,   12.7,   49.7,    2.3,   19.1,   16.8,    2.9,    1.8,    2.2,    0.0,   91.8,   85.9,    8.2,   14.1,    131,      9,      4,      5,     13,     37,     15,     21,     38,     15,      5,.,      0,     65,    101,    52.1,    27.9,    67.9,    36.6,    50.8,    27.8,    66.5,    36.4,"(CONTRACTS OF GBP 62,500)",096742,CME ,096 ,F10,FutOnly
BRITISH POUND - CHICAGO MERCANTILE EXCHANGE,220510,2022-05-10,096742,CME ,00,096 ,  264594,  133801,   29573,    5662,   32276,  128393,    4103,   57370,   48177,    6879,    4346,    6003,       0,  244437,  228790,   20157,   35804,   -3902,    1334,     157,    1474,   -1634,   -5197,    1602,   -7030,   -2726,     760,      25,      27,       0,   -3469,   -3903,    -433,       1,  100.0,   50.6,   11.2,    2.1,   12.2,   48.5,    1.6,   21.7,   18.2,    2.6,    1.6,    2.3,    0.0,   92.4,   86.5,    7.6,   13.5,    137,      9,      4,      5,     11,     41,     14,     18,     45,     14,      5,      4,      0,     66,    104,    53.7,    28.3,    69.0,    36.6,    52.5,    28.3,    67.6,    36.5,"(CONTRACTS OF GBP 62,500)",096742,CME ,096 ,F10,FutOnly
BRITISH POUND - CHICAGO MERCANTILE EXCHANGE,220503,2022-05-03,096742,CME ,00,096 ,  268496,  132467,   29416,    4188,   33910,  133590,    2501,   64400,   50903,    6119,    4321,    5976,       0,  247906,  232693,   20590,   35803,   -4296,   -2827,   -1015,     643,     631,     819,     333,   -4138,   -2212,     904,     351,    -498,       0,   -4103,   -1026,    -193,   -3270,  100.0,   49.3,   11.0,    1.6,   12.6,   49.8,    0.9,   24.0,   19.0,    2.3,    1.6,    2.2,    0.0,   92.3,   86.7,    7.7,   13.3,    137,     10,      4,      5,     12,     40,     13,     22,     40,     14,      5,      4,      0,     64,    105,    51.9,    27.4,    66.9,    37.8,    50.7,    27.4,    65.6,    37.7,"(CONTRACTS OF GBP 62,500)",096742,CME ,096 ,F10,FutOnly
BRITISH POUND - CHICAGO MERCANTILE EXCHANGE,220426,2022-04-26,096742,CME ,00,096 ,  272792,  135294,   30431,    3545,   33279,  132771,    2168,   68538,   53115,    5215,    3970,    6474,       0,  252009,  233719,   20783,   39073,   23263,   18581,   -5115,     617,   -1882,   10937,    -625,    6166,   13875,     580,    1030,    -117,       0,   24467,   20152,   -1204,    3111,  100.0,   49.6,   11.2,    1.3,   12.2,   48.7,    0.8,   25.1,   19.5,    1.9,    1.5,    2.4,    0.0,   92.4,   85.7,    7.6,   14.3,    138,     10,.,      4,     13,     39,     15,     23,     40,     15,      5,      5,      0,     68,    104,    51.0,    27.3,    65.9,    37.4,    49.9,    27.3,    64.7,    37.2,"(CONTRACTS OF GBP 62,500)",096742,CME ,096 ,F10,FutOnly
BRITISH POUND - CHICAGO MERCANTILE EXCHANGE,220419,2022-04-19,096742,CME ,00,096 ,  249529,  116713,   35546,    2928,   35161,  121834,    2793,   62372,   39240,    4635,    2940,    6591,       0,  227542,  213567,   21987,   35962,    3377,     117,    -210,    -743,    1888,     719,    -118,     451,    5861,      -2,    -400,    -394,       0,    1193,    5113,    2184,   -1736,  100.0,   46.8,   14.2,    1.2,   14.1,   48.8,    1.1,   25.0,   15.7,    1.9,    1.2,    2.6,    0.0,   91.2,   85.6,    8.8,   14.4,    129,     11,.,.,     16,     35,     15,     25,     32,     13,.,      4,      0,     68,     92,    48.3,    31.3,    64.3,    40.3,    47.2,    31.2,    63.1,    40.2,"(CONTRACTS OF GBP 62,500)",096742,CME ,096 ,F10,FutOnly
BRITISH POUND - CHICAGO MERCANTILE EXCHANGE,220412,2022-04-12,096742,CME ,00,096 ,  246152,  116596,   35756,    3671,   33273,  121115,    2911,   61921,   33379,    4637,    3340,    6985,       0,  226349,  208454,   19803,   37698,    7886,    9898,   -1376,    -986,    1342,   11308,    -657,   -2480,    -288,   -1771,    2660,     -98,       0,    8006,    6132,    -120,    1754,  100.0,   47.4,   14.5,    1.5,   13.5,   49.2,    1.2,   25.2,   13.6,    1.9,    1.4,    2.8,    0.0,   92.0,   84.7,    8.0,   15.3,    127,     11,.,      4,     13,     35,     15,     25,     31,     14,      4,      4,      0,     69,     91,    49.1,    31.0,    65.4,    40.9,    47.8,    30.9,    63.9,    40.7,"(CONTRACTS OF GBP 62,500)",096742,CME ,096 ,F10,FutOnly
BRITISH POUND - CHICAGO MERCANTILE EXCHANGE,220405,2022-04-05,096742,CME ,00,096 ,  238266,  106698,   37132,    4657,   31931,  109807,    3568,   64401,   33667,    6408,     680,    7083,       0,  218343,  202322,   19923,   35944,   13901,   13985,     484,    -217,      26,   12957,     -54,    3524,    -458,    -228,       0,     470,    -871,   16165,   12083,   -2264,    1818,  100.0,   44.8,   15.6,    2.0,   13.4,   46.1,    1.5,   27.0,   14.1,    2.7,    0.3,    3.0,    0.0,   91.6,   84.9,    8.4,   15.1,    122,     11,.,      4,     11,     35,     16,     26,     30,     17,.,      5,      0,     64,     95,    48.3,    29.8,    65.1,    38.9,    46.9,    29.7,    63.5,    38.7,"(CONTRACTS OF GBP 62,500)",096742,CME ,096 ,F10,FutOnly
BRITISH POUND - CHICAGO MERCANTILE EXCHANGE,220329,2022-03-29,096742,CME ,00,096 ,  224365,   92713,   36648,    4874,   31905,   96850,    3622,   60877,   34125,    6636,     680,    6613,     871,  202178,  190239,   22187,   34126,   28653,    4419,   20073,     776,    -481,    5302,    -316,   20511,    -378,    1951,   -1078,    -419,       0,   25782,   26989,    2871,    1664,  100.0,   41.3,   16.3,    2.2,   14.2,   43.2,    1.6,   27.1,   15.2,    3.0,    0.3,    2.9,    0.4,   90.1,   84.8,    9.9,   15.2,    119,     10,.,      4,     11,     33,     14,     26,     30,     14,.,      4,.,     64,     88,    46.2,    30.0,    63.7,    39.5,    44.7,    29.8,    62.1,    39.4,"(CONTRACTS OF GBP 62,500)",096742,CME ,096 ,F10,FutOnly
BRITISH POUND - CHICAGO MERCANTILE EXCHANGE,220322,2022-03-22,096742,CME ,00,096 ,  195712,   88294,   16575,    4098,   32386,   91548,    3938,   40366,   34503,    4685,    1758,    7032,     871,  176396,  163250,   19316,   32462,    7389,    5689,    5318,     132,    -456,   -2576,    -415,    8523,    5874,   -1350,    -400,    -188,       0,   11723,    6795,   -4334,     594,  100.0,   45.1,    8.5,    2.1,   16.5,   46.8,    2.0,   20.6,   17.6,    2.4,    0.9,    3.6,    0.4,   90.1,   83.4,    9.9,   16.6,    122,      9,      4,      4,     10,     33,     14,     25,     34,     17,.,      5,.,     63,     95,    44.5,    21.8,    61.6,    32.3,    42.7,    21.8,    59.6,    32.3,"(CONTRACTS OF GBP 62,500)",096742,CME ,096 ,F10,FutOnly
BRITISH POUND - CHICAGO MERCANTILE EXCHANGE,220315,2022-03-15,096742,CME ,00,096 ,  188323,   82605,   11257,    3966,   32842,   94124,    4353,   31843,   28629,    6035,    2158,    7220,     871,  164673,  156455,   23650,   31868,  -57989,  -18787,  -29037,  -15620,   -1042,    -324,    -655,  -20231,   -5183,   -3828,    1600,     797,       0,  -58563,  -53850,     574,   -4139,  100.0,   43.9,    6.0,    2.1,   17.4,   50.0,    2.3,   16.9,   15.2,    3.2,    1.1,    3.8,    0.5,   87.4,   83.1,   12.6,   16.9,    119,     10,.,.,     13,     34,     14,     21,     29,     14,.,      6,.,     63,     88,    45.9,    20.3,    62.0,    30.5,    43.7,    20.2,    59.6,    30.4,"(CONTRACTS OF GBP 62,500)",096742,CME ,096 ,F10,FutOnly
BRITISH POUND - CHICAGO MERCANTILE EXCHANGE,220308,2022-03-08,096742,CME ,00,096 ,  246312,  101392,   40294,   19586,   33884,   94448,    5008,   52074,   33812,    9863,     558,    6423,     871,  223236,  210305,   23076,   36007,   34443,   15699,   -3822,   16220,     959,   19206,     178,    2431,    3498,    -501,   -1484,    -416,     416,   33918,   34779,     525,    -336,  100.0,   41.2,   16.4,    8.0,   13.8,   38.3,    2.0,   21.1,   13.7,    4.0,    0.2,    2.6,    0.4,   90.6,   85.4,    9.4,   14.6,    124,      5,      9,      7,     15,     32,     14,     22,     35,     20,.,      4,.,     69,     97,    52.4,    21.8,    65.3,    32.6,    49.2,    17.9,    60.1,    28.2,"(CONTRACTS OF GBP 62,500)",096742,CME ,096 ,F10,FutOnly
BRITISH POUND - CHICAGO MERCANTILE EXCHANGE,220301,2022-03-01,096742,CME ,00,096 ,  211869,   85693,   44116,    3366,   32925,   75242,    4830,   49643,   30314,   10364,    2042,    6839,     455,  189318,  175526,   22551,   36343,   23426,   20950,    4411,    -252,  -14746,    9105,     458,   16825,     803,    1339,       0,    -821,     455,   25029,   15498,   -1603,    7928,  100.0,   40.4,   20.8,    1.6,   15.5,   35.5,    2.3,   23.4,   14.3,    4.9,    1.0,    3.2,    0.2,   89.4,   82.8,   10.6,   17.2,    124,      6,      8,      4,     12,     31,     13,     30,     30,     19,.,      4,.,     69,     92,    51.1,    19.5,    62.1,    29.2,    50.4,    19.4,    60.2,    28.9,"(CONTRACTS OF GBP 62,500)",096742,CME ,096 ,F10,FutOnly
BRITISH POUND - CHICAGO MERCANTILE EXCHANGE,220222,2022-02-22,096742,CME ,00,096 ,  188443,   64743,   39705,    3618,   47671,   66137,    4372,   32818,   29511,    9025,    2042,    7660,       0,  164289,  160028,   24154,   28415,   -6859,    -909,   -4240,     292,   -1297,   -3182,     212,   -5491,     575,     437,       0,       0,       0,   -6756,   -5906,    -103,    -953,  100.0,   34.4,   21.1,    1.9,   25.3,   35.1,    2.3,   17.4,   15.7,    4.8,    1.1,    4.1,    0.0,   87.2,   84.9,   12.8,   15.1,    118,      5,      9,      4,     17,     28,     12,     25,     26,     18,.,      5,      0,     69,     83,    49.2,    17.1,    60.7,    30.0,    48.7,    17.0,    60.0,    29.3,"(CONTRACTS OF GBP 62,500)",096742,CME ,096 ,F10,FutOnly
BRITISH POUND - CHICAGO MERCANTILE EXCHANGE,220215,2022-02-15,096742,CME ,00,096 ,  195302,   65652,   43945,    3326,   48968,   69319,    4160,   38309,   28936,    8588,    2042,    7660,       0,  171045,  165934,   24257,   29368,   -2646,   -3319,    5805,    -514,    2295,   -3703,   -1303,    2907,   -4562,     -18,       0,      10,       0,      48,   -4285,   -2694,    1639,  100.0,   33.6,   22.5,    1.7,   25.1,   35.5,    2.1,   19.6,   14.8,    4.4,    1.0,    3.9,    0.0,   87.6,   85.0,   12.4,   15.0,    121,      5,      9,      4,     19,     28,     11,     25,     27,     15,.,      5,      0,     68,     83,    46.6,    19.6,    59.4,    32.9,    46.2,    19.4,    58.8,    32.1,"(CONTRACTS OF GBP 62,500)",096742,CME ,096 ,F10,FutOnly
BRITISH POUND - CHICAGO MERCANTILE EXCHANGE,220208,2022-02-08,096742,CME ,00,096 ,  197948,   68971,   38140,    3840,   46673,   73022,    5463,   35402,   33498,    8606,    2042,    7650,       0,  170997,  170219,   26951,   27729,   13941,   -7623,   12199,    1367,   10498,   -6427,     949,    3069,    5497,    3839,    -264,   -1081,       0,   11835,   16343,    2106,   -2402,  100.0,   34.8,   19.3,    1.9,   23.6,   36.9,    2.8,   17.9,   16.9,    4.3,    1.0,    3.9,    0.0,   86.4,   86.0,   13.6,   14.0,    120,      6,      8,      4,     16,     30,     15,     23,     29,     15,.,      5,      0,     70,     84,    47.0,    18.1,    59.1,    31.2,    46.3,    18.0,    58.2,    30.5,"(CONTRACTS OF GBP 62,500)",096742,CME ,096 ,F10,FutOnly
BRITISH POUND STERLING - CHICAGO MERCANTILE EXCHANGE,220201,2022-02-01,096742,CME ,00,096 ,  184007,   76594,   25941,    2473,   36175,   79449,    4514,   32333,   28001,    4767,    2306,    8731,       0,  159162,  153876,   24845,   30131,    1967,    6847,   -2417,    -254,   -3029,    8347,     -16,   -1792,    -419,     275,       0,     308,       0,    2031,    5824,     -64,   -3857,  100.0,   41.6,   14.1,    1.3,   19.7,   43.2,    2.5,   17.6,   15.2,    2.6,    1.3,    4.7,    0.0,   86.5,   83.6,   13.5,   16.4,    124,      7,      7,      4,     16,     31,     14,     26,     27,     14,.,      7,      0,     68,     88,    50.5,    16.2,    59.8,    27.5,    49.8,    16.1,    59.0,    27.4,"(CONTRACTS OF GBP 62,500)",096742,CME ,096 ,F10,FutOnly
BRITISH POUND STERLING - CHICAGO MERCANTILE EXCHANGE,220125,2022-01-25,096742,CME ,00,096 ,  182040,   69747,   28358,    2727,   39204,   71102,    4530,   34125,   28420,    4492,    2306,    8423,       0,  157131,  148052,   24909,   33988,   -1194,    6246,  -12532,      -3,   -6868,    6233,     859,    2489,    -109,   -1259,   -1300,     497,       0,     164,   -6314,   -1358,    5120,  100.0,   38.3,   15.6,    1.5,   21.5,   39.1,    2.5,   18.7,   15.6,    2.5,    1.3,    4.6,    0.0,   86.3,   81.3,   13.7,   18.7,    119,      7,      7,      4,     13,     31,     13,     29,     23,     14,.,      6,      0,     66,     84,    48.5,    21.3,    58.4,    33.2,    47.6,    21.2,    57.5,    32.1,"(CONTRACTS OF GBP 62,500)",096742,CME ,096 ,F10,FutOnly
BRITISH POUND STERLING - CHICAGO MERCANTILE EXCHANGE,220118,2022-01-18,096742,CME ,00,096 ,  183234,   63501,   40890,    2730,   46072,   64869,    3671,   31636,   28529,    5751,    3606,    7926,       0,  156967,  154366,   26267,   28868,  -17259,  -28064,    5356,    -256,    7424,  -12545,    -566,   -2139,   -9417,    2924,      -3,      89,       0,  -20680,  -14415,    3421,   -2844,  100.0,   34.7,   22.3,    1.5,   25.1,   35.4,    2.0,   17.3,   15.6,    3.1,    2.0,    4.3,    0.0,   85.7,   84.2,   14.3,   15.8,    116,      5,     10,      4,     17,     29,      9,     21,     25,     12,      4,      5,      0,     59,     82,    45.6,    22.6,    57.4,    33.3,    44.8,    22.4,    56.6,    33.2,"(CONTRACTS OF GBP 62,500)",096742,CME ,096 ,F10,FutOnly
BRITISH POUND STERLING - CHICAGO MERCANTILE EXCHANGE,220111,2022-01-11,096742,CME ,00,096 ,  200493,   91565,   35534,    2986,   38648,   77414,    4237,   33775,   37946,    2827,    3609,    7837,       0,  177647,  168781,   22846,   31712,     486,   -5162,    8201,    -853,    2617,   -7711,    -241,    2581,    1087,    -732,       3,     -59,       0,   -1787,    -308,    2273,     794,  100.0,   45.7,   17.7,    1.5,   19.3,   38.6,    2.1,   16.8,   18.9,    1.4,    1.8,    3.9,    0.0,   88.6,   84.2,   11.4,   15.8,    125,      6,      9,      4,     16,     31,     13,     25,     28,     13,      5,      5,      0,     66,     89,    53.7,    18.7,    62.7,    29.3,    52.4,    18.5,    61.5,    28.8,"(CONTRACTS OF GBP 62,500)",096742,CME ,096 ,F10,FutOnly
BRITISH POUND STERLING - CHICAGO MERCANTILE EXCHANGE,220104,2022-01-04,096742,CME ,00,096 ,  200007,   96727,   27333,    3839,   36031,   85125,    4478,   31194,   36859,    3559,    3606,    7896,       0,  179434,  169089,   20573,   30918,   -5371,  -12536,    6675,      89,    2912,   -8144,     474,    5373,   -3022,     -65,       0,    -723,       0,   -3753,   -4716,   -1618,    -655,  100.0,   48.4,   13.7,    1.9,   18.0,   42.6,    2.2,   15.6,   18.4,    1.8,    1.8,    3.9,    0.0,   89.7,   84.5,   10.3,   15.5,    125,      7,      8,      4,     16,     32,     13,     25,     28,     16,      4,      5,      0,     67,     91,    55.7,    19.9,    64.9,    29.9,    54.4,    19.8,    63.6,    29.8,"(CONTRACTS OF GBP 62,500)",096742,CME ,096 ,F10,FutOnly
JAPANESE YEN - CHICAGO MERCANTILE EXCHANGE,221227,2022-12-27,097741,CME ,00,097 ,  173136,   60729,    7411,     514,   53316,   77069,    3303,   28810,   49437,    2445,    1032,    1699,       0,  150149,  141878,   22987,   31258,   -8898,   -3308,    1848,     242,    -271,  -10766,      31,   -5025,   -2805,    1338,    1032,     722,       0,   -5961,   -9390,   -2937,     492,  100.0,   35.1,    4.3,    0.3,   30.8,   44.5,    1.9,   16.6,   28.6,    1.4,    0.6,    1.0,    0.0,   86.7,   81.9,   13.3,   18.1,    113,      8,      7,.,     17,     23,     15,     17,     35,     13,.,      4,      0,     61,     83,    44.8,    34.9,    58.9,    46.7,    44.7,    34.7,    58.8,    46.0,"(CONTRACTS OF JPY 12,500,000)",097741,CME ,097 ,F10,FutOnly
JAPANESE YEN - CHICAGO MERCANTILE EXCHANGE,221220,2022-12-20,097741,CME ,00,097 ,  182034,   64037,    5563,     272,   53587,   87835,    3272,   33835,   52242,    1107,       0,     977,       0,  156110,  151268,   25924,   30766,  -44930,  -27799,  -12637,  -14030,    2728,   -6332,     330,   12082,    6801,  -16679,    -774,    -596,     -44,  -44186,  -43187,    -744,   -1743,  100.0,   35.2,    3.1,    0.1,   29.4,   48.3,    1.8,   18.6,   28.7,    0.6,    0.0,    0.5,    0.0,   85.8,   83.1,   14.2,   16.9,    111,     11,      4,.,     20,     24,     15,     19,     30,     11,      0,.,      0,     62,     77,    42.3,    35.8,    54.5,    50.2,    42.2,    35.7,    54.4,    49.8,"(CONTRACTS OF JPY 12,500,000)",097741,CME ,097 ,F10,FutOnly
JAPANESE YEN - CHICAGO MERCANTILE EXCHANGE,221213,2022-12-13,097741,CME ,00,097 ,  226964,   91836,   18200,   14302,   50859,   94167,    2942,   21753,   45441,   17786,     774,    1573,      44,  200296,  194455,   26668,   32509,    3540,  -15682,   -4037,   12701,   -4633,   -4095,    -271,   -2074,  -10820,   11733,     -50,    -122,      44,    1768,    5133,    1772,   -1593,  100.0,   40.5,    8.0,    6.3,   22.4,   41.5,    1.3,    9.6,   20.0,    7.8,    0.3,    0.7,    0.0,   88.3,   85.7,   11.7,   14.3,    112,     11,      5,      8,     17,     28,     15,     16,     30,     10,.,.,.,     60,     86,    47.0,    37.1,    59.6,    50.9,    42.6,    33.8,    52.2,    44.5,"(CONTRACTS OF JPY 12,500,000)",097741,CME ,097 ,F10,FutOnly
JAPANESE YEN - CHICAGO MERCANTILE EXCHANGE,221206,2022-12-06,097741,CME ,00,097 ,  223424,  107518,   22237,    1601,   55492,   98262,    3213,   23827,   56261,    6053,     824,    1695,       0,  198528,  189322,   24896,   34102,   -4904,   -1803,    5324,     865,   -3494,  -10574,   -1074,   -1129,     978,    2011,   -2773,    1142,       0,   -7397,   -1328,    2493,   -3576,  100.0,   48.1,   10.0,    0.7,   24.8,   44.0,    1.4,   10.7,   25.2,    2.7,    0.4,    0.8,    0.0,   88.9,   84.7,   11.1,   15.3,    120,     13,      5,      6,     18,     29,     14,     13,     36,     13,.,      4,      0,     63,     90,    46.2,    35.2,    61.4,    46.4,    46.0,    35.1,    61.0,    46.3,"(CONTRACTS OF JPY 12,500,000)",097741,CME ,097 ,F10,FutOnly
JAPANESE YEN - CHICAGO MERCANTILE EXCHANGE,221129,2022-11-29,097741,CME ,00,097 ,  228328,  109321,   16913,     736,   58986,  108836,    4287,   24956,   55283,    4042,    3597,     553,       0,  205925,  190650,   22403,   37678,     893,    3273,     483,      33,     661,   -2922,     172,   -4073,     297,    1880,     116,     100,     -39,    2023,       4,   -1130,     889,  100.0,   47.9,    7.4,    0.3,   25.8,   47.7,    1.9,   10.9,   24.2,    1.8,    1.6,    0.2,    0.0,   90.2,   83.5,    9.8,   16.5,    125,     12,      4,      4,     21,     29,     16,     12,     41,     14,      4,.,      0,     67,     92,    44.5,    33.8,    62.5,    47.2,    44.3,    33.6,    62.2,    47.0,"(CONTRACTS OF JPY 12,500,000)",097741,CME ,097 ,F10,FutOnly
JAPANESE YEN - CHICAGO MERCANTILE EXCHANGE,221122,2022-11-22,097741,CME ,00,097 ,  227435,  106048,   16430,     703,   58325,  111758,    4115,   29029,   54986,    2162,    3481,     453,      39,  203902,  190646,   23533,   36789,   -5911,   -2098,    3754,     -14,    1888,   -8080,     646,   -4833,    -583,    -991,      19,   -2000,       0,   -5383,   -7268,    -528,    1357,  100.0,   46.6,    7.2,    0.3,   25.6,   49.1,    1.8,   12.8,   24.2,    1.0,    1.5,    0.2,    0.0,   89.7,   83.8,   10.3,   16.2,    114,     11,      5,      4,     18,     27,     16,     12,     35,      9,.,.,.,     61,     83,    45.5,    34.3,    63.3,    48.3,    45.4,    34.2,    63.1,    48.2,"(CONTRACTS OF JPY 12,500,000)",097741,CME ,097 ,F10,FutOnly
JAPANESE YEN - CHICAGO MERCANTILE EXCHANGE,221115,2022-11-15,097741,CME ,00,097 ,  233346,  108146,   12676,     717,   56437,  119838,    3469,   33862,   55569,    3153,    3462,    2453,      39,  209285,  197914,   24061,   35432,  -18032,  -10295,    7283,     113,     580,  -13641,    -324,   -3820,   -5907,   -1257,    -667,     414,      39,  -15631,  -13280,   -2401,   -4752,  100.0,   46.3,    5.4,    0.3,   24.2,   51.4,    1.5,   14.5,   23.8,    1.4,    1.5,    1.1,    0.0,   89.7,   84.8,   10.3,   15.2,    116,     11,.,      4,     19,     29,     14,     16,     31,     14,.,      4,.,     65,     84,    44.2,    34.6,    61.9,    48.2,    44.1,    34.5,    61.7,    48.1,"(CONTRACTS OF JPY 12,500,000)",097741,CME ,097 ,F10,FutOnly
JAPANESE YEN - CHICAGO MERCANTILE EXCHANGE,221108,2022-11-08,097741,CME ,00,097 ,  251378,  118441,    5393,     604,   55857,  133479,    3793,   37682,   61476,    4410,    4129,    2039,       0,  224916,  211194,   26462,   40184,   -7528,   -6553,   -2368,     -35,   -1052,   -2656,    -187,   -2564,    -877,    -691,     113,     277,       0,  -10969,   -6537,    3441,    -991,  100.0,   47.1,    2.1,    0.2,   22.2,   53.1,    1.5,   15.0,   24.5,    1.8,    1.6,    0.8,    0.0,   89.5,   84.0,   10.5,   16.0,    125,     11,.,.,     18,     30,     17,     17,     38,     15,      4,      5,      0,     67,     93,    44.8,    34.3,    62.2,    48.1,    44.8,    34.2,    62.0,    47.9,"(CONTRACTS OF JPY 12,500,000)",097741,CME ,097 ,F10,FutOnly
JAPANESE YEN - CHICAGO MERCANTILE EXCHANGE,221101,2022-11-01,097741,CME ,00,097 ,  258906,  124994,    7761,     639,   56909,  136135,    3980,   40246,   62353,    5101,    4016,    1762,       0,  235885,  217731,   23021,   41175,  -13691,   -7688,    4668,     138,   -2880,   -3361,   -1821,    -259,  -11979,    1956,    -603,   -3448,       0,  -11157,  -13847,   -2534,     156,  100.0,   48.3,    3.0,    0.2,   22.0,   52.6,    1.5,   15.5,   24.1,    2.0,    1.6,    0.7,    0.0,   91.1,   84.1,    8.9,   15.9,    130,     11,.,.,     18,     32,     19,     20,     37,     15,      5,      4,      0,     71,     95,    47.0,    33.4,    63.3,    47.4,    47.0,    33.2,    63.2,    47.2,"(CONTRACTS OF JPY 12,500,000)",097741,CME ,097 ,F10,FutOnly
JAPANESE YEN - CHICAGO MERCANTILE EXCHANGE,221025,2022-10-25,097741,CME ,00,097 ,  272597,  132682,    3093,     501,   59789,  139496,    5801,   40505,   74332,    3145,    4619,    5210,       0,  247042,  231578,   25555,   41019,    8332,    4577,    1989,     241,   -1552,    3142,     113,    6178,     770,     206,    -495,    3848,       0,    9268,   10309,    -936,   -1977,  100.0,   48.7,    1.1,    0.2,   21.9,   51.2,    2.1,   14.9,   27.3,    1.2,    1.7,    1.9,    0.0,   90.6,   85.0,    9.4,   15.0,    139,     12,.,.,     20,     31,     20,     19,     44,     13,      6,      4,      0,     73,    102,    46.3,    33.4,    61.1,    45.7,    46.3,    33.2,    61.0,    45.4,"(CONTRACTS OF JPY 12,500,000)",097741,CME ,097 ,F10,FutOnly
JAPANESE YEN - CHICAGO MERCANTILE EXCHANGE,221018,2022-10-18,097741,CME ,00,097 ,  264265,  128105,    1104,     260,   61341,  136354,    5688,   34327,   73562,    2939,    5114,    1362,       0,  237774,  221269,   26491,   42996,   19258,   15258,     567,      -6,     763,   10320,     299,   -1100,    7496,     679,    1400,   -1511,       0,   17293,   17844,    1965,    1414,  100.0,   48.5,    0.4,    0.1,   23.2,   51.6,    2.2,   13.0,   27.8,    1.1,    1.9,    0.5,    0.0,   90.0,   83.7,   10.0,   16.3,    133,     13,.,.,     20,     29,     20,     18,     40,     11,      7,      4,      0,     74,     92,    45.7,    32.5,    58.3,    45.5,    45.7,    32.4,    58.0,    45.4,"(CONTRACTS OF JPY 12,500,000)",097741,CME ,097 ,F10,FutOnly
JAPANESE YEN - CHICAGO MERCANTILE EXCHANGE,221011,2022-10-11,097741,CME ,00,097 ,  245007,  112847,     537,     266,   60578,  126034,    5389,   35427,   66066,    2260,    3714,    2873,       0,  220481,  203425,   24526,   41582,    1718,    5292,   -3505,      27,   -1054,   -3682,     822,    -593,    5317,   -1157,     621,     781,       0,    3958,   -1397,   -2240,    3115,  100.0,   46.1,    0.2,    0.1,   24.7,   51.4,    2.2,   14.5,   27.0,    0.9,    1.5,    1.2,    0.0,   90.0,   83.0,   10.0,   17.0,    125,     11,.,.,     20,     28,     19,     19,     36,     10,      4,      4,      0,     70,     86,    46.4,    31.5,    58.9,    44.8,    46.3,    31.4,    58.3,    44.7,"(CONTRACTS OF JPY 12,500,000)",097741,CME ,097 ,F10,FutOnly
JAPANESE YEN - CHICAGO MERCANTILE EXCHANGE,221004,2022-10-04,097741,CME ,00,097 ,  243289,  107555,    4042,     239,   61632,  129716,    4567,   36020,   60749,    3417,    3093,    2092,       0,  216523,  204822,   26766,   38467,   -1366,  -15911,     819,       5,     620,   -3527,    -107,    8755,    2528,    -649,     631,     651,       0,   -6656,    -280,    5290,   -1086,  100.0,   44.2,    1.7,    0.1,   25.3,   53.3,    1.9,   14.8,   25.0,    1.4,    1.3,    0.9,    0.0,   89.0,   84.2,   11.0,   15.8,    131,     11,.,.,     21,     29,     18,     22,     36,     14,      5,      4,      0,     79,     85,    45.6,    32.8,    59.3,    46.3,    45.6,    32.7,    58.8,    46.1,"(CONTRACTS OF JPY 12,500,000)",097741,CME ,097 ,F10,FutOnly
JAPANESE YEN - CHICAGO MERCANTILE EXCHANGE,220927,2022-09-27,097741,CME ,00,097 ,  244655,  123466,    3223,     234,   61012,  133243,    4674,   27265,   58221,    4066,    2462,    1441,       0,  223179,  205102,   21476,   39553,   -6237,    4235,    2486,     118,    1918,   -6953,   -2979,   -7541,   -1099,    1198,   -2325,       9,       0,   -5376,   -7220,    -861,     983,  100.0,   50.5,    1.3,    0.1,   24.9,   54.5,    1.9,   11.1,   23.8,    1.7,    1.0,    0.6,    0.0,   91.2,   83.8,    8.8,   16.2,    128,     11,.,.,     20,     29,     18,     17,     41,     12,.,      4,      0,     69,     90,    49.7,    32.6,    63.9,    47.2,    49.6,    32.5,    63.5,    47.0,"(CONTRACTS OF JPY 12,500,000)",097741,CME ,097 ,F10,FutOnly
JAPANESE YEN - CHICAGO MERCANTILE EXCHANGE,220920,2022-09-20,097741,CME ,00,097 ,  250892,  119231,     737,     116,   59094,  140196,    7653,   34806,   59320,    2868,    4787,    1432,       0,  228555,  212322,   22337,   38570,  -30824,  -21553,   -3498,  -20365,    1758,    3344,   -1294,   13174,   -5089,   -1761,     226,     222,    -160,  -29975,  -28601,    -849,   -2223,  100.0,   47.5,    0.3,    0.0,   23.6,   55.9,    3.1,   13.9,   23.6,    1.1,    1.9,    0.6,    0.0,   91.1,   84.6,    8.9,   15.4,    129,     11,.,.,     19,     31,     18,     20,     34,     11,      7,      4,      0,     73,     86,    47.9,    32.8,    61.5,    49.7,    47.8,    32.6,    61.4,    48.5,"(CONTRACTS OF JPY 12,500,000)",097741,CME ,097 ,F10,FutOnly
JAPANESE YEN - CHICAGO MERCANTILE EXCHANGE,220913,2022-09-13,097741,CME ,00,097 ,  281716,  140784,    4235,   20481,   57336,  136852,    8947,   21632,   64409,    4629,    4561,    1210,     160,  258530,  240923,   23186,   40793,     450,    9573,    -965,    6706,    5982,    1004,    -603,  -16774,    1693,   -4997,    1326,     248,     160,    1373,    3246,    -923,   -2796,  100.0,   50.0,    1.5,    7.3,   20.4,   48.6,    3.2,    7.7,   22.9,    1.6,    1.6,    0.4,    0.1,   91.8,   85.5,    8.2,   14.5,    135,     12,      4,      6,     21,     30,     20,     19,     37,     14,      7,      4,.,     81,     95,    47.3,    27.6,    63.5,    45.5,    47.3,    27.4,    59.2,    42.3,"(CONTRACTS OF JPY 12,500,000)",097741,CME ,097 ,F10,FutOnly
JAPANESE YEN - CHICAGO MERCANTILE EXCHANGE,220906,2022-09-06,097741,CME ,00,097 ,  281266,  131211,    5200,   13775,   51354,  135848,    9550,   38406,   62716,    9626,    3235,     962,       0,  257157,  237677,   24109,   43589,   34236,   15075,  -11305,   12692,    1933,   13877,     -65,   -3051,   11768,    4360,     619,     512,       0,   31563,   31839,    2673,    2397,  100.0,   46.7,    1.8,    4.9,   18.3,   48.3,    3.4,   13.7,   22.3,    3.4,    1.2,    0.3,    0.0,   91.4,   84.5,    8.6,   15.5,    130,     11,      5,.,     21,     31,     17,     21,     33,     13,      4,      4,      0,     74,     89,    43.8,    28.0,    57.0,    44.8,    43.2,    27.9,    54.2,    41.6,"(CONTRACTS OF JPY 12,500,000)",097741,CME ,097 ,F10,FutOnly
JAPANESE YEN - CHICAGO MERCANTILE EXCHANGE,220830,2022-08-30,097741,CME ,00,097 ,  247030,  116136,   16505,    1083,   49421,  121971,    9615,   41457,   50948,    5266,    2616,     450,       0,  225594,  205838,   21436,   41192,    4898,    2330,   -6563,     171,    -400,     932,    2902,   -1104,     450,    1618,      92,       0,       0,    5609,    -490,    -711,    5388,  100.0,   47.0,    6.7,    0.4,   20.0,   49.4,    3.9,   16.8,   20.6,    2.1,    1.1,    0.2,    0.0,   91.3,   83.3,    8.7,   16.7,    128,     10,      6,      6,     21,     31,     17,     22,     32,     11,.,.,      0,     73,     89,    49.6,    28.9,    61.2,    44.4,    49.3,    28.7,    60.9,    44.3,"(CONTRACTS OF JPY 12,500,000)",097741,CME ,097 ,F10,FutOnly
JAPANESE YEN - CHICAGO MERCANTILE EXCHANGE,220823,2022-08-23,097741,CME ,00,097 ,  242132,  113806,   23068,     912,   49821,  121039,    6713,   42561,   50498,    3648,    2524,     450,       0,  219985,  206328,   22147,   35804,   13435,    5650,  -19637,    -240,    -970,   26964,    1370,    5655,    4825,    1898,    -610,   -2996,       0,   12753,   12184,     682,    1251,  100.0,   47.0,    9.5,    0.4,   20.6,   50.0,    2.8,   17.6,   20.9,    1.5,    1.0,    0.2,    0.0,   90.9,   85.2,    9.1,   14.8,    121,     10,      6,      5,     21,     29,     16,     22,     27,      9,.,.,      0,     71,     80,    51.6,    30.0,    63.3,    47.9,    51.6,    29.9,    63.3,    47.7,"(CONTRACTS OF JPY 12,500,000)",097741,CME ,097 ,F10,FutOnly
JAPANESE YEN - CHICAGO MERCANTILE EXCHANGE,220816,2022-08-16,097741,CME ,00,097 ,  228697,  108156,   42705,    1152,   50791,   94075,    5343,   36906,   45673,    1750,    3134,    3446,       0,  207232,  194144,   21465,   34553,    2863,    -767,   -3463,     544,     897,    2881,      38,    1888,    -407,   -1339,    1115,    2996,       0,    2376,    1250,     487,    1613,  100.0,   47.3,   18.7,    0.5,   22.2,   41.1,    2.3,   16.1,   20.0,    0.8,    1.4,    1.5,    0.0,   90.6,   84.9,    9.4,   15.1,    118,      7,      9,      5,     22,     28,     16,     18,     25,     10,      4,      5,      0,     68,     81,    55.2,    31.5,    66.9,    48.4,    55.2,    31.3,    66.8,    48.2,"(CONTRACTS OF JPY 12,500,000)",097741,CME ,097 ,F10,FutOnly
JAPANESE YEN - CHICAGO MERCANTILE EXCHANGE,220809,2022-08-09,097741,CME ,00,097 ,  225834,  108923,   46168,     608,   49894,   91194,    5305,   35018,   46080,    3089,    2019,     450,       0,  204856,  192894,   20978,   32940,  -10903,   -4050,    2089,     388,     683,    -177,     701,   -4364,  -13225,    -770,     889,      10,       0,   -6523,  -10984,   -4380,      81,  100.0,   48.2,   20.4,    0.3,   22.1,   40.4,    2.3,   15.5,   20.4,    1.4,    0.9,    0.2,    0.0,   90.7,   85.4,    9.3,   14.6,    114,      8,      9,.,     20,     29,     16,     15,     27,     13,.,.,      0,     65,     81,    56.5,    33.1,    68.1,    49.4,    56.5,    32.9,    68.1,    49.3,"(CONTRACTS OF JPY 12,500,000)",097741,CME ,097 ,F10,FutOnly
JAPANESE YEN - CHICAGO MERCANTILE EXCHANGE,220802,2022-08-02,097741,CME ,00,097 ,  236737,  112973,   44079,     220,   49211,   91371,    4604,   39382,   59305,    3859,    1130,     440,       0,  211379,  203878,   25358,   32859,    7518,    -924,   27240,      72,    2705,  -16861,    -760,    4769,    -135,    1072,   -1103,      -6,       0,    5831,   10622,    1687,   -3104,  100.0,   47.7,   18.6,    0.1,   20.8,   38.6,    1.9,   16.6,   25.1,    1.6,    0.5,    0.2,    0.0,   89.3,   86.1,   10.7,   13.9,    123,     10,      7,      4,     22,     29,     14,     18,     32,     10,.,.,      0,     66,     85,    54.1,    29.5,    65.4,    45.8,    54.1,    29.3,    65.4,    45.7,"(CONTRACTS OF JPY 12,500,000)",097741,CME ,097 ,F10,FutOnly
JAPANESE YEN - CHICAGO MERCANTILE EXCHANGE,220726,2022-07-26,097741,CME ,00,097 ,  229219,  113897,   16839,     148,   46506,  108232,    5364,   34613,   59440,    2787,    2233,     446,       0,  205548,  193256,   23671,   35963,    -230,   -2162,    3179,      71,   -3660,   -1038,   -1537,    6917,    1396,      89,     877,       0,       0,     595,    2160,    -825,   -2390,  100.0,   49.7,    7.3,    0.1,   20.3,   47.2,    2.3,   15.1,   25.9,    1.2,    1.0,    0.2,    0.0,   89.7,   84.3,   10.3,   15.7,    126,     11,      5,.,     20,     32,     16,     16,     36,     11,.,.,      0,     66,     90,    54.8,    28.0,    66.9,    45.9,    54.8,    27.9,    66.9,    45.8,"(CONTRACTS OF JPY 12,500,000)",097741,CME ,097 ,F10,FutOnly
JAPANESE YEN - CHICAGO MERCANTILE EXCHANGE,220719,2022-07-19,097741,CME ,00,097 ,  229449,  116059,   13660,      77,   50166,  109270,    6901,   27696,   58044,    2698,    1356,     446,       0,  204953,  191096,   24496,   38353,    5910,    -106,   -1327,    -103,   -2891,    6891,    2642,    5874,   -1264,   -1005,     150,     -61,       0,    4561,    5773,    1349,     137,  100.0,   50.6,    6.0,    0.0,   21.9,   47.6,    3.0,   12.1,   25.3,    1.2,    0.6,    0.2,    0.0,   89.3,   83.3,   10.7,   16.7,    124,     11,      5,.,     20,     32,     17,     13,     38,     11,.,.,      0,     64,     90,    53.7,    28.4,    65.8,    46.1,    53.7,    28.3,    65.8,    46.0,"(CONTRACTS OF JPY 12,500,000)",097741,CME ,097 ,F10,FutOnly
JAPANESE YEN - CHICAGO MERCANTILE EXCHANGE,220712,2022-07-12,097741,CME ,00,097 ,  223539,  116165,   14987,     180,   53057,  102379,    4259,   21822,   59308,    3703,    1206,     507,       0,  200392,  185323,   23147,   38216,    5867,    -550,    1697,     -16,   14604,    1625,   -1339,   -4293,    1185,    1116,   -1350,   -1547,       0,    8172,    2721,   -2305,    3146,  100.0,   52.0,    6.7,    0.1,   23.7,   45.8,    1.9,    9.8,   26.5,    1.7,    0.5,    0.2,    0.0,   89.6,   82.9,   10.4,   17.1,    128,     11,      5,      4,     21,     30,     17,     16,     39,     10,.,      4,      0,     67,     92,    52.8,    28.4,    65.7,    45.3,    52.8,    28.3,    65.6,    45.2,"(CONTRACTS OF JPY 12,500,000)",097741,CME ,097 ,F10,FutOnly
JAPANESE YEN - CHICAGO MERCANTILE EXCHANGE,220705,2022-07-05,097741,CME ,00,097 ,  217672,  116715,   13290,     196,   38453,  100754,    5598,   26115,   58123,    2587,    2556,    2054,       0,  192220,  182602,   25452,   35070,    3905,   -1389,    6285,      22,    -526,    4530,     -29,    1841,   -3611,     267,     646,    -925,       0,     832,    6539,    3073,   -2634,  100.0,   53.6,    6.1,    0.1,   17.7,   46.3,    2.6,   12.0,   26.7,    1.2,    1.2,    0.9,    0.0,   88.3,   83.9,   11.7,   16.1,    128,     10,      6,      4,     15,     30,     16,     22,     37,     12,      5,.,      0,     70,     90,    52.5,    29.6,    63.8,    45.6,    52.5,    29.5,    63.7,    45.3,"(CONTRACTS OF JPY 12,500,000)",097741,CME ,097 ,F10,FutOnly
JAPANESE YEN - CHICAGO MERCANTILE EXCHANGE,220628,2022-06-28,097741,CME ,00,097 ,  213767,  118104,    7005,     174,   38979,   96224,    5627,   24274,   61734,    2320,    1910,    2979,       0,  191388,  176063,   22379,   37704,   -4309,   -3655,    -449,      -3,     107,      30,    -106,    1841,   -5058,      57,   -1830,    2510,       0,   -3589,   -3019,    -720,   -1290,  100.0,   55.2,    3.3,    0.1,   18.2,   45.0,    2.6,   11.4,   28.9,    1.1,    0.9,    1.4,    0.0,   89.5,   82.4,   10.5,   17.6,    128,     10,      4,.,     16,     29,     16,     18,     43,     13,.,      5,      0,     63,     97,    53.6,    28.7,    65.3,    42.5,    53.5,    28.5,    65.2,    41.6,"(CONTRACTS OF JPY 12,500,000)",097741,CME ,097 ,F10,FutOnly
JAPANESE YEN - CHICAGO MERCANTILE EXCHANGE,220621,2022-06-21,097741,CME ,00,097 ,  218076,  121759,    7454,     177,   38872,   96194,    5733,   22433,   66792,    2263,    3740,     469,       0,  194977,  179082,   23099,   38994,  -14437,  -18735,    2680,      -5,     986,  -16552,     502,     504,   -2102,    1094,     458,     -20,       0,  -15196,  -14403,     759,     -34,  100.0,   55.8,    3.4,    0.1,   17.8,   44.1,    2.6,   10.3,   30.6,    1.0,    1.7,    0.2,    0.0,   89.4,   82.1,   10.6,   17.9,    126,     10,      5,.,     16,     31,     16,     14,     41,     10,      6,.,      0,     62,     93,    53.4,    30.5,    65.6,    44.2,    53.3,    30.4,    65.5,    44.0,"(CONTRACTS OF JPY 12,500,000)",097741,CME ,097 ,F10,FutOnly
JAPANESE YEN - CHICAGO MERCANTILE EXCHANGE,220614,2022-06-14,097741,CME ,00,097 ,  232513,  140494,    4774,     182,   37886,  112746,    5231,   21929,   68894,    1169,    3282,     489,       0,  210173,  193485,   22340,   39028,  -33541,  -16345,   -4842,   -8795,   -1104,     494,     242,   -2243,  -10971,   -6862,    2452,   -1146,       0,  -32655,  -31880,    -886,   -1661,  100.0,   60.4,    2.1,    0.1,   16.3,   48.5,    2.2,    9.4,   29.6,    0.5,    1.4,    0.2,    0.0,   90.4,   83.2,    9.6,   16.8,    130,      9,      5,.,     15,     33,     18,     18,     41,     12,      6,.,      0,     65,     98,    55.8,    31.6,    70.2,    45.9,    55.7,    31.5,    70.1,    45.7,"(CONTRACTS OF JPY 12,500,000)",097741,CME ,097 ,F10,FutOnly
JAPANESE YEN - CHICAGO MERCANTILE EXCHANGE,220607,2022-06-07,097741,CME ,00,097 ,  266054,  156839,    9616,    8977,   38990,  112252,    4989,   24172,   79865,    8031,     830,    1635,       0,  242828,  225365,   23226,   40689,   26974,   15983,    1213,    7722,   -5885,    5075,     597,    2747,     629,    4389,     800,    -125,       0,   26353,   19500,     621,    7474,  100.0,   59.0,    3.6,    3.4,   14.7,   42.2,    1.9,    9.1,   30.0,    3.0,    0.3,    0.6,    0.0,   91.3,   84.7,    8.7,   15.3,    135,     14,.,     10,     16,     32,     16,     20,     42,     14,.,      5,      0,     68,    107,    53.0,    28.4,    65.3,    39.8,    52.7,    28.3,    65.0,    39.7,"(CONTRACTS OF JPY 12,500,000)",097741,CME ,097 ,F10,FutOnly
JAPANESE YEN - CHICAGO MERCANTILE EXCHANGE,220531,2022-05-31,097741,CME ,00,097 ,  239080,  140856,    8403,    1255,   44875,  107177,    4392,   21425,   79236,    3642,      30,    1760,       0,  216475,  205865,   22605,   33215,    1824,    6327,     760,     459,    -397,     132,     177,   -2527,   -2197,     988,    -950,     403,       0,    4077,     722,   -2253,    1102,  100.0,   58.9,    3.5,    0.5,   18.8,   44.8,    1.8,    9.0,   33.1,    1.5,    0.0,    0.7,    0.0,   90.5,   86.1,    9.5,   13.9,    126,     13,.,      4,     19,     28,     17,     17,     39,     15,.,      6,      0,     66,     96,    51.8,    29.6,    66.4,    43.1,    51.5,    29.5,    66.1,    43.0,"(CONTRACTS OF JPY 12,500,000)",097741,CME ,097 ,F10,FutOnly
JAPANESE YEN - CHICAGO MERCANTILE EXCHANGE,220524,2022-05-24,097741,CME ,00,097 ,  237256,  134529,    7643,     796,   45272,  107045,    4215,   23952,   81433,    2654,     980,    1357,       0,  212398,  205143,   24858,   32113,   -4052,  -14504,     466,     159,     453,   -5222,     100,    4789,    1720,      95,     931,     203,       0,   -7977,   -2479,    3925,   -1573,  100.0,   56.7,    3.2,    0.3,   19.1,   45.1,    1.8,   10.1,   34.3,    1.1,    0.4,    0.6,    0.0,   89.5,   86.5,   10.5,   13.5,    126,     12,      4,      4,     18,     28,     15,     18,     38,     13,      4,      4,      0,     71,     87,    50.7,    28.8,    65.0,    43.8,    50.3,    28.6,    64.6,    43.7,"(CONTRACTS OF JPY 12,500,000)",097741,CME ,097 ,F10,FutOnly
JAPANESE YEN - CHICAGO MERCANTILE EXCHANGE,220517,2022-05-17,097741,CME ,00,097 ,  241308,  149033,    7177,     637,   44819,  112267,    4115,   19163,   79713,    2559,      49,    1154,       0,  220375,  207622,   20933,   33686,   -5970,  -10333,     318,    -123,    2881,    -803,     447,     681,    -287,    -129,    -516,   -4795,       0,   -7092,   -5372,    1122,    -598,  100.0,   61.8,    3.0,    0.3,   18.6,   46.5,    1.7,    7.9,   33.0,    1.1,    0.0,    0.5,    0.0,   91.3,   86.0,    8.7,   14.0,    126,     10,      5,.,     18,     28,     13,     18,     41,     11,.,      4,      0,     64,     89,    54.1,    29.7,    68.8,    43.3,    53.9,    29.6,    68.5,    43.2,"(CONTRACTS OF JPY 12,500,000)",097741,CME ,097 ,F10,FutOnly
JAPANESE YEN - CHICAGO MERCANTILE EXCHANGE,220510,2022-05-10,097741,CME ,00,097 ,  247278,  159366,    6859,     760,   41938,  113070,    3668,   18482,   80000,    2688,     565,    5949,       0,  227467,  212994,   19811,   34284,   -7535,    -894,   -1125,     262,   -1106,    4543,   -2907,   -4541,   -9696,     381,    -534,    4200,       0,   -9339,   -4342,    1804,   -3193,  100.0,   64.4,    2.8,    0.3,   17.0,   45.7,    1.5,    7.5,   32.4,    1.1,    0.2,    2.4,    0.0,   92.0,   86.1,    8.0,   13.9,    135,     11,      5,.,     16,     32,     14,     18,     44,     11,.,      7,      0,     63,     99,    54.9,    30.1,    70.3,    43.0,    54.5,    30.0,    70.0,    42.9,"(CONTRACTS OF JPY 12,500,000)",097741,CME ,097 ,F10,FutOnly
JAPANESE YEN - CHICAGO MERCANTILE EXCHANGE,220503,2022-05-03,097741,CME ,00,097 ,  254813,  160260,    7984,     498,   43044,  108527,    6575,   23023,   89696,    2307,    1099,    1749,       0,  236806,  217336,   18007,   37477,   16818,    9686,    1605,      -4,    4215,     -36,    1654,    2559,   14298,     308,     -19,     490,       0,   18399,   18315,   -1581,   -1497,  100.0,   62.9,    3.1,    0.2,   16.9,   42.6,    2.6,    9.0,   35.2,    0.9,    0.4,    0.7,    0.0,   92.9,   85.3,    7.1,   14.7,    137,     11,      4,.,     17,     33,     13,     17,     47,     14,.,      6,      0,     66,    100,    54.0,    29.1,    68.2,    41.7,    53.8,    29.0,    68.0,    41.6,"(CONTRACTS OF JPY 12,500,000)",097741,CME ,097 ,F10,FutOnly
JAPANESE YEN - CHICAGO MERCANTILE EXCHANGE,220426,2022-04-26,097741,CME ,00,097 ,  237995,  150574,    6379,     502,   38829,  108563,    4921,   20464,   75398,    1999,    1118,    1259,       0,  218407,  199021,   19588,   38974,  -13296,  -14945,    1928,    -213,    1227,    -110,    -985,    1809,  -10633,     718,     266,     441,       0,  -12123,   -8854,   -1173,   -4442,  100.0,   63.3,    2.7,    0.2,   16.3,   45.6,    2.1,    8.6,   31.7,    0.8,    0.5,    0.5,    0.0,   91.8,   83.6,    8.2,   16.4,    133,     11,.,.,     16,     33,     14,     19,     44,     12,.,      4,      0,     67,     94,    56.3,    31.1,    70.5,    42.9,    56.1,    31.0,    70.3,    42.8,"(CONTRACTS OF JPY 12,500,000)",097741,CME ,097 ,F10,FutOnly
JAPANESE YEN - CHICAGO MERCANTILE EXCHANGE,220419,2022-04-19,097741,CME ,00,097 ,  251291,  165519,    4451,     715,   37602,  108673,    5906,   18655,   86031,    1281,     852,     818,       0,  230530,  207875,   20761,   43416,    5888,    1367,    1890,    -413,    -230,    1892,    1835,    3339,   -1635,   -1140,     391,     140,       0,    5149,    2569,     739,    3319,  100.0,   65.9,    1.8,    0.3,   15.0,   43.2,    2.4,    7.4,   34.2,    0.5,    0.3,    0.3,    0.0,   91.7,   82.7,    8.3,   17.3,    128,     11,      4,.,     15,     33,     17,     14,     44,      7,.,      4,      0,     60,     94,    58.4,    29.6,    71.7,    41.5,    58.1,    29.5,    71.4,    41.3,"(CONTRACTS OF JPY 12,500,000)",097741,CME ,097 ,F10,FutOnly
JAPANESE YEN - CHICAGO MERCANTILE EXCHANGE,220412,2022-04-12,097741,CME ,00,097 ,  245403,  164152,    2561,    1128,   37832,  106781,    4071,   15316,   87666,    2421,     461,     678,       0,  225381,  205306,   20022,   40097,    3186,    8485,    -430,     268,   -1785,    5981,     208,   -2401,   -1196,    -441,   -1980,    -716,       0,    2354,    3674,     832,    -488,  100.0,   66.9,    1.0,    0.5,   15.4,   43.5,    1.7,    6.2,   35.7,    1.0,    0.2,    0.3,    0.0,   91.8,   83.7,    8.2,   16.3,    129,     11,.,.,     15,     31,     16,     16,     46,     12,.,      4,      0,     64,     95,    59.1,    31.5,    72.6,    43.6,    58.6,    31.4,    72.1,    43.5,"(CONTRACTS OF JPY 12,500,000)",097741,CME ,097 ,F10,FutOnly
JAPANESE YEN - CHICAGO MERCANTILE EXCHANGE,220405,2022-04-05,097741,CME ,00,097 ,  242217,  155667,    2991,     860,   39617,  100800,    3863,   17717,   88862,    2862,    2441,    1394,       0,  223027,  201632,   19190,   40585,    2519,    2598,     197,      -2,    1179,   -2424,    -764,     585,    8290,     238,    -113,    -490,       0,    3721,    5045,   -1202,   -2526,  100.0,   64.3,    1.2,    0.4,   16.4,   41.6,    1.6,    7.3,   36.7,    1.2,    1.0,    0.6,    0.0,   92.1,   83.2,    7.9,   16.8,    122,     10,.,.,     15,     30,     13,     18,     39,     10,.,      5,      0,     59,     88,    57.9,    31.7,    71.8,    43.9,    57.5,    31.6,    71.4,    43.8,"(CONTRACTS OF JPY 12,500,000)",097741,CME ,097 ,F10,FutOnly
JAPANESE YEN - CHICAGO MERCANTILE EXCHANGE,220329,2022-03-29,097741,CME ,00,097 ,  239698,  153069,    2794,     862,   38438,  103224,    4627,   17132,   80572,    2624,    2554,    1884,       0,  219306,  196587,   20392,   43111,   -8523,    9914,     857,      55,   -1253,   -6271,     397,  -20528,   -1821,   -2132,    2381,    1338,       0,  -11166,   -7577,    2643,    -946,  100.0,   63.9,    1.2,    0.4,   16.0,   43.1,    1.9,    7.1,   33.6,    1.1,    1.1,    0.8,    0.0,   91.5,   82.0,    8.5,   18.0,    119,      9,.,.,     14,     30,     13,     18,     39,     11,.,      4,      0,     62,     84,    58.4,    31.7,    72.0,    44.3,    58.0,    31.6,    71.7,    44.1,"(CONTRACTS OF JPY 12,500,000)",097741,CME ,097 ,F10,FutOnly
JAPANESE YEN - CHICAGO MERCANTILE EXCHANGE,220322,2022-03-22,097741,CME ,00,097 ,  248221,  143155,    1937,     807,   39691,  109495,    4230,   37660,   82393,    4756,     173,     546,       0,  230472,  204164,   17749,   44057,   32737,   34239,     830,    -298,   -6530,    8058,      80,    3044,   21167,     717,    -731,   -1084,       0,   30521,   29470,    2216,    3267,  100.0,   57.7,    0.8,    0.3,   16.0,   44.1,    1.7,   15.2,   33.2,    1.9,    0.1,    0.2,    0.0,   92.8,   82.3,    7.2,   17.7,    125,      9,.,.,     12,     31,     12,     18,     47,     14,.,      4,      0,     60,     94,    52.9,    28.7,    66.5,    41.1,    52.6,    28.6,    66.2,    41.0,"(CONTRACTS OF JPY 12,500,000)",097741,CME ,097 ,F10,FutOnly
JAPANESE YEN - CHICAGO MERCANTILE EXCHANGE,220315,2022-03-15,097741,CME ,00,097 ,  215484,  108916,    1107,    1105,   46221,  101437,    4150,   34616,   61226,    4039,     904,    1630,       0,  199951,  174694,   15533,   40790,    6801,    8439,   -9392,   -6097,   -3711,    9473,    -905,   13659,   13034,   -2537,    -696,     120,       0,    8152,    3696,   -1351,    3105,  100.0,   50.5,    0.5,    0.5,   21.4,   47.1,    1.9,   16.1,   28.4,    1.9,    0.4,    0.8,    0.0,   92.8,   81.1,    7.2,   18.9,    124,     10,.,.,     16,     30,     12,     16,     44,     14,.,      5,      0,     60,     92,    50.1,    29.7,    60.8,    41.3,    49.6,    29.6,    60.1,    41.2,"(CONTRACTS OF JPY 12,500,000)",097741,CME ,097 ,F10,FutOnly
JAPANESE YEN - CHICAGO MERCANTILE EXCHANGE,220308,2022-03-08,097741,CME ,00,097 ,  208683,  100477,   10499,    7202,   49932,   91964,    5055,   20957,   48192,    6576,    1600,    1510,       0,  191799,  170998,   16884,   37685,      54,    4026,   -3740,    2168,    1837,    3969,     393,   -4342,  -10253,    2199,    -704,     843,       0,    5577,   -4421,   -5523,    4475,  100.0,   48.1,    5.0,    3.5,   23.9,   44.1,    2.4,   10.0,   23.1,    3.2,    0.8,    0.7,    0.0,   91.9,   81.9,    8.1,   18.1,    121,     10,      4,      5,     17,     30,     16,     18,     35,     16,.,      4,      0,     70,     88,    53.0,    30.0,    62.4,    40.7,    50.1,    29.9,    59.2,    40.6,"(CONTRACTS OF JPY 12,500,000)",097741,CME ,097 ,F10,FutOnly
JAPANESE YEN - CHICAGO MERCANTILE EXCHANGE,220301,2022-03-01,097741,CME ,00,097 ,  208629,   96451,   14239,    5034,   48095,   87995,    4662,   25299,   58445,    4377,    2304,     667,       0,  186222,  175419,   22407,   33210,   14460,   -8159,    1569,    4719,    1075,    5291,     220,   11281,    6097,     598,     200,     -70,       0,    9934,   18424,    4526,   -3964,  100.0,   46.2,    6.8,    2.4,   23.1,   42.2,    2.2,   12.1,   28.0,    2.1,    1.1,    0.3,    0.0,   89.3,   84.1,   10.7,   15.9,    119,      9,      5,      6,     16,     31,     15,     19,     31,     11,      4,      4,      0,     72,     79,    51.4,    29.4,    61.5,    39.8,    49.6,    29.2,    59.8,    38.8,"(CONTRACTS OF JPY 12,500,000)",097741,CME ,097 ,F10,FutOnly
JAPANESE YEN - CHICAGO MERCANTILE EXCHANGE,220222,2022-02-22,097741,CME ,00,097 ,  194169,  104610,   12670,     315,   47020,   82704,    4442,   14018,   52348,    3779,    2104,     737,       0,  176288,  156995,   17881,   37174,   -5256,   -8905,    2343,    -104,    -966,   -2092,      94,    5370,   -4181,     597,    -250,     -20,       0,   -4164,   -3363,   -1092,   -1893,  100.0,   53.9,    6.5,    0.2,   24.2,   42.6,    2.3,    7.2,   27.0,    1.9,    1.1,    0.4,    0.0,   90.8,   80.9,    9.2,   19.1,    118,      9,      5,      5,     17,     28,     13,     19,     33,     13,.,      4,      0,     69,     80,    54.0,    30.0,    63.8,    39.9,    53.8,    29.9,    63.6,    39.6,"(CONTRACTS OF JPY 12,500,000)",097741,CME ,097 ,F10,FutOnly
JAPANESE YEN - CHICAGO MERCANTILE EXCHANGE,220215,2022-02-15,097741,CME ,00,097 ,  199425,  113515,   10327,     419,   47986,   84796,    4348,    8648,   56529,    3182,    2354,     757,       0,  180452,  160358,   18973,   39067,    2947,   13751,   -5865,     -26,   -2876,    1166,    -315,   -8328,    3900,    -633,      10,      71,       0,    1583,   -1702,    1364,    4649,  100.0,   56.9,    5.2,    0.2,   24.1,   42.5,    2.2,    4.3,   28.3,    1.6,    1.2,    0.4,    0.0,   90.5,   80.4,    9.5,   19.6,    116,     10,      4,      5,     17,     28,     10,     12,     38,     13,.,      4,      0,     60,     84,    56.1,    29.7,    65.3,    39.0,    55.9,    29.6,    65.0,    38.8,"(CONTRACTS OF JPY 12,500,000)",097741,CME ,097 ,F10,FutOnly
JAPANESE YEN - CHICAGO MERCANTILE EXCHANGE,220208,2022-02-08,097741,CME ,00,097 ,  196478,   99764,   16192,     445,   50862,   83630,    4663,   16976,   52629,    3815,    2344,     686,       0,  178869,  162060,   17609,   34418,    2043,   -2021,    4869,      17,     723,   -6431,     414,     120,    3011,     455,     684,     -39,       0,     392,    2296,    1651,    -253,  100.0,   50.8,    8.2,    0.2,   25.9,   42.6,    2.4,    8.6,   26.8,    1.9,    1.2,    0.3,    0.0,   91.0,   82.5,    9.0,   17.5,    121,      9,      5,      5,     18,     27,     12,     17,     37,     11,      4,      4,      0,     64,     85,    53.0,    30.4,    63.4,    40.7,    52.8,    30.3,    62.7,    40.4,"(CONTRACTS OF JPY 12,500,000)",097741,CME ,097 ,F10,FutOnly
JAPANESE YEN - CHICAGO MERCANTILE EXCHANGE,220201,2022-02-01,097741,CME ,00,097 ,  194435,  101785,   11323,     428,   50139,   90061,    4249,   16856,   49618,    3360,    1660,     725,       0,  178477,  159764,   15958,   34671,   -3395,     583,   -3442,     -22,    1927,    8709,    -334,   -2417,   -9821,    -200,    -940,    -416,       0,   -1403,   -5526,   -1992,    2131,  100.0,   52.3,    5.8,    0.2,   25.8,   46.3,    2.2,    8.7,   25.5,    1.7,    0.9,    0.4,    0.0,   91.8,   82.2,    8.2,   17.8,    120,      9,      5,.,     19,     30,     12,     17,     33,     13,.,      4,      0,     64,     84,    54.2,    30.7,    65.2,    41.1,    54.0,    30.6,    64.9,    40.7,"(CONTRACTS OF JPY 12,500,000)",097741,CME ,097 ,F10,FutOnly
JAPANESE YEN - CHICAGO MERCANTILE EXCHANGE,220125,2022-01-25,097741,CME ,00,097 ,  197830,  101202,   14765,     450,   48212,   81352,    4583,   19273,   59439,    3560,    2600,    1141,       0,  179880,  165290,   17950,   32540,   -3990,  -14222,    5863,     415,    5794,   -7103,    -329,     493,    -212,     884,    2500,     288,       0,   -4465,    -194,     475,   -3796,  100.0,   51.2,    7.5,    0.2,   24.4,   41.1,    2.3,    9.7,   30.0,    1.8,    1.3,    0.6,    0.0,   90.9,   83.6,    9.1,   16.4,    120,      9,      7,.,     18,     29,     12,     17,     32,     14,.,      5,      0,     65,     84,    53.8,    29.8,    64.2,    39.4,    53.6,    29.7,    63.9,    39.1,"(CONTRACTS OF JPY 12,500,000)",097741,CME ,097 ,F10,FutOnly
JAPANESE YEN - CHICAGO MERCANTILE EXCHANGE,220118,2022-01-18,097741,CME ,00,097 ,  201820,  115424,    8902,      35,   42418,   88455,    4912,   18780,   59651,    2676,     100,     853,       0,  184345,  165484,   17475,   36336,  -32185,  -16973,    5395,       7,    2712,  -18476,   -1008,  -14444,  -14478,   -1573,    -750,     110,       0,  -32029,  -30023,    -156,   -2162,  100.0,   57.2,    4.4,    0.0,   21.0,   43.8,    2.4,    9.3,   29.6,    1.3,    0.0,    0.4,    0.0,   91.3,   82.0,    8.7,   18.0,    117,      9,      7,.,     16,     31,     12,     13,     35,     12,.,      5,      0,     58,     86,    59.0,    31.2,    71.1,    40.8,    58.9,    31.1,    70.9,    40.1,"(CONTRACTS OF JPY 12,500,000)",097741,CME ,097 ,F10,FutOnly
JAPANESE YEN - CHICAGO MERCANTILE EXCHANGE,220111,2022-01-11,097741,CME ,00,097 ,  234005,  132397,    3507,      28,   39706,  106931,    5920,   33224,   74129,    4249,     850,     743,       0,  216374,  195507,   17631,   38498,     -63,   11056,   -1215,       3,   -1566,    -526,     418,   -6848,    5573,   -2268,    -150,     275,       0,     645,    2260,    -708,   -2323,  100.0,   56.6,    1.5,    0.0,   17.0,   45.7,    2.5,   14.2,   31.7,    1.8,    0.4,    0.3,    0.0,   92.5,   83.5,    7.5,   16.5,    133,     10,      5,.,     16,     32,     12,     20,     43,     12,.,      5,      0,     61,     99,    55.2,    29.9,    67.7,    41.7,    55.0,    29.8,    67.5,    41.6,"(CONTRACTS OF JPY 12,500,000)",097741,CME ,097 ,F10,FutOnly
JAPANESE YEN - CHICAGO MERCANTILE EXCHANGE,220104,2022-01-04,097741,CME ,00,097 ,  234068,  121341,    4722,      25,   41272,  107457,    5502,   40072,   68556,    6517,    1000,     468,       0,  215729,  193247,   18339,   40821,   30254,   19211,     615,    -249,     451,    9222,      -9,    6919,   14534,    1117,    1000,     -10,       0,   28440,   25220,    1814,    5034,  100.0,   51.8,    2.0,    0.0,   17.6,   45.9,    2.4,   17.1,   29.3,    2.8,    0.4,    0.2,    0.0,   92.2,   82.6,    7.8,   17.4,    128,     11,      5,.,     17,     32,     10,     20,     38,     13,.,      4,      0,     60,     93,    50.8,    27.6,    62.2,    39.4,    50.8,    27.5,    61.7,    39.3,"(CONTRACTS OF JPY 12,500,000)",097741,CME ,097 ,F10,FutOnly
EURO FX - CHICAGO MERCANTILE EXCHANGE,221227,2022-12-27,099741,CME ,00,099 ,  728387,   32479,  455413,    1941,  451326,   85682,   17576,   81740,   92874,   14625,   40360,   12594,    4514,  644561,  685219,   83826,   43168,    2419,    -910,    7214,      95,     777,   -4200,    -120,    3286,   -2274,     684,    -443,   -1114,      91,    3460,     376,   -1041,    2043,  100.0,    4.5,   62.5,    0.3,   62.0,   11.8,    2.4,   11.2,   12.8,    2.0,    5.5,    1.7,    0.6,   88.5,   94.1,   11.5,    5.9,    301,     15,     15,      6,    111,     24,     47,     51,     38,     21,     32,     15,      8,    233,    150,    15.8,    56.6,    27.2,    67.0,    15.1,    56.6,    26.1,    66.8,"(CONTRACTS OF EUR 125,000)",099741,CME ,099 ,F10,FutOnly
EURO FX - CHICAGO MERCANTILE EXCHANGE,221220,2022-12-20,099741,CME ,00,099 ,  725968,   33389,  448199,    1846,  450549,   89882,   17696,   78454,   95148,   13941,   40803,   13708,    4423,  641101,  684843,   84867,   41125,  -46832,   -6999,    8937,  -15118,    5261,   -4883,   -2054,   10308,   16045,  -26277,   -2742,   -3191,     -45,  -37666,  -26586,   -9166,  -20246,  100.0,    4.6,   61.7,    0.3,   62.1,   12.4,    2.4,   10.8,   13.1,    1.9,    5.6,    1.9,    0.6,   88.3,   94.3,   11.7,    5.7,    302,     17,     13,      5,    109,     26,     49,     48,     40,     20,     32,     16,      9,    233,    152,    15.8,    56.3,    27.0,    65.3,    15.1,    56.3,    25.9,    65.1,"(CONTRACTS OF EUR 125,000)",099741,CME ,099 ,F10,FutOnly
EURO FX - CHICAGO MERCANTILE EXCHANGE,221213,2022-12-13,099741,CME ,00,099 ,  772800,   40388,  439262,   16964,  445288,   94765,   19750,   68146,   79103,   40218,   43545,   16899,    4468,  678767,  711429,   94033,   61371,   61263,   -1243,   27001,   10606,   30951,   -3536,    -746,   -8548,   -2498,   20925,     309,   -1958,      26,   52280,   49820,    8983,   11443,  100.0,    5.2,   56.8,    2.2,   57.6,   12.3,    2.6,    8.8,   10.2,    5.2,    5.6,    2.2,    0.6,   87.8,   92.1,   12.2,    7.9,    307,     17,     15,     11,    108,     28,     44,     48,     37,     30,     35,     16,     10,    243,    159,    15.4,    50.5,    25.9,    59.9,    14.6,    49.1,    24.8,    57.9,"(CONTRACTS OF EUR 125,000)",099741,CME ,099 ,F10,FutOnly
EURO FX - CHICAGO MERCANTILE EXCHANGE,221206,2022-12-06,099741,CME ,00,099 ,  711537,   41631,  412261,    6358,  414337,   98301,   20496,   76694,   81601,   19293,   43236,   18857,    4442,  626487,  661609,   85050,   49928,   15761,    9616,   10918,    -962,    3318,    1571,     -42,     234,    1797,    1397,   -1052,     614,      69,   12578,   15362,    3183,     399,  100.0,    5.9,   57.9,    0.9,   58.2,   13.8,    2.9,   10.8,   11.5,    2.7,    6.1,    2.7,    0.6,   88.0,   93.0,   12.0,    7.0,    312,     19,     14,     12,    108,     30,     46,     46,     44,     26,     36,     15,      9,    237,    168,    13.9,    49.8,    24.3,    59.4,    13.0,    49.6,    23.1,    59.2,"(CONTRACTS OF EUR 125,000)",099741,CME ,099 ,F10,FutOnly
EURO FX - CHICAGO MERCANTILE EXCHANGE,221129,2022-11-29,099741,CME ,00,099 ,  695776,   32015,  401343,    7320,  411019,   96730,   20538,   76460,   79804,   17896,   44288,   18243,    4373,  613909,  646247,   81867,   49529,   14903,    3424,    5219,    3935,   12156,   -3302,     147,   -6959,    2926,    4058,   -1016,     268,      37,   15782,   13288,    -879,    1615,  100.0,    4.6,   57.7,    1.1,   59.1,   13.9,    3.0,   11.0,   11.5,    2.6,    6.4,    2.6,    0.6,   88.2,   92.9,   11.8,    7.1,    314,     16,     16,      9,    107,     32,     48,     48,     43,     27,     37,     15,     10,    239,    169,    14.2,    50.9,    24.7,    60.0,    13.3,    50.3,    23.4,    59.3,"(CONTRACTS OF EUR 125,000)",099741,CME ,099 ,F10,FutOnly
EURO FX - CHICAGO MERCANTILE EXCHANGE,221122,2022-11-22,099741,CME ,00,099 ,  680873,   28591,  396124,    3385,  398863,  100032,   20391,   83419,   76878,   13838,   45304,   17975,    4336,  598127,  632959,   82746,   47914,   -1702,   -1362,   13583,   -1065,    2114,   -8148,    -852,    2856,   -3712,    -938,     935,   -1255,      11,    1699,   -2376,   -3401,     674,  100.0,    4.2,   58.2,    0.5,   58.6,   14.7,    3.0,   12.3,   11.3,    2.0,    6.7,    2.6,    0.6,   87.8,   93.0,   12.2,    7.0,    315,     16,     16,      8,    107,     33,     47,     50,     40,     26,     39,     14,      9,    239,    166,    14.0,    51.4,    24.0,    60.8,    13.1,    51.2,    22.7,    60.5,"(CONTRACTS OF EUR 125,000)",099741,CME ,099 ,F10,FutOnly
EURO FX - CHICAGO MERCANTILE EXCHANGE,221115,2022-11-15,099741,CME ,00,099 ,  682575,   29953,  382541,    4450,  396749,  108180,   21243,   80563,   80590,   14776,   44369,   19230,    4325,  596428,  635335,   86147,   47240,   14673,    1565,   31441,    -354,   10755,  -15123,     -24,   -1287,    5559,   -3940,     363,    4262,    -413,    6665,   21408,    8008,   -6735,  100.0,    4.4,   56.0,    0.7,   58.1,   15.8,    3.1,   11.8,   11.8,    2.2,    6.5,    2.8,    0.6,   87.4,   93.1,   12.6,    6.9,    320,     16,     15,      8,    109,     35,     46,     47,     41,     28,     40,     17,     10,    242,    170,    14.4,    49.8,    23.5,    59.9,    13.4,    49.7,    22.5,    59.6,"(CONTRACTS OF EUR 125,000)",099741,CME ,099 ,F10,FutOnly
EURO FX - CHICAGO MERCANTILE EXCHANGE,221108,2022-11-08,099741,CME ,00,099 ,  667902,   28388,  351100,    4804,  385994,  123303,   21267,   81850,   75031,   18716,   44006,   14968,    4738,  589763,  613927,   78139,   53975,   -3827,    1388,    9221,    -118,   -2559,   -7924,    -882,   -6516,   -9124,    3893,    -393,     882,     283,   -4904,   -3769,    1077,     -58,  100.0,    4.3,   52.6,    0.7,   57.8,   18.5,    3.2,   12.3,   11.2,    2.8,    6.6,    2.2,    0.7,   88.3,   91.9,   11.7,    8.1,    321,     16,     15,      7,    108,     36,     46,     57,     36,     30,     38,     15,     10,    247,    167,    14.3,    46.3,    23.3,    57.3,    13.3,    46.2,    22.2,    57.0,"(CONTRACTS OF EUR 125,000)",099741,CME ,099 ,F10,FutOnly
EURO FX - CHICAGO MERCANTILE EXCHANGE,221101,2022-11-01,099741,CME ,00,099 ,  671729,   27000,  341879,    4922,  388553,  131227,   22149,   88366,   84155,   14823,   44399,   14086,    4455,  594667,  617696,   77062,   54033,    5010,   -1695,   31490,     486,    2048,  -15867,     394,    4673,   -4742,   -3411,    1281,    -468,      62,    3838,    7944,    1172,   -2934,  100.0,    4.0,   50.9,    0.7,   57.8,   19.5,    3.3,   13.2,   12.5,    2.2,    6.6,    2.1,    0.7,   88.5,   92.0,   11.5,    8.0,    326,     16,     15,      6,    108,     37,     51,     52,     43,     31,     38,     16,      7,    242,    179,    14.8,    45.0,    23.6,    56.5,    13.8,    45.0,    22.6,    56.2,"(CONTRACTS OF EUR 125,000)",099741,CME ,099 ,F10,FutOnly
EURO FX - CHICAGO MERCANTILE EXCHANGE,221025,2022-10-25,099741,CME ,00,099 ,  666719,   28695,  310389,    4436,  386505,  147094,   21755,   83693,   88897,   18234,   43118,   14554,    4393,  590829,  609752,   75890,   56967,   26250,    -726,   22417,    2310,    7706,  -13711,     -83,   14464,    8852,    2919,    -106,     276,      59,   26543,   23039,    -293,    3211,  100.0,    4.3,   46.6,    0.7,   58.0,   22.1,    3.3,   12.6,   13.3,    2.7,    6.5,    2.2,    0.7,   88.6,   91.5,   11.4,    8.5,    320,     16,     13,      6,    108,     35,     51,     54,     43,     30,     34,     16,      7,    242,    172,    14.9,    40.7,    24.7,    52.3,    13.9,    40.6,    23.4,    52.2,"(CONTRACTS OF EUR 125,000)",099741,CME ,099 ,F10,FutOnly
EURO FX - CHICAGO MERCANTILE EXCHANGE,221018,2022-10-18,099741,CME ,00,099 ,  640469,   29421,  287972,    2126,  378799,  160805,   21838,   69229,   80045,   15315,   43224,   14278,    4334,  564286,  586713,   76183,   53756,    1121,   -1508,   14654,     199,    1392,   -6895,   -2484,    4631,   -3743,   -1852,    1142,    1406,      74,    1594,    1359,    -473,    -238,  100.0,    4.6,   45.0,    0.3,   59.1,   25.1,    3.4,   10.8,   12.5,    2.4,    6.7,    2.2,    0.7,   88.1,   91.6,   11.9,    8.4,    321,     18,     14,      8,    106,     38,     50,     54,     39,     25,     34,     17,      7,    240,    171,    15.7,    41.2,    25.9,    52.2,    14.7,    41.1,    24.6,    52.1,"(CONTRACTS OF EUR 125,000)",099741,CME ,099 ,F10,FutOnly
EURO FX - CHICAGO MERCANTILE EXCHANGE,221011,2022-10-11,099741,CME ,00,099 ,  639348,   30929,  273318,    1927,  377407,  167700,   24322,   64598,   83788,   17167,   42082,   12872,    4260,  562692,  585354,   76656,   53994,   -1110,     231,    4302,     179,    1685,    6095,   -1483,   -4315,   -3436,     937,    -705,    -569,    -120,   -3591,    5905,    2481,   -7015,  100.0,    4.8,   42.7,    0.3,   59.0,   26.2,    3.8,   10.1,   13.1,    2.7,    6.6,    2.0,    0.7,   88.0,   91.6,   12.0,    8.4,    312,     16,     14,      7,    107,     38,     51,     48,     39,     25,     34,     15,      8,    234,    169,    15.7,    39.7,    26.0,    50.7,    14.6,    39.6,    24.4,    50.5,"(CONTRACTS OF EUR 125,000)",099741,CME ,099 ,F10,FutOnly
EURO FX - CHICAGO MERCANTILE EXCHANGE,221004,2022-10-04,099741,CME ,00,099 ,  640458,   30698,  269016,    1748,  375722,  161605,   25805,   68913,   87224,   16230,   42787,   13441,    4380,  566283,  579449,   74175,   61009,  -13684,    4867,   -4959,    -420,   -1764,     299,   -1358,   -6446,  -15026,     861,   -4862,       4,    -190,   -9312,  -20789,   -4372,    7105,  100.0,    4.8,   42.0,    0.3,   58.7,   25.2,    4.0,   10.8,   13.6,    2.5,    6.7,    2.1,    0.7,   88.4,   90.5,   11.6,    9.5,    321,     16,     14,      7,    106,     42,     50,     48,     44,     27,     34,     16,      8,    235,    178,    15.5,    36.6,    25.7,    48.3,    14.1,    36.5,    23.9,    48.1,"(CONTRACTS OF EUR 125,000)",099741,CME ,099 ,F10,FutOnly
EURO FX - CHICAGO MERCANTILE EXCHANGE,220927,2022-09-27,099741,CME ,00,099 ,  654142,   25831,  273975,    2168,  377486,  161306,   27163,   75359,  102250,   15369,   47649,   13437,    4570,  575595,  600238,   78547,   53904,   -3810,    -896,   -3666,    1350,  -12224,    -530,    1678,    5784,    4872,   -3907,    1423,    -807,     -19,   -6811,   -1029,    3001,   -2781,  100.0,    3.9,   41.9,    0.3,   57.7,   24.7,    4.2,   11.5,   15.6,    2.3,    7.3,    2.1,    0.7,   88.0,   91.8,   12.0,    8.2,    327,     15,     14,      7,    103,     42,     48,     49,     49,     30,     36,     18,     10,    239,    183,    15.1,    35.9,    25.4,    47.6,    13.7,    35.8,    23.6,    47.5,"(CONTRACTS OF EUR 125,000)",099741,CME ,099 ,F10,FutOnly
EURO FX - CHICAGO MERCANTILE EXCHANGE,220920,2022-09-20,099741,CME ,00,099 ,  657952,   26727,  277641,     818,  389710,  161836,   25485,   69575,   97378,   19276,   46226,   14244,    4589,  582406,  601267,   75546,   56685,  -84292,  -20597,  -23952,  -27143,   -4355,   -5082,   -2486,    1426,     604,  -15974,   -1941,   -1436,      38,  -71032,  -75431,  -13260,   -8861,  100.0,    4.1,   42.2,    0.1,   59.2,   24.6,    3.9,   10.6,   14.8,    2.9,    7.0,    2.2,    0.7,   88.5,   91.4,   11.5,    8.6,    320,     16,     14,      6,    107,     37,     45,     47,     46,     25,     36,     17,     10,    238,    168,    15.2,    36.2,    26.1,    48.3,    14.2,    36.2,    24.3,    48.2,"(CONTRACTS OF EUR 125,000)",099741,CME ,099 ,F10,FutOnly
EURO FX - CHICAGO MERCANTILE EXCHANGE,220913,2022-09-13,099741,CME ,00,099 ,  742244,   47324,  301593,   27961,  394065,  166918,   27971,   68149,   96774,   35250,   48167,   15680,    4551,  653438,  676698,   88806,   65546,   20566,  -18518,   19842,   19463,    9201,  -28145,   -1147,   -6195,   -1014,   12690,    -355,     -29,     114,   15253,   21774,    5313,   -1208,  100.0,    6.4,   40.6,    3.8,   53.1,   22.5,    3.8,    9.2,   13.0,    4.7,    6.5,    2.1,    0.6,   88.0,   91.2,   12.0,    8.8,    326,     20,     11,     13,    107,     37,     50,     49,     45,     31,     39,     18,     10,    249,    181,    13.5,    38.4,    23.9,    48.9,    12.6,    38.2,    21.5,    48.6,"(CONTRACTS OF EUR 125,000)",099741,CME ,099 ,F10,FutOnly
EURO FX - CHICAGO MERCANTILE EXCHANGE,220906,2022-09-06,099741,CME ,00,099 ,  721678,   65842,  281751,    8498,  384864,  195063,   29118,   74344,   97788,   22560,   48522,   15709,    4437,  638185,  654924,   83493,   66754,    1597,   -4830,    4399,    1064,    5080,   -3783,     633,   -1734,   -3648,   -2211,    1153,     624,    -180,   -1025,   -3102,    2622,    4699,  100.0,    9.1,   39.0,    1.2,   53.3,   27.0,    4.0,   10.3,   13.6,    3.1,    6.7,    2.2,    0.6,   88.4,   90.8,   11.6,    9.2,    328,     20,     12,     10,    102,     44,     49,     45,     46,     24,     41,     18,     10,    243,    178,    14.3,    37.1,    25.5,    48.7,    13.6,    36.8,    23.8,    48.4,"(CONTRACTS OF EUR 125,000)",099741,CME ,099 ,F10,FutOnly
EURO FX - CHICAGO MERCANTILE EXCHANGE,220830,2022-08-30,099741,CME ,00,099 ,  720081,   70672,  277352,    7434,  379784,  198846,   28485,   76078,  101436,   24771,   47369,   15085,    4617,  639210,  658026,   80871,   62055,    2160,    4062,  -11377,    1104,   -3031,    6237,    -956,   -5937,     539,    7665,     814,    -477,     -29,    3692,    2706,   -1532,    -546,  100.0,    9.8,   38.5,    1.0,   52.7,   27.6,    4.0,   10.6,   14.1,    3.4,    6.6,    2.1,    0.6,   88.8,   91.4,   11.2,    8.6,    335,     20,     11,     10,    102,     44,     48,     50,     50,     25,     39,     18,     11,    252,    177,    14.8,    37.4,    24.9,    49.3,    14.2,    37.2,    23.2,    49.0,"(CONTRACTS OF EUR 125,000)",099741,CME ,099 ,F10,FutOnly
EURO FX - CHICAGO MERCANTILE EXCHANGE,220823,2022-08-23,099741,CME ,00,099 ,  717921,   66610,  288729,    6330,  382815,  192609,   29441,   82015,  100897,   17106,   46555,   15562,    4646,  635518,  655320,   82403,   62601,   19351,    7160,   -9107,    1334,   -1193,   15124,     593,   11048,    7760,   -2622,     708,    1880,    -491,   16537,   14471,    2814,    4880,  100.0,    9.3,   40.2,    0.9,   53.3,   26.8,    4.1,   11.4,   14.1,    2.4,    6.5,    2.2,    0.6,   88.5,   91.3,   11.5,    8.7,    335,     20,     11,      9,    103,     44,     49,     48,     52,     22,     38,     18,     10,    247,    178,    14.1,    37.9,    24.2,    49.8,    13.3,    37.7,    22.4,    49.6,"(CONTRACTS OF EUR 125,000)",099741,CME ,099 ,F10,FutOnly
EURO FX - CHICAGO MERCANTILE EXCHANGE,220816,2022-08-16,099741,CME ,00,099 ,  698570,   59450,  297836,    4996,  384008,  177485,   28848,   70967,   93137,   19728,   45847,   13682,    5137,  618981,  640849,   79589,   57721,    6172,    4486,   -3367,    -436,    2775,    7641,    -631,   -1812,    3750,     349,     856,      15,     -60,    5527,    7261,     645,   -1089,  100.0,    8.5,   42.6,    0.7,   55.0,   25.4,    4.1,   10.2,   13.3,    2.8,    6.6,    2.0,    0.7,   88.6,   91.7,   11.4,    8.3,    331,     19,     11,      9,    103,     46,     47,     43,     54,     24,     38,     17,     11,    244,    178,    14.6,    40.1,    24.5,    52.2,    13.4,    39.9,    22.6,    52.0,"(CONTRACTS OF EUR 125,000)",099741,CME ,099 ,F10,FutOnly
EURO FX - CHICAGO MERCANTILE EXCHANGE,220809,2022-08-09,099741,CME ,00,099 ,  692398,   54964,  301203,    5432,  381233,  169844,   29479,   72779,   89387,   19379,   44991,   13667,    5197,  613454,  633588,   78944,   58810,    8515,    6438,    4282,    -739,    -254,    7102,     690,    2900,   -3192,     749,    1222,   -1043,    1031,   12037,    8880,   -3522,    -365,  100.0,    7.9,   43.5,    0.8,   55.1,   24.5,    4.3,   10.5,   12.9,    2.8,    6.5,    2.0,    0.8,   88.6,   91.5,   11.4,    8.5,    334,     19,     11,      8,    104,     47,     47,     45,     52,     25,     38,     18,     10,    246,    178,    14.7,    40.9,    24.0,    52.2,    13.5,    40.7,    22.2,    51.9,"(CONTRACTS OF EUR 125,000)",099741,CME ,099 ,F10,FutOnly
EURO FX - CHICAGO MERCANTILE EXCHANGE,220802,2022-08-02,099741,CME ,00,099 ,  683883,   48526,  296921,    6171,  381487,  162742,   28789,   69879,   92579,   18630,   43769,   14710,    4166,  601417,  624708,   82466,   59175,  -10216,   -9032,    6794,    -806,    7819,   -2280,     355,   -3865,  -12200,   -2712,   -1022,    1949,    -412,   -9675,   -9312,    -541,    -904,  100.0,    7.1,   43.4,    0.9,   55.8,   23.8,    4.2,   10.2,   13.5,    2.7,    6.4,    2.2,    0.6,   87.9,   91.3,   12.1,    8.7,    330,     20,     10,      8,    104,     42,     45,     44,     54,     26,     36,     20,      9,    238,    180,    14.6,    41.1,    23.6,    52.3,    13.4,    41.0,    22.1,    51.9,"(CONTRACTS OF EUR 125,000)",099741,CME ,099 ,F10,FutOnly
EURO FX - CHICAGO MERCANTILE EXCHANGE,220726,2022-07-26,099741,CME ,00,099 ,  694099,   57558,  290127,    6977,  373668,  165022,   28434,   73744,  104779,   21342,   44791,   12761,    4578,  611092,  634020,   83007,   60079,      -7,   -5921,   -2433,     572,    4857,   -6653,   -4622,    3601,   11641,    1778,    -529,   -2934,     -74,    -338,   -2725,     331,    2718,  100.0,    8.3,   41.8,    1.0,   53.8,   23.8,    4.1,   10.6,   15.1,    3.1,    6.5,    1.8,    0.7,   88.0,   91.3,   12.0,    8.7,    337,     21,      9,      9,    104,     43,     46,     44,     62,     27,     38,     16,     10,    244,    185,    14.3,    39.6,    22.7,    49.8,    13.0,    39.4,    21.3,    49.4,"(CONTRACTS OF EUR 125,000)",099741,CME ,099 ,F10,FutOnly
EURO FX - CHICAGO MERCANTILE EXCHANGE,220719,2022-07-19,099741,CME ,00,099 ,  694106,   63479,  292560,    6405,  368811,  171675,   33056,   70143,   93138,   19564,   45320,   15695,    4652,  611430,  636745,   82676,   57361,   12075,   19485,    1062,    -340,   -5817,    4760,    4921,   -6961,    8412,     974,     516,   -1180,      15,   12793,   18624,    -718,   -6549,  100.0,    9.1,   42.1,    0.9,   53.1,   24.7,    4.8,   10.1,   13.4,    2.8,    6.5,    2.3,    0.7,   88.1,   91.7,   11.9,    8.3,    336,     21,      9,      9,    103,     45,     46,     49,     53,     29,     39,     17,     10,    248,    182,    14.3,    39.9,    23.5,    50.7,    13.5,    39.7,    21.6,    50.5,"(CONTRACTS OF EUR 125,000)",099741,CME ,099 ,F10,FutOnly
EURO FX - CHICAGO MERCANTILE EXCHANGE,220712,2022-07-12,099741,CME ,00,099 ,  682031,   43994,  291498,    6745,  374628,  166915,   28135,   77104,   84726,   18590,   44804,   16875,    4637,  598637,  618121,   83394,   63910,    8259,   12617,  -12041,    3717,  -10382,   11931,    -112,   -1090,   -3062,     958,    2171,     484,    -489,    7390,    1386,     869,    6873,  100.0,    6.5,   42.7,    1.0,   54.9,   24.5,    4.1,   11.3,   12.4,    2.7,    6.6,    2.5,    0.7,   87.8,   90.6,   12.2,    9.4,    331,     20,      9,      9,    101,     45,     45,     48,     52,     28,     39,     17,      9,    243,    179,    15.1,    39.9,    23.5,    49.9,    13.8,    39.7,    21.9,    49.6,"(CONTRACTS OF EUR 125,000)",099741,CME ,099 ,F10,FutOnly
EURO FX - CHICAGO MERCANTILE EXCHANGE,220705,2022-07-05,099741,CME ,00,099 ,  673772,   31377,  303539,    3028,  385010,  154984,   28247,   78194,   87788,   17632,   42633,   16391,    5126,  591247,  616735,   82525,   57037,    2300,   -5802,  -21273,     865,    -586,    1617,     387,    7642,   14875,    -301,    2236,    3351,    -813,    3628,   -1292,   -1328,    3592,  100.0,    4.7,   45.1,    0.4,   57.1,   23.0,    4.2,   11.6,   13.0,    2.6,    6.3,    2.4,    0.8,   87.8,   91.5,   12.2,    8.5,    328,     15,     13,      7,    104,     39,     45,     48,     56,     25,     37,     16,     11,    236,    180,    15.7,    40.6,    24.4,    50.8,    14.2,    40.4,    22.6,    50.5,"(CONTRACTS OF EUR 125,000)",099741,CME ,099 ,F10,FutOnly
EURO FX - CHICAGO MERCANTILE EXCHANGE,220628,2022-06-28,099741,CME ,00,099 ,  671472,   37179,  324812,    2163,  385596,  153367,   27860,   70552,   72913,   17933,   40397,   13040,    5939,  587619,  618027,   83853,   53445,    -246,     907,   12369,     710,    5201,  -11439,   -1397,   -2714,   -2949,     298,   -1708,     326,    -188,    1109,   -2270,   -1355,    2024,  100.0,    5.5,   48.4,    0.3,   57.4,   22.8,    4.1,   10.5,   10.9,    2.7,    6.0,    1.9,    0.9,   87.5,   92.0,   12.5,    8.0,    320,     17,     13,      8,    103,     39,     42,     47,     50,     30,     37,     14,      7,    239,    168,    14.8,    41.4,    23.7,    55.2,    13.4,    41.2,    22.0,    55.0,"(CONTRACTS OF EUR 125,000)",099741,CME ,099 ,F10,FutOnly
EURO FX - CHICAGO MERCANTILE EXCHANGE,220621,2022-06-21,099741,CME ,00,099 ,  671718,   36272,  312443,    1453,  380395,  164806,   29257,   73266,   75862,   17635,   42105,   12714,    6127,  586510,  620297,   85208,   51421,    3554,    4435,    3743,      15,   -9621,   -2214,    -111,    5671,   -2365,    2441,    -570,      25,     909,    3169,    2443,     385,    1111,  100.0,    5.4,   46.5,    0.2,   56.6,   24.5,    4.4,   10.9,   11.3,    2.6,    6.3,    1.9,    0.9,   87.3,   92.3,   12.7,    7.7,    317,     18,     12,      6,    104,     41,     47,     46,     44,     29,     37,     14,      7,    242,    164,    14.8,    41.8,    23.7,    54.1,    13.4,    41.6,    21.8,    53.9,"(CONTRACTS OF EUR 125,000)",099741,CME ,099 ,F10,FutOnly
EURO FX - CHICAGO MERCANTILE EXCHANGE,220614,2022-06-14,099741,CME ,00,099 ,  668164,   31837,  308700,    1438,  390016,  167020,   29368,   67595,   78227,   15194,   42675,   12689,    5218,  583341,  617854,   84823,   50310,  -62503,    3776,  -31586,   -8549,  -14065,   10305,   -1392,  -11956,     925,  -25464,    1409,   -3613,    -107,  -56348,  -59481,   -6155,   -3022,  100.0,    4.8,   46.2,    0.2,   58.4,   25.0,    4.4,   10.1,   11.7,    2.3,    6.4,    1.9,    0.8,   87.3,   92.5,   12.7,    7.5,    326,     15,     14,      5,    105,     42,     46,     48,     48,     25,     38,     15,      7,    240,    169,    15.9,    41.8,    24.8,    53.4,    14.6,    41.6,    22.9,    53.2,"(CONTRACTS OF EUR 125,000)",099741,CME ,099 ,F10,FutOnly
EURO FX - CHICAGO MERCANTILE EXCHANGE,220607,2022-06-07,099741,CME ,00,099 ,  730667,   28061,  340286,    9987,  404081,  156715,   30760,   79551,   77302,   40658,   41266,   16302,    5325,  639689,  677335,   90978,   53332,   24350,   -6939,    4747,    8250,    1298,   -5153,    1641,   -1910,   -6954,   20031,   -2286,    2255,     425,   20510,   25242,    3840,    -892,  100.0,    3.8,   46.6,    1.4,   55.3,   21.4,    4.2,   10.9,   10.6,    5.6,    5.6,    2.2,    0.7,   87.5,   92.7,   12.5,    7.3,    335,     17,     18,     10,    105,     41,     47,     52,     48,     34,     35,     18,      8,    245,    189,    14.8,    40.9,    23.5,    52.6,    13.4,    40.7,    21.0,    51.2,"(CONTRACTS OF EUR 125,000)",099741,CME ,099 ,F10,FutOnly
EURO FX - CHICAGO MERCANTILE EXCHANGE,220531,2022-05-31,099741,CME ,00,099 ,  706317,   35000,  335539,    1737,  402783,  161868,   29119,   81461,   84256,   20627,   43552,   14047,    4900,  619179,  652093,   87138,   54224,   -2621,   -5662,   13682,    -190,    5035,   -7718,   -4517,    1371,   -7017,    2773,    -341,     700,    -336,   -1867,   -2623,    -754,       2,  100.0,    5.0,   47.5,    0.2,   57.0,   22.9,    4.1,   11.5,   11.9,    2.9,    6.2,    2.0,    0.7,   87.7,   92.3,   12.3,    7.7,    346,     17,     17,      7,    109,     44,     46,     53,     51,     36,     39,     16,      7,    252,    190,    15.4,    41.7,    23.7,    52.8,    14.0,    41.6,    22.0,    52.6,"(CONTRACTS OF EUR 125,000)",099741,CME ,099 ,F10,FutOnly
EURO FX - CHICAGO MERCANTILE EXCHANGE,220524,2022-05-24,099741,CME ,00,099 ,  708938,   40662,  321857,    1927,  397748,  169586,   33636,   80090,   91273,   17854,   43893,   13347,    5236,  621046,  654716,   87892,   54222,    2226,    -370,   15916,    -209,    5411,   -6754,    1690,   -4146,   -7939,   -1648,    -782,    1382,    -157,    -211,    2281,    2437,     -55,  100.0,    5.7,   45.4,    0.3,   56.1,   23.9,    4.7,   11.3,   12.9,    2.5,    6.2,    1.9,    0.7,   87.6,   92.4,   12.4,    7.6,    338,     19,     15,      6,    105,     44,     45,     54,     49,     36,     39,     13,      7,    247,    185,    15.3,    40.3,    23.7,    52.2,    14.0,    40.2,    21.6,    51.9,"(CONTRACTS OF EUR 125,000)",099741,CME ,099 ,F10,FutOnly
EURO FX - CHICAGO MERCANTILE EXCHANGE,220517,2022-05-17,099741,CME ,00,099 ,  706712,   41032,  305941,    2136,  392337,  176340,   31946,   84236,   99212,   19502,   44675,   11965,    5393,  621257,  652435,   85455,   54277,    1666,   -1273,   13281,    -251,   -3829,   -8419,    1287,    3269,     182,    1168,    1341,    -855,    -580,    1132,    5813,     534,   -4147,  100.0,    5.8,   43.3,    0.3,   55.5,   25.0,    4.5,   11.9,   14.0,    2.8,    6.3,    1.7,    0.8,   87.9,   92.3,   12.1,    7.7,    335,     19,     13,      9,    104,     43,     48,     56,     49,     34,     38,     12,      7,    248,    185,    15.3,    39.0,    23.8,    50.6,    14.0,    38.9,    21.7,    50.4,"(CONTRACTS OF EUR 125,000)",099741,CME ,099 ,F10,FutOnly
EURO FX - CHICAGO MERCANTILE EXCHANGE,220510,2022-05-10,099741,CME ,00,099 ,  705046,   42305,  292660,    2387,  396166,  184759,   30659,   80967,   99030,   18334,   43334,   12820,    5973,  620125,  646622,   84921,   58424,   10120,   -9735,   10988,     598,   15225,   -6054,     460,    4554,    2452,     897,    1656,    -153,    -189,   13466,    8999,   -3346,    1121,  100.0,    6.0,   41.5,    0.3,   56.2,   26.2,    4.3,   11.5,   14.0,    2.6,    6.1,    1.8,    0.8,   88.0,   91.7,   12.0,    8.3,    340,     19,     13,      7,    105,     42,     47,     57,     49,     31,     40,     15,      9,    246,    188,    14.8,    38.6,    23.6,    49.8,    13.8,    38.5,    21.7,    49.6,"(CONTRACTS OF EUR 125,000)",099741,CME ,099 ,F10,FutOnly
EURO FX - CHICAGO MERCANTILE EXCHANGE,220503,2022-05-03,099741,CME ,00,099 ,  694926,   52040,  281672,    1789,  380941,  190813,   30199,   76413,   96578,   17437,   41678,   12973,    6162,  606659,  637623,   88267,   57303,    6477,   12643,   -4564,    -399,  -13008,    4948,     332,      68,    9520,   -1875,    3023,    -120,    -505,     279,    7337,    6198,    -860,  100.0,    7.5,   40.5,    0.3,   54.8,   27.5,    4.3,   11.0,   13.9,    2.5,    6.0,    1.9,    0.9,   87.3,   91.8,   12.7,    8.2,    335,     22,     13,      7,    103,     44,     42,     55,     48,     34,     37,     13,      8,    245,    181,    14.7,    39.2,    23.6,    50.1,    13.5,    39.1,    21.6,    49.8,"(CONTRACTS OF EUR 125,000)",099741,CME ,099 ,F10,FutOnly
EURO FX - CHICAGO MERCANTILE EXCHANGE,220426,2022-04-26,099741,CME ,00,099 ,  688449,   39397,  286236,    2188,  393949,  185865,   29867,   76345,   87058,   19312,   38655,   13093,    6667,  606380,  630286,   82069,   58163,   12510,     -67,   -2541,     429,     412,    5851,   -2827,    5477,   11149,    1155,    3287,     131,    -486,    7380,   12861,    5130,    -351,  100.0,    5.7,   41.6,    0.3,   57.2,   27.0,    4.3,   11.1,   12.6,    2.8,    5.6,    1.9,    1.0,   88.1,   91.6,   11.9,    8.4,    345,     21,     14,      8,    105,     44,     47,     60,     47,     35,     40,     14,      8,    257,    186,    14.6,    38.8,    23.6,    49.6,    13.5,    38.6,    21.7,    49.3,"(CONTRACTS OF EUR 125,000)",099741,CME ,099 ,F10,FutOnly
EURO FX - CHICAGO MERCANTILE EXCHANGE,220419,2022-04-19,099741,CME ,00,099 ,  675939,   39464,  288777,    1759,  393537,  180014,   32694,   70868,   75909,   18157,   35368,   12962,    7153,  599000,  617425,   76939,   58514,   -2668,   -1002,  -11035,     198,    5824,    4208,   -1175,   -8405,    4043,   -1111,    5538,    1474,    -309,    -442,   -3707,   -2226,    1039,  100.0,    5.8,   42.7,    0.3,   58.2,   26.6,    4.8,   10.5,   11.2,    2.7,    5.2,    1.9,    1.1,   88.6,   91.3,   11.4,    8.7,    339,     19,     15,      6,    106,     45,     46,     58,     43,     33,     38,     15,      8,    249,    183,    15.7,    39.4,    24.6,    49.6,    14.7,    39.3,    22.7,    49.4,"(CONTRACTS OF EUR 125,000)",099741,CME ,099 ,F10,FutOnly
EURO FX - CHICAGO MERCANTILE EXCHANGE,220412,2022-04-12,099741,CME ,00,099 ,  678607,   40466,  299812,    1561,  387713,  175806,   33869,   79273,   71866,   19268,   29830,   11488,    7462,  599442,  621132,   79165,   57475,   15018,    6727,    2977,     495,    -515,   10899,    2656,   10222,   -3037,   -1064,   -5205,    -167,     483,   13799,   13242,    1219,    1776,  100.0,    6.0,   44.2,    0.2,   57.1,   25.9,    5.0,   11.7,   10.6,    2.8,    4.4,    1.7,    1.1,   88.3,   91.5,   11.7,    8.5,    336,     19,     14,      6,    106,     43,     45,     62,     42,     33,     36,     14,      8,    249,    179,    15.6,    39.3,    24.5,    50.0,    14.5,    39.3,    22.4,    49.9,"(CONTRACTS OF EUR 125,000)",099741,CME ,099 ,F10,FutOnly
EURO FX - CHICAGO MERCANTILE EXCHANGE,220405,2022-04-05,099741,CME ,00,099 ,  663589,   33739,  296835,    1066,  388228,  164907,   31213,   69051,   74903,   20332,   35035,   11655,    6979,  585643,  607890,   77946,   55699,    1174,   -2226,  -12986,     -92,    5126,   16640,   -1549,     261,   -3850,      17,    1829,    1459,     183,    3549,    -178,   -2375,    1352,  100.0,    5.1,   44.7,    0.2,   58.5,   24.9,    4.7,   10.4,   11.3,    3.1,    5.3,    1.8,    1.1,   88.3,   91.6,   11.7,    8.4,    333,     21,     13,      5,    105,     42,     42,     53,     46,     31,     38,     15,      8,    242,    177,    16.4,    39.9,    25.4,    50.9,    15.4,    39.9,    23.5,    50.7,"(CONTRACTS OF EUR 125,000)",099741,CME ,099 ,F10,FutOnly
EURO FX - CHICAGO MERCANTILE EXCHANGE,220329,2022-03-29,099741,CME ,00,099 ,  662415,   35965,  309821,    1158,  383102,  148267,   32762,   68790,   78753,   20315,   33206,   10196,    6796,  582094,  608068,   80321,   54347,    3598,   -1828,   12222,   -1125,    2019,   -4352,     537,    1401,   -4033,      48,   -1942,    -748,     137,    -753,    2686,    4351,     912,  100.0,    5.4,   46.8,    0.2,   57.8,   22.4,    4.9,   10.4,   11.9,    3.1,    5.0,    1.5,    1.0,   87.9,   91.8,   12.1,    8.2,    324,     21,     13,      5,    107,     36,     42,     48,     49,     31,     36,     14,      8,    239,    171,    16.6,    39.5,    25.6,    51.4,    15.8,    39.5,    23.9,    51.2,"(CONTRACTS OF EUR 125,000)",099741,CME ,099 ,F10,FutOnly
EURO FX - CHICAGO MERCANTILE EXCHANGE,220322,2022-03-22,099741,CME ,00,099 ,  658817,   37793,  297599,    2283,  381083,  152619,   32225,   67389,   82786,   20267,   35148,   10944,    6659,  582847,  605382,   75970,   53435,   -7193,   -3447,    2136,   -1709,  -11370,   -6635,     818,    7093,   -4130,    -658,    1509,    1114,    -208,   -7972,   -9272,     779,    2079,  100.0,    5.7,   45.2,    0.3,   57.8,   23.2,    4.9,   10.2,   12.6,    3.1,    5.3,    1.7,    1.0,   88.5,   91.9,   11.5,    8.1,    327,     20,     13,      6,    104,     40,     45,     48,     48,     31,     38,     16,      9,    242,    176,    17.2,    38.9,    26.0,    51.0,    16.5,    38.7,    23.9,    50.8,"(CONTRACTS OF EUR 125,000)",099741,CME ,099 ,F10,FutOnly
EURO FX - CHICAGO MERCANTILE EXCHANGE,220315,2022-03-15,099741,CME ,00,099 ,  666010,   41240,  295463,    3992,  392453,  159254,   31407,   60296,   86916,   20925,   33639,    9830,    6867,  590819,  614654,   75191,   51356,  -72980,   -5189,  -41298,  -11329,   -6180,    1140,   -2830,  -23391,   -3658,   -6787,   -7264,     598,     526,  -62444,  -63638,  -10536,   -9342,  100.0,    6.2,   44.4,    0.6,   58.9,   23.9,    4.7,    9.1,   13.1,    3.1,    5.1,    1.5,    1.0,   88.7,   92.3,   11.3,    7.7,    330,     19,     14,      8,    104,     44,     47,     46,     52,     28,     35,     16,      8,    235,    186,    17.6,    37.6,    26.7,    50.4,    16.4,    37.1,    24.8,    49.8,"(CONTRACTS OF EUR 125,000)",099741,CME ,099 ,F10,FutOnly
EURO FX - CHICAGO MERCANTILE EXCHANGE,220308,2022-03-08,099741,CME ,00,099 ,  738990,   46429,  336761,   15321,  398633,  158114,   34237,   83687,   90574,   27712,   40903,    9232,    6341,  653263,  678292,   85727,   60698,   19015,    1216,  -41329,   12891,  -12978,   21402,    2125,   18177,    6909,   10205,  -13634,     662,    -393,   17609,   12472,    1406,    6543,  100.0,    6.3,   45.6,    2.1,   53.9,   21.4,    4.6,   11.3,   12.3,    3.7,    5.5,    1.2,    0.9,   88.4,   91.8,   11.6,    8.2,    332,     18,     14,      9,    104,     45,     48,     53,     47,     36,     38,     13,      8,    249,    184,    16.4,    42.6,    24.2,    51.9,    15.2,    41.3,    22.1,    50.2,"(CONTRACTS OF EUR 125,000)",099741,CME ,099 ,F10,FutOnly
EURO FX - CHICAGO MERCANTILE EXCHANGE,220301,2022-03-01,099741,CME ,00,099 ,  719975,   45213,  378090,    2430,  411611,  136712,   32112,   65510,   83665,   17507,   54537,    8570,    6734,  635654,  665820,   84321,   54155,   23293,    3850,   -5355,   -1257,     -52,   17431,    1820,   15497,    3067,    3808,    4617,     191,      23,   28306,   19728,   -5013,    3565,  100.0,    6.3,   52.5,    0.3,   57.2,   19.0,    4.5,    9.1,   11.6,    2.4,    7.6,    1.2,    0.9,   88.3,   92.5,   11.7,    7.5,    329,     20,     15,     11,    107,     43,     45,     51,     43,     32,     37,     13,      7,    248,    176,    17.2,    44.6,    25.4,    54.1,    15.9,    44.4,    23.5,    53.9,"(CONTRACTS OF EUR 125,000)",099741,CME ,099 ,F10,FutOnly
EURO FX - CHICAGO MERCANTILE EXCHANGE,220222,2022-02-22,099741,CME ,00,099 ,  696682,   41363,  383445,    3687,  411663,  119281,   30292,   50013,   80598,   13699,   49920,    8379,    6711,  607348,  646092,   89334,   50590,   -5365,    -424,    9607,     496,   -5655,   -6250,    1130,   -2378,  -10815,    2132,    -897,    -628,      17,   -5579,   -4311,     214,   -1054,  100.0,    5.9,   55.0,    0.5,   59.1,   17.1,    4.3,    7.2,   11.6,    2.0,    7.2,    1.2,    1.0,   87.2,   92.7,   12.8,    7.3,    325,     18,     15,     11,    109,     41,     46,     48,     44,     31,     35,     15,      7,    246,    174,    17.2,    46.0,    25.8,    56.9,    15.8,    45.7,    23.7,    56.5,"(CONTRACTS OF EUR 125,000)",099741,CME ,099 ,F10,FutOnly
EURO FX - CHICAGO MERCANTILE EXCHANGE,220215,2022-02-15,099741,CME ,00,099 ,  702047,   41787,  373838,    3191,  417318,  125531,   29162,   52391,   91413,   11567,   50817,    9007,    6694,  612927,  650403,   89120,   51644,    1949,    1099,   17985,   -2304,    9373,   -4885,    1200,  -11531,   -6354,     250,    2338,   -2401,     129,     554,    3620,    1395,   -1671,  100.0,    6.0,   53.2,    0.5,   59.4,   17.9,    4.2,    7.5,   13.0,    1.6,    7.2,    1.3,    1.0,   87.3,   92.6,   12.7,    7.4,    325,     18,     16,     12,    107,     43,     46,     46,     43,     28,     37,     15,      6,    244,    173,    16.9,    44.8,    26.2,    55.4,    15.7,    44.5,    24.0,    55.1,"(CONTRACTS OF EUR 125,000)",099741,CME ,099 ,F10,FutOnly
EURO FX - CHICAGO MERCANTILE EXCHANGE,220208,2022-02-08,099741,CME ,00,099 ,  700098,   40688,  355853,    5495,  407945,  130416,   27962,   63922,   97767,   11317,   48479,   11408,    6565,  612373,  646783,   87725,   53315,   14667,    -582,   37737,     458,   12484,  -18672,    -983,    3814,   -5530,   -1144,   -3925,    4915,     495,   10617,   17276,    4050,   -2609,  100.0,    5.8,   50.8,    0.8,   58.3,   18.6,    4.0,    9.1,   14.0,    1.6,    6.9,    1.6,    0.9,   87.5,   92.4,   12.5,    7.6,    326,     16,     17,     11,    107,     41,     42,     50,     43,     32,     36,     16,      6,    243,    174,    16.3,    43.2,    25.0,    54.5,    14.9,    42.5,    22.9,    53.8,"(CONTRACTS OF EUR 125,000)",099741,CME ,099 ,F10,FutOnly
EURO FX - CHICAGO MERCANTILE EXCHANGE,220201,2022-02-01,099741,CME ,00,099 ,  685431,   41270,  318116,    5037,  395461,  149088,   28945,   60108,  103297,   12461,   52404,    6493,    6070,  601756,  629507,   83675,   55924,    2479,   -1964,   -6018,    1272,   -5196,    7318,     387,    -702,   -1156,    1262,    3209,   -1744,    -191,   -1923,    1130,    4402,    1349,  100.0,    6.0,   46.4,    0.7,   57.7,   21.8,    4.2,    8.8,   15.1,    1.8,    7.6,    0.9,    0.9,   87.8,   91.8,   12.2,    8.2,    330,     19,     15,      9,    105,     43,     43,     50,     48,     33,     40,     10,      4,    247,    172,    16.7,    41.1,    24.7,    51.6,    15.1,    40.5,    22.9,    50.9,"(CONTRACTS OF EUR 125,000)",099741,CME ,099 ,F10,FutOnly
EURO FX - CHICAGO MERCANTILE EXCHANGE,220125,2022-01-25,099741,CME ,00,099 ,  682952,   43234,  324134,    3765,  400657,  141770,   28558,   60810,  104453,   11199,   49195,    8237,    6261,  603679,  628377,   79273,   54575,   -8930,   -2047,    3854,      51,   -6162,  -13348,   -2244,    1065,     930,    1264,    -560,    -322,      86,   -8547,   -9729,    -383,     799,  100.0,    6.3,   47.5,    0.6,   58.7,   20.8,    4.2,    8.9,   15.3,    1.6,    7.2,    1.2,    0.9,   88.4,   92.0,   11.6,    8.0,    330,     18,     16,      8,    105,     40,     42,     51,     49,     30,     36,     15,      5,    240,    175,    16.7,    40.8,    24.8,    52.7,    15.1,    40.3,    23.0,    52.2,"(CONTRACTS OF EUR 125,000)",099741,CME ,099 ,F10,FutOnly
EURO FX - CHICAGO MERCANTILE EXCHANGE,220118,2022-01-18,099741,CME ,00,099 ,  691882,   45281,  320280,    3714,  406819,  155118,   30802,   59745,  103523,    9935,   49755,    8559,    6175,  612226,  638106,   79656,   53776,    9589,    4069,   24252,   -1596,    6324,  -11595,   -2189,    1360,   -2536,    1049,    -312,    -185,    1221,    9926,    8421,    -337,    1168,  100.0,    6.5,   46.3,    0.5,   58.8,   22.4,    4.5,    8.6,   15.0,    1.4,    7.2,    1.2,    0.9,   88.5,   92.2,   11.5,    7.8,    330,     19,     15,      8,    105,     45,     47,     43,     51,     27,     36,     15,      5,    240,    177,    16.5,    41.1,    24.4,    53.5,    14.8,    40.8,    22.6,    53.0,"(CONTRACTS OF EUR 125,000)",099741,CME ,099 ,F10,FutOnly
EURO FX - CHICAGO MERCANTILE EXCHANGE,220111,2022-01-11,099741,CME ,00,099 ,  682293,   41212,  296028,    5310,  400495,  166713,   32991,   58385,  106059,    8886,   50067,    8744,    4954,  602300,  629685,   79993,   52608,    4075,     266,    7426,    -269,    1192,   -5928,     814,    5159,    2973,    -936,   -1715,    -196,     600,    5111,    4484,   -1036,    -409,  100.0,    6.0,   43.4,    0.8,   58.7,   24.4,    4.8,    8.6,   15.5,    1.3,    7.3,    1.3,    0.7,   88.3,   92.3,   11.7,    7.7,    328,     17,     16,      7,    105,     49,     47,     46,     46,     26,     35,     14,      5,    237,    176,    15.9,    39.5,    24.5,    51.7,    13.9,    38.8,    21.9,    50.9,"(CONTRACTS OF EUR 125,000)",099741,CME ,099 ,F10,FutOnly
EURO FX - CHICAGO MERCANTILE EXCHANGE,220104,2022-01-04,099741,CME ,00,099 ,  678218,   40946,  288602,    5579,  399303,  172641,   32177,   53226,  103086,    9822,   51782,    8940,    4354,  597189,  625201,   81029,   53017,    4945,    9219,    7441,    -643,   -4620,    5134,     686,   -4411,   -4952,   -4063,    4101,    -489,     386,     655,    3500,    4290,    1445,  100.0,    6.0,   42.6,    0.8,   58.9,   25.5,    4.7,    7.8,   15.2,    1.4,    7.6,    1.3,    0.6,   88.1,   92.2,   11.9,    7.8,    333,     18,     15,      6,    107,     45,     44,     45,     51,     24,     37,     15,      5,    234,    178,    16.0,    39.0,    24.7,    51.4,    14.2,    38.3,    22.3,    50.6,"(CONTRACTS OF EUR 125,000)",099741,CME ,099 ,F10,FutOnly
AUSTRALIAN DOLLAR - CHICAGO MERCANTILE EXCHANGE,221227,2022-12-27,232741,CME ,00,232 ,  129195,   29026,    5834,      54,   54004,   67853,    3145,   18771,   28834,    3972,    2210,       0,       0,  111182,  109692,   18013,   19503,     -61,    -742,   -1486,      -3,    3214,    2359,     -10,   -3832,     945,    -323,    -165,    -520,       0,   -1861,     962,    1800,   -1023,  100.0,   22.5,    4.5,    0.0,   41.8,   52.5,    2.4,   14.5,   22.3,    3.1,    1.7,    0.0,    0.0,   86.1,   84.9,   13.9,   15.1,     80,      6,.,.,     14,     19,      6,     19,     17,      6,.,      0,      0,     48,     45,    39.8,    44.7,    53.5,    55.1,    39.8,    44.5,    53.1,    54.8,"(CONTRACTS OF AUD 100,000)",232741,CME ,232 ,F10,FutOnly
AUSTRALIAN DOLLAR - CHICAGO MERCANTILE EXCHANGE,221220,2022-12-20,232741,CME ,00,232 ,  129256,   29768,    7320,      57,   50790,   65494,    3155,   22603,   27889,    4295,    2375,     520,       0,  113043,  108730,   16213,   20526,  -43013,  -33519,  -18838,   -5014,   -1323,    6887,    -566,    6653,  -16783,   -7398,    -720,     520,       0,  -41887,  -41192,   -1126,   -1821,  100.0,   23.0,    5.7,    0.0,   39.3,   50.7,    2.4,   17.5,   21.6,    3.3,    1.8,    0.4,    0.0,   87.5,   84.1,   12.5,   15.9,     85,      6,.,.,     15,     19,      6,     18,     20,      7,.,.,      0,     48,     52,    39.9,    43.8,    54.1,    53.4,    39.7,    43.6,    53.9,    52.6,"(CONTRACTS OF AUD 100,000)",232741,CME ,232 ,F10,FutOnly
AUSTRALIAN DOLLAR - CHICAGO MERCANTILE EXCHANGE,221213,2022-12-13,232741,CME ,00,232 ,  172269,   63287,   26158,    5071,   52113,   58607,    3721,   15950,   44672,   11693,    3095,       0,       0,  154930,  149922,   17339,   22347,   13514,    -777,    3625,    2680,    -568,   -1266,    -113,    2141,   -4117,    9429,     197,       0,       0,   12989,   10238,     525,    3276,  100.0,   36.7,   15.2,    2.9,   30.3,   34.0,    2.2,    9.3,   25.9,    6.8,    1.8,    0.0,    0.0,   89.9,   87.0,   10.1,   13.0,     92,      6,      6,      4,     15,     19,      9,     17,     24,     11,      4,      0,      0,     57,     59,    43.3,    34.9,    58.4,    46.3,    43.1,    33.4,    57.3,    42.8,"(CONTRACTS OF AUD 100,000)",232741,CME ,232 ,F10,FutOnly
AUSTRALIAN DOLLAR - CHICAGO MERCANTILE EXCHANGE,221206,2022-12-06,232741,CME ,00,232 ,  158755,   64064,   22533,    2391,   52681,   59873,    3834,   13809,   48789,    2264,    2898,       0,       0,  141941,  139684,   16814,   19071,    -623,   -4725,    6057,     158,    2404,   -2720,     -45,    -287,    2334,     226,     530,   -3730,       0,   -1739,    2280,    1116,   -2903,  100.0,   40.4,   14.2,    1.5,   33.2,   37.7,    2.4,    8.7,   30.7,    1.4,    1.8,    0.0,    0.0,   89.4,   88.0,   10.6,   12.0,     94,      6,      6,      4,     16,     21,      8,     12,     30,     10,.,      0,      0,     51,     65,    47.0,    35.3,    63.2,    44.5,    46.9,    35.0,    63.0,    44.3,"(CONTRACTS OF AUD 100,000)",232741,CME ,232 ,F10,FutOnly
AUSTRALIAN DOLLAR - CHICAGO MERCANTILE EXCHANGE,221129,2022-11-29,232741,CME ,00,232 ,  159378,   68789,   16476,    2233,   50277,   62593,    3879,   14096,   46455,    2038,    2368,    3730,       0,  143680,  137404,   15698,   21974,    2571,   -1835,    -184,      41,    4080,    -971,     -92,      -6,    4805,     394,     459,       0,       0,    3041,    3993,    -470,   -1422,  100.0,   43.2,   10.3,    1.4,   31.5,   39.3,    2.4,    8.8,   29.1,    1.3,    1.5,    2.3,    0.0,   90.2,   86.2,    9.8,   13.8,     93,      8,      4,.,     15,     20,      7,     12,     28,      9,      4,.,      0,     51,     61,    47.2,    33.7,    63.3,    44.4,    47.1,    33.6,    63.2,    43.9,"(CONTRACTS OF AUD 100,000)",232741,CME ,232 ,F10,FutOnly
AUSTRALIAN DOLLAR - CHICAGO MERCANTILE EXCHANGE,221122,2022-11-22,232741,CME ,00,232 ,  156807,   70624,   16660,    2192,   46197,   63564,    3971,   14102,   41650,    1644,    1909,    3730,       0,  140639,  133411,   16168,   23396,   -5633,   -3504,    4150,      92,    2643,   -8238,    -481,   -4990,     299,    -459,     -73,       0,       0,   -6772,   -4637,    1139,    -996,  100.0,   45.0,   10.6,    1.4,   29.5,   40.5,    2.5,    9.0,   26.6,    1.0,    1.2,    2.4,    0.0,   89.7,   85.1,   10.3,   14.9,     90,      7,      4,.,     13,     20,      8,     13,     28,      9,.,.,      0,     49,     61,    47.7,    33.8,    63.6,    45.0,    47.6,    33.5,    63.5,    44.5,"(CONTRACTS OF AUD 100,000)",232741,CME ,232 ,F10,FutOnly
AUSTRALIAN DOLLAR - CHICAGO MERCANTILE EXCHANGE,221115,2022-11-15,232741,CME ,00,232 ,  162440,   74128,   12510,    2100,   43554,   71802,    4452,   19092,   41351,    2103,    1982,    3730,       0,  147411,  138048,   15029,   24392,     -83,     552,    -639,     -20,     883,     420,    -405,     412,     989,     322,    -254,       0,       0,    1490,     667,   -1573,    -750,  100.0,   45.6,    7.7,    1.3,   26.8,   44.2,    2.7,   11.8,   25.5,    1.3,    1.2,    2.3,    0.0,   90.7,   85.0,    9.3,   15.0,     95,      7,.,.,     13,     23,     10,     18,     26,      8,.,.,      0,     53,     63,    46.9,    33.1,    63.2,    45.1,    46.8,    32.9,    63.0,    44.7,"(CONTRACTS OF AUD 100,000)",232741,CME ,232 ,F10,FutOnly
AUSTRALIAN DOLLAR - CHICAGO MERCANTILE EXCHANGE,221108,2022-11-08,232741,CME ,00,232 ,  162523,   73576,   13149,    2120,   42671,   71382,    4857,   18680,   40362,    1781,    2236,    3730,       0,  145921,  137381,   16602,   25142,   -2888,   -3558,    1889,    -116,   -1155,    2839,      11,     439,   -5114,     -44,     234,       0,       0,   -4189,    -535,    1301,   -2353,  100.0,   45.3,    8.1,    1.3,   26.3,   43.9,    3.0,   11.5,   24.8,    1.1,    1.4,    2.3,    0.0,   89.8,   84.5,   10.2,   15.5,     95,      7,.,.,     14,     23,     13,     18,     24,      9,      4,.,      0,     60,     59,    46.2,    33.4,    63.1,    44.3,    46.1,    33.2,    63.0,    43.7,"(CONTRACTS OF AUD 100,000)",232741,CME ,232 ,F10,FutOnly
AUSTRALIAN DOLLAR - CHICAGO MERCANTILE EXCHANGE,221101,2022-11-01,232741,CME ,00,232 ,  165411,   77134,   11260,    2236,   43826,   68543,    4846,   18241,   45476,    1825,    2002,    3730,       0,  150110,  137916,   15301,   27495,   -1550,    2128,    -229,      19,   -5349,   -1035,    -182,     688,    2321,     -44,     911,       0,       0,   -1829,     850,     279,   -2400,  100.0,   46.6,    6.8,    1.4,   26.5,   41.4,    2.9,   11.0,   27.5,    1.1,    1.2,    2.3,    0.0,   90.7,   83.4,    9.3,   16.6,     96,      8,.,.,     13,     22,     11,     15,     29,      7,      4,.,      0,     53,     63,    46.6,    30.6,    64.4,    43.4,    46.4,    30.4,    64.2,    42.8,"(CONTRACTS OF AUD 100,000)",232741,CME ,232 ,F10,FutOnly
AUSTRALIAN DOLLAR - CHICAGO MERCANTILE EXCHANGE,221025,2022-10-25,232741,CME ,00,232 ,  166961,   75006,   11489,    2217,   49175,   69578,    5028,   17553,   43155,    1869,    1091,    3730,       0,  151939,  137066,   15022,   29895,   16465,   14844,    3461,     101,    5745,    4340,    -405,    -788,   10155,    -237,    -584,       0,       0,   18676,   17415,   -2211,    -950,  100.0,   44.9,    6.9,    1.3,   29.5,   41.7,    3.0,   10.5,   25.8,    1.1,    0.7,    2.2,    0.0,   91.0,   82.1,    9.0,   17.9,     90,      7,      4,.,     14,     22,     12,     14,     25,      7,.,.,      0,     50,     61,    46.1,    30.4,    62.3,    43.5,    46.0,    30.2,    62.2,    42.0,"(CONTRACTS OF AUD 100,000)",232741,CME ,232 ,F10,FutOnly
AUSTRALIAN DOLLAR - CHICAGO MERCANTILE EXCHANGE,221018,2022-10-18,232741,CME ,00,232 ,  150496,   60162,    8028,    2116,   43430,   65238,    5433,   18341,   33000,    2106,    1675,    3730,       0,  133263,  119651,   17233,   30845,   12176,    9880,   -1067,      23,    -656,   12353,     185,    3441,    -921,     424,    -109,       0,       0,   13188,   10997,   -1012,    1179,  100.0,   40.0,    5.3,    1.4,   28.9,   43.3,    3.6,   12.2,   21.9,    1.4,    1.1,    2.5,    0.0,   88.5,   79.5,   11.5,   20.5,     89,      7,.,.,     11,     22,     12,     17,     24,      6,.,.,      0,     49,     60,    43.4,    30.4,    60.1,    41.9,    43.2,    29.8,    59.9,    39.1,"(CONTRACTS OF AUD 100,000)",232741,CME ,232 ,F10,FutOnly
AUSTRALIAN DOLLAR - CHICAGO MERCANTILE EXCHANGE,221011,2022-10-11,232741,CME ,00,232 ,  138320,   50282,    9095,    2093,   44086,   52885,    5248,   14900,   33921,    1682,    1784,    3730,       0,  120075,  108654,   18245,   29666,   -1170,    8021,    2579,       2,    2204,    2296,     382,  -13365,   -9393,    -449,     603,    1600,       0,   -2602,   -2983,    1432,    1813,  100.0,   36.4,    6.6,    1.5,   31.9,   38.2,    3.8,   10.8,   24.5,    1.2,    1.3,    2.7,    0.0,   86.8,   78.6,   13.2,   21.4,     91,      7,      4,.,     10,     22,     12,     15,     28,      6,.,.,      0,     47,     64,    40.7,    28.4,    59.3,    39.3,    40.5,    26.8,    59.1,    36.4,"(CONTRACTS OF AUD 100,000)",232741,CME ,232 ,F10,FutOnly
AUSTRALIAN DOLLAR - CHICAGO MERCANTILE EXCHANGE,221004,2022-10-04,232741,CME ,00,232 ,  139490,   42261,    6516,    2091,   41882,   50589,    4866,   28265,   43314,    2131,    1181,    2130,       0,  122677,  111637,   16813,   27853,  -12811,  -16692,     991,    -167,    5027,  -15895,    1029,   -2061,    2669,     336,    -114,     700,       0,  -12642,  -10337,    -169,   -2474,  100.0,   30.3,    4.7,    1.5,   30.0,   36.3,    3.5,   20.3,   31.1,    1.5,    0.8,    1.5,    0.0,   87.9,   80.0,   12.1,   20.0,     94,      7,.,.,     11,     20,     11,     20,     29,      9,.,.,      0,     54,     62,    40.3,    27.0,    58.9,    39.1,    40.1,    26.3,    57.7,    38.2,"(CONTRACTS OF AUD 100,000)",232741,CME ,232 ,F10,FutOnly
AUSTRALIAN DOLLAR - CHICAGO MERCANTILE EXCHANGE,220927,2022-09-27,232741,CME ,00,232 ,  152301,   58953,    5525,    2258,   36855,   66484,    3837,   30326,   40645,    1795,    1295,    1430,       0,  135319,  121974,   16982,   30327,    1757,    -297,    2174,    -233,   -1945,   -8844,     486,    2536,    4875,     -22,    -316,       0,       0,     209,   -1564,    1548,    3321,  100.0,   38.7,    3.6,    1.5,   24.2,   43.7,    2.5,   19.9,   26.7,    1.2,    0.9,    0.9,    0.0,   88.8,   80.1,   11.2,   19.9,     96,      9,.,.,     10,     22,      9,     18,     30,      7,.,.,      0,     49,     65,    41.3,    33.7,    59.7,    44.3,    41.1,    33.5,    59.0,    43.8,"(CONTRACTS OF AUD 100,000)",232741,CME ,232 ,F10,FutOnly
AUSTRALIAN DOLLAR - CHICAGO MERCANTILE EXCHANGE,220920,2022-09-20,232741,CME ,00,232 ,  150544,   59250,    3351,    2491,   38800,   75328,    3351,   27790,   35770,    1817,    1611,    1430,       0,  135110,  123538,   15434,   27006,  -31743,   -3537,    -647,  -12721,  -11593,   -2222,    -164,    8964,   -4490,   -7288,    1211,       0,       0,  -25128,  -27532,   -6615,   -4211,  100.0,   39.4,    2.2,    1.7,   25.8,   50.0,    2.2,   18.5,   23.8,    1.2,    1.1,    0.9,    0.0,   89.7,   82.1,   10.3,   17.9,     92,      9,.,.,     11,     19,      9,     21,     24,      5,.,.,      0,     52,     56,    42.6,    41.0,    59.1,    51.3,    42.4,    40.8,    59.0,    50.9,"(CONTRACTS OF AUD 100,000)",232741,CME ,232 ,F10,FutOnly
AUSTRALIAN DOLLAR - CHICAGO MERCANTILE EXCHANGE,220913,2022-09-13,232741,CME ,00,232 ,  182287,   62787,    3998,   15212,   50393,   77550,    3515,   18826,   40260,    9105,     400,    1430,       0,  160238,  151070,   22049,   31217,    4055,   -5487,     -47,   10737,   -1359,  -17006,     158,   -6179,    1678,    4005,    -466,       0,       0,    1409,    -475,    2646,    4530,  100.0,   34.4,    2.2,    8.3,   27.6,   42.5,    1.9,   10.3,   22.1,    5.0,    0.2,    0.8,    0.0,   87.9,   82.9,   12.1,   17.1,     90,      8,.,      5,     11,     19,      9,     18,     28,     11,.,.,      0,     53,     62,    42.0,    42.9,    60.1,    52.1,    39.8,    37.0,    53.6,    44.4,"(CONTRACTS OF AUD 100,000)",232741,CME ,232 ,F10,FutOnly
AUSTRALIAN DOLLAR - CHICAGO MERCANTILE EXCHANGE,220906,2022-09-06,232741,CME ,00,232 ,  178232,   68274,    4045,    4475,   51752,   94556,    3357,   25005,   38582,    5100,     866,    1430,       0,  158829,  151545,   19403,   26687,    8965,   -5734,    -183,    3367,    4782,   -3575,    -126,    3148,    4681,    2422,     461,    -440,       0,    8320,    6146,     645,    2819,  100.0,   38.3,    2.3,    2.5,   29.0,   53.1,    1.9,   14.0,   21.6,    2.9,    0.5,    0.8,    0.0,   89.1,   85.0,   10.9,   15.0,     90,     10,.,.,     11,     19,      9,     20,     23,     10,.,.,      0,     57,     54,    42.0,    46.0,    57.8,    56.6,    41.9,    45.9,    57.7,    55.3,"(CONTRACTS OF AUD 100,000)",232741,CME ,232 ,F10,FutOnly
AUSTRALIAN DOLLAR - CHICAGO MERCANTILE EXCHANGE,220830,2022-08-30,232741,CME ,00,232 ,  169267,   74008,    4228,    1108,   46970,   98131,    3483,   21857,   33901,    2678,     405,    1870,       0,  150509,  145399,   18758,   23868,      55,    -968,    -363,       5,     780,    -920,     143,    -877,    -737,     -49,       5,       7,       0,    -961,   -1914,    1016,    1969,  100.0,   43.7,    2.5,    0.7,   27.7,   58.0,    2.1,   12.9,   20.0,    1.6,    0.2,    1.1,    0.0,   88.9,   85.9,   11.1,   14.1,     91,     11,      4,.,     10,     22,     10,     19,     21,      8,.,.,      0,     55,     57,    45.8,    48.6,    61.5,    57.7,    45.7,    48.4,    61.4,    57.2,"(CONTRACTS OF AUD 100,000)",232741,CME ,232 ,F10,FutOnly
AUSTRALIAN DOLLAR - CHICAGO MERCANTILE EXCHANGE,220823,2022-08-23,232741,CME ,00,232 ,  169212,   74976,    4591,    1103,   46190,   99051,    3340,   22734,   34638,    2727,     400,    1863,       0,  151470,  147313,   17742,   21899,    9167,    8084,    1109,       4,   -6111,    7068,    -257,    5526,      46,     839,       0,    -659,       0,    8085,    8150,    1082,    1017,  100.0,   44.3,    2.7,    0.7,   27.3,   58.5,    2.0,   13.4,   20.5,    1.6,    0.2,    1.1,    0.0,   89.5,   87.1,   10.5,   12.9,     89,     11,      4,.,     10,     19,      9,     16,     25,      8,.,.,      0,     51,     58,    46.6,    50.5,    62.6,    59.4,    46.4,    50.3,    62.4,    59.0,"(CONTRACTS OF AUD 100,000)",232741,CME ,232 ,F10,FutOnly
AUSTRALIAN DOLLAR - CHICAGO MERCANTILE EXCHANGE,220816,2022-08-16,232741,CME ,00,232 ,  160045,   66892,    3482,    1099,   52301,   91983,    3597,   17208,   34592,    1888,     400,    2522,       0,  143385,  139163,   16660,   20882,    1945,    3669,     373,     -55,      13,   -4494,    -555,    1197,    5380,      -6,     400,    1651,       0,    4663,    2294,   -2718,    -349,  100.0,   41.8,    2.2,    0.7,   32.7,   57.5,    2.2,   10.8,   21.6,    1.2,    0.2,    1.6,    0.0,   89.6,   87.0,   10.4,   13.0,     95,     11,.,.,     13,     20,      7,     16,     27,      9,.,      4,      0,     54,     59,    50.3,    51.6,    63.2,    59.8,    50.0,    51.4,    62.9,    59.3,"(CONTRACTS OF AUD 100,000)",232741,CME ,232 ,F10,FutOnly
AUSTRALIAN DOLLAR - CHICAGO MERCANTILE EXCHANGE,220809,2022-08-09,232741,CME ,00,232 ,  158100,   63223,    3109,    1154,   52288,   96477,    4152,   16011,   29212,    1894,       0,     871,       0,  138722,  136869,   19378,   21231,   -9831,   -8236,     -96,     766,     793,    -497,    -469,   -5501,   -8157,    1301,       0,     127,       0,  -11346,   -7025,    1515,   -2806,  100.0,   40.0,    2.0,    0.7,   33.1,   61.0,    2.6,   10.1,   18.5,    1.2,    0.0,    0.6,    0.0,   87.7,   86.6,   12.3,   13.4,     86,     11,.,.,     13,     18,     10,     18,     21,      8,      0,.,      0,     55,     51,    50.1,    52.7,    62.9,    61.8,    49.7,    52.6,    62.5,    61.3,"(CONTRACTS OF AUD 100,000)",232741,CME ,232 ,F10,FutOnly
AUSTRALIAN DOLLAR - CHICAGO MERCANTILE EXCHANGE,220802,2022-08-02,232741,CME ,00,232 ,  167931,   71459,    3205,     388,   51495,   96974,    4621,   21512,   37369,     593,       0,     744,       0,  150068,  143894,   17863,   24037,   11458,   14072,    -141,      47,    2425,    8789,   -1169,    -476,    3798,   -1407,    -525,      92,     -11,   12956,    9998,   -1498,    1460,  100.0,   42.6,    1.9,    0.2,   30.7,   57.7,    2.8,   12.8,   22.3,    0.4,    0.0,    0.4,    0.0,   89.4,   85.7,   10.6,   14.3,     88,     10,.,.,     12,     20,     10,     16,     25,      6,      0,.,      0,     50,     56,    50.4,    48.2,    63.2,    56.5,    50.1,    48.0,    62.9,    56.0,"(CONTRACTS OF AUD 100,000)",232741,CME ,232 ,F10,FutOnly
AUSTRALIAN DOLLAR - CHICAGO MERCANTILE EXCHANGE,220726,2022-07-26,232741,CME ,00,232 ,  156473,   57387,    3346,     341,   49070,   88185,    5790,   21988,   33571,    2000,     525,     652,      11,  137112,  133896,   19361,   22577,    1227,     301,      -8,      -1,     331,    1223,     147,    -171,    2126,   -1095,    -233,    -201,       7,    -714,    2198,    1941,    -971,  100.0,   36.7,    2.1,    0.2,   31.4,   56.4,    3.7,   14.1,   21.5,    1.3,    0.3,    0.4,    0.0,   87.6,   85.6,   12.4,   14.4,     92,     10,.,.,     13,     18,     10,     17,     27,      8,.,.,.,     54,     58,    47.3,    48.4,    61.3,    57.7,    47.0,    48.2,    60.8,    56.6,"(CONTRACTS OF AUD 100,000)",232741,CME ,232 ,F10,FutOnly
AUSTRALIAN DOLLAR - CHICAGO MERCANTILE EXCHANGE,220719,2022-07-19,232741,CME ,00,232 ,  155246,   57086,    3354,     342,   48739,   86962,    5643,   22159,   31445,    3095,     758,     853,       4,  137826,  131698,   17420,   23548,   -3017,   -2801,    -196,      27,    -388,     941,     160,    -741,    -218,      56,    -169,     136,     -11,   -3867,     895,     850,   -3912,  100.0,   36.8,    2.2,    0.2,   31.4,   56.0,    3.6,   14.3,   20.3,    2.0,    0.5,    0.5,    0.0,   88.8,   84.8,   11.2,   15.2,     93,     10,.,.,     13,     19,      9,     17,     27,     10,.,.,.,     55,     59,    47.8,    45.3,    60.8,    55.3,    47.5,    45.1,    60.3,    54.4,"(CONTRACTS OF AUD 100,000)",232741,CME ,232 ,F10,FutOnly
AUSTRALIAN DOLLAR - CHICAGO MERCANTILE EXCHANGE,220712,2022-07-12,232741,CME ,00,232 ,  158263,   59887,    3550,     315,   49127,   86021,    5483,   22900,   31663,    3039,     927,     717,      15,  141693,  130803,   16570,   27460,   11313,   14128,    -104,      14,   -2395,   16398,     -20,    2357,   -5225,    -413,    -432,    -214,      12,   13251,   10448,   -1938,     865,  100.0,   37.8,    2.2,    0.2,   31.0,   54.4,    3.5,   14.5,   20.0,    1.9,    0.6,    0.5,    0.0,   89.5,   82.6,   10.5,   17.4,     91,     10,.,.,     13,     19,     10,     16,     26,      8,.,.,.,     53,     58,    48.2,    44.6,    60.6,    54.1,    47.9,    44.4,    60.0,    53.0,"(CONTRACTS OF AUD 100,000)",232741,CME ,232 ,F10,FutOnly
AUSTRALIAN DOLLAR - CHICAGO MERCANTILE EXCHANGE,220705,2022-07-05,232741,CME ,00,232 ,  146950,   45759,    3654,     301,   51522,   69623,    5503,   20543,   36888,    3452,    1359,     931,       3,  128442,  120355,   18508,   26595,    7059,    6885,     182,      43,     170,      62,    -118,     588,    2891,     772,       9,     613,      -7,    8342,    4438,   -1283,    2621,  100.0,   31.1,    2.5,    0.2,   35.1,   47.4,    3.7,   14.0,   25.1,    2.3,    0.9,    0.6,    0.0,   87.4,   81.9,   12.6,   18.1,     92,      8,      4,.,     14,     18,      9,     17,     26,      9,.,.,.,     55,     58,    44.9,    41.8,    57.1,    51.8,    44.7,    41.5,    56.8,    51.1,"(CONTRACTS OF AUD 100,000)",232741,CME ,232 ,F10,FutOnly
AUSTRALIAN DOLLAR - CHICAGO MERCANTILE EXCHANGE,220628,2022-06-28,232741,CME ,00,232 ,  139891,   38874,    3472,     258,   51352,   69561,    5621,   19955,   33997,    2680,    1350,     318,      10,  120100,  115917,   19791,   23974,    2874,    1659,     251,      98,   -4130,   -1878,     740,    2154,    1086,    1218,      95,     138,       5,    1839,    1658,    1035,    1216,  100.0,   27.8,    2.5,    0.2,   36.7,   49.7,    4.0,   14.3,   24.3,    1.9,    1.0,    0.2,    0.0,   85.9,   82.9,   14.1,   17.1,     81,      8,      4,.,     13,     17,      9,     14,     21,     10,.,.,.,     54,     49,    42.6,    44.8,    54.5,    54.7,    42.3,    44.1,    54.0,    53.7,"(CONTRACTS OF AUD 100,000)",232741,CME ,232 ,F10,FutOnly
AUSTRALIAN DOLLAR - CHICAGO MERCANTILE EXCHANGE,220621,2022-06-21,232741,CME ,00,232 ,  137017,   37215,    3221,     160,   55482,   71439,    4881,   17801,   32911,    1462,    1255,     180,       5,  118261,  114259,   18756,   22758,   -5840,   -4402,     380,      -3,     952,   -2941,      98,     699,   -2914,    -323,    -280,    -102,       5,   -3254,   -5800,   -2586,     -40,  100.0,   27.2,    2.4,    0.1,   40.5,   52.1,    3.6,   13.0,   24.0,    1.1,    0.9,    0.1,    0.0,   86.3,   83.4,   13.7,   16.6,     82,     10,.,.,     14,     16,      8,     14,     21,      7,.,.,.,     51,     48,    41.8,    46.8,    55.8,    56.7,    41.5,    46.1,    55.4,    56.0,"(CONTRACTS OF AUD 100,000)",232741,CME ,232 ,F10,FutOnly
AUSTRALIAN DOLLAR - CHICAGO MERCANTILE EXCHANGE,220614,2022-06-14,232741,CME ,00,232 ,  142857,   41617,    2841,     163,   54530,   74380,    4783,   17102,   35825,    1785,    1535,     282,       0,  121515,  120059,   21342,   22798,  -23565,    -901,   -1633,   -9710,    1067,     421,    -139,   -3614,   -3869,   -8001,     588,     282,       0,  -20710,  -22649,   -2855,    -916,  100.0,   29.1,    2.0,    0.1,   38.2,   52.1,    3.3,   12.0,   25.1,    1.2,    1.1,    0.2,    0.0,   85.1,   84.0,   14.9,   16.0,     87,      7,      4,.,     15,     19,      9,     16,     22,      8,.,.,      0,     52,     53,    41.5,    46.3,    55.1,    56.6,    41.2,    45.6,    54.8,    55.9,"(CONTRACTS OF AUD 100,000)",232741,CME ,232 ,F10,FutOnly
AUSTRALIAN DOLLAR - CHICAGO MERCANTILE EXCHANGE,220607,2022-06-07,232741,CME ,00,232 ,  166422,   42518,    4474,    9873,   53463,   73959,    4922,   20716,   39694,    9786,     947,       0,       0,  142225,  142708,   24197,   23714,   12761,   -7415,     379,    8245,    4129,   -8772,     229,   -4181,    4268,    7332,    -116,    -529,       0,    8223,   11152,    4538,    1609,  100.0,   25.5,    2.7,    5.9,   32.1,   44.4,    3.0,   12.4,   23.9,    5.9,    0.6,    0.0,    0.0,   85.5,   85.8,   14.5,   14.2,     96,      9,      4,      9,     16,     20,     11,     17,     25,     13,.,      0,      0,     62,     67,    37.0,    39.6,    49.5,    48.5,    35.7,    39.0,    47.5,    47.3,"(CONTRACTS OF AUD 100,000)",232741,CME ,232 ,F10,FutOnly
AUSTRALIAN DOLLAR - CHICAGO MERCANTILE EXCHANGE,220531,2022-05-31,232741,CME ,00,232 ,  153661,   49933,    4095,    1628,   49334,   82731,    4693,   24897,   35426,    2454,    1063,     529,       0,  134002,  131556,   19659,   22105,   -4954,   -3512,     333,     439,    2648,   -3469,     337,   -1464,    2280,    -541,   -3905,       0,       0,   -5998,    -621,    1044,   -4333,  100.0,   32.5,    2.7,    1.1,   32.1,   53.8,    3.1,   16.2,   23.1,    1.6,    0.7,    0.3,    0.0,   87.2,   85.6,   12.8,   14.4,     92,     10,.,      4,     16,     22,      9,     14,     24,     11,.,.,      0,     55,     61,    38.4,    44.1,    51.6,    53.7,    38.1,    43.6,    50.6,    52.7,"(CONTRACTS OF AUD 100,000)",232741,CME ,232 ,F10,FutOnly
AUSTRALIAN DOLLAR - CHICAGO MERCANTILE EXCHANGE,220524,2022-05-24,232741,CME ,00,232 ,  158615,   53445,    3762,    1189,   46686,   86200,    4356,   26361,   33146,    2995,    4968,     529,       0,  140000,  132177,   18615,   26438,   -5194,    -701,     861,     761,    2235,     149,     179,  -10503,   -4291,    -304,    3716,       0,      -5,   -4622,   -2650,    -572,   -2544,  100.0,   33.7,    2.4,    0.7,   29.4,   54.3,    2.7,   16.6,   20.9,    1.9,    3.1,    0.3,    0.0,   88.3,   83.3,   11.7,   16.7,     90,     10,.,      4,     15,     20,      9,     17,     21,      8,.,.,      0,     54,     57,    36.9,    43.3,    51.4,    53.6,    36.4,    42.7,    50.7,    52.7,"(CONTRACTS OF AUD 100,000)",232741,CME ,232 ,F10,FutOnly
AUSTRALIAN DOLLAR - CHICAGO MERCANTILE EXCHANGE,220517,2022-05-17,232741,CME ,00,232 ,  163809,   54146,    2901,     428,   44451,   86051,    4177,   36864,   37437,    3299,    1252,     529,       5,  144622,  134827,   19187,   28982,   10600,    4502,     -10,      59,      95,    4702,      68,    6411,    1978,     359,      45,       0,       5,   11544,    7161,    -944,    3439,  100.0,   33.1,    1.8,    0.3,   27.1,   52.5,    2.5,   22.5,   22.9,    2.0,    0.8,    0.3,    0.0,   88.3,   82.3,   11.7,   17.7,     99,     11,.,.,     13,     22,      9,     23,     24,     10,.,.,.,     59,     62,    35.8,    42.0,    50.3,    51.1,    35.5,    41.4,    50.0,    50.1,"(CONTRACTS OF AUD 100,000)",232741,CME ,232 ,F10,FutOnly
AUSTRALIAN DOLLAR - CHICAGO MERCANTILE EXCHANGE,220510,2022-05-10,232741,CME ,00,232 ,  153209,   49644,    2911,     369,   44356,   81349,    4109,   30453,   35459,    2940,    1207,     529,       0,  133078,  127666,   20131,   25543,     952,   10888,   -3280,     314,    3173,    5105,     894,  -11144,     299,    -884,   -1090,       0,       0,    2151,    2448,   -1199,   -1496,  100.0,   32.4,    1.9,    0.2,   29.0,   53.1,    2.7,   19.9,   23.1,    1.9,    0.8,    0.3,    0.0,   86.9,   83.3,   13.1,   16.7,     95,     11,.,.,     14,     18,      8,     19,     27,     12,.,.,      0,     56,     61,    36.4,    44.4,    50.3,    53.3,    36.1,    43.9,    49.9,    52.8,"(CONTRACTS OF AUD 100,000)",232741,CME ,232 ,F10,FutOnly
AUSTRALIAN DOLLAR - CHICAGO MERCANTILE EXCHANGE,220503,2022-05-03,232741,CME ,00,232 ,  152257,   38756,    6191,      55,   41183,   76244,    3215,   41597,   35160,    3824,    2297,     529,       0,  130927,  125218,   21330,   27039,    5167,    1643,  -10153,       7,   -4329,   13517,    2021,    3978,   -6076,    3197,     440,       0,       0,    6957,    2513,   -1790,    2654,  100.0,   25.5,    4.1,    0.0,   27.0,   50.1,    2.1,   27.3,   23.1,    2.5,    1.5,    0.3,    0.0,   86.0,   82.2,   14.0,   17.8,     99,      8,      5,.,     12,     19,      7,     27,     23,     10,      4,.,      0,     57,     60,    34.8,    44.9,    47.5,    54.2,    34.6,    44.4,    47.3,    53.7,"(CONTRACTS OF AUD 100,000)",232741,CME ,232 ,F10,FutOnly
AUSTRALIAN DOLLAR - CHICAGO MERCANTILE EXCHANGE,220426,2022-04-26,232741,CME ,00,232 ,  147090,   37113,   16344,      48,   45512,   62727,    1194,   37619,   41236,     627,    1857,     529,       0,  123970,  122705,   23120,   24385,    -219,    1984,  -16200,      29,  -10036,    8605,     144,   12552,    2728,     315,     -70,      -5,       0,    4918,   -4384,   -5137,    4165,  100.0,   25.2,   11.1,    0.0,   30.9,   42.6,    0.8,   25.6,   28.0,    0.4,    1.3,    0.4,    0.0,   84.3,   83.4,   15.7,   16.6,     97,      7,      7,.,     15,     17,      9,     22,     25,     10,.,.,      0,     57,     60,    35.2,    48.7,    47.3,    58.4,    35.0,    48.5,    47.1,    57.9,"(CONTRACTS OF AUD 100,000)",232741,CME ,232 ,F10,FutOnly
AUSTRALIAN DOLLAR - CHICAGO MERCANTILE EXCHANGE,220419,2022-04-19,232741,CME ,00,232 ,  147309,   35129,   32544,      19,   55548,   54122,    1050,   25067,   38508,     312,    1927,     534,       0,  119052,  127089,   28257,   20220,   -3630,    -323,      95,       3,   -3561,   -2767,     -27,     539,   -2232,     -12,     600,    -643,       0,   -2781,   -5583,    -849,    1953,  100.0,   23.8,   22.1,    0.0,   37.7,   36.7,    0.7,   17.0,   26.1,    0.2,    1.3,    0.4,    0.0,   80.8,   86.3,   19.2,   13.7,     87,      7,      7,.,     16,      9,      6,     19,     24,      7,.,.,      0,     51,     50,    34.6,    56.9,    46.4,    66.1,    34.5,    56.7,    46.2,    65.7,"(CONTRACTS OF AUD 100,000)",232741,CME ,232 ,F10,FutOnly
AUSTRALIAN DOLLAR - CHICAGO MERCANTILE EXCHANGE,220412,2022-04-12,232741,CME ,00,232 ,  150939,   35452,   32449,      16,   59109,   56889,    1077,   24528,   40740,     324,    1327,    1177,       0,  121833,  132672,   29106,   18267,    2041,     277,    2693,      -4,    2599,     401,    -208,    3875,   -1407,    -866,    -425,     297,       0,    5248,     906,   -3207,    1135,  100.0,   23.5,   21.5,    0.0,   39.2,   37.7,    0.7,   16.3,   27.0,    0.2,    0.9,    0.8,    0.0,   80.7,   87.9,   19.3,   12.1,     94,      7,      7,.,     18,     11,      6,     21,     25,     10,.,.,      0,     57,     54,    33.4,    53.7,    45.7,    63.8,    33.3,    53.5,    45.4,    63.3,"(CONTRACTS OF AUD 100,000)",232741,CME ,232 ,F10,FutOnly
AUSTRALIAN DOLLAR - CHICAGO MERCANTILE EXCHANGE,220405,2022-04-05,232741,CME ,00,232 ,  148898,   35175,   29756,      20,   56510,   56488,    1285,   20653,   42147,    1190,    1752,     880,       0,  116585,  131766,   32313,   17132,    5891,    -972,   12364,      10,    2752,     156,    -108,   -1513,   -5897,     127,      88,     201,       0,     384,    6853,    5507,    -962,  100.0,   23.6,   20.0,    0.0,   38.0,   37.9,    0.9,   13.9,   28.3,    0.8,    1.2,    0.6,    0.0,   78.3,   88.5,   21.7,   11.5,    100,      7,      7,.,     20,     12,      7,     22,     26,     12,.,.,      0,     64,     57,    34.1,    53.2,    45.3,    62.6,    33.9,    53.0,    45.1,    62.1,"(CONTRACTS OF AUD 100,000)",232741,CME ,232 ,F10,FutOnly
AUSTRALIAN DOLLAR - CHICAGO MERCANTILE EXCHANGE,220329,2022-03-29,232741,CME ,00,232 ,  143007,   36147,   17392,      10,   53758,   56332,    1393,   22166,   48044,    1063,    1664,     679,       0,  116201,  124913,   26806,   18094,   15240,    2995,   14387,      -1,   10522,   -2172,    -998,    3558,   11279,   -2701,     567,      59,       0,   13942,   19853,    1298,   -4613,  100.0,   25.3,   12.2,    0.0,   37.6,   39.4,    1.0,   15.5,   33.6,    0.7,    1.2,    0.5,    0.0,   81.3,   87.3,   18.7,   12.7,     96,      9,      5,.,     20,     11,      7,     22,     23,     12,.,.,      0,     64,     52,    34.9,    51.5,    46.4,    64.0,    34.9,    51.3,    46.4,    63.3,"(CONTRACTS OF AUD 100,000)",232741,CME ,232 ,F10,FutOnly
AUSTRALIAN DOLLAR - CHICAGO MERCANTILE EXCHANGE,220322,2022-03-22,232741,CME ,00,232 ,  127767,   33152,    3005,      11,   43236,   58504,    2391,   18608,   36765,    3764,    1097,     620,       0,  102259,  105060,   25508,   22707,    3246,   -6180,     426,       0,    1877,   -3506,    -229,    2073,    7481,      97,    -522,    -568,       0,   -2884,    3701,    6130,    -455,  100.0,   25.9,    2.4,    0.0,   33.8,   45.8,    1.9,   14.6,   28.8,    2.9,    0.9,    0.5,    0.0,   80.0,   82.2,   20.0,   17.8,     85,      9,      4,.,     15,     14,      7,     17,     21,      7,.,.,      0,     49,     51,    41.0,    48.1,    52.3,    57.2,    39.7,    47.3,    50.4,    56.3,"(CONTRACTS OF AUD 100,000)",232741,CME ,232 ,F10,FutOnly
AUSTRALIAN DOLLAR - CHICAGO MERCANTILE EXCHANGE,220315,2022-03-15,232741,CME ,00,232 ,  124521,   39332,    2579,      11,   41359,   62010,    2620,   16535,   29284,    3667,    1619,    1188,       0,  105143,  101359,   19378,   23162,  -72573,  -59404,  -25267,   -3660,     276,   -3190,    -909,    -259,  -34784,   -2418,     -13,      45,       0,  -66387,  -70183,   -6186,   -2390,  100.0,   31.6,    2.1,    0.0,   33.2,   49.8,    2.1,   13.3,   23.5,    2.9,    1.3,    1.0,    0.0,   84.4,   81.4,   15.6,   18.6,     84,     10,.,.,     14,     15,      6,     16,     22,     11,.,.,      0,     51,     51,    41.1,    49.2,    52.0,    58.9,    41.1,    48.4,    51.9,    58.0,"(CONTRACTS OF AUD 100,000)",232741,CME ,232 ,F10,FutOnly
AUSTRALIAN DOLLAR - CHICAGO MERCANTILE EXCHANGE,220308,2022-03-08,232741,CME ,00,232 ,  197094,   98736,   27846,    3671,   41083,   65200,    3529,   16794,   64068,    6085,    1632,    1143,       0,  171530,  171542,   25564,   25552,    7427,  -11823,    5027,    2768,    4462,  -18779,    -357,    6327,   21019,     320,      31,    1143,       0,    1728,   11141,    5699,   -3714,  100.0,   50.1,   14.1,    1.9,   20.8,   33.1,    1.8,    8.5,   32.5,    3.1,    0.8,    0.6,    0.0,   87.0,   87.0,   13.0,   13.0,     93,      6,      8,      4,     13,     17,      6,     17,     27,     12,.,.,      0,     48,     67,    61.9,    37.6,    69.9,    51.9,    59.8,    37.4,    67.2,    51.7,"(CONTRACTS OF AUD 100,000)",232741,CME ,232 ,F10,FutOnly
AUSTRALIAN DOLLAR - CHICAGO MERCANTILE EXCHANGE,220301,2022-03-01,232741,CME ,00,232 ,  189667,  110559,   22819,     903,   36621,   83979,    3886,   10467,   43049,    5765,    1601,       0,       0,  169802,  160401,   19865,   29266,   -2912,   -1913,    4290,     168,   -4880,   -7152,     497,    1866,    1970,     -40,     -16,   -1460,       0,   -4318,   -1727,    1406,   -1185,  100.0,   58.3,   12.0,    0.5,   19.3,   44.3,    2.0,    5.5,   22.7,    3.0,    0.8,    0.0,    0.0,   89.5,   84.6,   10.5,   15.4,     88,      6,      8,      4,     13,     20,      7,     10,     28,     14,.,      0,      0,     47,     66,    67.2,    37.7,    75.7,    47.0,    65.5,    37.5,    73.6,    46.8,"(CONTRACTS OF AUD 100,000)",232741,CME ,232 ,F10,FutOnly
AUSTRALIAN DOLLAR - CHICAGO MERCANTILE EXCHANGE,220222,2022-02-22,232741,CME ,00,232 ,  192579,  112472,   18529,     735,   41501,   91131,    3389,    8601,   41079,    5805,    1617,    1460,       0,  174120,  162128,   18459,   30451,       1,    -589,     645,     -25,    2713,     318,     -49,   -1164,    -828,    -105,     467,     290,       0,    1248,     246,   -1247,    -245,  100.0,   58.4,    9.6,    0.4,   21.6,   47.3,    1.8,    4.5,   21.3,    3.0,    0.8,    0.8,    0.0,   90.4,   84.2,    9.6,   15.8,     93,      7,      7,.,     14,     22,      5,      6,     32,     13,.,.,      0,     44,     70,    68.6,    38.4,    77.3,    47.2,    67.2,    38.3,    75.5,    46.9,"(CONTRACTS OF AUD 100,000)",232741,CME ,232 ,F10,FutOnly
AUSTRALIAN DOLLAR - CHICAGO MERCANTILE EXCHANGE,220215,2022-02-15,232741,CME ,00,232 ,  192578,  113061,   17884,     760,   38788,   90813,    3438,    9765,   41907,    5910,    1150,    1170,       0,  172872,  161882,   19706,   30696,   -3825,   -2304,    3306,     369,    3124,   -2892,     100,   -1022,   -3820,     713,   -5026,    -196,       0,   -4046,   -2420,     221,   -1405,  100.0,   58.7,    9.3,    0.4,   20.1,   47.2,    1.8,    5.1,   21.8,    3.1,    0.6,    0.6,    0.0,   89.8,   84.1,   10.2,   15.9,     89,      7,      7,.,     12,     22,      5,     10,     27,     12,.,.,      0,     41,     68,    68.1,    38.5,    76.7,    46.9,    67.2,    38.4,    74.8,    46.4,"(CONTRACTS OF AUD 100,000)",232741,CME ,232 ,F10,FutOnly
AUSTRALIAN DOLLAR - CHICAGO MERCANTILE EXCHANGE,220208,2022-02-08,232741,CME ,00,232 ,  196403,  115365,   14578,     391,   35664,   93705,    3338,   10787,   45727,    5197,    6176,    1366,       0,  176918,  164302,   19485,   32101,    -510,     197,    2356,      71,    1363,   -2400,    -193,   -6994,     891,    -305,    3994,    1366,       0,   -1867,    1786,    1357,   -2296,  100.0,   58.7,    7.4,    0.2,   18.2,   47.7,    1.7,    5.5,   23.3,    2.6,    3.1,    0.7,    0.0,   90.1,   83.7,    9.9,   16.3,     95,      8,      6,.,     11,     21,      4,     12,     30,     12,      4,.,      0,     44,     70,    66.6,    36.8,    75.0,    45.3,    66.5,    36.6,    73.2,    45.1,"(CONTRACTS OF AUD 100,000)",232741,CME ,232 ,F10,FutOnly
AUSTRALIAN DOLLAR - CHICAGO MERCANTILE EXCHANGE,220201,2022-02-01,232741,CME ,00,232 ,  196913,  115168,   12222,     320,   34301,   96105,    3531,   17781,   44836,    5502,    2182,       0,       0,  178785,  162516,   18128,   34397,    6893,     142,    1069,     204,    -325,   -2209,     282,    4251,    5377,    -375,     957,   -1005,       0,    5136,    3343,    1757,    3550,  100.0,   58.5,    6.2,    0.2,   17.4,   48.8,    1.8,    9.0,   22.8,    2.8,    1.1,    0.0,    0.0,   90.8,   82.5,    9.2,   17.5,    103,      7,      7,.,     11,     24,      6,     18,     33,     12,.,      0,      0,     48,     76,    66.0,    35.8,    74.3,    44.6,    66.0,    35.7,    72.5,    44.4,"(CONTRACTS OF AUD 100,000)",232741,CME ,232 ,F10,FutOnly
AUSTRALIAN DOLLAR - CHICAGO MERCANTILE EXCHANGE,220125,2022-01-25,232741,CME ,00,232 ,  190020,  115026,   11153,     116,   34626,   98314,    3249,   13530,   39459,    5877,    1225,    1005,       0,  173649,  159173,   16371,   30847,    8884,    1211,    2365,    -271,    6100,    2714,    -902,    4245,    1611,    1038,     100,     555,       0,   11521,    7110,   -2637,    1774,  100.0,   60.5,    5.9,    0.1,   18.2,   51.7,    1.7,    7.1,   20.8,    3.1,    0.6,    0.5,    0.0,   91.4,   83.8,    8.6,   16.2,    101,      7,      7,.,     11,     24,      5,     20,     28,     10,.,.,      0,     45,     73,    68.8,    38.7,    75.8,    47.2,    68.7,    38.6,    74.3,    46.8,"(CONTRACTS OF AUD 100,000)",232741,CME ,232 ,F10,FutOnly
AUSTRALIAN DOLLAR - CHICAGO MERCANTILE EXCHANGE,220118,2022-01-18,232741,CME ,00,232 ,  181136,  113815,    8788,     387,   28526,   95600,    4151,    9285,   37848,    4839,    1125,     450,       0,  162128,  152063,   19008,   29073,   -4317,   -6121,    3697,    -199,    -484,   -6875,    -227,   -1681,     -55,    3508,     285,   -2710,       0,   -4919,   -2861,     602,   -1456,  100.0,   62.8,    4.9,    0.2,   15.7,   52.8,    2.3,    5.1,   20.9,    2.7,    0.6,    0.2,    0.0,   89.5,   83.9,   10.5,   16.1,     91,      7,      7,.,     10,     22,      6,     15,     27,      9,.,.,      0,     40,     69,    70.2,    42.2,    77.1,    51.0,    70.2,    42.0,    75.5,    50.5,"(CONTRACTS OF AUD 100,000)",232741,CME ,232 ,F10,FutOnly
AUSTRALIAN DOLLAR - CHICAGO MERCANTILE EXCHANGE,220111,2022-01-11,232741,CME ,00,232 ,  185453,  119936,    5091,     586,   29010,  102475,    4378,   10966,   37903,    1331,     840,    3160,       0,  167047,  154924,   18406,   30529,    5346,    2953,   -1291,     -13,    1544,    3900,     193,     762,     941,     426,    -865,     164,       0,    5000,    4320,     346,    1026,  100.0,   64.7,    2.7,    0.3,   15.6,   55.3,    2.4,    5.9,   20.4,    0.7,    0.5,    1.7,    0.0,   90.1,   83.5,    9.9,   16.5,     91,      9,      5,.,     11,     21,      6,     13,     26,      9,.,      5,      0,     41,     67,    69.0,    43.5,    75.7,    52.8,    68.9,    43.3,    75.4,    52.2,"(CONTRACTS OF AUD 100,000)",232741,CME ,232 ,F10,FutOnly
AUSTRALIAN DOLLAR - CHICAGO MERCANTILE EXCHANGE,220104,2022-01-04,232741,CME ,00,232 ,  180107,  116983,    6382,     599,   27466,   98575,    4185,   10204,   36962,     905,    1705,    2996,       0,  162047,  150604,   18060,   29503,   -3045,    -194,    1647,       1,     599,   -3349,    -644,   -4462,    1731,     290,      90,    2296,       0,   -4320,    1972,    1275,   -5017,  100.0,   65.0,    3.5,    0.3,   15.2,   54.7,    2.3,    5.7,   20.5,    0.5,    0.9,    1.7,    0.0,   90.0,   83.6,   10.0,   16.4,     94,      7,      7,.,     12,     21,      7,     11,     28,      7,.,      5,      0,     41,     69,    70.3,    41.5,    76.2,    50.6,    70.2,    41.4,    76.1,    49.4,"(CONTRACTS OF AUD 100,000)",232741,CME ,232 ,F10,FutOnly
NZ DOLLAR - CHICAGO MERCANTILE EXCHANGE,221227,2022-12-27,112741,CME ,00,112 ,   33552,    5966,    7064,      20,   13727,    9802,     227,    9013,   12778,     375,     150,     577,      13,   29491,   30856,    4061,    2696,    4508,    1436,     345,      20,    -209,    2290,     112,    2956,    1671,     124,     150,     -29,      12,    4601,    4545,     -93,     -37,  100.0,   17.8,   21.1,    0.1,   40.9,   29.2,    0.7,   26.9,   38.1,    1.1,    0.4,    1.7,    0.0,   87.9,   92.0,   12.1,    8.0,     75,      6,      4,.,     18,     14,      6,     11,     18,.,.,.,.,     43,     44,    35.5,    41.2,    55.2,    59.3,    35.4,    41.1,    55.1,    59.1,"(CONTRACTS OF NZD 100,000)",112741,CME ,112 ,F15,FutOnly
NZ DOLLAR - CHICAGO MERCANTILE EXCHANGE,221220,2022-12-20,112741,CME ,00,112 ,   29044,    4530,    6719,       0,   13936,    7512,     115,    6057,   11107,     251,       0,     606,       1,   24890,   26311,    4154,    2733,  -26250,  -13902,    -624,   -4650,    2894,   -3941,      18,   -7832,  -14052,   -1636,       0,    -212,       1,  -25107,  -25096,   -1143,   -1154,  100.0,   15.6,   23.1,    0.0,   48.0,   25.9,    0.4,   20.9,   38.2,    0.9,    0.0,    2.1,    0.0,   85.7,   90.6,   14.3,    9.4,     67,      5,.,      0,     18,     11,      4,     16,     11,.,      0,.,.,     43,     31,    37.0,    45.1,    51.5,    64.2,    37.0,    44.9,    51.5,    63.6,"(CONTRACTS OF NZD 100,000)",112741,CME ,112 ,F15,FutOnly
NZ DOLLAR - CHICAGO MERCANTILE EXCHANGE,221213,2022-12-13,112741,CME ,00,112 ,   55294,   18432,    7343,    4650,   11042,   11453,      97,   13889,   25159,    1887,       0,     818,       0,   49997,   51407,    5297,    3887,   12340,     106,    2600,    4111,    3044,    -727,     -11,    1806,    4082,    1552,    -155,      59,     -13,   10440,   11653,    1900,     687,  100.0,   33.3,   13.3,    8.4,   20.0,   20.7,    0.2,   25.1,   45.5,    3.4,    0.0,    1.5,    0.0,   90.4,   93.0,    9.6,    7.0,     86,      8,      5,      5,     15,     14,      4,     21,     17,      6,      0,      5,      0,     51,     50,    49.6,    35.4,    61.5,    58.6,    42.3,    35.4,    54.2,    55.0,"(CONTRACTS OF NZD 100,000)",112741,CME ,112 ,F15,FutOnly
NZ DOLLAR - CHICAGO MERCANTILE EXCHANGE,221206,2022-12-06,112741,CME ,00,112 ,   42954,   18326,    4743,     539,    7998,   12180,     108,   12083,   21077,     335,     155,     759,      13,   39557,   39754,    3397,    3200,   -3226,      45,     551,    -130,     695,   -2322,    -123,   -2323,    -388,    -909,    -187,     173,       0,   -2932,   -3148,    -294,     -78,  100.0,   42.7,   11.0,    1.3,   18.6,   28.4,    0.3,   28.1,   49.1,    0.8,    0.4,    1.8,    0.0,   92.1,   92.6,    7.9,    7.4,     87,      8,      5,.,     13,     16,      4,     20,     19,      5,.,      5,.,     51,     49,    55.4,    36.7,    67.0,    58.8,    55.4,    36.7,    66.9,    58.1,"(CONTRACTS OF NZD 100,000)",112741,CME ,112 ,F15,FutOnly
NZ DOLLAR - CHICAGO MERCANTILE EXCHANGE,221129,2022-11-29,112741,CME ,00,112 ,   46180,   18281,    4192,     669,    7303,   14502,     231,   14406,   21465,    1244,     342,     586,      13,   42489,   42902,    3691,    3278,    3591,   -1085,    1189,     639,    2312,   -2074,     -17,     722,    4423,     295,     266,    -130,     -29,    3103,    4296,     488,    -705,  100.0,   39.6,    9.1,    1.4,   15.8,   31.4,    0.5,   31.2,   46.5,    2.7,    0.7,    1.3,    0.0,   92.0,   92.9,    8.0,    7.1,     88,      7,      5,.,     13,     16,      5,     21,     20,      5,.,      4,.,     50,     51,    54.3,    33.5,    68.6,    53.7,    54.2,    33.3,    68.5,    51.9,"(CONTRACTS OF NZD 100,000)",112741,CME ,112 ,F15,FutOnly
NZ DOLLAR - CHICAGO MERCANTILE EXCHANGE,221122,2022-11-22,112741,CME ,00,112 ,   42589,   19366,    3003,      30,    4991,   16576,     248,   13684,   17042,     949,      76,     716,      42,   39386,   38606,    3203,    3983,       0,   -1527,    1573,     -51,    1267,   -2710,     -23,    -492,     719,     728,    -416,     223,      -9,    -523,     450,     523,    -450,  100.0,   45.5,    7.1,    0.1,   11.7,   38.9,    0.6,   32.1,   40.0,    2.2,    0.2,    1.7,    0.1,   92.5,   90.6,    7.5,    9.4,     84,      8,      4,.,      9,     19,      5,     18,     20,      4,.,      4,.,     44,     52,    57.0,    30.7,    69.0,    49.8,    56.9,    29.0,    68.8,    48.1,"(CONTRACTS OF NZD 100,000)",112741,CME ,112 ,F15,FutOnly
NZ DOLLAR - CHICAGO MERCANTILE EXCHANGE,221115,2022-11-15,112741,CME ,00,112 ,   42589,   20893,    1430,      81,    3724,   19286,     271,   14176,   16323,     221,     492,     493,      51,   39909,   38156,    2680,    4433,   -3219,     776,     582,      -6,     -12,   -3444,    -150,   -3056,    1572,    -929,      14,    -316,      -4,   -3367,   -2695,     148,    -524,  100.0,   49.1,    3.4,    0.2,    8.7,   45.3,    0.6,   33.3,   38.3,    0.5,    1.2,    1.2,    0.1,   93.7,   89.6,    6.3,   10.4,     86,      8,      4,.,      8,     21,      5,     18,     22,      7,.,.,.,     46,     56,    59.6,    31.8,    72.7,    48.7,    59.5,    31.7,    72.5,    48.7,"(CONTRACTS OF NZD 100,000)",112741,CME ,112 ,F15,FutOnly
NZ DOLLAR - CHICAGO MERCANTILE EXCHANGE,221108,2022-11-08,112741,CME ,00,112 ,   45808,   20117,     848,      87,    3736,   22730,     421,   17232,   14751,    1150,     478,     809,      55,   43276,   40851,    2532,    4957,   -1411,    1653,    -198,      -4,    -401,       2,      21,   -2738,    -888,     403,    -145,      62,     -25,   -1236,    -627,    -175,    -784,  100.0,   43.9,    1.9,    0.2,    8.2,   49.6,    0.9,   37.6,   32.2,    2.5,    1.0,    1.8,    0.1,   94.5,   89.2,    5.5,   10.8,     94,      9,.,.,      7,     23,      5,     21,     25,      6,.,      5,.,     49,     60,    56.3,    34.7,    69.3,    51.7,    56.2,    32.6,    68.9,    49.4,"(CONTRACTS OF NZD 100,000)",112741,CME ,112 ,F15,FutOnly
NZ DOLLAR - CHICAGO MERCANTILE EXCHANGE,221101,2022-11-01,112741,CME ,00,112 ,   47219,   18464,    1046,      91,    4137,   22728,     400,   19970,   15639,     747,     623,     747,      80,   44512,   41478,    2707,    5741,   -3401,   -6700,      79,       0,   -1441,   -1109,     -96,    5199,   -1198,    -373,     276,     -67,      10,   -3125,   -2754,    -276,    -647,  100.0,   39.1,    2.2,    0.2,    8.8,   48.1,    0.8,   42.3,   33.1,    1.6,    1.3,    1.6,    0.2,   94.3,   87.8,    5.7,   12.2,     91,      9,.,.,      7,     20,      5,     19,     27,      5,.,      4,.,     47,     58,    51.4,    35.5,    66.0,    51.3,    51.3,    34.1,    65.5,    49.8,"(CONTRACTS OF NZD 100,000)",112741,CME ,112 ,F15,FutOnly
NZ DOLLAR - CHICAGO MERCANTILE EXCHANGE,221025,2022-10-25,112741,CME ,00,112 ,   50620,   25164,     967,      91,    5578,   23837,     496,   14771,   16837,    1120,     347,     814,      70,   47637,   44232,    2983,    6388,     172,   -5719,     610,      -1,     625,     636,      67,    5083,   -1070,     190,    -286,      36,      17,     -24,     485,     196,    -313,  100.0,   49.7,    1.9,    0.2,   11.0,   47.1,    1.0,   29.2,   33.3,    2.2,    0.7,    1.6,    0.1,   94.1,   87.4,    5.9,   12.6,     92,      9,.,.,     12,     22,      4,     14,     26,      7,.,      4,.,     47,     60,    55.7,    37.7,    68.0,    52.9,    55.3,    35.9,    67.5,    51.1,"(CONTRACTS OF NZD 100,000)",112741,CME ,112 ,F15,FutOnly
NZ DOLLAR - CHICAGO MERCANTILE EXCHANGE,221018,2022-10-18,112741,CME ,00,112 ,   50448,   30883,     357,      92,    4953,   23201,     429,    9688,   17907,     930,     633,     778,      53,   47661,   43747,    2787,    6701,    -109,    2136,     -42,      44,   -2493,    1716,      60,    -516,   -2708,     540,      83,    -195,      21,    -125,    -564,      16,     455,  100.0,   61.2,    0.7,    0.2,    9.8,   46.0,    0.9,   19.2,   35.5,    1.8,    1.3,    1.5,    0.1,   94.5,   86.7,    5.5,   13.3,     91,      9,.,.,     10,     20,      5,     17,     26,      6,.,      4,.,     48,     58,    59.7,    37.3,    70.0,    54.2,    59.4,    35.7,    69.6,    52.7,"(CONTRACTS OF NZD 100,000)",112741,CME ,112 ,F15,FutOnly
NZ DOLLAR - CHICAGO MERCANTILE EXCHANGE,221011,2022-10-11,112741,CME ,00,112 ,   50557,   28747,     399,      48,    7446,   21485,     369,   10204,   20615,     390,     550,     973,      32,   47786,   44311,    2771,    6246,    2070,    5671,      37,       0,    -889,    1792,      43,   -3169,    -529,     132,    -130,     -11,       0,    1658,    1464,     412,     606,  100.0,   56.9,    0.8,    0.1,   14.7,   42.5,    0.7,   20.2,   40.8,    0.8,    1.1,    1.9,    0.1,   94.5,   87.6,    5.5,   12.4,     95,     10,.,.,     11,     18,      5,     18,     30,.,.,      5,.,     46,     60,    55.1,    37.0,    68.4,    54.1,    55.1,    36.3,    68.3,    53.4,"(CONTRACTS OF NZD 100,000)",112741,CME ,112 ,F15,FutOnly
NZ DOLLAR - CHICAGO MERCANTILE EXCHANGE,221004,2022-10-04,112741,CME ,00,112 ,   48487,   23076,     362,      48,    8335,   19693,     326,   13373,   21144,     258,     680,     984,      32,   46128,   42847,    2359,    5640,    3247,      60,    -104,      -5,    2954,    1328,      50,    -142,    2030,     157,     317,     255,     -14,    3377,    3697,    -130,    -450,  100.0,   47.6,    0.7,    0.1,   17.2,   40.6,    0.7,   27.6,   43.6,    0.5,    1.4,    2.0,    0.1,   95.1,   88.4,    4.9,   11.6,     94,      9,.,.,      9,     20,      4,     19,     28,      6,.,      5,.,     45,     62,    46.0,    38.8,    63.2,    55.6,    45.9,    38.8,    63.1,    55.6,"(CONTRACTS OF NZD 100,000)",112741,CME ,112 ,F15,FutOnly
NZ DOLLAR - CHICAGO MERCANTILE EXCHANGE,220927,2022-09-27,112741,CME ,00,112 ,   45240,   23016,     466,      53,    5381,   18365,     276,   13515,   19114,     101,     363,     729,      46,   42751,   39150,    2489,    6090,   -2644,   -3082,     202,       0,     482,    -402,     -32,     184,   -1570,     -40,    -107,    -152,       6,   -2589,   -1988,     -55,    -656,  100.0,   50.9,    1.0,    0.1,   11.9,   40.6,    0.6,   29.9,   42.3,    0.2,    0.8,    1.6,    0.1,   94.5,   86.5,    5.5,   13.5,     98,      8,.,.,      8,     21,.,     22,     32,      5,.,      4,.,     46,     63,    50.3,    36.1,    65.7,    52.1,    50.2,    36.1,    65.5,    52.1,"(CONTRACTS OF NZD 100,000)",112741,CME ,112 ,F15,FutOnly
NZ DOLLAR - CHICAGO MERCANTILE EXCHANGE,220920,2022-09-20,112741,CME ,00,112 ,   47884,   26098,     264,      53,    4899,   18767,     308,   13331,   20684,     141,     470,     881,      40,   45340,   41138,    2544,    6746,   -3195,    2915,   -2716,    -178,      80,    -535,     -27,   -3209,    2618,   -2822,      -7,     317,       7,   -3241,   -3336,      46,     141,  100.0,   54.5,    0.6,    0.1,   10.2,   39.2,    0.6,   27.8,   43.2,    0.3,    1.0,    1.8,    0.1,   94.7,   85.9,    5.3,   14.1,     93,      8,.,.,      8,     20,.,     19,     30,      4,.,      5,.,     42,     61,    54.3,    35.2,    68.5,    52.0,    53.8,    35.2,    68.0,    52.0,"(CONTRACTS OF NZD 100,000)",112741,CME ,112 ,F15,FutOnly
NZ DOLLAR - CHICAGO MERCANTILE EXCHANGE,220913,2022-09-13,112741,CME ,00,112 ,   51079,   23183,    2980,     231,    4819,   19302,     335,   16540,   18066,    2963,     477,     564,      33,   48581,   44474,    2498,    6605,    4283,    1670,      -6,    -149,   -1761,    -259,      46,    2321,    2621,    1878,     331,    -148,     -11,    4325,    3972,     -42,     311,  100.0,   45.4,    5.8,    0.5,    9.4,   37.8,    0.7,   32.4,   35.4,    5.8,    0.9,    1.1,    0.1,   95.1,   87.1,    4.9,   12.9,     95,      9,      4,.,      8,     20,.,     17,     32,      9,.,.,.,     44,     68,    48.1,    34.5,    66.6,    48.7,    47.7,    34.5,    62.2,    46.9,"(CONTRACTS OF NZD 100,000)",112741,CME ,112 ,F15,FutOnly
NZ DOLLAR - CHICAGO MERCANTILE EXCHANGE,220906,2022-09-06,112741,CME ,00,112 ,   46796,   21513,    2986,     380,    6580,   19561,     289,   14219,   15445,    1085,     146,     712,      44,   44256,   40502,    2540,    6294,    2420,    1195,    -497,     256,     241,    1553,    -191,     485,     100,     388,    -217,     203,     -11,    2146,    1801,     274,     619,  100.0,   46.0,    6.4,    0.8,   14.1,   41.8,    0.6,   30.4,   33.0,    2.3,    0.3,    1.5,    0.1,   94.6,   86.6,    5.4,   13.4,     97,      8,      4,.,      8,     21,.,     20,     30,      8,.,      5,.,     44,     69,    45.3,    37.2,    62.8,    48.5,    44.6,    37.2,    61.7,    48.5,"(CONTRACTS OF NZD 100,000)",112741,CME ,112 ,F15,FutOnly
NZ DOLLAR - CHICAGO MERCANTILE EXCHANGE,220830,2022-08-30,112741,CME ,00,112 ,   44376,   20318,    3483,     124,    6339,   18008,     480,   13734,   15345,     697,     363,     509,      55,   42110,   38701,    2266,    5675,    2065,    1464,     -92,      12,     641,    1770,     -72,    -643,     218,     321,      85,    -233,       0,    1808,    1924,     257,     141,  100.0,   45.8,    7.8,    0.3,   14.3,   40.6,    1.1,   30.9,   34.6,    1.6,    0.8,    1.1,    0.1,   94.9,   87.2,    5.1,   12.8,     89,      8,      4,.,      8,     19,.,     17,     28,      6,.,.,.,     41,     62,    44.8,    37.0,    62.6,    50.9,    44.6,    37.0,    62.1,    50.8,"(CONTRACTS OF NZD 100,000)",112741,CME ,112 ,F15,FutOnly
NZ DOLLAR - CHICAGO MERCANTILE EXCHANGE,220823,2022-08-23,112741,CME ,00,112 ,   42311,   18854,    3575,     112,    5698,   16238,     552,   14377,   15127,     376,     278,     742,      55,   40302,   36777,    2009,    5534,     582,    2248,   -3660,       3,     144,     706,     276,   -1833,    1708,     248,     -56,     188,       1,    1031,    -530,    -449,    1112,  100.0,   44.6,    8.4,    0.3,   13.5,   38.4,    1.3,   34.0,   35.8,    0.9,    0.7,    1.8,    0.1,   95.3,   86.9,    4.7,   13.1,     85,      7,      4,.,      6,     19,.,     18,     26,      7,.,      4,.,     39,     61,    49.0,    36.7,    65.8,    54.1,    48.9,    36.7,    65.3,    54.1,"(CONTRACTS OF NZD 100,000)",112741,CME ,112 ,F15,FutOnly
NZ DOLLAR - CHICAGO MERCANTILE EXCHANGE,220816,2022-08-16,112741,CME ,00,112 ,   41729,   16606,    7235,     109,    5554,   15532,     276,   16210,   13419,     128,     334,     554,      54,   39271,   37307,    2458,    4422,   -3621,   -3934,    3002,     -44,    1703,   -2189,    -185,   -1656,   -2336,     -89,     334,    -226,      31,   -3840,   -2036,     219,   -1585,  100.0,   39.8,   17.3,    0.3,   13.3,   37.2,    0.7,   38.8,   32.2,    0.3,    0.8,    1.3,    0.1,   94.1,   89.4,    5.9,   10.6,     84,      6,      6,.,      5,     18,      4,     21,     23,.,.,.,.,     40,     55,    48.7,    36.8,    65.3,    53.8,    48.6,    36.8,    65.1,    53.8,"(CONTRACTS OF NZD 100,000)",112741,CME ,112 ,F15,FutOnly
NZ DOLLAR - CHICAGO MERCANTILE EXCHANGE,220809,2022-08-09,112741,CME ,00,112 ,   45350,   20540,    4233,     153,    3851,   17721,     461,   17866,   15755,     217,       0,     780,      23,   43111,   39343,    2239,    6007,      76,    -583,      43,       1,     778,    -955,     -26,     932,    1301,    -345,    -300,     -45,       0,     457,     -26,    -381,     102,  100.0,   45.3,    9.3,    0.3,    8.5,   39.1,    1.0,   39.4,   34.7,    0.5,    0.0,    1.7,    0.1,   95.1,   86.8,    4.9,   13.2,     90,      7,      5,.,      6,     19,.,     22,     27,      8,      0,      4,.,     41,     63,    44.7,    33.7,    61.3,    49.0,    44.5,    33.7,    61.1,    48.9,"(CONTRACTS OF NZD 100,000)",112741,CME ,112 ,F15,FutOnly
NZ DOLLAR - CHICAGO MERCANTILE EXCHANGE,220802,2022-08-02,112741,CME ,00,112 ,   45274,   21123,    4190,     152,    3073,   18676,     487,   16934,   14454,     562,     300,     825,      23,   42654,   39369,    2620,    5905,   -1197,     414,     618,      84,     -99,     515,      70,   -2512,   -3052,     274,     200,      59,       1,   -1568,   -1431,     371,     234,  100.0,   46.7,    9.3,    0.3,    6.8,   41.3,    1.1,   37.4,   31.9,    1.2,    0.7,    1.8,    0.1,   94.2,   87.0,    5.8,   13.0,     90,      7,      5,.,      5,     22,.,     22,     23,      8,.,      5,.,     43,     62,    46.1,    34.0,    61.7,    48.7,    45.9,    34.0,    61.2,    48.7,"(CONTRACTS OF NZD 100,000)",112741,CME ,112 ,F15,FutOnly
NZ DOLLAR - CHICAGO MERCANTILE EXCHANGE,220726,2022-07-26,112741,CME ,00,112 ,   46471,   20709,    3572,      68,    3172,   18161,     417,   19446,   17506,     288,     100,     766,      22,   44222,   40800,    2249,    5671,    1004,    -220,    -551,      -3,    -229,   -1504,      -2,    1617,    3565,     -64,     100,    -108,       0,    1199,    1333,    -195,    -329,  100.0,   44.6,    7.7,    0.1,    6.8,   39.1,    0.9,   41.8,   37.7,    0.6,    0.2,    1.6,    0.0,   95.2,   87.8,    4.8,   12.2,     93,      7,      5,.,      6,     22,      4,     22,     25,      7,.,      5,.,     44,     63,    44.8,    35.6,    61.3,    51.4,    44.7,    35.6,    60.8,    51.2,"(CONTRACTS OF NZD 100,000)",112741,CME ,112 ,F15,FutOnly
NZ DOLLAR - CHICAGO MERCANTILE EXCHANGE,220719,2022-07-19,112741,CME ,00,112 ,   45467,   20929,    4123,      71,    3401,   19665,     419,   17829,   13941,     352,       0,     874,      22,   43023,   39467,    2444,    6000,    -370,    -186,     183,       4,    -926,    -424,      -4,     810,    -201,     124,    -200,      80,       0,    -378,    -238,       8,    -132,  100.0,   46.0,    9.1,    0.2,    7.5,   43.3,    0.9,   39.2,   30.7,    0.8,    0.0,    1.9,    0.0,   94.6,   86.8,    5.4,   13.2,     95,      7,      5,.,      7,     22,      4,     23,     26,      7,      0,      5,.,     44,     65,    47.7,    36.7,    62.9,    49.8,    47.5,    36.7,    62.8,    49.6,"(CONTRACTS OF NZD 100,000)",112741,CME ,112 ,F15,FutOnly
NZ DOLLAR - CHICAGO MERCANTILE EXCHANGE,220712,2022-07-12,112741,CME ,00,112 ,   45837,   21115,    3940,      67,    4327,   20089,     423,   17019,   14142,     228,     200,     794,      22,   43401,   39705,    2436,    6132,     434,   -1329,     272,      -2,     933,     194,      38,     684,    -453,     163,     200,     244,       0,     687,     456,    -253,     -22,  100.0,   46.1,    8.6,    0.1,    9.4,   43.8,    0.9,   37.1,   30.9,    0.5,    0.4,    1.7,    0.0,   94.7,   86.6,    5.3,   13.4,     95,      7,      5,.,      8,     22,      4,     24,     24,      6,.,      4,.,     44,     64,    43.2,    35.5,    58.0,    51.5,    43.1,    35.5,    57.9,    51.5,"(CONTRACTS OF NZD 100,000)",112741,CME ,112 ,F15,FutOnly
NZ DOLLAR - CHICAGO MERCANTILE EXCHANGE,220705,2022-07-05,112741,CME ,00,112 ,   45403,   22444,    3668,      69,    3394,   19895,     385,   16335,   14595,      65,       0,     550,      22,   42714,   39249,    2689,    6154,    5066,    1572,     392,      20,    1737,     763,     -20,    1819,    3364,    -131,    -364,      20,       0,    4633,    4408,     433,     658,  100.0,   49.4,    8.1,    0.2,    7.5,   43.8,    0.8,   36.0,   32.1,    0.1,    0.0,    1.2,    0.0,   94.1,   86.4,    5.9,   13.6,     91,      7,      5,.,      8,     21,.,     20,     27,.,      0,.,.,     38,     62,    47.6,    34.7,    61.0,    49.6,    47.4,    34.7,    60.9,    49.6,"(CONTRACTS OF NZD 100,000)",112741,CME ,112 ,F15,FutOnly
NZ DOLLAR - CHICAGO MERCANTILE EXCHANGE,220628,2022-06-28,112741,CME ,00,112 ,   40337,   20872,    3276,      49,    1657,   19132,     405,   14516,   11231,     196,     364,     530,      22,   38081,   34841,    2256,    5496,   -2552,     478,      46,     -21,   -1290,   -1571,     380,   -2365,   -1641,     133,       0,      82,      22,   -2663,   -2570,     111,      18,  100.0,   51.7,    8.1,    0.1,    4.1,   47.4,    1.0,   36.0,   27.8,    0.5,    0.9,    1.3,    0.1,   94.4,   86.4,    5.6,   13.6,     95,     10,.,.,      7,     21,      4,     26,     23,      5,.,.,.,     49,     57,    46.9,    39.0,    61.0,    54.6,    46.8,    39.0,    60.9,    54.5,"(CONTRACTS OF NZD 100,000)",112741,CME ,112 ,F15,FutOnly
NZ DOLLAR - CHICAGO MERCANTILE EXCHANGE,220621,2022-06-21,112741,CME ,00,112 ,   42889,   20394,    3230,      70,    2947,   20703,      25,   16881,   12872,      63,     364,     448,       0,   40744,   37411,    2145,    5478,   -2521,   -1040,    -600,      -4,    -265,   -2042,       2,    -181,    1053,    -955,      13,    -282,       0,   -2430,   -2828,     -91,     307,  100.0,   47.6,    7.5,    0.2,    6.9,   48.3,    0.1,   39.4,   30.0,    0.1,    0.8,    1.0,    0.0,   95.0,   87.2,    5.0,   12.8,     90,      9,.,.,      7,     22,      4,     25,     21,      6,.,.,      0,     48,     53,    43.4,    36.0,    57.2,    54.0,    43.2,    35.9,    57.1,    54.0,"(CONTRACTS OF NZD 100,000)",112741,CME ,112 ,F15,FutOnly
NZ DOLLAR - CHICAGO MERCANTILE EXCHANGE,220614,2022-06-14,112741,CME ,00,112 ,   45410,   21434,    3830,      74,    3212,   22745,      23,   17062,   11819,    1018,     351,     730,       0,   43174,   40239,    2236,    5171,  -18130,  -14724,      73,   -4114,    -488,    -688,    -237,    3634,  -11001,   -1861,     -38,     -25,       0,  -17828,  -17853,    -302,    -277,  100.0,   47.2,    8.4,    0.2,    7.1,   50.1,    0.1,   37.6,   26.0,    2.2,    0.8,    1.6,    0.0,   95.1,   88.6,    4.9,   11.4,    101,      9,.,.,      7,     25,      4,     28,     24,      8,.,.,      0,     54,     60,    44.7,    35.8,    58.7,    51.8,    44.5,    34.1,    58.5,    50.1,"(CONTRACTS OF NZD 100,000)",112741,CME ,112 ,F15,FutOnly
NZ DOLLAR - CHICAGO MERCANTILE EXCHANGE,220607,2022-06-07,112741,CME ,00,112 ,   63540,   36158,    3757,    4188,    3700,   23433,     260,   13428,   22820,    2879,     389,     755,       0,   61002,   58092,    2538,    5448,    8406,     463,    -398,    3013,     393,     994,      51,    2794,    2982,    1827,      89,     -99,       0,    8630,    8370,    -224,      36,  100.0,   56.9,    5.9,    6.6,    5.8,   36.9,    0.4,   21.1,   35.9,    4.5,    0.6,    1.2,    0.0,   96.0,   91.4,    4.0,    8.6,     97,      9,      4,      4,      8,     22,.,     24,     26,     12,.,.,      0,     53,     63,    57.1,    37.0,    69.0,    51.9,    55.1,    36.3,    65.0,    50.0,"(CONTRACTS OF NZD 100,000)",112741,CME ,112 ,F15,FutOnly
NZ DOLLAR - CHICAGO MERCANTILE EXCHANGE,220531,2022-05-31,112741,CME ,00,112 ,   55134,   35695,    4155,    1175,    3307,   22439,     209,   10634,   19838,    1052,     300,     854,       0,   52372,   49722,    2762,    5412,   -4145,   -3240,   -3387,     366,    1299,   -1258,     -40,   -1790,    2124,   -1500,     200,    -278,       0,   -4705,   -3973,     560,    -172,  100.0,   64.7,    7.5,    2.1,    6.0,   40.7,    0.4,   19.3,   36.0,    1.9,    0.5,    1.5,    0.0,   95.0,   90.2,    5.0,    9.8,     89,     11,.,.,      7,     22,.,     17,     24,      5,.,.,      0,     41,     57,    60.8,    38.9,    71.4,    54.6,    58.7,    38.9,    69.2,    54.6,"(CONTRACTS OF NZD 100,000)",112741,CME ,112 ,F15,FutOnly
NZ DOLLAR - CHICAGO MERCANTILE EXCHANGE,220524,2022-05-24,112741,CME ,00,112 ,   59279,   38935,    7542,     809,    2008,   23697,     249,   12424,   17714,    2552,     100,    1132,       0,   57077,   53695,    2202,    5584,   -1525,     317,     809,     809,     390,     702,     113,   -4430,   -4466,    1457,       0,    -527,     -25,   -1369,   -1128,    -156,    -397,  100.0,   65.7,   12.7,    1.4,    3.4,   40.0,    0.4,   21.0,   29.9,    4.3,    0.2,    1.9,    0.0,   96.3,   90.6,    3.7,    9.4,     93,     11,.,.,      5,     23,.,     17,     29,      7,.,      4,      0,     39,     65,    61.7,    39.5,    73.6,    54.8,    60.3,    39.0,    71.6,    51.8,"(CONTRACTS OF NZD 100,000)",112741,CME ,112 ,F15,FutOnly
NZ DOLLAR - CHICAGO MERCANTILE EXCHANGE,220517,2022-05-17,112741,CME ,00,112 ,   60804,   38618,    6733,       0,    1618,   22995,     136,   16854,   22180,    1095,     100,    1659,      25,   58446,   54823,    2358,    5981,    4569,    4580,     987,       0,      11,    1010,     115,    -752,    1598,     614,    -141,     358,       0,    4427,    4682,     142,    -113,  100.0,   63.5,   11.1,    0.0,    2.7,   37.8,    0.2,   27.7,   36.5,    1.8,    0.2,    2.7,    0.0,   96.1,   90.2,    3.9,    9.8,     96,     10,      4,      0,      5,     23,.,     14,     31,      5,.,      8,.,     34,     69,    59.9,    36.4,    74.2,    54.4,    59.9,    36.4,    74.2,    52.8,"(CONTRACTS OF NZD 100,000)",112741,CME ,112 ,F15,FutOnly
NZ DOLLAR - CHICAGO MERCANTILE EXCHANGE,220510,2022-05-10,112741,CME ,00,112 ,   56235,   34038,    5746,       0,    1607,   21985,      21,   17606,   20582,     481,     241,    1301,      25,   54019,   50141,    2216,    6094,    5391,    7972,    1810,     -28,   -2364,    1225,     -76,     605,    1833,     101,    -610,     126,      -2,    5598,    4989,    -207,     402,  100.0,   60.5,   10.2,    0.0,    2.9,   39.1,    0.0,   31.3,   36.6,    0.9,    0.4,    2.3,    0.0,   96.1,   89.2,    3.9,   10.8,    101,     10,      4,      0,      6,     24,.,     19,     29,      9,.,      7,.,     42,     72,    56.8,    34.7,    72.1,    52.1,    56.6,    34.6,    71.8,    52.1,"(CONTRACTS OF NZD 100,000)",112741,CME ,112 ,F15,FutOnly
NZ DOLLAR - CHICAGO MERCANTILE EXCHANGE,220503,2022-05-03,112741,CME ,00,112 ,   50844,   26066,    3936,      28,    3971,   20760,      97,   17001,   18749,     380,     851,    1175,      27,   48421,   45152,    2423,    5692,    4334,    9034,     -92,      28,     163,    1258,    -121,   -4689,    2507,     101,      61,     162,    -148,    4429,    3695,     -95,     639,  100.0,   51.3,    7.7,    0.1,    7.8,   40.8,    0.2,   33.4,   36.9,    0.7,    1.7,    2.3,    0.1,   95.2,   88.8,    4.8,   11.2,    101,     11,.,.,      7,     24,      4,     21,     26,      6,.,      6,.,     49,     64,    48.4,    38.1,    64.3,    52.7,    48.4,    38.1,    64.3,    52.7,"(CONTRACTS OF NZD 100,000)",112741,CME ,112 ,F15,FutOnly
NZ DOLLAR - CHICAGO MERCANTILE EXCHANGE,220426,2022-04-26,112741,CME ,00,112 ,   46510,   17032,    4028,       0,    3808,   19502,     218,   21690,   16242,     279,     790,    1013,     175,   43992,   41457,    2518,    5053,    5412,    3370,    2230,       0,   -2150,    3923,    -245,    4709,   -1796,     -82,     -86,    -181,     175,    5691,    4024,    -279,    1388,  100.0,   36.6,    8.7,    0.0,    8.2,   41.9,    0.5,   46.6,   34.9,    0.6,    1.7,    2.2,    0.4,   94.6,   89.1,    5.4,   10.9,     99,     11,.,      0,      6,     24,      6,     25,     23,      9,.,      6,.,     53,     62,    38.1,    40.0,    58.3,    54.0,    38.1,    39.8,    58.2,    53.6,"(CONTRACTS OF NZD 100,000)",112741,CME ,112 ,F15,FutOnly
NZ DOLLAR - CHICAGO MERCANTILE EXCHANGE,220419,2022-04-19,112741,CME ,00,112 ,   41098,   13662,    1798,       0,    5958,   15579,     463,   16981,   18038,     361,     876,    1194,       0,   38301,   37433,    2797,    3665,    3513,    1165,    1797,       0,     -70,    2104,     267,    3178,   -1270,     -51,       0,      56,       0,    4489,    2903,    -976,     610,  100.0,   33.2,    4.4,    0.0,   14.5,   37.9,    1.1,   41.3,   43.9,    0.9,    2.1,    2.9,    0.0,   93.2,   91.1,    6.8,    8.9,     90,     12,.,      0,      7,     21,      7,     20,     23,      7,.,      4,      0,     50,     54,    37.3,    41.2,    54.1,    57.9,    37.3,    40.8,    54.1,    57.5,"(CONTRACTS OF NZD 100,000)",112741,CME ,112 ,F15,FutOnly
NZ DOLLAR - CHICAGO MERCANTILE EXCHANGE,220412,2022-04-12,112741,CME ,00,112 ,   37585,   12497,       1,       0,    6028,   13475,     196,   13803,   19308,     412,     876,    1138,       0,   33812,   34530,    3773,    3055,    1797,    2035,   -1044,       0,    -660,     891,    -201,     776,    1633,     334,      56,      47,      -5,    2335,    1655,    -538,     142,  100.0,   33.2,    0.0,    0.0,   16.0,   35.9,    0.5,   36.7,   51.4,    1.1,    2.3,    3.0,    0.0,   90.0,   91.9,   10.0,    8.1,     87,     11,.,      0,      9,     16,      6,     23,     21,      5,.,      4,      0,     53,     45,    35.6,    50.8,    52.0,    63.7,    35.6,    50.4,    52.0,    63.1,"(CONTRACTS OF NZD 100,000)",112741,CME ,112 ,F15,FutOnly
NZ DOLLAR - CHICAGO MERCANTILE EXCHANGE,220405,2022-04-05,112741,CME ,00,112 ,   35788,   10462,    1045,       0,    6688,   12584,     397,   13027,   17675,      78,     820,    1091,       5,   31477,   32875,    4311,    2913,     907,    -119,    -757,       0,     995,     446,     204,    -463,    1672,    -563,     203,    -217,       5,     262,     790,     645,     117,  100.0,   29.2,    2.9,    0.0,   18.7,   35.2,    1.1,   36.4,   49.4,    0.2,    2.3,    3.0,    0.0,   88.0,   91.9,   12.0,    8.1,     82,      9,.,      0,     11,     14,      5,     23,     15,.,.,      4,.,     52,     39,    39.6,    50.5,    54.9,    66.9,    39.6,    50.1,    54.9,    66.5,"(CONTRACTS OF NZD 100,000)",112741,CME ,112 ,F15,FutOnly
NZ DOLLAR - CHICAGO MERCANTILE EXCHANGE,220329,2022-03-29,112741,CME ,00,112 ,   34881,   10581,    1802,       0,    5693,   12138,     193,   13490,   16003,     641,     617,    1308,       0,   31215,   32085,    3666,    2796,    -375,     522,    -376,       0,    1653,   -1980,      34,   -3239,    2939,     265,     110,    -216,     -47,    -702,     619,     327,    -994,  100.0,   30.3,    5.2,    0.0,   16.3,   34.8,    0.6,   38.7,   45.9,    1.8,    1.8,    3.7,    0.0,   89.5,   92.0,   10.5,    8.0,     77,      8,.,      0,      8,     15,      4,     23,     15,.,.,      5,      0,     47,     36,    41.2,    48.5,    58.7,    67.9,    41.2,    46.7,    58.7,    65.9,"(CONTRACTS OF NZD 100,000)",112741,CME ,112 ,F15,FutOnly
NZ DOLLAR - CHICAGO MERCANTILE EXCHANGE,220322,2022-03-22,112741,CME ,00,112 ,   35256,   10059,    2178,       0,    4040,   14118,     159,   16729,   13064,     376,     507,    1524,      47,   31917,   31466,    3339,    3790,   -3944,    -108,    -281,       0,    -660,   -3287,     112,   -4150,    -259,    -216,     144,     440,      12,   -4866,   -3479,     922,    -465,  100.0,   28.5,    6.2,    0.0,   11.5,   40.0,    0.5,   47.5,   37.1,    1.1,    1.4,    4.3,    0.1,   90.5,   89.3,    9.5,   10.7,     85,      6,.,      0,      5,     17,      4,     29,     17,      4,.,      7,.,     49,     46,    37.7,    46.6,    56.5,    61.2,    37.7,    46.4,    56.5,    61.0,"(CONTRACTS OF NZD 100,000)",112741,CME ,112 ,F15,FutOnly
NZ DOLLAR - CHICAGO MERCANTILE EXCHANGE,220315,2022-03-15,112741,CME ,00,112 ,   39200,   10167,    2459,       0,    4700,   17405,      47,   20879,   13323,     592,     363,    1084,      35,   36783,   34945,    2417,    4255,  -14050,  -17098,     693,   -2229,    1687,    -723,      39,    5268,  -10723,   -1090,     -77,     -92,    -175,  -13675,  -14300,    -375,     250,  100.0,   25.9,    6.3,    0.0,   12.0,   44.4,    0.1,   53.3,   34.0,    1.5,    0.9,    2.8,    0.1,   93.8,   89.1,    6.2,   10.9,     81,      7,.,      0,      6,     17,      4,     21,     21,      6,.,      5,.,     42,     50,    43.5,    43.9,    61.5,    58.8,    43.5,    43.9,    60.8,    58.8,"(CONTRACTS OF NZD 100,000)",112741,CME ,112 ,F15,FutOnly
NZ DOLLAR - CHICAGO MERCANTILE EXCHANGE,220308,2022-03-08,112741,CME ,00,112 ,   53250,   27265,    1766,    2229,    3013,   18128,       8,   15611,   24046,    1682,     440,    1176,     210,   50458,   49245,    2792,    4005,    2861,   -5235,     449,    2229,    1783,   -5554,    -420,    3116,    6064,     770,     314,    -276,     177,    2734,    3439,     127,    -578,  100.0,   51.2,    3.3,    4.2,    5.7,   34.0,    0.0,   29.3,   45.2,    3.2,    0.8,    2.2,    0.4,   94.8,   92.5,    5.2,    7.5,     88,     10,.,      4,      6,     18,.,     22,     23,      8,.,      5,.,     50,     54,    48.8,    41.0,    67.5,    56.7,    45.3,    40.8,    64.0,    56.5,"(CONTRACTS OF NZD 100,000)",112741,CME ,112 ,F15,FutOnly
NZ DOLLAR - CHICAGO MERCANTILE EXCHANGE,220301,2022-03-01,112741,CME ,00,112 ,   50389,   32500,    1317,       0,    1230,   23682,     428,   12495,   17982,     912,     126,    1452,      33,   47724,   45806,    2665,    4583,   -6247,    1004,     107,       0,     193,   -3446,      97,   -7332,   -1720,    -292,      26,    -611,       0,   -6304,   -5865,      57,    -382,  100.0,   64.5,    2.6,    0.0,    2.4,   47.0,    0.8,   24.8,   35.7,    1.8,    0.3,    2.9,    0.1,   94.7,   90.9,    5.3,    9.1,     91,     10,.,      0,      5,     22,      4,     21,     25,      5,.,      5,.,     43,     58,    53.9,    41.2,    68.2,    55.5,    53.9,    41.2,    68.2,    55.5,"(CONTRACTS OF NZD 100,000)",112741,CME ,112 ,F15,FutOnly
NZ DOLLAR - CHICAGO MERCANTILE EXCHANGE,220222,2022-02-22,112741,CME ,00,112 ,   56636,   31496,    1210,       0,    1037,   27128,     331,   19827,   19702,    1204,     100,    2063,      33,   54028,   51671,    2608,    4965,   -7469,     -64,    -554,       0,    -648,   -1387,     192,   -7111,   -5476,     292,     100,      24,       0,   -7239,   -6909,    -230,    -560,  100.0,   55.6,    2.1,    0.0,    1.8,   47.9,    0.6,   35.0,   34.8,    2.1,    0.2,    3.6,    0.1,   95.4,   91.2,    4.6,    8.8,    101,     10,.,      0,      4,     26,.,     23,     27,      6,.,      8,.,     43,     68,    46.6,    39.3,    69.6,    54.4,    46.6,    39.3,    69.0,    54.4,"(CONTRACTS OF NZD 100,000)",112741,CME ,112 ,F15,FutOnly
NZ DOLLAR - CHICAGO MERCANTILE EXCHANGE,220215,2022-02-15,112741,CME ,00,112 ,   64105,   31560,    1764,       0,    1685,   28515,     139,   26938,   25178,     912,       0,    2039,      33,   61267,   58580,    2838,    5525,    9228,    2548,    -735,       0,    -349,    2436,     -96,    7643,    7857,    -109,    -150,    -186,       0,    9487,    9167,    -259,      61,  100.0,   49.2,    2.8,    0.0,    2.6,   44.5,    0.2,   42.0,   39.3,    1.4,    0.0,    3.2,    0.1,   95.6,   91.4,    4.4,    8.6,    102,     10,.,      0,      7,     24,      5,     19,     32,      5,      0,      7,.,     41,     72,    45.0,    37.2,    69.1,    53.2,    44.9,    37.2,    69.0,    53.1,"(CONTRACTS OF NZD 100,000)",112741,CME ,112 ,F15,FutOnly
NZ DOLLAR - CHICAGO MERCANTILE EXCHANGE,220208,2022-02-08,112741,CME ,00,112 ,   54877,   29012,    2499,       0,    2034,   26079,     235,   19295,   17321,    1021,     150,    2225,      33,   51780,   49413,    3097,    5464,   -3590,    -952,     170,       0,   -1084,   -1181,    -326,   -1896,   -2964,     203,     150,     147,       1,   -3904,   -3950,     314,     360,  100.0,   52.9,    4.6,    0.0,    3.7,   47.5,    0.4,   35.2,   31.6,    1.9,    0.3,    4.1,    0.1,   94.4,   90.0,    5.6,   10.0,    107,     10,.,      0,      6,     25,.,     23,     31,      7,.,      9,.,     46,     71,    43.3,    38.0,    62.1,    52.5,    43.3,    38.0,    61.6,    52.5,"(CONTRACTS OF NZD 100,000)",112741,CME ,112 ,F15,FutOnly
NEW ZEALAND DOLLAR - CHICAGO MERCANTILE EXCHANGE,220201,2022-02-01,112741,CME ,00,112 ,   58467,   29964,    2329,       0,    3118,   27260,     561,   21191,   20285,     818,       0,    2078,      32,   55684,   53363,    2783,    5104,    5151,    2299,     312,       0,     558,    2707,    -268,    2783,    2510,     -20,    -200,      98,       0,    5152,    5339,      -1,    -188,  100.0,   51.2,    4.0,    0.0,    5.3,   46.6,    1.0,   36.2,   34.7,    1.4,    0.0,    3.6,    0.1,   95.2,   91.3,    4.8,    8.7,    114,     10,.,      0,      8,     24,      7,     25,     37,      6,      0,      8,.,     51,     77,    41.7,    34.6,    60.3,    52.1,    41.7,    34.5,    60.1,    52.1,"(CONTRACTS OF NZD 100,000)",112741,CME ,112 ,F15,FutOnly
NEW ZEALAND DOLLAR - CHICAGO MERCANTILE EXCHANGE,220125,2022-01-25,112741,CME ,00,112 ,   53316,   27665,    2017,       0,    2560,   24553,     829,   18408,   17775,     838,     200,    1980,      32,   50532,   48024,    2784,    5292,    8589,    3854,    -192,       0,   -1574,    7133,     100,    6057,     656,     501,    -280,     243,      -2,    8656,    8439,     -67,     150,  100.0,   51.9,    3.8,    0.0,    4.8,   46.1,    1.6,   34.5,   33.3,    1.6,    0.4,    3.7,    0.1,   94.8,   90.1,    5.2,    9.9,    108,     10,.,      0,      5,     26,      8,     24,     33,      4,.,      7,.,     48,     73,    45.0,    33.8,    59.1,    47.3,    45.0,    33.7,    58.6,    47.3,"(CONTRACTS OF NZD 100,000)",112741,CME ,112 ,F15,FutOnly
NEW ZEALAND DOLLAR - CHICAGO MERCANTILE EXCHANGE,220118,2022-01-18,112741,CME ,00,112 ,   44727,   23811,    2209,       0,    4134,   17420,     729,   12351,   17119,     337,     480,    1737,      34,   41876,   39585,    2851,    5142,    2661,    2363,     336,       0,     -61,   -1641,     -64,     411,    3933,     -90,     230,    -276,       0,    2789,    2198,    -128,     463,  100.0,   53.2,    4.9,    0.0,    9.2,   38.9,    1.6,   27.6,   38.3,    0.8,    1.1,    3.9,    0.1,   93.6,   88.5,    6.4,   11.5,     97,      9,.,      0,      7,     22,      7,     23,     24,      4,.,      6,.,     50,     59,    44.4,    34.3,    57.4,    48.9,    44.4,    34.3,    57.4,    48.9,"(CONTRACTS OF NZD 100,000)",112741,CME ,112 ,F15,FutOnly
NEW ZEALAND DOLLAR - CHICAGO MERCANTILE EXCHANGE,220111,2022-01-11,112741,CME ,00,112 ,   42066,   21448,    1873,       0,    4195,   19061,     793,   11940,   13186,     427,     250,    2013,      34,   39087,   37387,    2979,    4679,    1764,     -81,    -108,       0,     135,    -587,     173,    1952,    1971,    -194,    -200,     320,       0,    1785,    1575,     -21,     189,  100.0,   51.0,    4.5,    0.0,   10.0,   45.3,    1.9,   28.4,   31.3,    1.0,    0.6,    4.8,    0.1,   92.9,   88.9,    7.1,   11.1,    102,      9,.,      0,      7,     22,      7,     26,     26,      5,.,      8,.,     51,     64,    41.1,    32.7,    54.7,    49.0,    41.1,    32.6,    54.7,    48.9,"(CONTRACTS OF NZD 100,000)",112741,CME ,112 ,F15,FutOnly
NEW ZEALAND DOLLAR - CHICAGO MERCANTILE EXCHANGE,220104,2022-01-04,112741,CME ,00,112 ,   40302,   21529,    1981,       0,    4060,   19648,     620,    9988,   11215,     621,     450,    1693,      34,   37302,   35812,    3000,    4490,   -1560,     454,     262,       0,      50,    -460,      -4,   -1845,    -971,     152,    -344,    -327,       2,   -1535,   -1346,     -25,    -214,  100.0,   53.4,    4.9,    0.0,   10.1,   48.8,    1.5,   24.8,   27.8,    1.5,    1.1,    4.2,    0.1,   92.6,   88.9,    7.4,   11.1,     95,     10,.,      0,      7,     20,      7,     22,     25,      5,.,      7,.,     49,     59,    42.7,    33.9,    56.7,    50.4,    42.7,    33.9,    56.7,    50.3,"(CONTRACTS OF NZD 100,000)",112741,CME ,112 ,F15,FutOnly
