CANADIAN DOLLAR - CHICAGO MERCANTILE EXCHANGE,231226,2023-12-26,090741,CME ,00,090 ,  176452,   54552,   18238,     390,   50898,   50621,    3772,   21041,   75200,    1441,    9393,    2598,     609,  142096,  152869,   34356,   23583,  -37789,  -41280,  -10218,  -12226,   12633,  -13826,   -1027,    4049,    6003,   -2791,    -175,     285,     112,  -40705,  -33688,    2916,   -4101,  100.0,   30.9,   10.3,    0.2,   28.8,   28.7,    2.1,   11.9,   42.6,    0.8,    5.3,    1.5,    0.3,   80.5,   86.6,   19.5,   13.4,    111,      8,      6,.,     23,     20,      8,     15,     26,      7,      8,      5,.,     66,     64,    40.5,    30.9,    51.8,    45.8,    40.3,    30.9,    51.1,    45.5,"(CONTRACTS OF CAD 100,000)",090741,CME ,090 ,F10,FutOnly
CANADIAN DOLLAR - CHICAGO MERCANTILE EXCHANGE,231219,2023-12-19,090741,CME ,00,090 ,  214241,   95832,   28456,   12616,   38265,   64447,    4799,   16992,   69197,    4232,    9568,    2313,     497,  182801,  186557,   31440,   27684,     368,  -10207,    8074,    4126,    3332,  -19691,   -2515,    6941,   21504,   -5016,     585,     468,      72,   -2682,    7022,    3050,   -6654,  100.0,   44.7,   13.3,    5.9,   17.9,   30.1,    2.2,    7.9,   32.3,    2.0,    4.5,    1.1,    0.2,   85.3,   87.1,   14.7,   12.9,    106,      9,      6,      7,     15,     23,      9,     15,     25,      8,      9,      4,.,     63,     69,    47.7,    33.2,    58.3,    47.0,    47.0,    32.7,    53.9,    42.9,"(CONTRACTS OF CAD 100,000)",090741,CME ,090 ,F10,FutOnly
CANADIAN DOLLAR - CHICAGO MERCANTILE EXCHANGE,231212,2023-12-12,090741,CME ,00,090 ,  213873,  106039,   20382,    8490,   34933,   84138,    7314,   10051,   47693,    9248,    8983,    1845,     425,  185483,  179535,   28390,   34338,   16082,    2252,     -94,    7736,    1009,    1448,    2461,    1072,    1126,    3172,   -1398,     -51,     424,   16728,   16222,    -646,    -140,  100.0,   49.6,    9.5,    4.0,   16.3,   39.3,    3.4,    4.7,   22.3,    4.3,    4.2,    0.9,    0.2,   86.7,   83.9,   13.3,   16.1,    109,     12,.,      6,     13,     30,     11,     15,     26,     13,      8,.,.,     60,     80,    48.8,    24.6,    60.7,    36.6,    46.4,    24.6,    55.6,    35.6,"(CONTRACTS OF CAD 100,000)",090741,CME ,090 ,F10,FutOnly
CANADIAN DOLLAR - CHICAGO MERCANTILE EXCHANGE,231205,2023-12-05,090741,CME ,00,090 ,  197791,  103787,   20476,     754,   33924,   82690,    4853,    8979,   46567,    6076,   10381,    1896,       1,  168755,  163313,   29036,   34478,   -3073,     351,     666,     452,    1802,   -2093,    -295,   -3813,   -1546,     -39,     -57,     109,      -5,   -1604,   -2751,   -1469,    -322,  100.0,   52.5,   10.4,    0.4,   17.2,   41.8,    2.5,    4.5,   23.5,    3.1,    5.2,    1.0,    0.0,   85.3,   82.6,   14.7,   17.4,    108,     11,.,.,     14,     29,      8,     11,     27,     10,     10,.,.,     56,     74,    50.6,    26.4,    60.7,    36.7,    50.6,    26.4,    59.3,    36.3,"(CONTRACTS OF CAD 100,000)",090741,CME ,090 ,F10,FutOnly
CANADIAN DOLLAR - CHICAGO MERCANTILE EXCHANGE,231128,2023-11-28,090741,CME ,00,090 ,  200864,  103436,   19810,     302,   32122,   84783,    5148,   12792,   48113,    6115,   10438,    1787,       6,  170359,  166064,   30505,   34800,   -2384,   -1474,     417,     -42,    1427,    1194,   -1194,   -1504,   -2804,    1227,     132,     122,       0,   -1428,   -1080,    -956,   -1304,  100.0,   51.5,    9.9,    0.2,   16.0,   42.2,    2.6,    6.4,   24.0,    3.0,    5.2,    0.9,    0.0,   84.8,   82.7,   15.2,   17.3,    115,     11,.,.,     14,     33,     11,     15,     26,     11,     10,.,.,     63,     78,    49.7,    23.8,    58.7,    35.5,    49.7,    23.4,    57.7,    35.0,"(CONTRACTS OF CAD 100,000)",090741,CME ,090 ,F10,FutOnly
CANADIAN DOLLAR - CHICAGO MERCANTILE EXCHANGE,231121,2023-11-21,090741,CME ,00,090 ,  203248,  104910,   19393,     344,   30695,   83589,    6342,   14296,   50917,    4888,   10306,    1665,       6,  171787,  167144,   31461,   36104,   -2798,   -6955,    1179,    -252,    1665,    -865,     883,    -549,   -3750,     531,    -383,    -134,       5,   -5055,   -2403,    2257,    -395,  100.0,   51.6,    9.5,    0.2,   15.1,   41.1,    3.1,    7.0,   25.1,    2.4,    5.1,    0.8,    0.0,   84.5,   82.2,   15.5,   17.8,    117,     11,.,.,     13,     35,     11,     14,     28,      9,     10,.,.,     59,     82,    50.4,    22.5,    58.4,    33.2,    50.4,    22.3,    57.5,    32.9,"(CONTRACTS OF CAD 100,000)",090741,CME ,090 ,F10,FutOnly
CANADIAN DOLLAR - CHICAGO MERCANTILE EXCHANGE,231114,2023-11-14,090741,CME ,00,090 ,  206046,  111865,   18214,     596,   29030,   84454,    5459,   14845,   54667,    4357,   10689,    1799,       1,  176842,  169547,   29204,   36499,    5682,    7391,   -1346,      -5,     953,    4089,    -644,    -416,    3699,     363,     432,    -530,     -11,    8063,    5615,   -2381,      67,  100.0,   54.3,    8.8,    0.3,   14.1,   41.0,    2.6,    7.2,   26.5,    2.1,    5.2,    0.9,    0.0,   85.8,   82.3,   14.2,   17.7,    121,     12,.,.,     13,     33,     12,     17,     30,      8,     11,.,.,     64,     81,    52.2,    24.7,    59.2,    35.7,    52.1,    24.6,    58.4,    35.5,"(CONTRACTS OF CAD 100,000)",090741,CME ,090 ,F10,FutOnly
CANADIAN DOLLAR - CHICAGO MERCANTILE EXCHANGE,231107,2023-11-07,090741,CME ,00,090 ,  200364,  104474,   19560,     601,   28077,   80365,    6103,   15261,   50968,    3994,   10257,    2329,      12,  168779,  163932,   31585,   36432,    1836,   11121,   -3691,     -12,    -977,   10976,    -436,   -6289,   -2129,     414,     324,     896,      -5,    4140,    6013,   -2304,   -4177,  100.0,   52.1,    9.8,    0.3,   14.0,   40.1,    3.0,    7.6,   25.4,    2.0,    5.1,    1.2,    0.0,   84.2,   81.8,   15.8,   18.2,    122,     12,.,.,     13,     34,     10,     19,     26,      7,     11,      4,.,     63,     81,    50.9,    26.5,    58.0,    36.7,    50.9,    26.4,    57.2,    36.5,"(CONTRACTS OF CAD 100,000)",090741,CME ,090 ,F10,FutOnly
CANADIAN DOLLAR - CHICAGO MERCANTILE EXCHANGE,231031,2023-10-31,090741,CME ,00,090 ,  198528,   93353,   23251,     613,   29054,   69389,    6539,   21550,   53097,    3580,    9933,    1433,      17,  164639,  157919,   33889,   40609,   13781,    4502,   -2702,     122,   -1904,    9067,    1430,    4261,    1310,     750,    2550,     -25,      -4,   11707,    9948,    2074,    3833,  100.0,   47.0,   11.7,    0.3,   14.6,   35.0,    3.3,   10.9,   26.7,    1.8,    5.0,    0.7,    0.0,   82.9,   79.5,   17.1,   20.5,    118,     10,.,.,     14,     30,     12,     15,     33,      8,     10,.,.,     60,     83,    48.7,    25.6,    56.7,    37.4,    48.7,    25.4,    56.3,    37.2,"(CONTRACTS OF CAD 100,000)",090741,CME ,090 ,F10,FutOnly
CANADIAN DOLLAR - CHICAGO MERCANTILE EXCHANGE,231024,2023-10-24,090741,CME ,00,090 ,  184747,   88851,   25953,     491,   30958,   60322,    5109,   17289,   51787,    2830,    7383,    1458,      21,  152932,  147971,   31815,   36776,     809,     322,    -338,     350,     -50,     454,     385,    1156,   -1405,    -600,     676,      -1,     -10,    2229,   -1165,   -1420,    1974,  100.0,   48.1,   14.0,    0.3,   16.8,   32.7,    2.8,    9.4,   28.0,    1.5,    4.0,    0.8,    0.0,   82.8,   80.1,   17.2,   19.9,    112,      9,      4,.,     13,     26,     11,     18,     31,      9,      8,.,.,     58,     79,    51.0,    27.3,    59.1,    39.9,    51.0,    27.1,    58.7,    39.8,"(CONTRACTS OF CAD 100,000)",090741,CME ,090 ,F10,FutOnly
CANADIAN DOLLAR - CHICAGO MERCANTILE EXCHANGE,231017,2023-10-17,090741,CME ,00,090 ,  183938,   88529,   26291,     141,   31008,   59868,    4724,   16133,   53192,    3430,    6707,    1459,      31,  150703,  149136,   33235,   34802,    4581,     139,    1758,       6,    -569,     -25,     749,    1885,     879,    -354,    1205,     412,     -30,    3031,    3395,    1550,    1186,  100.0,   48.1,   14.3,    0.1,   16.9,   32.5,    2.6,    8.8,   28.9,    1.9,    3.6,    0.8,    0.0,   81.9,   81.1,   18.1,   18.9,    108,      8,      5,.,     13,     25,     10,     19,     28,     10,      7,.,.,     55,     77,    51.1,    26.1,    58.5,    38.4,    51.1,    25.9,    57.6,    38.2,"(CONTRACTS OF CAD 100,000)",090741,CME ,090 ,F10,FutOnly
CANADIAN DOLLAR - CHICAGO MERCANTILE EXCHANGE,231010,2023-10-10,090741,CME ,00,090 ,  179357,   88390,   24533,     135,   31577,   59893,    3975,   14248,   52313,    3784,    5502,    1047,      61,  147672,  145741,   31685,   33616,  -10086,     119,  -13593,     -34,    1603,    1865,    -696,   -5435,    3506,     579,   -1018,     -10,       0,   -4882,   -8383,   -5204,   -1703,  100.0,   49.3,   13.7,    0.1,   17.6,   33.4,    2.2,    7.9,   29.2,    2.1,    3.1,    0.6,    0.0,   82.3,   81.3,   17.7,   18.7,    104,      8,      5,.,     15,     25,     10,     15,     28,     10,      6,.,.,     53,     75,    52.8,    27.5,    60.2,    39.0,    52.8,    27.3,    59.3,    38.8,"(CONTRACTS OF CAD 100,000)",090741,CME ,090 ,F10,FutOnly
CANADIAN DOLLAR - CHICAGO MERCANTILE EXCHANGE,231003,2023-10-03,090741,CME ,00,090 ,  189443,   88271,   38126,     169,   29974,   58028,    4671,   19683,   48807,    3205,    6520,    1057,      61,  152554,  154124,   36889,   35319,   13595,    2695,     475,     -13,    1076,    6831,    -425,    6435,    2995,    -667,    1397,      -5,       7,   10505,    9198,    3090,    4397,  100.0,   46.6,   20.1,    0.1,   15.8,   30.6,    2.5,   10.4,   25.8,    1.7,    3.4,    0.6,    0.0,   80.5,   81.4,   19.5,   18.6,    108,      9,      5,.,     15,     25,     12,     17,     27,     10,      8,.,.,     60,     75,    49.7,    27.4,    57.2,    39.0,    49.7,    27.2,    56.2,    38.7,"(CONTRACTS OF CAD 100,000)",090741,CME ,090 ,F10,FutOnly
CANADIAN DOLLAR - CHICAGO MERCANTILE EXCHANGE,230926,2023-09-26,090741,CME ,00,090 ,  175848,   85576,   37651,     182,   28898,   51197,    5096,   13248,   45812,    3872,    5123,    1062,      54,  142049,  144926,   33799,   30922,  -70999,    6172,   27596,  -67338,    2384,  -27924,      43,   -8954,    4100,   -1898,     516,       0,      10,  -69065,  -65411,   -1934,   -5588,  100.0,   48.7,   21.4,    0.1,   16.4,   29.1,    2.9,    7.5,   26.1,    2.2,    2.9,    0.6,    0.0,   80.8,   82.4,   19.2,   17.6,    104,      7,      6,.,     16,     22,     10,     17,     28,     11,      6,.,.,     57,     73,    53.2,    25.6,    60.2,    38.3,    53.2,    25.4,    59.0,    38.2,"(CONTRACTS OF CAD 100,000)",090741,CME ,090 ,F10,FutOnly
CANADIAN DOLLAR - CHICAGO MERCANTILE EXCHANGE,230919,2023-09-19,090741,CME ,00,090 ,  246847,   79404,   10055,   67520,   26514,   79121,    5053,   22202,   41712,    5770,    4607,    1062,      44,  211114,  210337,   35733,   36510,   29767,   -3849,    2321,   57935,     205,  -21607,      66,  -23637,    -249,   -5614,     694,    -437,       1,   25801,   32416,    3966,   -2649,  100.0,   32.2,    4.1,   27.4,   10.7,   32.1,    2.0,    9.0,   16.9,    2.3,    1.9,    0.4,    0.0,   85.5,   85.2,   14.5,   14.8,    108,      8,      5,      6,     15,     25,     11,     18,     28,     10,      6,.,.,     59,     78,    52.7,    33.0,    61.9,    44.8,    31.0,    15.8,    38.8,    25.0,"(CONTRACTS OF CAD 100,000)",090741,CME ,090 ,F10,FutOnly
CANADIAN DOLLAR - CHICAGO MERCANTILE EXCHANGE,230912,2023-09-12,090741,CME ,00,090 ,  217080,   83253,    7734,    9585,   26309,  100728,    4987,   45839,   41961,   11384,    3913,    1499,      43,  185313,  177921,   31767,   39159,   27420,   23357,   -4268,    8523,   -2319,   16812,    -334,   -4941,    1474,    4041,    -212,   -1027,       0,   28115,   25221,    -695,    2199,  100.0,   38.4,    3.6,    4.4,   12.1,   46.4,    2.3,   21.1,   19.3,    5.2,    1.8,    0.7,    0.0,   85.4,   82.0,   14.6,   18.0,    107,     10,      4,      5,     13,     26,     11,     18,     29,     14,      4,.,.,     56,     82,    41.0,    23.7,    54.2,    38.5,    39.9,    22.5,    52.1,    34.4,"(CONTRACTS OF CAD 100,000)",090741,CME ,090 ,F10,FutOnly
CANADIAN DOLLAR - CHICAGO MERCANTILE EXCHANGE,230905,2023-09-05,090741,CME ,00,090 ,  189660,   59896,   12002,    1062,   28628,   83916,    5321,   50780,   40487,    7343,    4125,    2526,      43,  157198,  152700,   32462,   36960,   12612,    8182,   -2497,     870,    -683,    3936,     997,    3869,    6994,     -68,     -67,     548,       0,   13100,   10780,    -488,    1832,  100.0,   31.6,    6.3,    0.6,   15.1,   44.2,    2.8,   26.8,   21.3,    3.9,    2.2,    1.3,    0.0,   82.9,   80.5,   17.1,   19.5,    108,      9,      4,.,     13,     22,     10,     22,     29,     13,      4,      5,.,     55,     80,    37.4,    22.7,    51.3,    37.3,    36.6,    22.5,    50.0,    37.1,"(CONTRACTS OF CAD 100,000)",090741,CME ,090 ,F10,FutOnly
CANADIAN DOLLAR - CHICAGO MERCANTILE EXCHANGE,230829,2023-08-29,090741,CME ,00,090 ,  177048,   51714,   14499,     192,   29311,   79980,    4324,   46911,   33493,    7411,    4192,    1978,      43,  144098,  141920,   32950,   35128,   10901,     880,   -2681,      88,   -1109,   11374,     195,    8723,    1206,    1418,    -496,     -16,      -2,    9697,   11582,    1204,    -681,  100.0,   29.2,    8.2,    0.1,   16.6,   45.2,    2.4,   26.5,   18.9,    4.2,    2.4,    1.1,    0.0,   81.4,   80.2,   18.6,   19.8,    103,      7,      8,.,     14,     22,     11,     21,     23,     14,      4,      4,.,     55,     76,    36.2,    23.1,    48.9,    40.1,    36.0,    23.1,    47.9,    39.9,"(CONTRACTS OF CAD 100,000)",090741,CME ,090 ,F10,FutOnly
CANADIAN DOLLAR - CHICAGO MERCANTILE EXCHANGE,230822,2023-08-22,090741,CME ,00,090 ,  166147,   50834,   17180,     104,   30420,   68606,    4129,   38188,   32287,    5993,    4688,    1994,      45,  134401,  130338,   31746,   35809,    8320,    5451,   -2098,     104,     -91,   11060,     359,    -114,   -4917,    1296,      65,    -439,       0,    7070,    5365,    1250,    2955,  100.0,   30.6,   10.3,    0.1,   18.3,   41.3,    2.5,   23.0,   19.4,    3.6,    2.8,    1.2,    0.0,   80.9,   78.4,   19.1,   21.6,     99,      7,      7,.,     15,     22,     10,     21,     18,     13,      5,      4,.,     57,     67,    37.7,    23.5,    50.3,    38.8,    37.6,    23.4,    48.7,    38.5,"(CONTRACTS OF CAD 100,000)",090741,CME ,090 ,F10,FutOnly
CANADIAN DOLLAR - CHICAGO MERCANTILE EXCHANGE,230815,2023-08-15,090741,CME ,00,090 ,  157827,   45383,   19278,       0,   30511,   57546,    3770,   38302,   37204,    4697,    4623,    2433,      45,  127331,  124973,   30496,   32854,   16867,   14986,   -6449,       0,   -2803,   12422,     319,    9924,    6475,    -226,   -1773,     288,    -282,   20145,   12547,   -3278,    4320,  100.0,   28.8,   12.2,    0.0,   19.3,   36.5,    2.4,   24.3,   23.6,    3.0,    2.9,    1.5,    0.0,   80.7,   79.2,   19.3,   20.8,    104,      6,      8,      0,     15,     21,      9,     24,     20,     15,      5,      5,.,     58,     71,    36.2,    26.8,    48.3,    37.9,    36.2,    26.6,    47.3,    37.6,"(CONTRACTS OF CAD 100,000)",090741,CME ,090 ,F10,FutOnly
CANADIAN DOLLAR - CHICAGO MERCANTILE EXCHANGE,230808,2023-08-08,090741,CME ,00,090 ,  140960,   30397,   25727,       0,   33314,   45124,    3451,   28378,   30729,    4923,    6396,    2145,     327,  107186,  112426,   33774,   28534,  -11646,    1302,  -20102,    -308,  -12678,   -2922,     -15,    3323,    4670,    2474,    1116,    -247,     282,   -4504,  -16168,   -7142,    4522,  100.0,   21.6,   18.3,    0.0,   23.6,   32.0,    2.4,   20.1,   21.8,    3.5,    4.5,    1.5,    0.2,   76.0,   79.8,   24.0,   20.2,    100,      4,     10,      0,     16,     18,      9,     24,     17,     12,      7,      4,.,     57,     66,    33.4,    29.2,    43.0,    40.1,    33.3,    29.1,    40.8,    40.0,"(CONTRACTS OF CAD 100,000)",090741,CME ,090 ,F10,FutOnly
CANADIAN DOLLAR - CHICAGO MERCANTILE EXCHANGE,230801,2023-08-01,090741,CME ,00,090 ,  152606,   29095,   45829,     308,   45992,   48046,    3466,   25055,   26059,    2449,    5280,    2392,      45,  111690,  128594,   40916,   24012,   -3789,     820,   -1942,       2,   -6566,    1624,     140,   -1430,   -7811,    1758,     -11,    1280,      -5,   -5292,   -4954,    1503,    1165,  100.0,   19.1,   30.0,    0.2,   30.1,   31.5,    2.3,   16.4,   17.1,    1.6,    3.5,    1.6,    0.0,   73.2,   84.3,   26.8,   15.7,    100,      5,      8,.,     20,     18,      8,     23,     17,     10,      5,      4,.,     61,     60,    31.4,    35.1,    41.8,    46.7,    31.4,    35.1,    41.2,    46.5,"(CONTRACTS OF CAD 100,000)",090741,CME ,090 ,F10,FutOnly
CANADIAN DOLLAR - CHICAGO MERCANTILE EXCHANGE,230725,2023-07-25,090741,CME ,00,090 ,  156395,   28275,   47771,     306,   52558,   46422,    3326,   26485,   33870,     691,    5291,    1112,      50,  116982,  133548,   39413,   22847,   10224,    -159,    8099,      12,    3814,    2019,    -171,    4639,    2953,   -1693,     276,    -405,       0,    6718,   10814,    3506,    -590,  100.0,   18.1,   30.5,    0.2,   33.6,   29.7,    2.1,   16.9,   21.7,    0.4,    3.4,    0.7,    0.0,   74.8,   85.4,   25.2,   14.6,     97,.,      7,.,     18,     18,      7,     26,     18,     11,      5,.,.,     63,     55,    34.2,    33.5,    45.3,    44.7,    34.2,    33.5,    45.1,    44.5,"(CONTRACTS OF CAD 100,000)",090741,CME ,090 ,F10,FutOnly
CANADIAN DOLLAR - CHICAGO MERCANTILE EXCHANGE,230718,2023-07-18,090741,CME ,00,090 ,  146171,   28434,   39672,     294,   48744,   44403,    3497,   21846,   30917,    2384,    5015,    1517,      50,  110264,  122734,   35907,   23437,    5776,   -1319,    8043,     294,    4806,   -3151,    -168,    -656,    1011,    -812,     589,     405,       0,    2734,    5622,    3042,     154,  100.0,   19.5,   27.1,    0.2,   33.3,   30.4,    2.4,   14.9,   21.2,    1.6,    3.4,    1.0,    0.0,   75.4,   84.0,   24.6,   16.0,     97,.,      7,.,     19,     18,      8,     22,     20,      9,      5,.,.,     59,     58,    33.9,    31.2,    45.2,    42.2,    33.9,    31.2,    44.5,    42.0,"(CONTRACTS OF CAD 100,000)",090741,CME ,090 ,F10,FutOnly
CANADIAN DOLLAR - CHICAGO MERCANTILE EXCHANGE,230711,2023-07-11,090741,CME ,00,090 ,  140395,   29753,   31629,       0,   43938,   47554,    3665,   22502,   29906,    3196,    4426,    1112,      50,  107530,  117112,   32865,   23283,  -15889,    1215,  -11181,      -8,   -8118,    3941,    -211,   -6168,  -11090,     854,    -553,       0,      -4,  -12993,  -17699,   -2896,    1810,  100.0,   21.2,   22.5,    0.0,   31.3,   33.9,    2.6,   16.0,   21.3,    2.3,    3.2,    0.8,    0.0,   76.6,   83.4,   23.4,   16.6,     92,      4,      5,      0,     19,     19,      9,     21,     18,     11,      4,.,.,     56,     57,    34.2,    31.7,    45.7,    44.9,    34.0,    31.7,    43.9,    44.7,"(CONTRACTS OF CAD 100,000)",090741,CME ,090 ,F10,FutOnly
CANADIAN DOLLAR - CHICAGO MERCANTILE EXCHANGE,230703,2023-07-03,090741,CME ,00,090 ,  156284,   28538,   42810,       8,   52056,   43613,    3876,   28670,   40996,    2342,    4979,    1112,      54,  120523,  134811,   35761,   21473,  -11514,     -82,    4334,      -1,   -7258,     735,    -652,    1024,  -16524,    1342,     154,       0,     -14,   -5487,  -10780,   -6027,    -734,  100.0,   18.3,   27.4,    0.0,   33.3,   27.9,    2.5,   18.3,   26.2,    1.5,    3.2,    0.7,    0.0,   77.1,   86.3,   22.9,   13.7,    102,      4,      7,.,     20,     18,      9,     25,     22,      9,      4,.,.,     64,     58,    32.9,    32.9,    46.2,    46.0,    32.9,    32.9,    45.7,    46.0,"(CONTRACTS OF CAD 100,000)",090741,CME ,090 ,F10,FutOnly
CANADIAN DOLLAR - CHICAGO MERCANTILE EXCHANGE,230627,2023-06-27,090741,CME ,00,090 ,  167798,   28620,   38476,       9,   59314,   42878,    4528,   27646,   57520,    1000,    4825,    1112,      68,  126010,  145591,   41788,   22207,  -16308,  -19285,   27768,  -24603,   18619,   -5712,     385,    6870,  -10808,   -1522,    -160,    -408,       0,  -19696,  -14900,    3388,   -1408,  100.0,   17.1,   22.9,    0.0,   35.3,   25.6,    2.7,   16.5,   34.3,    0.6,    2.9,    0.7,    0.0,   75.1,   86.8,   24.9,   13.2,    102,      4,      8,.,     21,     16,      9,     22,     25,      9,      4,.,.,     63,     59,    33.8,    32.1,    47.0,    45.0,    33.6,    32.1,    46.7,    45.0,"(CONTRACTS OF CAD 100,000)",090741,CME ,090 ,F10,FutOnly
CANADIAN DOLLAR - CHICAGO MERCANTILE EXCHANGE,230620,2023-06-20,090741,CME ,00,090 ,  184106,   47905,   10708,   24612,   40695,   48590,    4143,   20776,   68328,    2522,    4985,    1520,      68,  145706,  160491,   38400,   23615,   16874,   -8310,    4434,   18500,   11721,   -8992,     402,    7326,   23125,  -14219,     178,    -159,    -567,   15031,   22524,    1843,   -5650,  100.0,   26.0,    5.8,   13.4,   22.1,   26.4,    2.3,   11.3,   37.1,    1.4,    2.7,    0.8,    0.0,   79.1,   87.2,   20.9,   12.8,    111,      9,      5,      7,     20,     20,      8,     20,     28,     10,      4,      4,.,     66,     71,    35.6,    33.1,    48.9,    44.2,    22.8,    25.6,    35.8,    35.5,"(CONTRACTS OF CAD 100,000)",090741,CME ,090 ,F10,FutOnly
CANADIAN DOLLAR - CHICAGO MERCANTILE EXCHANGE,230613,2023-06-13,090741,CME ,00,090 ,  167232,   56215,    6274,    6112,   28974,   57582,    3741,   13450,   45203,   16741,    4807,    1679,     635,  130675,  137967,   36557,   29265,    -793,  -12746,    3344,    4760,    1716,  -25299,    -659,   -6347,   11772,    6718,     -30,     195,     576,   -6012,    1407,    5219,   -2200,  100.0,   33.6,    3.8,    3.7,   17.3,   34.4,    2.2,    8.0,   27.0,   10.0,    2.9,    1.0,    0.4,   78.1,   82.5,   21.9,   17.5,     98,     10,      4,      7,     13,     21,      6,     17,     23,     14,      5,      4,.,     58,     69,    30.9,    24.2,    47.2,    37.1,    28.4,    21.2,    42.0,    32.2,"(CONTRACTS OF CAD 100,000)",090741,CME ,090 ,F10,FutOnly
CANADIAN DOLLAR - CHICAGO MERCANTILE EXCHANGE,230606,2023-06-06,090741,CME ,00,090 ,  168025,   68961,    2930,    1352,   27258,   82881,    4400,   19797,   33431,   10023,    4837,    1484,      59,  136687,  136560,   31338,   31465,  -11846,    3016,       0,     740,   -3340,     676,     570,  -12003,   -8292,     275,   -5037,    -752,      25,  -15754,   -6758,    3908,   -5088,  100.0,   41.0,    1.7,    0.8,   16.2,   49.3,    2.6,   11.8,   19.9,    6.0,    2.9,    0.9,    0.0,   81.3,   81.3,   18.7,   18.7,     97,     13,.,      5,     11,     28,      8,     18,     17,      9,      5,.,.,     52,     68,    34.8,    24.0,    49.8,    37.9,    34.5,    24.0,    47.4,    37.7,"(CONTRACTS OF CAD 100,000)",090741,CME ,090 ,F10,FutOnly
CANADIAN DOLLAR - CHICAGO MERCANTILE EXCHANGE,230530,2023-05-30,090741,CME ,00,090 ,  179871,   65945,    2930,     612,   30598,   82205,    3830,   31800,   41723,    9748,    9874,    2236,      34,  152441,  143318,   27430,   36553,   20672,    1611,       0,     -61,    2793,    7534,    -529,   15298,    5282,    4053,    1203,    -420,       0,   24368,   15859,   -3696,    4813,  100.0,   36.7,    1.6,    0.3,   17.0,   45.7,    2.1,   17.7,   23.2,    5.4,    5.5,    1.2,    0.0,   84.8,   79.7,   15.2,   20.3,    107,     12,.,.,     12,     25,      9,     16,     28,     14,      9,.,.,     58,     76,    31.6,    21.8,    46.8,    33.4,    31.4,    21.8,    45.3,    33.4,"(CONTRACTS OF CAD 100,000)",090741,CME ,090 ,F10,FutOnly
CANADIAN DOLLAR - CHICAGO MERCANTILE EXCHANGE,230523,2023-05-23,090741,CME ,00,090 ,  159199,   64334,    2930,     673,   27805,   74671,    4359,   16502,   36441,    5695,    8671,    2656,      34,  128073,  127459,   31126,   31740,   -1996,    5451,       0,     -17,     556,   -1924,     412,   -8679,    -681,     330,    -408,     454,       0,   -2355,   -1426,     359,    -570,  100.0,   40.4,    1.8,    0.4,   17.5,   46.9,    2.7,   10.4,   22.9,    3.6,    5.4,    1.7,    0.0,   80.4,   80.1,   19.6,   19.9,    101,     13,.,.,     13,     23,      9,     15,     26,      9,      7,.,.,     55,     68,    34.5,    25.1,    48.7,    38.5,    34.2,    25.1,    48.0,    38.5,"(CONTRACTS OF CAD 100,000)",090741,CME ,090 ,F10,FutOnly
CANADIAN DOLLAR - CHICAGO MERCANTILE EXCHANGE,230516,2023-05-16,090741,CME ,00,090 ,  161195,   58883,    2930,     690,   27249,   76595,    3947,   25181,   37122,    5365,    9079,    2202,      34,  130428,  128885,   30767,   32310,    1831,    4860,   -1293,      89,     -91,    4573,       5,   -1639,   -2743,     -89,    -837,     -93,      -8,    2290,     441,    -459,    1390,  100.0,   36.5,    1.8,    0.4,   16.9,   47.5,    2.4,   15.6,   23.0,    3.3,    5.6,    1.4,    0.0,   80.9,   80.0,   19.1,   20.0,     99,     12,.,.,     13,     23,      9,     20,     20,     10,      7,.,.,     59,     62,    31.4,    25.9,    45.6,    39.2,    31.1,    25.9,    44.7,    39.2,"(CONTRACTS OF CAD 100,000)",090741,CME ,090 ,F10,FutOnly
CANADIAN DOLLAR - CHICAGO MERCANTILE EXCHANGE,230509,2023-05-09,090741,CME ,00,090 ,  159364,   54023,    4223,     601,   27340,   72022,    3942,   26820,   39865,    5454,    9916,    2295,      42,  128138,  128444,   31226,   30920,  -11690,  -12607,    1293,      38,    1867,  -10900,    -105,    -165,    3024,    -723,   -2149,     326,       0,  -13844,   -7047,    2154,   -4643,  100.0,   33.9,    2.6,    0.4,   17.2,   45.2,    2.5,   16.8,   25.0,    3.4,    6.2,    1.4,    0.0,   80.4,   80.6,   19.6,   19.4,    105,     12,.,.,     13,     23,     10,     22,     22,     10,      8,.,.,     64,     64,    29.9,    24.0,    44.2,    36.5,    29.6,    24.0,    43.1,    36.5,"(CONTRACTS OF CAD 100,000)",090741,CME ,090 ,F10,FutOnly
CANADIAN DOLLAR - CHICAGO MERCANTILE EXCHANGE,230502,2023-05-02,090741,CME ,00,090 ,  171054,   66630,    2930,     563,   25473,   82922,    4047,   26985,   36841,    6177,   12065,    1969,      42,  141982,  135491,   29072,   35563,   19268,   19360,       0,     210,    -759,   16363,    -525,    1795,    -722,     542,    -472,    -121,      42,   20193,   15789,    -925,    3479,  100.0,   39.0,    1.7,    0.3,   14.9,   48.5,    2.4,   15.8,   21.5,    3.6,    7.1,    1.2,    0.0,   83.0,   79.2,   17.0,   20.8,    112,     14,.,.,      9,     29,      8,     23,     21,     13,     12,.,.,     65,     72,    36.1,    24.6,    47.8,    35.5,    35.9,    24.6,    47.0,    35.5,"(CONTRACTS OF CAD 100,000)",090741,CME ,090 ,F10,FutOnly
CANADIAN DOLLAR - CHICAGO MERCANTILE EXCHANGE,230425,2023-04-25,090741,CME ,00,090 ,  151786,   47270,    2930,     353,   26232,   66559,    4572,   25190,   37563,    5635,   12537,    2090,       0,  121789,  119702,   29997,   32084,    3148,   -3568,   -1274,       0,   -2295,    -920,     500,    8501,     305,    1392,    1213,    -386,       0,    5743,    -383,   -2595,    3531,  100.0,   31.1,    1.9,    0.2,   17.3,   43.9,    3.0,   16.6,   24.7,    3.7,    8.3,    1.4,    0.0,   80.2,   78.9,   19.8,   21.1,    111,     13,.,.,     10,     25,      9,     21,     26,     14,     12,.,      0,     65,     71,    30.1,    22.4,    43.0,    33.9,    29.8,    22.4,    40.5,    33.9,"(CONTRACTS OF CAD 100,000)",090741,CME ,090 ,F10,FutOnly
CANADIAN DOLLAR - CHICAGO MERCANTILE EXCHANGE,230418,2023-04-18,090741,CME ,00,090 ,  148638,   50838,    4204,     353,   28527,   67479,    4072,   16689,   37258,    4243,   11324,    2476,       0,  116046,  120085,   32592,   28553,  -16237,  -25104,     -38,     -16,    6400,   -8251,    -419,     136,   -4997,    -396,    -339,      44,       0,  -19738,  -14073,    3501,   -2164,  100.0,   34.2,    2.8,    0.2,   19.2,   45.4,    2.7,   11.2,   25.1,    2.9,    7.6,    1.7,    0.0,   78.1,   80.8,   21.9,   19.2,    100,     12,.,.,     12,     25,      8,     16,     20,     10,     10,.,      0,     58,     62,    33.7,    21.5,    47.0,    35.2,    33.4,    21.5,    44.6,    35.2,"(CONTRACTS OF CAD 100,000)",090741,CME ,090 ,F10,FutOnly
CANADIAN DOLLAR - CHICAGO MERCANTILE EXCHANGE,230411,2023-04-11,090741,CME ,00,090 ,  164875,   75942,    4242,     369,   22127,   75730,    4491,   16553,   42255,    4639,   11663,    2432,       0,  135784,  134158,   29091,   30717,   -4263,   -3940,    -103,      -8,     206,   -6904,    -607,    2096,    3079,     229,    -154,     149,       0,   -2178,   -4165,   -2085,     -98,  100.0,   46.1,    2.6,    0.2,   13.4,   45.9,    2.7,   10.0,   25.6,    2.8,    7.1,    1.5,    0.0,   82.4,   81.4,   17.6,   18.6,    113,     13,.,.,     11,     25,      8,     20,     27,      9,     11,      4,      0,     61,     71,    44.5,    20.6,    55.5,    31.5,    44.2,    20.6,    53.2,    31.5,"(CONTRACTS OF CAD 100,000)",090741,CME ,090 ,F10,FutOnly
CANADIAN DOLLAR - CHICAGO MERCANTILE EXCHANGE,230404,2023-04-04,090741,CME ,00,090 ,  169138,   79882,    4345,     377,   21921,   82634,    5098,   14457,   39176,    4410,   11817,    2283,       0,  137962,  138323,   31176,   30815,   -7421,   -5847,    1114,       0,    2121,   -4708,     251,   -4078,    2445,      73,    -373,     -75,       0,   -7853,    -900,     432,   -6521,  100.0,   47.2,    2.6,    0.2,   13.0,   48.9,    3.0,    8.5,   23.2,    2.6,    7.0,    1.3,    0.0,   81.6,   81.8,   18.4,   18.2,    115,     12,.,.,     12,     27,     10,     17,     30,     12,     11,      4,      0,     60,     79,    46.2,    20.5,    56.0,    31.1,    46.0,    20.5,    54.6,    31.1,"(CONTRACTS OF CAD 100,000)",090741,CME ,090 ,F10,FutOnly
CANADIAN DOLLAR - CHICAGO MERCANTILE EXCHANGE,230328,2023-03-28,090741,CME ,00,090 ,  176559,   85729,    3231,     377,   19800,   87342,    4847,   18535,   36731,    4337,   12190,    2358,       0,  145815,  139223,   30744,   37336,   -1626,   -2882,    -242,    -168,     890,   -1817,    -116,     337,     409,     171,    -885,     146,       0,   -2653,   -1617,    1027,      -9,  100.0,   48.6,    1.8,    0.2,   11.2,   49.5,    2.7,   10.5,   20.8,    2.5,    6.9,    1.3,    0.0,   82.6,   78.9,   17.4,   21.1,    108,     11,.,.,      8,     28,     11,     16,     29,      9,     10,      4,      0,     55,     75,    48.3,    21.2,    59.0,    33.1,    48.1,    21.1,    58.5,    33.0,"(CONTRACTS OF CAD 100,000)",090741,CME ,090 ,F10,FutOnly
CANADIAN DOLLAR - CHICAGO MERCANTILE EXCHANGE,230321,2023-03-21,090741,CME ,00,090 ,  178185,   88611,    3473,     545,   18910,   89159,    4963,   18198,   36322,    4166,   13075,    2212,       0,  148468,  140840,   29717,   37345,  -66236,   24751,    -733,  -47872,     697,   -6065,    -756,  -37906,   -9103,   -2533,    -228,     241,       0,  -63847,  -66821,   -2389,     585,  100.0,   49.7,    1.9,    0.3,   10.6,   50.0,    2.8,   10.2,   20.4,    2.3,    7.3,    1.2,    0.0,   83.3,   79.0,   16.7,   21.0,    111,     13,.,.,      7,     29,     10,     15,     29,      9,     11,      4,      0,     58,     75,    48.9,    22.8,    58.8,    33.2,    48.7,    22.7,    57.7,    33.0,"(CONTRACTS OF CAD 100,000)",090741,CME ,090 ,F10,FutOnly
CANADIAN DOLLAR - CHICAGO MERCANTILE EXCHANGE,230314,2023-03-14,090741,CME ,00,090 ,  244421,   63860,    4206,   48417,   18213,   95224,    5719,   56104,   45425,    6699,   13303,    1971,       0,  212315,  207661,   32106,   36760,   40605,    2432,     595,   40612,   -3240,    3363,      17,    -334,    1243,   -1737,     704,     -26,       0,   38454,   44067,    2151,   -3462,  100.0,   26.1,    1.7,   19.8,    7.5,   39.0,    2.3,   23.0,   18.6,    2.7,    5.4,    0.8,    0.0,   86.9,   85.0,   13.1,   15.0,    125,     14,.,      5,      6,     32,     10,     21,     33,     13,     11,      4,      0,     63,     90,    42.8,    28.3,    54.6,    42.5,    26.1,    19.3,    37.4,    28.2,"(CONTRACTS OF CAD 100,000)",090741,CME ,090 ,F10,FutOnly
CANADIAN DOLLAR - CHICAGO MERCANTILE EXCHANGE,230307,2023-03-07,090741,CME ,00,090 ,  203816,   61428,    3611,    7805,   21453,   91861,    5702,   56438,   44182,    8436,   12599,    1997,       0,  173861,  163594,   29955,   40222,   38719,    3119,     130,    6995,     -44,   15362,    -332,   29569,    9568,    1451,    -520,    -817,       0,   40238,   32357,   -1519,    6362,  100.0,   30.1,    1.8,    3.8,   10.5,   45.1,    2.8,   27.7,   21.7,    4.1,    6.2,    1.0,    0.0,   85.3,   80.3,   14.7,   19.7,    128,     14,      4,      5,      6,     35,      9,     17,     38,     17,     10,.,      0,     65,     94,    34.4,    21.6,    47.5,    32.0,    34.3,    21.3,    46.6,    30.5,"(CONTRACTS OF CAD 100,000)",090741,CME ,090 ,F10,FutOnly
CANADIAN DOLLAR - CHICAGO MERCANTILE EXCHANGE,230228,2023-02-28,090741,CME ,00,090 ,  165097,   58309,    3481,     810,   21497,   76499,    6034,   26869,   34614,    6985,   13119,    2814,       0,  133623,  131237,   31474,   33860,   13201,    4482,      12,    -136,    -703,   14170,     117,   12193,    1204,     639,     584,    1034,    -482,   16694,   16558,   -3493,   -3357,  100.0,   35.3,    2.1,    0.5,   13.0,   46.3,    3.7,   16.3,   21.0,    4.2,    7.9,    1.7,    0.0,   80.9,   79.5,   19.1,   20.5,    115,     13,.,.,      6,     31,      8,     16,     32,     14,     10,      4,      0,     58,     82,    30.8,    21.7,    45.6,    32.3,    30.3,    21.3,    44.3,    31.6,"(CONTRACTS OF CAD 100,000)",090741,CME ,090 ,F10,FutOnly
CANADIAN DOLLAR - CHICAGO MERCANTILE EXCHANGE,230221,2023-02-21,090741,CME ,00,090 ,  151896,   53827,    3469,     946,   22200,   62329,    5917,   14676,   33410,    6346,   12535,    1780,     482,  116929,  114679,   34967,   37217,    2837,    -458,      30,     246,   -1391,   -4926,     343,   -1284,    2478,    2105,    1599,    -502,      73,    1233,    -153,    1604,    2990,  100.0,   35.4,    2.3,    0.6,   14.6,   41.0,    3.9,    9.7,   22.0,    4.2,    8.3,    1.2,    0.3,   77.0,   75.5,   23.0,   24.5,    105,     12,.,.,      6,     27,      9,     14,     31,     12,     10,.,.,     54,     76,    32.0,    20.7,    46.2,    31.2,    31.5,    20.4,    44.7,    30.8,"(CONTRACTS OF CAD 100,000)",090741,CME ,090 ,F10,FutOnly
CANADIAN DOLLAR - CHICAGO MERCANTILE EXCHANGE,230214,2023-02-14,090741,CME ,00,090 ,  149059,   54285,    3439,     700,   23591,   67255,    5574,   15960,   30932,    4241,   10936,    2282,     409,  115696,  114832,   33363,   34227,    -562,    8661,       0,      16,    -590,    1627,     360,   -9927,   -6110,     181,    -126,     492,     398,   -1027,   -3036,     465,    2474,  100.0,   36.4,    2.3,    0.5,   15.8,   45.1,    3.7,   10.7,   20.8,    2.8,    7.3,    1.5,    0.3,   77.6,   77.0,   22.4,   23.0,     92,     11,.,.,      8,     25,      7,     11,     25,     12,      7,.,.,     49,     65,    32.3,    22.0,    47.7,    34.0,    31.8,    21.6,    47.2,    33.6,"(CONTRACTS OF CAD 100,000)",090741,CME ,090 ,F10,FutOnly
CANADIAN DOLLAR - CHICAGO MERCANTILE EXCHANGE,230207,2023-02-07,090741,CME ,00,090 ,  149621,   45624,    3439,     684,   24181,   65628,    5214,   25887,   37042,    4060,   11062,    1790,      11,  116723,  117868,   32898,   31753,    9454,    5671,    -891,       7,   -1314,    6331,     -21,    7535,    4023,    -663,    -475,     552,    -802,    9938,    8536,    -484,     918,  100.0,   30.5,    2.3,    0.5,   16.2,   43.9,    3.5,   17.3,   24.8,    2.7,    7.4,    1.2,    0.0,   78.0,   78.8,   22.0,   21.2,     97,     11,.,.,      8,     24,      8,     15,     26,     13,      7,.,.,     53,     67,    28.9,    23.3,    43.4,    35.4,    28.9,    22.8,    42.8,    34.8,"(CONTRACTS OF CAD 100,000)",090741,CME ,090 ,F10,FutOnly
CANADIAN DOLLAR - CHICAGO MERCANTILE EXCHANGE,230131,2023-01-31,090741,CME ,00,090 ,  140167,   39953,    4330,     677,   25495,   59297,    5235,   18352,   33019,    4723,   11537,    1238,     813,  106785,  109332,   33382,   30835,    2691,    -468,     900,       8,     153,     850,      16,    1266,   -1162,     546,   -1379,     -22,      94,     236,    1230,    2455,    1461,  100.0,   28.5,    3.1,    0.5,   18.2,   42.3,    3.7,   13.1,   23.6,    3.4,    8.2,    0.9,    0.6,   76.2,   78.0,   23.8,   22.0,     99,     11,      4,.,      9,     22,      8,     19,     23,     12,      8,.,.,     57,     66,    27.7,    22.9,    42.8,    33.7,    27.7,    22.9,    40.9,    33.4,"(CONTRACTS OF CAD 100,000)",090741,CME ,090 ,F10,FutOnly
CANADIAN DOLLAR - CHICAGO MERCANTILE EXCHANGE,230124,2023-01-24,090741,CME ,00,090 ,  137476,   40421,    3430,     669,   25342,   58447,    5219,   17086,   34181,    4177,   12916,    1260,     719,  106549,  108102,   30927,   29374,    5130,    4225,   -2535,      12,     202,    3333,      51,    2628,    7545,    -305,    -416,      78,      17,    6414,    8196,   -1284,   -3066,  100.0,   29.4,    2.5,    0.5,   18.4,   42.5,    3.8,   12.4,   24.9,    3.0,    9.4,    0.9,    0.5,   77.5,   78.6,   22.5,   21.4,    103,     13,.,.,      9,     22,      8,     18,     27,     11,     10,.,.,     60,     65,    27.1,    22.4,    42.6,    33.0,    27.1,    22.4,    40.3,    32.9,"(CONTRACTS OF CAD 100,000)",090741,CME ,090 ,F10,FutOnly
CANADIAN DOLLAR - CHICAGO MERCANTILE EXCHANGE,230117,2023-01-17,090741,CME ,00,090 ,  132346,   36196,    5965,     657,   25140,   55114,    5168,   14458,   26636,    4482,   13332,    1182,     702,  100135,   99906,   32211,   32440,   -1542,   -1851,    1435,       8,    -414,    -196,     180,     507,   -4850,     533,     377,   -1689,     190,    -470,   -4389,   -1072,    2847,  100.0,   27.3,    4.5,    0.5,   19.0,   41.6,    3.9,   10.9,   20.1,    3.4,   10.1,    0.9,    0.5,   75.7,   75.5,   24.3,   24.5,     90,     11,.,.,      8,     21,      7,     14,     21,     10,     10,.,.,     52,     57,    26.7,    23.0,    42.9,    32.5,    26.7,    23.0,    41.8,    32.1,"(CONTRACTS OF CAD 100,000)",090741,CME ,090 ,F10,FutOnly
CANADIAN DOLLAR - CHICAGO MERCANTILE EXCHANGE,230110,2023-01-10,090741,CME ,00,090 ,  133888,   38047,    4530,     649,   25554,   55310,    4988,   13951,   31486,    3949,   12955,    2871,     512,  100605,  104295,   33283,   29593,   -5107,      74,    -747,      -2,   -1004,   -5048,   -1058,   -1959,    3372,    -823,   -1761,    -762,      13,   -6520,   -5055,    1413,     -52,  100.0,   28.4,    3.4,    0.5,   19.1,   41.3,    3.7,   10.4,   23.5,    2.9,    9.7,    2.1,    0.4,   75.1,   77.9,   24.9,   22.1,     93,     12,.,.,      8,     22,      6,     12,     25,     11,      9,.,.,     52,     60,    27.2,    23.0,    43.0,    33.0,    27.2,    23.0,    41.3,    32.6,"(CONTRACTS OF CAD 100,000)",090741,CME ,090 ,F10,FutOnly
CANADIAN DOLLAR - CHICAGO MERCANTILE EXCHANGE,230103,2023-01-03,090741,CME ,00,090 ,  138995,   37973,    5277,     651,   26558,   60358,    6046,   15910,   28114,    4772,   14716,    3633,     499,  107125,  109350,   31870,   29645,   -1549,    -884,     125,       6,   -3305,    4254,     536,    -419,   -7544,     508,     419,    -406,      -5,   -3144,   -2526,    1595,     977,  100.0,   27.3,    3.8,    0.5,   19.1,   43.4,    4.3,   11.4,   20.2,    3.4,   10.6,    2.6,    0.4,   77.1,   78.7,   22.9,   21.3,    105,     12,.,.,     10,     24,     11,     15,     27,     12,     11,.,.,     62,     68,    27.0,    22.5,    41.3,    32.9,    27.0,    22.5,    39.9,    32.1,"(CONTRACTS OF CAD 100,000)",090741,CME ,090 ,F10,FutOnly
SWISS FRANC - CHICAGO MERCANTILE EXCHANGE,231226,2023-12-26,092741,CME ,00,092 ,   47222,   11196,    8049,       0,   12580,   16026,       4,    7512,    6198,     219,    1616,     551,       0,   33127,   31047,   14095,   16175,    1941,    -356,    2604,       0,     241,       1,     -23,    1102,    -567,     -11,     263,     120,       0,    1216,    2124,     725,    -183,  100.0,   23.7,   17.0,    0.0,   26.6,   33.9,    0.0,   15.9,   13.1,    0.5,    3.4,    1.2,    0.0,   70.2,   65.7,   29.8,   34.3,     45,.,      6,      0,      4,      9,.,     11,      9,.,.,.,      0,     22,     26,    47.2,    24.6,    55.7,    43.3,    47.2,    24.6,    55.7,    43.3,"(CONTRACTS OF CHF 125,000)",092741,CME ,092 ,F10,FutOnly
SWISS FRANC - CHICAGO MERCANTILE EXCHANGE,231219,2023-12-19,092741,CME ,00,092 ,   45281,   11552,    5445,       0,   12339,   16025,      27,    6410,    6765,     230,    1353,     431,       0,   31911,   28923,   13370,   16358,  -19905,  -11509,   -3595,   -4605,     540,   -3031,      23,    -376,   -3417,   -4442,    -118,     431,       0,  -20487,  -18636,     582,   -1269,  100.0,   25.5,   12.0,    0.0,   27.2,   35.4,    0.1,   14.2,   14.9,    0.5,    3.0,    1.0,    0.0,   70.5,   63.9,   29.5,   36.1,     46,.,      5,      0,      4,     10,.,      9,     12,.,.,.,      0,     22,     30,    49.7,    25.2,    58.1,    41.7,    49.7,    25.2,    58.0,    41.7,"(CONTRACTS OF CHF 125,000)",092741,CME ,092 ,F10,FutOnly
SWISS FRANC - CHICAGO MERCANTILE EXCHANGE,231212,2023-12-12,092741,CME ,00,092 ,   65186,   23061,    9040,    4605,   11799,   19056,       4,    6786,   10182,    4672,    1471,       0,       0,   52398,   47559,   12788,   17627,    4830,   -3098,    1551,    3208,    2285,   -1516,     -40,    -545,    -371,    2887,       0,       0,       0,    4697,    5719,     133,    -889,  100.0,   35.4,   13.9,    7.1,   18.1,   29.2,    0.0,   10.4,   15.6,    7.2,    2.3,    0.0,    0.0,   80.4,   73.0,   19.6,   27.0,     48,      5,      4,      7,      4,     10,.,     10,     12,      6,.,      0,      0,     29,     33,    49.0,    33.0,    59.9,    45.5,    49.0,    29.8,    56.8,    42.0,"(CONTRACTS OF CHF 125,000)",092741,CME ,092 ,F10,FutOnly
SWISS FRANC - CHICAGO MERCANTILE EXCHANGE,231205,2023-12-05,092741,CME ,00,092 ,   60356,   26159,    7489,    1397,    9514,   20572,      44,    7331,   10553,    1785,    1471,       0,       0,   47701,   41840,   12655,   18516,    -123,   -1165,    -121,      48,    -672,     119,     -29,    -764,   -2058,    1558,       0,       0,       0,   -1024,    -483,     901,     360,  100.0,   43.3,   12.4,    2.3,   15.8,   34.1,    0.1,   12.1,   17.5,    3.0,    2.4,    0.0,    0.0,   79.0,   69.3,   21.0,   30.7,     51,      8,.,.,.,     12,.,     10,     14,      6,.,      0,      0,     30,     32,    53.6,    31.0,    63.0,    42.8,    53.6,    30.0,    62.7,    41.6,"(CONTRACTS OF CHF 125,000)",092741,CME ,092 ,F10,FutOnly
SWISS FRANC - CHICAGO MERCANTILE EXCHANGE,231128,2023-11-28,092741,CME ,00,092 ,   60479,   27324,    7610,    1349,   10186,   20453,      73,    8095,   12611,     227,    1471,       0,       0,   48725,   42323,   11754,   18156,    1664,   -1180,    1927,      50,    1360,   -1150,     -87,    -314,    2280,     194,       0,       0,       0,      23,    3214,    1641,   -1550,  100.0,   45.2,   12.6,    2.2,   16.8,   33.8,    0.1,   13.4,   20.9,    0.4,    2.4,    0.0,    0.0,   80.6,   70.0,   19.4,   30.0,     50,      7,.,.,.,     10,.,      8,     17,      4,.,      0,      0,     27,     32,    53.9,    32.1,    65.9,    45.2,    53.9,    31.1,    65.8,    44.1,"(CONTRACTS OF CHF 125,000)",092741,CME ,092 ,F10,FutOnly
SWISS FRANC - CHICAGO MERCANTILE EXCHANGE,231121,2023-11-21,092741,CME ,00,092 ,   58815,   28504,    5683,    1299,    8826,   21603,     160,    8409,   10331,      33,    1471,       0,       0,   48702,   39109,   10113,   19706,    -649,    -962,    2547,     403,    2077,   -2973,      76,    -782,   -1404,       0,      38,       0,       0,     850,   -1351,   -1499,     702,  100.0,   48.5,    9.7,    2.2,   15.0,   36.7,    0.3,   14.3,   17.6,    0.1,    2.5,    0.0,    0.0,   82.8,   66.5,   17.2,   33.5,     51,      7,.,.,      4,     13,.,      9,     13,.,.,      0,      0,     27,     32,    53.9,    28.8,    67.6,    41.6,    53.9,    27.8,    67.6,    40.7,"(CONTRACTS OF CHF 125,000)",092741,CME ,092 ,F10,FutOnly
SWISS FRANC - CHICAGO MERCANTILE EXCHANGE,231114,2023-11-14,092741,CME ,00,092 ,   59464,   29466,    3136,     896,    6749,   24576,      84,    9191,   11735,      33,    1433,       0,       0,   47852,   40460,   11612,   19004,    2708,     476,    2002,      16,    3506,    -308,      10,   -3441,    1705,       0,     -80,       0,       0,     487,    3425,    2221,    -717,  100.0,   49.6,    5.3,    1.5,   11.3,   41.3,    0.1,   15.5,   19.7,    0.1,    2.4,    0.0,    0.0,   80.5,   68.0,   19.5,   32.0,     55,      7,.,.,      4,     15,.,     10,     14,.,.,      0,      0,     27,     35,    50.5,    25.8,    64.1,    38.8,    50.5,    25.8,    64.0,    38.5,"(CONTRACTS OF CHF 125,000)",092741,CME ,092 ,F10,FutOnly
SWISS FRANC - CHICAGO MERCANTILE EXCHANGE,231107,2023-11-07,092741,CME ,00,092 ,   56756,   28990,    1134,     880,    3243,   24884,      74,   12632,   10030,      33,    1513,       0,       0,   47365,   37035,    9391,   19721,     403,     256,     103,     -86,     720,    1763,      20,    -711,    -874,      -9,       0,       0,       0,     190,     917,     213,    -514,  100.0,   51.1,    2.0,    1.6,    5.7,   43.8,    0.1,   22.3,   17.7,    0.1,    2.7,    0.0,    0.0,   83.5,   65.3,   16.5,   34.7,     56,      8,.,.,.,     15,.,     14,     12,.,.,      0,      0,     31,     32,    48.9,    27.6,    62.7,    40.4,    48.9,    27.6,    62.7,    40.4,"(CONTRACTS OF CHF 125,000)",092741,CME ,092 ,F10,FutOnly
SWISS FRANC - CHICAGO MERCANTILE EXCHANGE,231031,2023-10-31,092741,CME ,00,092 ,   56353,   28734,    1031,     966,    2523,   23121,      54,   13343,   10904,      42,    1513,       0,       0,   47175,   36118,    9178,   20235,   -2913,    -558,     140,       6,    -452,   -1261,    -404,   -1001,      94,      10,       0,       0,       0,   -2399,   -1415,    -514,   -1498,  100.0,   51.0,    1.8,    1.7,    4.5,   41.0,    0.1,   23.7,   19.3,    0.1,    2.7,    0.0,    0.0,   83.7,   64.1,   16.3,   35.9,     54,      7,.,.,.,     14,.,     13,     13,.,.,      0,      0,     28,     32,    49.4,    24.9,    63.6,    37.4,    49.4,    24.9,    63.6,    37.4,"(CONTRACTS OF CHF 125,000)",092741,CME ,092 ,F10,FutOnly
SWISS FRANC - CHICAGO MERCANTILE EXCHANGE,231024,2023-10-24,092741,CME ,00,092 ,   59266,   29292,     891,     960,    2975,   24382,     458,   14344,   10810,      32,    1513,       0,       0,   49574,   37533,    9692,   21733,   -2080,     -57,     177,    -187,   -2649,    -602,     399,    -554,   -1621,       0,       0,       0,       0,   -3048,   -1834,     968,    -246,  100.0,   49.4,    1.5,    1.6,    5.0,   41.1,    0.8,   24.2,   18.2,    0.1,    2.6,    0.0,    0.0,   83.6,   63.3,   16.4,   36.7,     51,      7,.,.,.,     14,.,     12,     10,.,.,      0,      0,     28,     29,    48.5,    25.1,    62.8,    37.1,    48.5,    25.1,    62.8,    37.1,"(CONTRACTS OF CHF 125,000)",092741,CME ,092 ,F10,FutOnly
SWISS FRANC - CHICAGO MERCANTILE EXCHANGE,231017,2023-10-17,092741,CME ,00,092 ,   61346,   29349,     714,    1147,    5624,   24984,      59,   14898,   12431,      32,    1513,       0,       0,   52622,   39367,    8724,   21979,    -396,    -178,     -77,     350,    -431,   -1418,      37,    -229,      39,       0,    -118,       0,       0,    -569,   -1069,     173,     673,  100.0,   47.8,    1.2,    1.9,    9.2,   40.7,    0.1,   24.3,   20.3,    0.1,    2.5,    0.0,    0.0,   85.8,   64.2,   14.2,   35.8,     55,      6,.,.,      4,     13,.,     13,     14,.,.,      0,      0,     30,     32,    46.8,    27.5,    62.1,    38.6,    46.8,    27.5,    62.1,    38.6,"(CONTRACTS OF CHF 125,000)",092741,CME ,092 ,F10,FutOnly
SWISS FRANC - CHICAGO MERCANTILE EXCHANGE,231010,2023-10-10,092741,CME ,00,092 ,   61742,   29527,     791,     797,    6055,   26402,      22,   15127,   12392,      32,    1631,       0,       0,   53191,   40436,    8551,   21306,    3069,    1790,     183,     523,     223,     -67,      22,     710,     758,       0,     280,       0,       0,    3548,    1419,    -479,    1650,  100.0,   47.8,    1.3,    1.3,    9.8,   42.8,    0.0,   24.5,   20.1,    0.1,    2.6,    0.0,    0.0,   86.2,   65.5,   13.8,   34.5,     57,      7,.,.,      4,     14,.,     14,     14,.,.,      0,      0,     32,     31,    45.1,    28.5,    60.6,    40.2,    45.1,    28.5,    60.6,    40.2,"(CONTRACTS OF CHF 125,000)",092741,CME ,092 ,F10,FutOnly
SWISS FRANC - CHICAGO MERCANTILE EXCHANGE,231003,2023-10-03,092741,CME ,00,092 ,   58673,   27737,     608,     274,    5832,   26469,       0,   14417,   11634,      32,    1351,       0,       0,   49643,   39017,    9030,   19656,    4773,    4643,     -70,      85,     175,    3086,       0,     364,    3339,      18,       0,       0,       0,    5285,    6458,    -512,   -1685,  100.0,   47.3,    1.0,    0.5,    9.9,   45.1,    0.0,   24.6,   19.8,    0.1,    2.3,    0.0,    0.0,   84.6,   66.5,   15.4,   33.5,     55,      8,.,.,      4,     15,      0,     11,     14,.,.,      0,      0,     27,     31,    43.8,    29.9,    59.8,    43.1,    43.8,    29.9,    59.8,    43.1,"(CONTRACTS OF CHF 125,000)",092741,CME ,092 ,F10,FutOnly
SWISS FRANC - CHICAGO MERCANTILE EXCHANGE,230926,2023-09-26,092741,CME ,00,092 ,   53900,   23094,     678,     189,    5657,   23383,       0,   14053,    8295,      14,    1351,       0,       0,   44358,   32559,    9542,   21341,    7262,    5197,     678,     189,    -472,    1484,     -10,    2314,     747,       0,    -240,       0,       0,    6978,    3088,     284,    4174,  100.0,   42.8,    1.3,    0.4,   10.5,   43.4,    0.0,   26.1,   15.4,    0.0,    2.5,    0.0,    0.0,   82.3,   60.4,   17.7,   39.6,     51,      8,.,.,      5,     13,      0,     12,     10,.,.,      0,      0,     28,     27,    39.2,    27.5,    57.3,    40.4,    39.2,    27.5,    57.3,    40.4,"(CONTRACTS OF CHF 125,000)",092741,CME ,092 ,F10,FutOnly
SWISS FRANC - CHICAGO MERCANTILE EXCHANGE,230919,2023-09-19,092741,CME ,00,092 ,   46638,   17897,       0,       0,    6129,   21899,      10,   11739,    7548,      14,    1591,       0,       0,   37380,   29471,    9258,   17167,   -3307,    1071,   -3999,   -1846,    1349,    1686,     -41,    1813,    1531,   -1021,    -119,       0,       0,    1206,   -3690,   -4513,     383,  100.0,   38.4,    0.0,    0.0,   13.1,   47.0,    0.0,   25.2,   16.2,    0.0,    3.4,    0.0,    0.0,   80.1,   63.2,   19.9,   36.8,     48,      6,      0,      0,      6,     11,.,     13,     10,.,.,      0,      0,     28,     24,    39.8,    32.1,    54.1,    45.0,    39.7,    32.1,    54.1,    45.0,"(CONTRACTS OF CHF 125,000)",092741,CME ,092 ,F10,FutOnly
SWISS FRANC - CHICAGO MERCANTILE EXCHANGE,230912,2023-09-12,092741,CME ,00,092 ,   49945,   16826,    3999,    1846,    4780,   20213,      51,    9926,    6017,    1035,    1710,       0,       0,   36174,   33161,   13771,   16784,    3275,     623,     -61,    1846,    -713,    2480,     -64,    -509,    -669,     489,       0,       0,       0,    1672,    4021,    1603,    -746,  100.0,   33.7,    8.0,    3.7,    9.6,   40.5,    0.1,   19.9,   12.0,    2.1,    3.4,    0.0,    0.0,   72.4,   66.4,   27.6,   33.6,     45,      8,.,.,      4,     10,.,     12,      8,      5,.,      0,      0,     26,     28,    36.6,    33.0,    50.3,    47.4,    36.5,    33.0,    48.6,    47.4,"(CONTRACTS OF CHF 125,000)",092741,CME ,092 ,F10,FutOnly
SWISS FRANC - CHICAGO MERCANTILE EXCHANGE,230905,2023-09-05,092741,CME ,00,092 ,   46670,   16203,    4060,       0,    5493,   17733,     115,   10435,    6686,     546,    1710,       0,       0,   34502,   29140,   12168,   17530,    3428,    1560,    -920,       0,     208,    1670,       1,    3435,     961,     482,       0,       0,       0,    5686,    2194,   -2258,    1234,  100.0,   34.7,    8.7,    0.0,   11.8,   38.0,    0.2,   22.4,   14.3,    1.2,    3.7,    0.0,    0.0,   73.9,   62.4,   26.1,   37.6,     44,      5,.,      0,      6,      8,.,     12,      9,      5,.,      0,      0,     25,     25,    38.3,    33.4,    51.0,    49.1,    38.1,    33.4,    50.5,    49.1,"(CONTRACTS OF CHF 125,000)",092741,CME ,092 ,F10,FutOnly
SWISS FRANC - CHICAGO MERCANTILE EXCHANGE,230829,2023-08-29,092741,CME ,00,092 ,   43242,   14643,    4980,       0,    5285,   16063,     114,    7000,    5725,      64,    1710,       0,       0,   28816,   26946,   14426,   16296,   -1084,    -219,      55,       0,     567,     -96,    -128,   -1262,   -1001,    -364,       0,       0,       0,   -1406,   -1534,     322,     450,  100.0,   33.9,   11.5,    0.0,   12.2,   37.1,    0.3,   16.2,   13.2,    0.1,    4.0,    0.0,    0.0,   66.6,   62.3,   33.4,   37.7,     42,.,      4,      0,      6,      9,.,      9,      9,.,.,      0,      0,     20,     26,    38.1,    32.6,    51.0,    47.5,    38.1,    32.6,    50.7,    47.5,"(CONTRACTS OF CHF 125,000)",092741,CME ,092 ,F10,FutOnly
SWISS FRANC - CHICAGO MERCANTILE EXCHANGE,230822,2023-08-22,092741,CME ,00,092 ,   44326,   14862,    4925,       0,    4718,   16159,     242,    8262,    6726,     428,    1710,       0,       0,   30222,   28480,   14104,   15846,    1532,    1186,    -133,       0,    -494,     367,     -37,    1479,     589,     355,     201,       0,       0,    2690,    1141,   -1158,     391,  100.0,   33.5,   11.1,    0.0,   10.6,   36.5,    0.5,   18.6,   15.2,    1.0,    3.9,    0.0,    0.0,   68.2,   64.3,   31.8,   35.7,     44,      4,.,      0,      6,      9,.,     10,     11,      4,.,      0,      0,     23,     26,    37.8,    31.7,    48.9,    45.9,    37.8,    31.7,    48.9,    45.9,"(CONTRACTS OF CHF 125,000)",092741,CME ,092 ,F10,FutOnly
SWISS FRANC - CHICAGO MERCANTILE EXCHANGE,230815,2023-08-15,092741,CME ,00,092 ,   42794,   13676,    5058,       0,    5212,   15792,     279,    6783,    6137,      73,    1509,       0,       0,   27532,   27339,   15262,   15455,    -328,     324,     377,       0,    -762,    -818,     129,     305,     355,    -321,       0,   -1600,       0,    -325,   -1878,      -3,    1550,  100.0,   32.0,   11.8,    0.0,   12.2,   36.9,    0.7,   15.9,   14.3,    0.2,    3.5,    0.0,    0.0,   64.3,   63.9,   35.7,   36.1,     41,.,.,      0,      6,      9,.,      9,      9,.,.,      0,      0,     20,     24,    36.1,    32.5,    48.0,    47.5,    36.1,    32.5,    47.5,    47.5,"(CONTRACTS OF CHF 125,000)",092741,CME ,092 ,F10,FutOnly
SWISS FRANC - CHICAGO MERCANTILE EXCHANGE,230808,2023-08-08,092741,CME ,00,092 ,   43122,   13352,    4681,       0,    5974,   16610,     150,    6478,    5782,     394,    1509,    1600,       0,   27857,   29217,   15265,   13905,    -861,    2286,     658,       0,   -2242,    -597,    -360,    2078,   -1175,     -64,     -57,       0,       0,    1641,   -1538,   -2502,     677,  100.0,   31.0,   10.9,    0.0,   13.9,   38.5,    0.3,   15.0,   13.4,    0.9,    3.5,    3.7,    0.0,   64.6,   67.8,   35.4,   32.2,     45,.,.,      0,      6,     10,.,     11,      9,.,.,.,      0,     23,     26,    34.9,    31.7,    46.1,    48.4,    34.8,    31.7,    45.7,    48.4,"(CONTRACTS OF CHF 125,000)",092741,CME ,092 ,F10,FutOnly
SWISS FRANC - CHICAGO MERCANTILE EXCHANGE,230801,2023-08-01,092741,CME ,00,092 ,   43983,   11066,    4023,       0,    8216,   17207,     510,    4400,    6957,     458,    1566,    1600,       0,   26216,   30755,   17767,   13228,    -197,       3,     294,      -4,    1070,     669,     -65,    -167,    -528,     243,       0,       0,       0,    1080,     609,   -1277,    -806,  100.0,   25.2,    9.1,    0.0,   18.7,   39.1,    1.2,   10.0,   15.8,    1.0,    3.6,    3.6,    0.0,   59.6,   69.9,   40.4,   30.1,     44,      4,.,      0,      6,     10,.,      8,     11,      4,.,.,      0,     22,     28,    35.5,    31.3,    44.2,    48.6,    35.4,    31.3,    44.1,    48.6,"(CONTRACTS OF CHF 125,000)",092741,CME ,092 ,F10,FutOnly
SWISS FRANC - CHICAGO MERCANTILE EXCHANGE,230725,2023-07-25,092741,CME ,00,092 ,   44180,   11063,    3729,       4,    7146,   16538,     575,    4567,    7485,     215,    1566,    1600,       0,   25136,   30146,   19044,   14034,     967,   -1723,     383,      -2,     746,     157,     457,     494,    -297,     109,       0,       0,       0,      81,     807,     886,     160,  100.0,   25.0,    8.4,    0.0,   16.2,   37.4,    1.3,   10.3,   16.9,    0.5,    3.5,    3.6,    0.0,   56.9,   68.2,   43.1,   31.8,     46,      4,.,.,      8,      9,.,      8,     12,.,.,.,      0,     25,     27,    32.3,    29.5,    40.3,    46.3,    32.0,    29.5,    40.0,    46.3,"(CONTRACTS OF CHF 125,000)",092741,CME ,092 ,F10,FutOnly
SWISS FRANC - CHICAGO MERCANTILE EXCHANGE,230718,2023-07-18,092741,CME ,00,092 ,   43213,   12786,    3346,       6,    6400,   16381,     118,    4073,    7782,     106,    1566,    1600,       0,   25055,   29339,   18158,   13874,    -350,   -4018,     659,       5,    4118,      53,      20,   -3000,    -867,     -25,    -197,    1600,       0,   -3097,    1445,    2747,   -1795,  100.0,   29.6,    7.7,    0.0,   14.8,   37.9,    0.3,    9.4,   18.0,    0.2,    3.6,    3.7,    0.0,   58.0,   67.9,   42.0,   32.1,     47,      4,.,.,      8,     10,.,      7,     13,      4,.,.,      0,     26,     29,    33.8,    30.0,    42.3,    46.0,    33.6,    30.0,    42.2,    46.0,"(CONTRACTS OF CHF 125,000)",092741,CME ,092 ,F10,FutOnly
SWISS FRANC - CHICAGO MERCANTILE EXCHANGE,230711,2023-07-11,092741,CME ,00,092 ,   43563,   16804,    2687,       1,    2282,   16328,      98,    7073,    8649,     131,    1763,       0,       0,   28152,   27894,   15411,   15669,    2924,    2165,     331,       1,    -356,    2294,    -222,   -2847,     240,     -35,       0,       0,       0,   -1294,    2609,    4218,     315,  100.0,   38.6,    6.2,    0.0,    5.2,   37.5,    0.2,   16.2,   19.9,    0.3,    4.0,    0.0,    0.0,   64.6,   64.0,   35.4,   36.0,     48,.,.,.,      4,     11,.,     11,     14,.,.,      0,      0,     22,     31,    41.1,    27.3,    48.6,    41.4,    41.1,    27.3,    48.6,    41.4,"(CONTRACTS OF CHF 125,000)",092741,CME ,092 ,F10,FutOnly
SWISS FRANC - CHICAGO MERCANTILE EXCHANGE,230703,2023-07-03,092741,CME ,00,092 ,   40639,   14639,    2356,       0,    2638,   14034,     320,    9920,    8409,     166,    1763,       0,       0,   29446,   25285,   11193,   15354,    3260,    1663,    -345,       0,    -427,    1821,    -159,    3909,    1580,      -1,       0,       0,       0,    4985,    2896,   -1725,     364,  100.0,   36.0,    5.8,    0.0,    6.5,   34.5,    0.8,   24.4,   20.7,    0.4,    4.3,    0.0,    0.0,   72.5,   62.2,   27.5,   37.8,     46,      5,.,      0,      5,     10,.,     10,     12,.,.,      0,      0,     24,     27,    41.7,    27.4,    54.0,    41.4,    41.7,    27.4,    53.6,    41.4,"(CONTRACTS OF CHF 125,000)",092741,CME ,092 ,F10,FutOnly
SWISS FRANC - CHICAGO MERCANTILE EXCHANGE,230627,2023-06-27,092741,CME ,00,092 ,   37379,   12976,    2701,       0,    3065,   12213,     479,    6011,    6829,     167,    1763,       0,       0,   24461,   22389,   12918,   14990,    1251,    2406,    -134,       0,     251,    -963,     208,   -2288,    -461,     166,    -240,       0,       0,     503,   -1184,     748,    2435,  100.0,   34.7,    7.2,    0.0,    8.2,   32.7,    1.3,   16.1,   18.3,    0.4,    4.7,    0.0,    0.0,   65.4,   59.9,   34.6,   40.1,     44,      5,.,      0,      6,      8,.,      9,     12,.,.,      0,      0,     23,     26,    38.6,    29.0,    47.5,    40.4,    38.6,    29.0,    46.8,    40.4,"(CONTRACTS OF CHF 125,000)",092741,CME ,092 ,F10,FutOnly
SWISS FRANC - CHICAGO MERCANTILE EXCHANGE,230620,2023-06-20,092741,CME ,00,092 ,   36128,   10570,    2835,       0,    2814,   13176,     271,    8299,    7290,       1,    2003,       0,       0,   23958,   23573,   12170,   12555,  -12035,   -4388,   -2827,   -2602,    -437,   -1344,     145,    -810,      22,   -2674,    -119,       0,       0,  -10885,   -9280,   -1150,   -2755,  100.0,   29.3,    7.8,    0.0,    7.8,   36.5,    0.8,   23.0,   20.2,    0.0,    5.5,    0.0,    0.0,   66.3,   65.2,   33.7,   34.8,     45,      4,.,      0,      5,      9,.,     11,     12,.,.,      0,      0,     24,     25,    37.9,    30.3,    47.3,    44.2,    37.9,    30.3,    46.8,    44.2,"(CONTRACTS OF CHF 125,000)",092741,CME ,092 ,F10,FutOnly
SWISS FRANC - CHICAGO MERCANTILE EXCHANGE,230613,2023-06-13,092741,CME ,00,092 ,   48163,   14958,    5662,    2602,    3251,   14520,     126,    9109,    7268,    2675,    2122,       0,       0,   34843,   32853,   13320,   15310,    4076,    -848,    -324,    2524,     503,     744,     119,   -2755,     544,    2202,     320,       0,       0,    2065,    5809,    2011,   -1733,  100.0,   31.1,   11.8,    5.4,    6.7,   30.1,    0.3,   18.9,   15.1,    5.6,    4.4,    0.0,    0.0,   72.3,   68.2,   27.7,   31.8,     44,.,      6,.,      5,      8,.,     11,      9,.,.,      0,      0,     24,     27,    41.9,    28.3,    52.0,    42.4,    37.5,    28.3,    46.1,    40.2,"(CONTRACTS OF CHF 125,000)",092741,CME ,092 ,F10,FutOnly
SWISS FRANC - CHICAGO MERCANTILE EXCHANGE,230606,2023-06-06,092741,CME ,00,092 ,   44087,   15806,    5986,      78,    2748,   13776,       7,   11864,    6724,     473,    1802,       0,       0,   32778,   27044,   11309,   17043,    2733,    1174,   -2452,       6,    -364,    1378,       7,    4440,    1688,    -323,       0,       0,       0,    4940,     304,   -2207,    2429,  100.0,   35.9,   13.6,    0.2,    6.2,   31.2,    0.0,   26.9,   15.3,    1.1,    4.1,    0.0,    0.0,   74.3,   61.3,   25.7,   38.7,     45,      5,      5,.,      5,      9,.,     13,      7,.,.,      0,      0,     25,     26,    42.2,    29.6,    53.4,    41.8,    41.8,    29.6,    52.8,    41.8,"(CONTRACTS OF CHF 125,000)",092741,CME ,092 ,F10,FutOnly
SWISS FRANC - CHICAGO MERCANTILE EXCHANGE,230530,2023-05-30,092741,CME ,00,092 ,   41354,   14632,    8438,      72,    3112,   12398,       0,    7424,    5036,     796,    1802,       0,       0,   27838,   26740,   13516,   14614,   -3454,      47,     395,      12,   -2055,     314,     -69,     377,   -2515,   -1743,     135,       0,       0,   -3296,   -3606,    -158,     152,  100.0,   35.4,   20.4,    0.2,    7.5,   30.0,    0.0,   18.0,   12.2,    1.9,    4.4,    0.0,    0.0,   67.3,   64.7,   32.7,   35.3,     39,.,      5,.,      5,      8,      0,     11,      6,      4,.,      0,      0,     21,     24,    44.3,    31.9,    53.5,    45.6,    44.2,    31.9,    52.8,    45.6,"(CONTRACTS OF CHF 125,000)",092741,CME ,092 ,F10,FutOnly
SWISS FRANC - CHICAGO MERCANTILE EXCHANGE,230523,2023-05-23,092741,CME ,00,092 ,   44808,   14585,    8043,      60,    5167,   12084,      69,    7047,    7551,    2539,    1667,       0,       0,   31134,   30346,   13674,   14462,    1127,      86,    1979,       0,     216,    -194,    -211,    1379,      87,     583,       0,       0,       0,    2053,    2244,    -926,   -1117,  100.0,   32.5,   17.9,    0.1,   11.5,   27.0,    0.2,   15.7,   16.9,    5.7,    3.7,    0.0,    0.0,   69.5,   67.7,   30.5,   32.3,     42,.,      5,.,      6,      8,.,     10,      9,.,.,      0,      0,     22,     26,    43.6,    31.5,    55.8,    44.4,    41.8,    30.5,    52.1,    42.1,"(CONTRACTS OF CHF 125,000)",092741,CME ,092 ,F10,FutOnly
SWISS FRANC - CHICAGO MERCANTILE EXCHANGE,230516,2023-05-16,092741,CME ,00,092 ,   43681,   14499,    6064,      60,    4951,   12278,     280,    5668,    7464,    1956,    1667,       0,       0,   29081,   28102,   14600,   15579,     292,    -172,    1236,       0,     102,   -1051,     -58,     841,    -221,    -244,    -120,       0,       0,     349,    -338,     -57,     630,  100.0,   33.2,   13.9,    0.1,   11.3,   28.1,    0.6,   13.0,   17.1,    4.5,    3.8,    0.0,    0.0,   66.6,   64.3,   33.4,   35.7,     38,.,      4,.,      5,      9,.,      8,      8,.,.,      0,      0,     20,     24,    43.4,    31.1,    55.9,    44.7,    41.8,    30.7,    52.3,    42.7,"(CONTRACTS OF CHF 125,000)",092741,CME ,092 ,F10,FutOnly
SWISS FRANC - CHICAGO MERCANTILE EXCHANGE,230509,2023-05-09,092741,CME ,00,092 ,   43389,   14671,    4828,      60,    4849,   13329,     338,    4827,    7685,    2200,    1787,       0,       0,   28732,   28440,   14657,   14949,     138,    -119,    -421,       7,       5,   -1368,    -259,    -632,     319,     219,       0,       0,       0,    -779,   -1503,     917,    1641,  100.0,   33.8,   11.1,    0.1,   11.2,   30.7,    0.8,   11.1,   17.7,    5.1,    4.1,    0.0,    0.0,   66.2,   65.5,   33.8,   34.5,     40,.,      4,.,      5,     11,.,      8,      8,.,.,      0,      0,     22,     24,    44.3,    29.8,    54.5,    43.5,    42.6,    28.4,    50.8,    40.4,"(CONTRACTS OF CHF 125,000)",092741,CME ,092 ,F10,FutOnly
SWISS FRANC - CHICAGO MERCANTILE EXCHANGE,230502,2023-05-02,092741,CME ,00,092 ,   43251,   14790,    5249,      53,    4844,   14697,     597,    5459,    7366,    1981,    1787,       0,       0,   29511,   29943,   13740,   13308,    1515,      -4,    1168,      44,     624,     242,     485,    1417,     104,     419,       0,       0,       0,    2985,    2462,   -1470,    -947,  100.0,   34.2,   12.1,    0.1,   11.2,   34.0,    1.4,   12.6,   17.0,    4.6,    4.1,    0.0,    0.0,   68.2,   69.2,   31.8,   30.8,     45,      4,      6,.,      6,     10,.,     10,      8,.,.,      0,      0,     25,     28,    44.4,    26.0,    54.5,    42.3,    42.7,    25.9,    50.9,    40.9,"(CONTRACTS OF CHF 125,000)",092741,CME ,092 ,F10,FutOnly
SWISS FRANC - CHICAGO MERCANTILE EXCHANGE,230425,2023-04-25,092741,CME ,00,092 ,   41736,   14794,    4081,       9,    4220,   14455,     112,    4042,    7262,    1562,    1787,       0,       0,   26526,   27481,   15210,   14255,     866,     158,    -709,       0,      47,    2253,     112,    1162,    -556,    -638,       0,       0,       0,     841,     462,      25,     404,  100.0,   35.4,    9.8,    0.0,   10.1,   34.6,    0.3,    9.7,   17.4,    3.7,    4.3,    0.0,    0.0,   63.6,   65.8,   36.4,   34.2,     41,      4,      6,.,      5,     10,.,      6,      9,.,.,      0,      0,     19,     27,    44.9,    26.6,    55.1,    40.9,    43.3,    26.6,    51.4,    40.3,"(CONTRACTS OF CHF 125,000)",092741,CME ,092 ,F10,FutOnly
SWISS FRANC - CHICAGO MERCANTILE EXCHANGE,230418,2023-04-18,092741,CME ,00,092 ,   40870,   14636,    4790,       9,    4173,   12202,       0,    2880,    7818,    2200,    1787,       0,       0,   25685,   27019,   15185,   13851,    2598,    -965,    3200,       9,     839,     815,       0,    -353,    -278,      53,    -120,       0,       0,    -537,    3799,    3135,   -1201,  100.0,   35.8,   11.7,    0.0,   10.2,   29.9,    0.0,    7.0,   19.1,    5.4,    4.4,    0.0,    0.0,   62.8,   66.1,   37.2,   33.9,     37,.,      7,.,      5,      8,      0,      4,     10,.,.,      0,      0,     14,     25,    45.9,    27.4,    56.0,    41.7,    44.2,    24.5,    52.2,    37.7,"(CONTRACTS OF CHF 125,000)",092741,CME ,092 ,F10,FutOnly
SWISS FRANC - CHICAGO MERCANTILE EXCHANGE,230411,2023-04-11,092741,CME ,00,092 ,   38272,   15601,    1590,       0,    3334,   11387,       0,    3233,    8096,    2147,    1907,       0,       0,   26222,   23220,   12050,   15052,    1095,    -224,      27,       0,    1534,     383,       0,    -231,     486,     215,       0,       0,       0,    1294,    1111,    -199,     -16,  100.0,   40.8,    4.2,    0.0,    8.7,   29.8,    0.0,    8.4,   21.2,    5.6,    5.0,    0.0,    0.0,   68.5,   60.7,   31.5,   39.3,     35,      4,.,      0,      6,      7,      0,      6,      8,.,.,      0,      0,     17,     20,    51.3,    27.8,    59.4,    42.8,    48.5,    26.8,    55.2,    39.8,"(CONTRACTS OF CHF 125,000)",092741,CME ,092 ,F10,FutOnly
SWISS FRANC - CHICAGO MERCANTILE EXCHANGE,230404,2023-04-04,092741,CME ,00,092 ,   37177,   15825,    1563,       0,    1800,   11004,       0,    3464,    7610,    1932,    1907,       0,       0,   24928,   22109,   12249,   15068,    2321,      81,     150,      -3,      25,     554,    -257,    -693,     549,    1104,       0,       0,       0,     257,    2097,    2064,     224,  100.0,   42.6,    4.2,    0.0,    4.8,   29.6,    0.0,    9.3,   20.5,    5.2,    5.1,    0.0,    0.0,   67.1,   59.5,   32.9,   40.5,     32,      4,.,      0,.,      7,      0,      7,      7,.,.,      0,      0,     15,     19,    53.0,    28.4,    60.6,    44.5,    49.3,    27.9,    56.0,    41.9,"(CONTRACTS OF CHF 125,000)",092741,CME ,092 ,F10,FutOnly
SWISS FRANC - CHICAGO MERCANTILE EXCHANGE,230328,2023-03-28,092741,CME ,00,092 ,   34856,   15744,    1413,       3,    1775,   10450,     257,    4157,    7061,     828,    1907,       0,       0,   24671,   20012,   10185,   14844,    -981,     -71,    1413,     -15,     -54,     206,      88,    -544,   -1633,    -592,       0,       0,       0,   -1188,    -533,     207,    -448,  100.0,   45.2,    4.1,    0.0,    5.1,   30.0,    0.7,   11.9,   20.3,    2.4,    5.5,    0.0,    0.0,   70.8,   57.4,   29.2,   42.6,     31,      4,.,.,.,      8,.,      6,      6,.,.,      0,      0,     16,     20,    56.5,    29.0,    64.9,    42.0,    54.2,    29.0,    62.5,    41.9,"(CONTRACTS OF CHF 125,000)",092741,CME ,092 ,F10,FutOnly
SWISS FRANC - CHICAGO MERCANTILE EXCHANGE,230321,2023-03-21,092741,CME ,00,092 ,   35837,   15815,       0,      18,    1829,   10244,     169,    4701,    8694,    1420,    1907,       0,       0,   25859,   20545,    9978,   15292,   -3169,    -237,    -943,     -10,   -1497,     120,    -147,    1354,   -1591,    -795,     -73,       0,       0,   -1405,   -3366,   -1764,     197,  100.0,   44.1,    0.0,    0.1,    5.1,   28.6,    0.5,   13.1,   24.3,    4.0,    5.3,    0.0,    0.0,   72.2,   57.3,   27.8,   42.7,     29,.,      0,.,.,      8,.,      6,      8,.,.,      0,      0,     16,     19,    55.6,    28.0,    65.3,    42.7,    53.5,    28.0,    61.3,    41.3,"(CONTRACTS OF CHF 125,000)",092741,CME ,092 ,F10,FutOnly
SWISS FRANC - CHICAGO MERCANTILE EXCHANGE,230314,2023-03-14,092741,CME ,00,092 ,   39006,   16052,     943,      28,    3326,   10124,     316,    3347,   10285,    2215,    1980,       0,       0,   27264,   23911,   11742,   15095,   -7739,     363,     764,   -4258,     207,    -877,     -76,   -9650,   -1440,    2191,       0,       0,       0,  -11223,   -3696,    3484,   -4043,  100.0,   41.2,    2.4,    0.1,    8.5,   26.0,    0.8,    8.6,   26.4,    5.7,    5.1,    0.0,    0.0,   69.9,   61.3,   30.1,   38.7,     33,      4,.,.,      5,      8,      4,      5,      9,.,.,      0,      0,     19,     21,    50.9,    35.0,    61.1,    46.8,    48.9,    29.4,    56.9,    41.2,"(CONTRACTS OF CHF 125,000)",092741,CME ,092 ,F10,FutOnly
SWISS FRANC - CHICAGO MERCANTILE EXCHANGE,230307,2023-03-07,092741,CME ,00,092 ,   46745,   15689,     179,    4286,    3119,   11001,     392,   12997,   11725,      24,    1980,       0,       0,   38487,   27607,    8258,   19138,    4754,    -907,     179,    4148,     -35,    -151,     -84,    2433,    1105,     -12,       0,       0,       0,    5543,    5185,    -789,    -431,  100.0,   33.6,    0.4,    9.2,    6.7,   23.5,    0.8,   27.8,   25.1,    0.1,    4.2,    0.0,    0.0,   82.3,   59.1,   17.7,   40.9,     42,      6,.,      4,.,      8,      4,     10,     12,.,.,      0,      0,     25,     28,    41.5,    27.6,    60.5,    40.6,    39.6,    23.6,    56.7,    34.9,"(CONTRACTS OF CHF 125,000)",092741,CME ,092 ,F10,FutOnly
SWISS FRANC - CHICAGO MERCANTILE EXCHANGE,230228,2023-02-28,092741,CME ,00,092 ,   41991,   16596,       0,     138,    3154,   11152,     476,   10564,   10620,      36,    1980,       0,       0,   32944,   22422,    9047,   19569,    2904,    2291,   -1418,     -18,    -569,    1038,       1,    1263,   -1182,      -1,       0,    -437,       0,    2967,   -2017,     -63,    4921,  100.0,   39.5,    0.0,    0.3,    7.5,   26.6,    1.1,   25.2,   25.3,    0.1,    4.7,    0.0,    0.0,   78.5,   53.4,   21.5,   46.6,     39,      6,      0,.,.,      9,      4,     11,      9,      4,.,      0,      0,     24,     24,    40.4,    25.7,    58.7,    38.6,    40.0,    25.7,    58.3,    38.6,"(CONTRACTS OF CHF 125,000)",092741,CME ,092 ,F10,FutOnly
SWISS FRANC - CHICAGO MERCANTILE EXCHANGE,230221,2023-02-21,092741,CME ,00,092 ,   39087,   14305,    1418,     156,    3723,   10114,     475,    9301,   11802,      37,    1980,     437,       0,   29977,   24439,    9110,   14648,    1496,     431,     -26,      56,     -72,    1051,    -458,    2975,     746,    -410,    -202,     437,       0,    2320,    1396,    -824,     100,  100.0,   36.6,    3.6,    0.4,    9.5,   25.9,    1.2,   23.8,   30.2,    0.1,    5.1,    1.1,    0.0,   76.7,   62.5,   23.3,   37.5,     44,      4,.,.,.,      7,.,     12,     13,      4,.,.,      0,     25,     29,    43.1,    27.9,    57.9,    40.2,    42.9,    27.9,    57.6,    40.2,"(CONTRACTS OF CHF 125,000)",092741,CME ,092 ,F10,FutOnly
SWISS FRANC - CHICAGO MERCANTILE EXCHANGE,230214,2023-02-14,092741,CME ,00,092 ,   37591,   13874,    1444,     100,    3795,    9063,     933,    6326,   11056,     447,    2182,       0,       0,   27657,   23043,    9934,   14548,   -1251,     258,    -246,      -2,     694,     407,     415,   -2389,   -1776,    -385,       0,       0,       0,   -1409,   -1587,     158,     336,  100.0,   36.9,    3.8,    0.3,   10.1,   24.1,    2.5,   16.8,   29.4,    1.2,    5.8,    0.0,    0.0,   73.6,   61.3,   26.4,   38.7,     38,      4,.,.,      4,      6,      4,      9,     11,      5,.,      0,      0,     22,     28,    43.6,    27.8,    58.2,    41.7,    43.3,    27.8,    58.0,    41.7,"(CONTRACTS OF CHF 125,000)",092741,CME ,092 ,F10,FutOnly
SWISS FRANC - CHICAGO MERCANTILE EXCHANGE,230207,2023-02-07,092741,CME ,00,092 ,   38842,   13616,    1690,     102,    3101,    8656,     518,    8715,   12832,     832,    2182,       0,       0,   29066,   24630,    9776,   14212,     497,     814,    -322,     -22,    -974,     725,      12,    1631,     134,     809,       0,       0,       0,    2270,    1336,   -1773,    -839,  100.0,   35.1,    4.4,    0.3,    8.0,   22.3,    1.3,   22.4,   33.0,    2.1,    5.6,    0.0,    0.0,   74.8,   63.4,   25.2,   36.6,     43,      4,      4,.,.,      6,.,     12,     13,      4,.,      0,      0,     25,     27,    40.5,    27.0,    54.0,    41.7,    40.4,    27.0,    53.9,    41.5,"(CONTRACTS OF CHF 125,000)",092741,CME ,092 ,F10,FutOnly
SWISS FRANC - CHICAGO MERCANTILE EXCHANGE,230131,2023-01-31,092741,CME ,00,092 ,   38345,   12802,    2012,     124,    4075,    7931,     506,    7084,   12698,      23,    2182,       0,       0,   26796,   23294,   11549,   15051,    2977,     -53,     652,     123,     415,    -139,     393,    2086,     490,       4,       0,       0,       0,    2968,    1523,       9,    1454,  100.0,   33.4,    5.2,    0.3,   10.6,   20.7,    1.3,   18.5,   33.1,    0.1,    5.7,    0.0,    0.0,   69.9,   60.7,   30.1,   39.3,     41,      4,      4,.,      4,      5,.,     10,     13,.,.,      0,      0,     24,     25,    41.2,    28.0,    55.1,    41.4,    41.1,    28.0,    54.9,    41.4,"(CONTRACTS OF CHF 125,000)",092741,CME ,092 ,F10,FutOnly
SWISS FRANC - CHICAGO MERCANTILE EXCHANGE,230124,2023-01-24,092741,CME ,00,092 ,   35368,   12855,    1360,       1,    3660,    8070,     113,    4998,   12208,      19,    2182,       0,       0,   23828,   21771,   11540,   13597,    1068,    -170,     573,     -10,    1388,      42,      10,    -261,    1701,       0,       0,       0,       0,     957,    2316,     111,   -1248,  100.0,   36.3,    3.8,    0.0,   10.3,   22.8,    0.3,   14.1,   34.5,    0.1,    6.2,    0.0,    0.0,   67.4,   61.6,   32.6,   38.4,     36,      5,.,.,      4,      5,.,      7,     12,.,.,      0,      0,     19,     20,    43.6,    30.6,    57.5,    44.4,    43.6,    30.6,    57.5,    44.4,"(CONTRACTS OF CHF 125,000)",092741,CME ,092 ,F10,FutOnly
SWISS FRANC - CHICAGO MERCANTILE EXCHANGE,230117,2023-01-17,092741,CME ,00,092 ,   34300,   13025,     787,      11,    2272,    8028,     103,    5259,   10507,      19,    2182,       0,       0,   22871,   19455,   11429,   14845,    1034,     887,    -764,      10,     550,    -398,    -215,     758,     937,      -3,     160,       0,       0,    2147,    -433,   -1113,    1467,  100.0,   38.0,    2.3,    0.0,    6.6,   23.4,    0.3,   15.3,   30.6,    0.1,    6.4,    0.0,    0.0,   66.7,   56.7,   33.3,   43.3,     33,      5,.,.,      4,      5,.,      7,     10,.,.,      0,      0,     19,     18,    43.6,    29.0,    57.1,    43.4,    43.6,    29.0,    57.1,    43.4,"(CONTRACTS OF CHF 125,000)",092741,CME ,092 ,F10,FutOnly
SWISS FRANC - CHICAGO MERCANTILE EXCHANGE,230110,2023-01-10,092741,CME ,00,092 ,   33266,   12138,    1551,       1,    1722,    8426,     318,    4501,    9570,      22,    2022,       0,       0,   20724,   19888,   12542,   13378,      16,    -343,     539,     -11,     -58,   -1891,    -167,   -2902,    2067,       0,    1277,       0,       0,   -2204,     537,    2220,    -521,  100.0,   36.5,    4.7,    0.0,    5.2,   25.3,    1.0,   13.5,   28.8,    0.1,    6.1,    0.0,    0.0,   62.3,   59.8,   37.7,   40.2,     32,      4,.,.,      4,      6,.,      6,      9,.,.,      0,      0,     18,     19,    42.2,    27.5,    54.1,    40.9,    42.2,    27.5,    54.1,    40.9,"(CONTRACTS OF CHF 125,000)",092741,CME ,092 ,F10,FutOnly
SWISS FRANC - CHICAGO MERCANTILE EXCHANGE,230103,2023-01-03,092741,CME ,00,092 ,   33250,   12481,    1012,      12,    1780,   10317,     485,    7403,    7503,      22,     745,       0,       0,   22928,   19351,   10322,   13899,    3399,    1564,     -45,       0,    -479,     814,      -2,    3464,     984,       3,     745,       0,       0,    5295,    1754,   -1896,    1645,  100.0,   37.5,    3.0,    0.0,    5.4,   31.0,    1.5,   22.3,   22.6,    0.1,    2.2,    0.0,    0.0,   69.0,   58.2,   31.0,   41.8,     36,      5,.,.,      4,      8,.,      8,      9,.,.,      0,      0,     20,     22,    41.4,    27.4,    54.4,    42.6,    41.4,    27.4,    54.3,    42.6,"(CONTRACTS OF CHF 125,000)",092741,CME ,092 ,F10,FutOnly
BRITISH POUND - CHICAGO MERCANTILE EXCHANGE,231226,2023-12-26,096742,CME ,00,096 ,  175138,   22668,   15442,    6649,   45356,   87258,    3956,   53880,   25137,   10804,       0,    1877,       0,  143313,  151123,   31825,   24015,   -2860,    4993,     -28,     163,   -5574,   -5242,     -55,   -4382,     117,     386,    -486,       0,       0,   -4955,   -4659,    2095,    1799,  100.0,   12.9,    8.8,    3.8,   25.9,   49.8,    2.3,   30.8,   14.4,    6.2,    0.0,    1.1,    0.0,   81.8,   86.3,   18.2,   13.7,    102,      6,      7,.,     15,     27,     11,     25,     19,     11,      0,.,      0,     59,     68,    25.8,    28.7,    40.3,    45.3,    22.2,    27.9,    36.4,    42.2,"(CONTRACTS OF GBP 62,500)",096742,CME ,096 ,F10,FutOnly
BRITISH POUND - CHICAGO MERCANTILE EXCHANGE,231219,2023-12-19,096742,CME ,00,096 ,  177998,   17675,   15470,    6486,   50930,   92500,    4011,   58262,   25020,   10418,     486,    1877,       0,  148268,  155782,   29730,   22216,  -65679,  -21506,   -5386,  -22538,   -6004,    1859,   -1832,    4799,   -8394,   -4176,     486,   -1310,       0,  -50771,  -41777,  -14908,  -23902,  100.0,    9.9,    8.7,    3.6,   28.6,   52.0,    2.3,   32.7,   14.1,    5.9,    0.3,    1.1,    0.0,   83.3,   87.5,   16.7,   12.5,    110,.,      6,.,     15,     30,     12,     30,     22,     16,.,.,      0,     62,     78,    25.8,    27.9,    41.3,    45.1,    22.3,    27.8,    37.4,    42.4,"(CONTRACTS OF GBP 62,500)",096742,CME ,096 ,F10,FutOnly
BRITISH POUND - CHICAGO MERCANTILE EXCHANGE,231212,2023-12-12,096742,CME ,00,096 ,  243677,   39181,   20856,   29024,   56934,   90641,    5843,   53463,   33414,   14594,       0,    3187,       0,  199039,  197559,   44638,   46118,   24804,     -62,   -6240,   17758,  -10404,    -206,    1657,    1515,   -3729,   -1677,       0,    -574,       0,    8787,    6989,   16017,   17815,  100.0,   16.1,    8.6,   11.9,   23.4,   37.2,    2.4,   21.9,   13.7,    6.0,    0.0,    1.3,    0.0,   81.7,   81.1,   18.3,   18.9,    114,.,      8,      4,     13,     29,     14,     27,     27,     18,      0,      4,      0,     60,     90,    32.7,    23.5,    49.9,    36.6,    26.0,    19.7,    38.6,    31.1,"(CONTRACTS OF GBP 62,500)",096742,CME ,096 ,F10,FutOnly
BRITISH POUND - CHICAGO MERCANTILE EXCHANGE,231205,2023-12-05,096742,CME ,00,096 ,  218873,   39243,   27096,   11266,   67338,   90847,    4186,   51948,   37143,   16271,       0,    3761,       0,  190252,  190570,   28621,   28303,    1501,  -11534,    4142,    6570,    2222,     406,     433,   -1398,  -13051,    2654,       0,     280,       0,   -1053,    1434,    2554,      67,  100.0,   17.9,   12.4,    5.1,   30.8,   41.5,    1.9,   23.7,   17.0,    7.4,    0.0,    1.7,    0.0,   86.9,   87.1,   13.1,   12.9,    116,.,      9,      6,     15,     29,     12,     26,     27,     15,      0,      5,      0,     65,     84,    31.9,    23.2,    48.7,    36.0,    28.5,    23.1,    44.2,    35.9,"(CONTRACTS OF GBP 62,500)",096742,CME ,096 ,F10,FutOnly
BRITISH POUND - CHICAGO MERCANTILE EXCHANGE,231128,2023-11-28,096742,CME ,00,096 ,  217372,   50777,   22954,    4696,   65116,   90441,    3753,   53346,   50194,   13617,       0,    3481,       0,  191305,  189136,   26067,   28236,    8715,  -21251,    5498,     255,   20594,   -6472,     375,    6776,    9959,    2536,       0,      75,       0,    9285,   12226,    -570,   -3511,  100.0,   23.4,   10.6,    2.2,   30.0,   41.6,    1.7,   24.5,   23.1,    6.3,    0.0,    1.6,    0.0,   88.0,   87.0,   12.0,   13.0,    120,      4,      8,.,     16,     28,     12,     26,     33,     16,      0,      4,      0,     63,     88,    36.5,    21.4,    54.1,    34.0,    33.7,    21.4,    49.7,    34.0,"(CONTRACTS OF GBP 62,500)",096742,CME ,096 ,F10,FutOnly
BRITISH POUND - CHICAGO MERCANTILE EXCHANGE,231121,2023-11-21,096742,CME ,00,096 ,  208657,   72028,   17456,    4441,   44522,   96913,    3378,   46570,   40235,   11081,       0,    3406,       0,  182020,  176910,   26637,   31747,   -7754,   -4494,    4731,     267,    8385,   -5915,    -142,  -13809,   -6405,    2075,    -270,       0,       0,   -7988,   -5389,     234,   -2365,  100.0,   34.5,    8.4,    2.1,   21.3,   46.4,    1.6,   22.3,   19.3,    5.3,    0.0,    1.6,    0.0,   87.2,   84.8,   12.8,   15.2,    115,      4,      9,.,     13,     31,     11,     23,     31,     15,      0,.,      0,     54,     90,    47.9,    21.4,    62.7,    32.4,    44.9,    21.4,    58.6,    32.4,"(CONTRACTS OF GBP 62,500)",096742,CME ,096 ,F10,FutOnly
BRITISH POUND - CHICAGO MERCANTILE EXCHANGE,231114,2023-11-14,096742,CME ,00,096 ,  216411,   76522,   12725,    4174,   36137,  102828,    3520,   60379,   46640,    9006,     270,    3406,       0,  190008,  182299,   26403,   34112,    3681,    6668,    -580,     194,   -1116,    2385,   -1066,   -4966,    3556,    -686,     270,     700,       0,    -702,    4503,    4383,    -822,  100.0,   35.4,    5.9,    1.9,   16.7,   47.5,    1.6,   27.9,   21.6,    4.2,    0.1,    1.6,    0.0,   87.8,   84.2,   12.2,   15.8,    118,      4,      8,.,      9,     35,     11,     26,     31,     12,.,.,      0,     53,     90,    48.0,    21.0,    61.5,    32.4,    45.1,    21.0,    57.7,    32.4,"(CONTRACTS OF GBP 62,500)",096742,CME ,096 ,F10,FutOnly
BRITISH POUND - CHICAGO MERCANTILE EXCHANGE,231107,2023-11-07,096742,CME ,00,096 ,  212730,   69854,   13305,    3980,   37253,  100443,    4586,   65345,   43084,    9692,       0,    2706,       0,  190710,  177796,   22020,   34934,  -17261,   -8475,    -246,     268,   -4993,  -15911,    1329,   -5918,   -1946,     833,       0,    -414,       0,  -16956,  -16087,    -305,   -1174,  100.0,   32.8,    6.3,    1.9,   17.5,   47.2,    2.2,   30.7,   20.3,    4.6,    0.0,    1.3,    0.0,   89.6,   83.6,   10.4,   16.4,    122,      4,      8,      4,     11,     35,     11,     30,     30,     19,      0,.,      0,     60,     96,    45.8,    21.2,    60.8,    32.0,    43.0,    21.2,    57.0,    31.9,"(CONTRACTS OF GBP 62,500)",096742,CME ,096 ,F10,FutOnly
BRITISH POUND - CHICAGO MERCANTILE EXCHANGE,231031,2023-10-31,096742,CME ,00,096 ,  229991,   78329,   13551,    3712,   42246,  116354,    3257,   71263,   45030,    8859,       0,    3120,       0,  207666,  193883,   22325,   36108,   -3268,    5651,   -2505,    -605,   -3228,    -677,    -173,   -1011,    -488,     313,       0,       0,       0,     947,   -4135,   -4215,     867,  100.0,   34.1,    5.9,    1.6,   18.4,   50.6,    1.4,   31.0,   19.6,    3.9,    0.0,    1.4,    0.0,   90.3,   84.3,    9.7,   15.7,    120,      7,      5,.,     10,     38,     13,     28,     28,     16,      0,.,      0,     60,     91,    43.5,    20.3,    60.0,    31.6,    41.0,    20.3,    56.6,    31.4,"(CONTRACTS OF GBP 62,500)",096742,CME ,096 ,F10,FutOnly
BRITISH POUND - CHICAGO MERCANTILE EXCHANGE,231024,2023-10-24,096742,CME ,00,096 ,  233259,   72678,   16056,    4317,   45474,  117031,    3430,   72274,   45518,    8546,       0,    3120,       0,  206719,  198018,   26540,   35241,   10314,    9185,   -3411,    -298,    3072,    8061,    -137,   -2991,    4677,    1091,       0,       0,       0,    9922,    9983,     392,     331,  100.0,   31.2,    6.9,    1.9,   19.5,   50.2,    1.5,   31.0,   19.5,    3.7,    0.0,    1.3,    0.0,   88.6,   84.9,   11.4,   15.1,    121,      7,      5,.,     14,     36,     12,     27,     28,     16,      0,.,      0,     62,     89,    41.0,    20.5,    58.5,    32.3,    38.8,    20.5,    54.9,    32.2,"(CONTRACTS OF GBP 62,500)",096742,CME ,096 ,F10,FutOnly
BRITISH POUND - CHICAGO MERCANTILE EXCHANGE,231017,2023-10-17,096742,CME ,00,096 ,  222945,   63493,   19467,    4615,   42402,  108970,    3567,   75265,   40841,    7455,       0,    3120,       0,  196797,  188035,   26148,   34910,   -8565,   -1034,   -3916,     -27,   -3974,    -624,     515,   -5122,   -2993,    -407,       0,       0,       0,  -10049,   -7452,    1484,   -1113,  100.0,   28.5,    8.7,    2.1,   19.0,   48.9,    1.6,   33.8,   18.3,    3.3,    0.0,    1.4,    0.0,   88.3,   84.3,   11.7,   15.7,    117,      5,      6,.,     12,     36,     12,     30,     24,     15,      0,.,      0,     62,     84,    40.8,    22.8,    59.1,    35.3,    38.5,    22.8,    55.4,    35.3,"(CONTRACTS OF GBP 62,500)",096742,CME ,096 ,F10,FutOnly
BRITISH POUND - CHICAGO MERCANTILE EXCHANGE,231010,2023-10-10,096742,CME ,00,096 ,  231510,   64527,   23383,    4642,   46376,  109594,    3052,   80387,   43834,    7862,       0,    3120,       0,  206846,  195487,   24664,   36023,   -9535,   -3783,     536,      78,    5208,  -12136,    -172,  -10099,    2918,    -753,       0,    -486,       0,   -9521,  -10015,     -14,     480,  100.0,   27.9,   10.1,    2.0,   20.0,   47.3,    1.3,   34.7,   18.9,    3.4,    0.0,    1.3,    0.0,   89.3,   84.4,   10.7,   15.6,    123,      6,      7,.,     16,     34,     10,     30,     26,     16,      0,.,      0,     66,     86,    40.0,    23.0,    56.6,    35.1,    37.1,    23.0,    52.8,    35.0,"(CONTRACTS OF GBP 62,500)",096742,CME ,096 ,F10,FutOnly
BRITISH POUND - CHICAGO MERCANTILE EXCHANGE,231003,2023-10-03,096742,CME ,00,096 ,  241045,   68310,   22847,    4564,   41168,  121730,    3224,   90486,   40916,    8615,       0,    3606,       0,  216367,  205502,   24678,   35543,   13202,   23348,   -4117,       4,   -2779,   16016,    -579,   -4887,    -376,    -202,       0,     276,       0,   14905,   11022,   -1703,    2180,  100.0,   28.3,    9.5,    1.9,   17.1,   50.5,    1.3,   37.5,   17.0,    3.6,    0.0,    1.5,    0.0,   89.8,   85.3,   10.2,   14.7,    127,      8,      6,      4,     12,     38,     11,     33,     25,     21,      0,      4,      0,     69,     94,    37.9,    22.2,    54.2,    33.6,    35.1,    22.1,    50.4,    33.6,"(CONTRACTS OF GBP 62,500)",096742,CME ,096 ,F10,FutOnly
BRITISH POUND - CHICAGO MERCANTILE EXCHANGE,230926,2023-09-26,096742,CME ,00,096 ,  227843,   44962,   26964,    4560,   43947,  105714,    3803,   95373,   41292,    8817,       0,    3330,       0,  201462,  194480,   26381,   33363,   36726,   37796,   -8325,    3577,  -12706,   31387,    -698,   10580,    6229,    -694,       0,     499,       0,   37855,   31975,   -1129,    4751,  100.0,   19.7,   11.8,    2.0,   19.3,   46.4,    1.7,   41.9,   18.1,    3.9,    0.0,    1.5,    0.0,   88.4,   85.4,   11.6,   14.6,    127,      8,      6,.,     14,     37,     11,     34,     24,     20,      0,      4,      0,     66,     94,    29.6,    24.4,    46.7,    36.3,    26.4,    24.4,    42.4,    36.3,"(CONTRACTS OF GBP 62,500)",096742,CME ,096 ,F10,FutOnly
BRITISH POUND - CHICAGO MERCANTILE EXCHANGE,230919,2023-09-19,096742,CME ,00,096 ,  191117,    7166,   35289,     983,   56653,   74327,    4501,   84793,   35063,    9511,       0,    2831,       0,  163607,  162505,   27510,   28612,  -36320,    3370,  -18644,   -9255,  -23415,    1843,    -619,    6364,   -2476,   -8142,       0,    -500,       0,  -31697,  -37793,   -4623,    1473,  100.0,    3.7,   18.5,    0.5,   29.6,   38.9,    2.4,   44.4,   18.3,    5.0,    0.0,    1.5,    0.0,   85.6,   85.0,   14.4,   15.0,    124,      5,      8,      4,     18,     31,     14,     37,     21,     17,      0,.,      0,     72,     87,    23.0,    27.6,    39.5,    40.3,    20.0,    27.5,    35.9,    40.3,"(CONTRACTS OF GBP 62,500)",096742,CME ,096 ,F10,FutOnly
BRITISH POUND - CHICAGO MERCANTILE EXCHANGE,230912,2023-09-12,096742,CME ,00,096 ,  227437,    3796,   53933,   10238,   80068,   72484,    5120,   78429,   37539,   17653,       0,    3331,       0,  195304,  200298,   32133,   27139,    2033,    -896,   -8214,    5946,   -3001,    2530,   -2222,    2594,    4352,    1882,       0,    1452,    -536,    3767,    5190,   -1734,   -3157,  100.0,    1.7,   23.7,    4.5,   35.2,   31.9,    2.3,   34.5,   16.5,    7.8,    0.0,    1.5,    0.0,   85.9,   88.1,   14.1,   11.9,    124,      5,     10,      7,     20,     26,     18,     33,     24,     21,      0,      4,      0,     77,     93,    26.4,    29.7,    43.2,    41.1,    24.8,    27.9,    40.0,    38.5,"(CONTRACTS OF GBP 62,500)",096742,CME ,096 ,F10,FutOnly
BRITISH POUND - CHICAGO MERCANTILE EXCHANGE,230905,2023-09-05,096742,CME ,00,096 ,  225404,    4692,   62147,    4292,   83069,   69954,    7342,   75835,   33187,   15771,       0,    1879,     536,  191537,  195108,   33867,   30296,   -3212,     943,   -8660,    1271,   -1635,    4927,    -198,   -3747,   -5865,    -868,       0,     522,       0,   -4234,   -8871,    1022,    5659,  100.0,    2.1,   27.6,    1.9,   36.9,   31.0,    3.3,   33.6,   14.7,    7.0,    0.0,    0.8,    0.2,   85.0,   86.6,   15.0,   13.4,    118,      4,     12,      6,     21,     26,     17,     31,     19,     15,      0,.,.,     71,     86,    27.4,    30.5,    44.4,    41.7,    25.5,    29.7,    41.0,    40.7,"(CONTRACTS OF GBP 62,500)",096742,CME ,096 ,F10,FutOnly
BRITISH POUND - CHICAGO MERCANTILE EXCHANGE,230829,2023-08-29,096742,CME ,00,096 ,  228616,    3749,   70807,    3021,   84704,   65027,    7540,   79582,   39052,   16639,       0,    1357,     536,  195771,  203979,   32845,   24637,     437,    3749,   -8795,     171,   -7500,    5973,     -11,    3988,    5716,     636,    -434,    -500,       0,     599,    3190,    -162,   -2753,  100.0,    1.6,   31.0,    1.3,   37.1,   28.4,    3.3,   34.8,   17.1,    7.3,    0.0,    0.6,    0.2,   85.6,   89.2,   14.4,   10.8,    127,.,     12,      5,     23,     26,     17,     30,     29,     20,      0,.,.,     79,     91,    27.4,    30.5,    44.9,    42.4,    25.5,    30.4,    41.6,    41.2,"(CONTRACTS OF GBP 62,500)",096742,CME ,096 ,F10,FutOnly
BRITISH POUND - CHICAGO MERCANTILE EXCHANGE,230822,2023-08-22,096742,CME ,00,096 ,  228179,       0,   79602,    2850,   92204,   59054,    7551,   75594,   33336,   16003,     434,    1857,     536,  195172,  200789,   33007,   27390,   12839,    -487,    8781,     -20,   11821,    -434,    -146,     481,     340,    1903,     434,     -21,     536,   14522,   10939,   -1683,    1900,  100.0,    0.0,   34.9,    1.2,   40.4,   25.9,    3.3,   33.1,   14.6,    7.0,    0.2,    0.8,    0.2,   85.5,   88.0,   14.5,   12.0,    120,      0,     12,.,     25,     25,     17,     32,     20,     17,.,.,.,     75,     83,    28.9,    29.3,    45.2,    41.5,    27.3,    29.2,    41.9,    41.0,"(CONTRACTS OF GBP 62,500)",096742,CME ,096 ,F10,FutOnly
BRITISH POUND - CHICAGO MERCANTILE EXCHANGE,230815,2023-08-15,096742,CME ,00,096 ,  215340,     487,   70821,    2870,   80383,   59488,    7697,   75113,   32996,   14100,       0,    1878,       0,  180650,  189850,   34690,   25490,    8386,   -6262,    2926,     957,    5835,     933,    -227,    8906,    2961,   -1008,       0,       0,       0,    8201,    6542,     185,    1844,  100.0,    0.2,   32.9,    1.3,   37.3,   27.6,    3.6,   34.9,   15.3,    6.5,    0.0,    0.9,    0.0,   83.9,   88.2,   16.1,   11.8,    117,.,     12,.,     23,     26,     17,     31,     21,     19,      0,.,      0,     72,     84,    28.4,    30.3,    44.7,    43.1,    26.2,    30.3,    41.2,    42.2,"(CONTRACTS OF GBP 62,500)",096742,CME ,096 ,F10,FutOnly
BRITISH POUND - CHICAGO MERCANTILE EXCHANGE,230808,2023-08-08,096742,CME ,00,096 ,  206954,    6749,   67895,    1913,   74548,   58555,    7924,   66207,   30035,   15108,       0,    1878,       0,  172449,  183308,   34505,   23646,  -13952,    4507,   -5799,   -1051,  -12652,   -4365,    3318,   -2958,   -5531,     126,       0,   -1706,       0,   -8710,  -15008,   -5242,    1056,  100.0,    3.3,   32.8,    0.9,   36.0,   28.3,    3.8,   32.0,   14.5,    7.3,    0.0,    0.9,    0.0,   83.3,   88.6,   16.7,   11.4,    113,.,     11,.,     21,     26,     16,     28,     20,     15,      0,.,      0,     66,     81,    29.6,    30.7,    46.8,    43.2,    27.8,    30.6,    43.3,    42.8,"(CONTRACTS OF GBP 62,500)",096742,CME ,096 ,F10,FutOnly
BRITISH POUND - CHICAGO MERCANTILE EXCHANGE,230801,2023-08-01,096742,CME ,00,096 ,  220906,    2242,   73694,    2964,   87200,   62920,    4606,   69165,   35566,   14982,       0,    3584,       0,  181159,  198316,   39747,   22590,  -16434,    2242,   -9074,       0,   -9287,    1102,    -206,   -5928,   -6351,   -1240,       0,     518,       0,  -14419,  -15251,   -2015,   -1183,  100.0,    1.0,   33.4,    1.3,   39.5,   28.5,    2.1,   31.3,   16.1,    6.8,    0.0,    1.6,    0.0,   82.0,   89.8,   18.0,   10.2,    120,.,     10,.,     24,     27,     12,     28,     23,     12,      0,      4,      0,     67,     80,    30.7,    29.4,    47.5,    42.1,    29.0,    29.3,    44.2,    41.7,"(CONTRACTS OF GBP 62,500)",096742,CME ,096 ,F10,FutOnly
BRITISH POUND - CHICAGO MERCANTILE EXCHANGE,230725,2023-07-25,096742,CME ,00,096 ,  237340,       0,   82768,    2964,   96487,   61818,    4812,   75093,   41917,   16222,       0,    3066,       0,  195578,  213567,   41762,   23773,  -28426,   -1484,   -7593,    -317,  -13660,    -582,   -2129,  -12744,  -19829,     536,    -628,    -400,       0,  -30426,  -30314,    2000,    1888,  100.0,    0.0,   34.9,    1.2,   40.7,   26.0,    2.0,   31.6,   17.7,    6.8,    0.0,    1.3,    0.0,   82.4,   90.0,   17.6,   10.0,    123,      0,     12,.,     22,     26,     11,     33,     25,     13,      0,.,      0,     69,     81,    30.6,    28.5,    47.0,    41.2,    29.1,    28.4,    43.9,    40.8,"(CONTRACTS OF GBP 62,500)",096742,CME ,096 ,F10,FutOnly
BRITISH POUND - CHICAGO MERCANTILE EXCHANGE,230718,2023-07-18,096742,CME ,00,096 ,  265766,    1484,   90361,    3281,  110147,   62400,    6941,   87837,   61746,   15686,     628,    3466,       0,  226004,  243881,   39762,   21885,   26641,     -57,   17570,     505,   13542,   -1065,     388,   16906,   15905,   -3648,    -932,     288,       0,   26704,   29943,     -63,   -3302,  100.0,    0.6,   34.0,    1.2,   41.4,   23.5,    2.6,   33.1,   23.2,    5.9,    0.2,    1.3,    0.0,   85.0,   91.8,   15.0,    8.2,    142,.,     13,      4,     25,     29,     14,     38,     30,     12,.,      4,      0,     83,     89,    31.5,    26.9,    47.6,    39.1,    30.1,    26.6,    44.8,    37.8,"(CONTRACTS OF GBP 62,500)",096742,CME ,096 ,F10,FutOnly
BRITISH POUND - CHICAGO MERCANTILE EXCHANGE,230711,2023-07-11,096742,CME ,00,096 ,  239125,    1541,   72791,    2776,   96605,   63465,    6553,   70931,   45841,   19334,    1560,    3178,       0,  199300,  213938,   39825,   25187,   18104,   -1777,   12397,      59,   12496,   -6292,     862,    1939,    8409,     807,     600,     -17,       0,   14986,   16225,    3118,    1879,  100.0,    0.6,   30.4,    1.2,   40.4,   26.5,    2.7,   29.7,   19.2,    8.1,    0.7,    1.3,    0.0,   83.3,   89.5,   16.7,   10.5,    138,.,     12,.,     25,     30,     14,     33,     32,     15,.,.,      0,     79,     90,    32.2,    24.9,    47.9,    37.1,    30.7,    24.9,    44.7,    36.3,"(CONTRACTS OF GBP 62,500)",096742,CME ,096 ,F10,FutOnly
BRITISH POUND - CHICAGO MERCANTILE EXCHANGE,230703,2023-07-03,096742,CME ,00,096 ,  221021,    3318,   60394,    2717,   84109,   69757,    5691,   68992,   37432,   18527,     960,    3195,       0,  184314,  197713,   36707,   23308,   -8949,     704,   -8725,      61,    -980,    5330,    -542,   -7421,   -6180,    1124,    -470,       0,       0,   -7524,   -8932,   -1425,     -17,  100.0,    1.5,   27.3,    1.2,   38.1,   31.6,    2.6,   31.2,   16.9,    8.4,    0.4,    1.4,    0.0,   83.4,   89.5,   16.6,   10.5,    131,.,     11,.,     22,     28,     12,     36,     26,     19,.,      4,      0,     79,     86,    31.6,    26.9,    47.3,    39.6,    29.9,    26.9,    43.7,    39.1,"(CONTRACTS OF GBP 62,500)",096742,CME ,096 ,F10,FutOnly
BRITISH POUND - CHICAGO MERCANTILE EXCHANGE,230627,2023-06-27,096742,CME ,00,096 ,  229970,    2614,   69119,    2656,   85089,   64427,    6233,   76413,   43612,   17403,    1430,    3195,       0,  191838,  206645,   38132,   23325,    3465,     132,    6372,     226,    4504,   -3737,      26,    -619,    3694,   -1999,    -100,       0,       0,    2170,    4582,    1295,   -1117,  100.0,    1.1,   30.1,    1.2,   37.0,   28.0,    2.7,   33.2,   19.0,    7.6,    0.6,    1.4,    0.0,   83.4,   89.9,   16.6,   10.1,    136,.,     12,.,     22,     26,     11,     41,     25,     14,.,      4,      0,     82,     81,    29.8,    26.3,    45.1,    38.2,    28.2,    26.3,    41.6,    37.6,"(CONTRACTS OF GBP 62,500)",096742,CME ,096 ,F10,FutOnly
BRITISH POUND - CHICAGO MERCANTILE EXCHANGE,230620,2023-06-20,096742,CME ,00,096 ,  226505,    2482,   62747,    2430,   80585,   68164,    6207,   77032,   39918,   19402,    1530,    3195,       0,  189668,  202063,   36837,   24442,  -63845,  -54706,   -6924,  -25219,   13276,    2792,     483,   15569,  -21377,   -6575,     143,     321,       0,  -57029,  -56499,   -6816,   -7346,  100.0,    1.1,   27.7,    1.1,   35.6,   30.1,    2.7,   34.0,   17.6,    8.6,    0.7,    1.4,    0.0,   83.7,   89.2,   16.3,   10.8,    134,      4,      9,.,     24,     25,     10,     38,     27,     16,.,      4,      0,     82,     80,    28.5,    26.9,    44.1,    39.5,    26.9,    26.9,    40.7,    38.8,"(CONTRACTS OF GBP 62,500)",096742,CME ,096 ,F10,FutOnly
BRITISH POUND - CHICAGO MERCANTILE EXCHANGE,230613,2023-06-13,096742,CME ,00,096 ,  290350,   57188,   69671,   27649,   67309,   65372,    5724,   61463,   61295,   25977,    1387,    2874,       0,  246697,  258562,   43653,   31788,   48233,     730,    2311,   22197,    5405,   -2084,     812,    2886,   19507,    1750,       0,    -488,       0,   33780,   44005,   14453,    4228,  100.0,   19.7,   24.0,    9.5,   23.2,   22.5,    2.0,   21.2,   21.1,    8.9,    0.5,    1.0,    0.0,   85.0,   89.1,   15.0,   10.9,    129,      5,      9,      8,     20,     28,     13,     32,     28,     21,.,      4,      0,     83,     88,    40.4,    24.5,    53.6,    37.4,    33.3,    22.3,    44.6,    33.2,"(CONTRACTS OF GBP 62,500)",096742,CME ,096 ,F10,FutOnly
BRITISH POUND - CHICAGO MERCANTILE EXCHANGE,230606,2023-06-06,096742,CME ,00,096 ,  242117,   56458,   67360,    5452,   61904,   67456,    4912,   58577,   41788,   24227,    1387,    3362,       0,  212917,  214557,   29200,   27560,    1816,    -646,    -833,    3634,    1878,    7449,    -499,   -3927,   -9678,    1789,       0,      34,       0,    2229,    1896,    -413,     -80,  100.0,   23.3,   27.8,    2.3,   25.6,   27.9,    2.0,   24.2,   17.3,   10.0,    0.6,    1.4,    0.0,   87.9,   88.6,   12.1,   11.4,    125,      5,     10,.,     19,     26,     11,     30,     27,     24,.,      5,      0,     76,     87,    42.0,    25.4,    56.6,    38.4,    40.2,    24.7,    51.7,    36.6,"(CONTRACTS OF GBP 62,500)",096742,CME ,096 ,F10,FutOnly
BRITISH POUND - CHICAGO MERCANTILE EXCHANGE,230530,2023-05-30,096742,CME ,00,096 ,  240301,   57104,   68193,    1818,   60026,   60007,    5411,   62504,   51466,   22438,    1387,    3328,       0,  210688,  212661,   29613,   27640,    2687,     345,    1842,      -4,   -7627,   -2522,     281,    8626,   -1586,    2550,       0,     496,       0,    4171,    1057,   -1484,    1630,  100.0,   23.8,   28.4,    0.8,   25.0,   25.0,    2.3,   26.0,   21.4,    9.3,    0.6,    1.4,    0.0,   87.7,   88.5,   12.3,   11.5,    122,      5,      9,.,     16,     29,     12,     26,     29,     20,.,      5,      0,     71,     85,    43.0,    25.1,    56.2,    39.1,    40.3,    24.3,    51.9,    37.9,"(CONTRACTS OF GBP 62,500)",096742,CME ,096 ,F10,FutOnly
BRITISH POUND - CHICAGO MERCANTILE EXCHANGE,230523,2023-05-23,096742,CME ,00,096 ,  237614,   56759,   66351,    1822,   67653,   62529,    5130,   53878,   53052,   19888,    1387,    2832,       0,  206517,  211604,   31097,   26010,   -9551,    1044,    2241,    -553,   -8495,   -5703,     519,   -2733,   -5877,     443,       0,    -894,       0,   -9775,   -9824,     224,     273,  100.0,   23.9,   27.9,    0.8,   28.5,   26.3,    2.2,   22.7,   22.3,    8.4,    0.6,    1.2,    0.0,   86.9,   89.1,   13.1,   10.9,    124,      5,      9,.,     16,     28,     14,     27,     31,     19,.,      4,      0,     69,     90,    43.7,    25.3,    57.5,    38.5,    41.0,    24.6,    53.5,    36.8,"(CONTRACTS OF GBP 62,500)",096742,CME ,096 ,F10,FutOnly
BRITISH POUND - CHICAGO MERCANTILE EXCHANGE,230516,2023-05-16,096742,CME ,00,096 ,  247165,   55715,   64110,    2375,   76148,   68232,    4611,   56611,   58929,   19445,    1387,    3726,       0,  216292,  221428,   30873,   25737,    4589,    -120,    4234,    -441,    -357,     676,     112,    3914,   -2207,    1665,       0,   -1130,       0,    4773,    2909,    -184,    1680,  100.0,   22.5,   25.9,    1.0,   30.8,   27.6,    1.9,   22.9,   23.8,    7.9,    0.6,    1.5,    0.0,   87.5,   89.6,   12.5,   10.4,    129,      5,      9,.,     16,     28,     12,     27,     35,     18,.,      5,      0,     71,     91,    41.5,    24.3,    56.1,    37.0,    39.0,    23.6,    52.9,    35.2,"(CONTRACTS OF GBP 62,500)",096742,CME ,096 ,F10,FutOnly
BRITISH POUND - CHICAGO MERCANTILE EXCHANGE,230509,2023-05-09,096742,CME ,00,096 ,  242576,   55835,   59876,    2816,   76505,   67556,    4499,   52697,   61136,   17780,    1387,    4856,       0,  211519,  218519,   31057,   24057,   10974,   -2297,    2683,    -152,   11745,   -4560,     122,    -807,   12304,     476,      -6,    1456,       0,    9081,   12329,    1893,   -1355,  100.0,   23.0,   24.7,    1.2,   31.5,   27.8,    1.9,   21.7,   25.2,    7.3,    0.6,    2.0,    0.0,   87.2,   90.1,   12.8,    9.9,    129,      5,      9,.,     17,     29,     11,     27,     31,     17,.,      7,      0,     72,     88,    41.9,    23.5,    57.0,    35.8,    39.3,    22.7,    53.5,    34.2,"(CONTRACTS OF GBP 62,500)",096742,CME ,096 ,F10,FutOnly
BRITISH POUND - CHICAGO MERCANTILE EXCHANGE,230502,2023-05-02,096742,CME ,00,096 ,  231602,   58132,   57193,    2968,   64760,   72116,    4377,   53504,   48832,   17304,    1393,    3400,       0,  202438,  206190,   29164,   25412,     -64,    2214,   -6280,      48,    4557,    6806,   -1155,   -3659,    1632,      97,       6,      21,       0,    2108,    1169,   -2172,   -1233,  100.0,   25.1,   24.7,    1.3,   28.0,   31.1,    1.9,   23.1,   21.1,    7.5,    0.6,    1.5,    0.0,   87.4,   89.0,   12.6,   11.0,    124,      6,      9,.,     19,     29,      9,     25,     28,     17,.,      4,      0,     69,     83,    43.2,    24.8,    55.8,    37.9,    40.5,    24.0,    51.8,    36.8,"(CONTRACTS OF GBP 62,500)",096742,CME ,096 ,F10,FutOnly
BRITISH POUND - CHICAGO MERCANTILE EXCHANGE,230425,2023-04-25,096742,CME ,00,096 ,  231666,   55918,   63473,    2920,   60203,   65310,    5532,   57163,   47200,   17207,    1387,    3379,       0,  200330,  205021,   31336,   26645,    7130,     638,    -892,      21,    -449,    3890,     903,    4945,    -465,     481,       0,     599,       0,    6539,    4537,     591,    2593,  100.0,   24.1,   27.4,    1.3,   26.0,   28.2,    2.4,   24.7,   20.4,    7.4,    0.6,    1.5,    0.0,   86.5,   88.5,   13.5,   11.5,    119,      5,      8,.,     20,     23,     10,     31,     24,     17,.,      4,      0,     71,     77,    42.1,    27.2,    54.8,    39.6,    39.3,    26.5,    50.6,    38.1,"(CONTRACTS OF GBP 62,500)",096742,CME ,096 ,F10,FutOnly
BRITISH POUND - CHICAGO MERCANTILE EXCHANGE,230418,2023-04-18,096742,CME ,00,096 ,  224536,   55280,   64365,    2899,   60652,   61420,    4629,   52218,   47665,   16726,    1387,    2780,       0,  193791,  200484,   30745,   24052,    -756,    -775,    4454,     -46,    4148,    1912,    -394,   -1843,   -5852,   -1370,       0,     -30,       0,    -280,   -1326,    -476,     570,  100.0,   24.6,   28.7,    1.3,   27.0,   27.4,    2.1,   23.3,   21.2,    7.4,    0.6,    1.2,    0.0,   86.3,   89.3,   13.7,   10.7,    120,      4,      8,.,     21,     23,     10,     28,     28,     16,.,      4,      0,     70,     78,    42.9,    28.1,    55.8,    41.6,    40.0,    27.4,    51.5,    39.3,"(CONTRACTS OF GBP 62,500)",096742,CME ,096 ,F10,FutOnly
BRITISH POUND - CHICAGO MERCANTILE EXCHANGE,230411,2023-04-11,096742,CME ,00,096 ,  225292,   56055,   59911,    2945,   56504,   59508,    5023,   54061,   53517,   18096,    1387,    2810,       0,  194071,  201810,   31221,   23482,     602,   -5877,    2185,     -30,    7409,     409,    -319,    -616,     489,      61,       0,    -340,       0,     628,    2455,     -26,   -1853,  100.0,   24.9,   26.6,    1.3,   25.1,   26.4,    2.2,   24.0,   23.8,    8.0,    0.6,    1.2,    0.0,   86.1,   89.6,   13.9,   10.4,    127,      5,      8,.,     21,     27,     12,     30,     29,     17,.,      4,      0,     75,     83,    42.6,    26.4,    54.8,    39.4,    39.1,    25.7,    49.5,    37.3,"(CONTRACTS OF GBP 62,500)",096742,CME ,096 ,F10,FutOnly
BRITISH POUND - CHICAGO MERCANTILE EXCHANGE,230404,2023-04-04,096742,CME ,00,096 ,  224690,   61932,   57726,    2975,   49095,   59099,    5342,   54677,   53028,   18035,    1387,    3150,       0,  193443,  199355,   31247,   25335,   24822,   -2740,   16707,       3,   10188,   -9052,     176,   10138,   14809,    2074,       0,    -473,       0,   19839,   24244,    4983,     578,  100.0,   27.6,   25.7,    1.3,   21.9,   26.3,    2.4,   24.3,   23.6,    8.0,    0.6,    1.4,    0.0,   86.1,   88.7,   13.9,   11.3,    124,      7,      7,.,     19,     27,     11,     27,     30,     17,.,      5,      0,     73,     81,    42.7,    26.6,    54.1,    39.5,    39.2,    26.4,    49.2,    37.2,"(CONTRACTS OF GBP 62,500)",096742,CME ,096 ,F10,FutOnly
BRITISH POUND - CHICAGO MERCANTILE EXCHANGE,230328,2023-03-28,096742,CME ,00,096 ,  199868,   64672,   41019,    2972,   38907,   68151,    5166,   44539,   38219,   15961,    1387,    3623,       0,  173604,  175111,   26264,   24757,    9072,   -1259,   12210,     855,    6556,   -3539,    -118,    -150,    2298,     300,       0,     693,       0,    6184,   12699,    2888,   -3627,  100.0,   32.4,   20.5,    1.5,   19.5,   34.1,    2.6,   22.3,   19.1,    8.0,    0.7,    1.8,    0.0,   86.9,   87.6,   13.1,   12.4,    114,      7,      7,.,     16,     29,     12,     21,     25,     14,.,      6,      0,     61,     82,    47.6,    24.0,    60.1,    36.5,    44.0,    24.0,    54.3,    35.4,"(CONTRACTS OF GBP 62,500)",096742,CME ,096 ,F10,FutOnly
BRITISH POUND - CHICAGO MERCANTILE EXCHANGE,230321,2023-03-21,096742,CME ,00,096 ,  190796,   65931,   28809,    2117,   32351,   71690,    5284,   44689,   35921,   15661,    1387,    2930,       0,  167420,  162412,   23376,   28384,   -2581,   -2722,    4058,    1458,    1058,   -7370,     148,   -4038,     990,     674,       0,       0,       0,   -3422,     -42,     841,   -2539,  100.0,   34.6,   15.1,    1.1,   17.0,   37.6,    2.8,   23.4,   18.8,    8.2,    0.7,    1.5,    0.0,   87.7,   85.1,   12.3,   14.9,    114,      9,      5,.,     14,     31,     13,     21,     27,     11,.,      4,      0,     58,     83,    49.9,    22.5,    62.8,    35.0,    46.7,    22.5,    57.3,    33.5,"(CONTRACTS OF GBP 62,500)",096742,CME ,096 ,F10,FutOnly
BRITISH POUND - CHICAGO MERCANTILE EXCHANGE,230314,2023-03-14,096742,CME ,00,096 ,  193377,   68653,   24751,     659,   31293,   79060,    5136,   48727,   34931,   14987,    1387,    2930,       0,  170842,  162454,   22535,   30923,  -29181,   -3622,   -4242,   -2618,      59,   -3981,     499,  -28511,  -15728,    4927,       0,       0,       0,  -29266,  -21143,      85,   -8038,  100.0,   35.5,   12.8,    0.3,   16.2,   40.9,    2.7,   25.2,   18.1,    7.8,    0.7,    1.5,    0.0,   88.3,   84.0,   11.7,   16.0,    109,      8,      4,.,     13,     31,     14,     23,     23,     11,.,      4,      0,     58,     78,    49.9,    22.4,    62.5,    34.9,    46.8,    22.4,    57.6,    33.7,"(CONTRACTS OF GBP 62,500)",096742,CME ,096 ,F10,FutOnly
BRITISH POUND - CHICAGO MERCANTILE EXCHANGE,230307,2023-03-07,096742,CME ,00,096 ,  222558,   72275,   28993,    3277,   31234,   83041,    4637,   77238,   50659,   10060,    1387,    2930,       0,  200108,  183597,   22450,   38961,   10494,   -2219,     184,    2796,     178,   -2724,     374,    6702,    3945,    1353,       0,    -538,       0,    9184,    5390,    1310,    5104,  100.0,   32.5,   13.0,    1.5,   14.0,   37.3,    2.1,   34.7,   22.8,    4.5,    0.6,    1.3,    0.0,   89.9,   82.5,   10.1,   17.5,    130,      8,      8,      6,     15,     34,     13,     27,     32,     15,.,      4,      0,     66,     98,    45.2,    18.2,    59.1,    30.2,    42.5,    18.1,    56.4,    29.8,"(CONTRACTS OF GBP 62,500)",096742,CME ,096 ,F10,FutOnly
BRITISH POUND - CHICAGO MERCANTILE EXCHANGE,230228,2023-02-28,096742,CME ,00,096 ,  212064,   74494,   28809,     481,   31056,   85765,    4263,   70536,   46714,    8707,    1387,    3468,       0,  190924,  178207,   21140,   33857,   -1438,    -170,    -909,     -24,    1015,     859,    -438,   -2344,    2059,    -386,       0,       0,       0,   -2347,    1161,     909,   -2599,  100.0,   35.1,   13.6,    0.2,   14.6,   40.4,    2.0,   33.3,   22.0,    4.1,    0.7,    1.6,    0.0,   90.0,   84.0,   10.0,   16.0,    126,      8,      6,.,     12,     37,     12,     29,     29,     15,.,.,      0,     65,     91,    47.9,    18.6,    61.8,    30.3,    45.1,    18.6,    58.9,    30.0,"(CONTRACTS OF GBP 62,500)",096742,CME ,096 ,F10,FutOnly
BRITISH POUND - CHICAGO MERCANTILE EXCHANGE,230221,2023-02-21,096742,CME ,00,096 ,  213502,   74664,   29718,     505,   30041,   84906,    4701,   72880,   44655,    9093,    1387,    3468,       0,  193271,  177046,   20231,   36456,    8186,    5910,   -2347,      72,    -116,    5406,    -308,    1838,    2568,    1527,       0,       0,       0,    8923,    6918,    -737,    1268,  100.0,   35.0,   13.9,    0.2,   14.1,   39.8,    2.2,   34.1,   20.9,    4.3,    0.6,    1.6,    0.0,   90.5,   82.9,    9.5,   17.1,    124,      8,      5,.,     10,     40,     13,     29,     27,     17,.,.,      0,     63,     94,    47.1,    19.0,    61.0,    30.4,    44.2,    19.0,    58.1,    30.2,"(CONTRACTS OF GBP 62,500)",096742,CME ,096 ,F10,FutOnly
BRITISH POUND - CHICAGO MERCANTILE EXCHANGE,230214,2023-02-14,096742,CME ,00,096 ,  205316,   68754,   32065,     433,   30157,   79500,    5009,   71042,   42087,    7566,    1387,    3468,       0,  184348,  170128,   20968,   35188,    1596,    5580,   -1058,       0,   -1836,    8058,     174,   -3202,   -3453,     126,       0,       0,       0,     842,    3847,     754,   -2251,  100.0,   33.5,   15.6,    0.2,   14.7,   38.7,    2.4,   34.6,   20.5,    3.7,    0.7,    1.7,    0.0,   89.8,   82.9,   10.2,   17.1,    126,      8,      5,.,     11,     37,     15,     31,     28,     14,.,.,      0,     67,     91,    48.1,    20.9,    60.6,    32.6,    45.1,    20.8,    57.6,    32.2,"(CONTRACTS OF GBP 62,500)",096742,CME ,096 ,F10,FutOnly
BRITISH POUND - CHICAGO MERCANTILE EXCHANGE,230207,2023-02-07,096742,CME ,00,096 ,  203720,   63174,   33123,     433,   31993,   71442,    4835,   74244,   45540,    7440,    1387,    3468,       0,  183506,  166281,   20214,   37439,    7607,    7039,    1088,     115,  -10894,    5348,     174,   18417,    1679,   -3426,     427,       0,       0,   11852,    4978,   -4245,    2629,  100.0,   31.0,   16.3,    0.2,   15.7,   35.1,    2.4,   36.4,   22.4,    3.7,    0.7,    1.7,    0.0,   90.1,   81.6,    9.9,   18.4,    127,      8,      5,.,     12,     35,     15,     30,     32,     16,.,.,      0,     68,     93,    48.2,    21.6,    58.9,    32.4,    45.2,    21.6,    55.7,    31.9,"(CONTRACTS OF GBP 62,500)",096742,CME ,096 ,F10,FutOnly
BRITISH POUND - CHICAGO MERCANTILE EXCHANGE,230131,2023-01-31,096742,CME ,00,096 ,  196113,   56135,   32035,     318,   42887,   66094,    4661,   55827,   43861,   10866,     960,    3468,       0,  171654,  161303,   24459,   34810,    2062,    1573,    -733,      53,    -258,    1215,     399,    2528,   -4255,    -383,       0,     985,       0,    3912,   -2719,   -1850,    4781,  100.0,   28.6,   16.3,    0.2,   21.9,   33.7,    2.4,   28.5,   22.4,    5.5,    0.5,    1.8,    0.0,   87.5,   82.3,   12.5,   17.7,    116,      8,      5,.,     15,     28,     15,     27,     28,     11,.,.,      0,     64,     81,    49.9,    21.3,    61.0,    32.7,    46.8,    21.3,    57.7,    32.0,"(CONTRACTS OF GBP 62,500)",096742,CME ,096 ,F10,FutOnly
BRITISH POUND - CHICAGO MERCANTILE EXCHANGE,230124,2023-01-24,096742,CME ,00,096 ,  194051,   54562,   32768,     265,   43145,   64879,    4262,   53299,   48116,   11249,     960,    2483,       0,  167742,  164022,   26309,   30029,   -7905,   -1788,     516,      42,    -229,   -4830,    -263,   -8150,   -2834,     225,       0,       0,       0,  -10163,   -7144,    2258,    -761,  100.0,   28.1,   16.9,    0.1,   22.2,   33.4,    2.2,   27.5,   24.8,    5.8,    0.5,    1.3,    0.0,   86.4,   84.5,   13.6,   15.5,    119,      8,      5,.,     15,     29,     14,     22,     34,     15,.,.,      0,     62,     89,    50.3,    21.8,    62.3,    33.6,    47.2,    21.7,    59.0,    33.1,"(CONTRACTS OF GBP 62,500)",096742,CME ,096 ,F10,FutOnly
BRITISH POUND - CHICAGO MERCANTILE EXCHANGE,230117,2023-01-17,096742,CME ,00,096 ,  201956,   56350,   32252,     223,   43374,   69709,    4525,   61449,   50950,   11024,     960,    2483,       0,  177905,  171166,   24051,   30790,    -757,    5425,   -2186,    -254,  -11385,    1527,     127,    3759,   -2901,    1512,    -432,       0,      -1,   -1249,   -2176,     492,    1419,  100.0,   27.9,   16.0,    0.1,   21.5,   34.5,    2.2,   30.4,   25.2,    5.5,    0.5,    1.2,    0.0,   88.1,   84.8,   11.9,   15.2,    122,      7,      5,.,     14,     31,     13,     28,     31,     15,.,.,      0,     64,     89,    48.1,    20.8,    59.0,    31.5,    45.2,    20.7,    55.8,    30.9,"(CONTRACTS OF GBP 62,500)",096742,CME ,096 ,F10,FutOnly
BRITISH POUND - CHICAGO MERCANTILE EXCHANGE,230110,2023-01-10,096742,CME ,00,096 ,  202713,   50925,   34438,     477,   54759,   68182,    4398,   57690,   53851,    9512,    1392,    2483,       1,  179154,  173342,   23559,   29371,   -3009,   -2692,     564,     141,    6151,    4790,    -865,   -8924,   -6358,    1356,     432,    -450,       1,   -4400,    -821,    1391,   -2188,  100.0,   25.1,   17.0,    0.2,   27.0,   33.6,    2.2,   28.5,   26.6,    4.7,    0.7,    1.2,    0.0,   88.4,   85.5,   11.6,   14.5,    124,      7,      6,.,     14,     33,     13,     26,     32,     11,.,.,.,     61,     90,    47.6,    21.4,    61.9,    31.9,    44.9,    21.3,    58.7,    31.4,"(CONTRACTS OF GBP 62,500)",096742,CME ,096 ,F10,FutOnly
BRITISH POUND - CHICAGO MERCANTILE EXCHANGE,230103,2023-01-03,096742,CME ,00,096 ,  205722,   53617,   33874,     336,   48608,   63392,    5263,   66614,   60209,    8156,     960,    2933,       0,  183554,  174163,   22168,   31559,   10282,    2798,   -1431,    -910,     942,    3258,   -1407,    8880,    9706,    -610,       0,      70,       0,    9693,    8676,     589,    1606,  100.0,   26.1,   16.5,    0.2,   23.6,   30.8,    2.6,   32.4,   29.3,    4.0,    0.5,    1.4,    0.0,   89.2,   84.7,   10.8,   15.3,    127,      7,      6,.,     15,     31,     12,     25,     37,     11,.,      4,      0,     58,     94,    46.4,    20.0,    59.5,    30.3,    43.8,    19.9,    56.2,    29.7,"(CONTRACTS OF GBP 62,500)",096742,CME ,096 ,F10,FutOnly
JAPANESE YEN - CHICAGO MERCANTILE EXCHANGE,231226,2023-12-26,097741,CME ,00,097 ,  188540,   34305,    6257,    1091,   63596,   47198,    3672,   32553,   90741,    2774,   12072,    1239,       0,  150063,  152972,   38477,   35568,    2600,   -1432,    3316,      28,     323,   -3752,     704,    3621,    3901,    -779,     551,     298,       0,    3016,    3716,    -416,   -1116,  100.0,   18.2,    3.3,    0.6,   33.7,   25.0,    1.9,   17.3,   48.1,    1.5,    6.4,    0.7,    0.0,   79.6,   81.1,   20.4,   18.9,    141,     11,      5,.,     21,     27,     11,     32,     33,      8,     10,.,      0,     85,     78,    29.4,    29.6,    38.7,    40.4,    29.1,    29.6,    38.2,    40.4,"(CONTRACTS OF JPY 12,500,000)",097741,CME ,097 ,F10,FutOnly
JAPANESE YEN - CHICAGO MERCANTILE EXCHANGE,231219,2023-12-19,097741,CME ,00,097 ,  185940,   35737,    2941,    1063,   63273,   50950,    2968,   28932,   86840,    3553,   11521,     941,       0,  147047,  149256,   38893,   36684,  -71641,  -48075,  -26838,   -3019,     364,  -16069,   -7084,    -463,   -4002,  -13627,     174,    -486,       0,  -71730,  -71125,      89,    -516,  100.0,   19.2,    1.6,    0.6,   34.0,   27.4,    1.6,   15.6,   46.7,    1.9,    6.2,    0.5,    0.0,   79.1,   80.3,   20.9,   19.7,    139,     11,      6,.,     21,     26,     12,     29,     35,     10,      9,.,      0,     83,     81,    29.6,    30.1,    38.6,    41.5,    29.3,    30.1,    38.1,    41.5,"(CONTRACTS OF JPY 12,500,000)",097741,CME ,097 ,F10,FutOnly
JAPANESE YEN - CHICAGO MERCANTILE EXCHANGE,231212,2023-12-12,097741,CME ,00,097 ,  257581,   83812,   29779,    4082,   62909,   67019,   10052,   29395,   90842,   17180,   11347,    1427,       0,  218777,  220381,   38804,   37200,   -9901,   -6425,   15649,    2102,   -1730,  -17185,    6200,  -10518,  -13535,    2938,     627,    -109,       0,   -6806,   -3940,   -3095,   -5961,  100.0,   32.5,   11.6,    1.6,   24.4,   26.0,    3.9,   11.4,   35.3,    6.7,    4.4,    0.6,    0.0,   84.9,   85.6,   15.1,   14.4,    146,     13,      5,      6,     21,     29,     12,     25,     39,     14,     11,.,      0,     87,     91,    32.3,    25.7,    44.1,    37.9,    31.9,    25.6,    43.6,    37.7,"(CONTRACTS OF JPY 12,500,000)",097741,CME ,097 ,F10,FutOnly
JAPANESE YEN - CHICAGO MERCANTILE EXCHANGE,231205,2023-12-05,097741,CME ,00,097 ,  267482,   90237,   14130,    1980,   64639,   84204,    3852,   39913,  104377,   14242,   10720,    1536,       0,  225583,  224321,   41899,   43161,    6701,     715,   -3177,     859,   -1713,   -6294,    -621,    4465,    3619,    8049,   -2561,     -49,      -9,    9184,    2377,   -2483,    4324,  100.0,   33.7,    5.3,    0.7,   24.2,   31.5,    1.4,   14.9,   39.0,    5.3,    4.0,    0.6,    0.0,   84.3,   83.9,   15.7,   16.1,    155,     12,      5,      6,     21,     31,     11,     32,     39,     18,     12,.,      0,     94,     96,    31.3,    22.6,    46.0,    37.3,    31.2,    22.6,    45.4,    37.2,"(CONTRACTS OF JPY 12,500,000)",097741,CME ,097 ,F10,FutOnly
JAPANESE YEN - CHICAGO MERCANTILE EXCHANGE,231128,2023-11-28,097741,CME ,00,097 ,  260781,   89522,   17307,    1121,   66352,   90498,    4473,   35448,  100758,    6193,   13281,    1585,       9,  216399,  221944,   44382,   38837,   -4122,   -1919,   -1148,      60,   -2898,    -735,     941,   -3305,    -900,   -1059,     246,     426,       2,   -7932,   -2413,    3810,   -1709,  100.0,   34.3,    6.6,    0.4,   25.4,   34.7,    1.7,   13.6,   38.6,    2.4,    5.1,    0.6,    0.0,   83.0,   85.1,   17.0,   14.9,    153,     13,      6,      4,     21,     32,     11,     29,     34,     17,     14,      4,.,     95,     92,    32.2,    25.1,    47.1,    39.4,    32.2,    25.1,    46.4,    39.4,"(CONTRACTS OF JPY 12,500,000)",097741,CME ,097 ,F10,FutOnly
JAPANESE YEN - CHICAGO MERCANTILE EXCHANGE,231121,2023-11-21,097741,CME ,00,097 ,  264903,   91441,   18455,    1061,   69250,   91233,    3532,   38753,  101658,    7252,   13035,    1159,       7,  224331,  224357,   40572,   40546,   -8860,  -18499,   10648,     206,   -1764,  -21605,     195,   10331,    8807,   -1676,    3849,    -884,       0,   -7358,   -4309,   -1502,   -4551,  100.0,   34.5,    7.0,    0.4,   26.1,   34.4,    1.3,   14.6,   38.4,    2.7,    4.9,    0.4,    0.0,   84.7,   84.7,   15.3,   15.3,    157,     14,      7,      4,     22,     31,     11,     30,     37,     16,     13,.,.,     96,     93,    32.3,    23.6,    46.3,    36.2,    32.2,    23.5,    46.3,    36.1,"(CONTRACTS OF JPY 12,500,000)",097741,CME ,097 ,F10,FutOnly
JAPANESE YEN - CHICAGO MERCANTILE EXCHANGE,231114,2023-11-14,097741,CME ,00,097 ,  273763,  109940,    7807,     855,   71014,  112838,    3337,   28422,   92851,    8928,    9186,    2043,       7,  231689,  228666,   42074,   45097,   14065,   14965,  -12297,       5,     901,   18644,    -387,   -6465,   10697,    1365,     167,   -2582,       0,   10551,   15445,    3514,   -1380,  100.0,   40.2,    2.9,    0.3,   25.9,   41.2,    1.2,   10.4,   33.9,    3.3,    3.4,    0.7,    0.0,   84.6,   83.5,   15.4,   16.5,    153,     15,      6,.,     22,     34,     11,     24,     38,     13,     10,      4,.,     84,     97,    37.0,    24.5,    50.7,    38.5,    36.9,    24.4,    50.6,    38.4,"(CONTRACTS OF JPY 12,500,000)",097741,CME ,097 ,F10,FutOnly
JAPANESE YEN - CHICAGO MERCANTILE EXCHANGE,231107,2023-11-07,097741,CME ,00,097 ,  259698,   94975,   20104,     850,   70113,   94194,    3724,   34887,   82154,    7563,    9019,    4625,       7,  221138,  213221,   38560,   46477,  -17574,    -751,    1504,     292,    3235,  -11272,       7,  -16556,  -10247,   -1548,    1023,    2767,       0,  -14298,  -18497,   -3276,     923,  100.0,   36.6,    7.7,    0.3,   27.0,   36.3,    1.4,   13.4,   31.6,    2.9,    3.5,    1.8,    0.0,   85.2,   82.1,   14.8,   17.9,    150,     15,      4,.,     23,     31,     11,     29,     33,     16,      9,      6,.,     88,     93,    34.5,    25.5,    49.2,    39.9,    34.5,    25.5,    48.1,    39.9,"(CONTRACTS OF JPY 12,500,000)",097741,CME ,097 ,F10,FutOnly
JAPANESE YEN - CHICAGO MERCANTILE EXCHANGE,231031,2023-10-31,097741,CME ,00,097 ,  277272,   95726,   18600,     558,   66878,  105466,    3717,   51443,   92401,    9111,    7996,    1858,       7,  235436,  231718,   41836,   45554,   16363,    2719,    6689,     -20,   -2177,     851,   -1495,   13110,    7144,     342,    -492,     -62,     -25,   11962,   13424,    4401,    2939,  100.0,   34.5,    6.7,    0.2,   24.1,   38.0,    1.3,   18.6,   33.3,    3.3,    2.9,    0.7,    0.0,   84.9,   83.6,   15.1,   16.4,    153,     11,      6,.,     22,     36,     14,     28,     38,     15,      8,      4,.,     84,    101,    31.6,    23.0,    46.0,    36.7,    31.5,    23.0,    45.0,    36.6,"(CONTRACTS OF JPY 12,500,000)",097741,CME ,097 ,F10,FutOnly
JAPANESE YEN - CHICAGO MERCANTILE EXCHANGE,231024,2023-10-24,097741,CME ,00,097 ,  260909,   93007,   11911,     578,   69055,  104615,    5212,   38333,   85257,    8769,    8488,    1920,      32,  223474,  218294,   37435,   42615,   -6612,   -2726,    1321,      90,     -48,   -5064,    1381,   -7470,    -879,     895,     257,    -844,       0,   -7621,   -3100,    1009,   -3512,  100.0,   35.6,    4.6,    0.2,   26.5,   40.1,    2.0,   14.7,   32.7,    3.4,    3.3,    0.7,    0.0,   85.7,   83.7,   14.3,   16.3,    151,     14,      5,      4,     23,     32,     16,     24,     39,     13,     10,      4,.,     86,     99,    34.0,    26.2,    48.7,    39.4,    33.8,    26.2,    47.6,    39.3,"(CONTRACTS OF JPY 12,500,000)",097741,CME ,097 ,F10,FutOnly
JAPANESE YEN - CHICAGO MERCANTILE EXCHANGE,231017,2023-10-17,097741,CME ,00,097 ,  267521,   95733,   10590,     488,   69103,  109679,    3831,   45803,   86136,    7874,    8231,    2764,      32,  231095,  221394,   36426,   46127,    7584,   11061,   -6855,    -122,   -2561,   11578,    1556,   -1564,   -1881,     196,     162,    1231,       0,    8728,    5703,   -1144,    1881,  100.0,   35.8,    4.0,    0.2,   25.8,   41.0,    1.4,   17.1,   32.2,    2.9,    3.1,    1.0,    0.0,   86.4,   82.8,   13.6,   17.2,    153,     13,      5,.,     23,     33,     14,     29,     36,     14,      9,      5,.,     85,    100,    33.2,    26.3,    48.2,    38.8,    33.2,    26.3,    46.8,    38.7,"(CONTRACTS OF JPY 12,500,000)",097741,CME ,097 ,F10,FutOnly
JAPANESE YEN - CHICAGO MERCANTILE EXCHANGE,231010,2023-10-10,097741,CME ,00,097 ,  259937,   84672,   17445,     610,   71664,   98101,    2275,   47367,   88017,    7678,    8069,    1533,      32,  222367,  215691,   37570,   44246,  -22745,   -4691,    6675,    -119,   -1710,  -14460,   -1167,  -14071,  -15291,    -422,    -423,    -614,      32,  -22571,  -25366,    -174,    2621,  100.0,   32.6,    6.7,    0.2,   27.6,   37.7,    0.9,   18.2,   33.9,    3.0,    3.1,    0.6,    0.0,   85.5,   83.0,   14.5,   17.0,    145,     12,      4,.,     23,     30,     12,     23,     39,     13,      9,      5,.,     80,     94,    32.6,    24.5,    49.0,    36.8,    31.9,    24.4,    48.1,    36.7,"(CONTRACTS OF JPY 12,500,000)",097741,CME ,097 ,F10,FutOnly
JAPANESE YEN - CHICAGO MERCANTILE EXCHANGE,231003,2023-10-03,097741,CME ,00,097 ,  282682,   89363,   10770,     729,   73374,  112561,    3442,   61438,  103308,    8100,    8492,    2147,       0,  244938,  241057,   37744,   41625,   -3292,  -11437,    3415,      47,     500,  -13316,    -506,    6029,   12867,    -838,     308,    -732,       0,   -5897,     937,    2605,   -4229,  100.0,   31.6,    3.8,    0.3,   26.0,   39.8,    1.2,   21.7,   36.5,    2.9,    3.0,    0.8,    0.0,   86.6,   85.3,   13.4,   14.7,    155,     13,      5,.,     23,     32,     14,     27,     41,     15,     10,      4,      0,     85,    102,    30.4,    25.6,    46.4,    37.3,    30.2,    25.3,    45.5,    36.8,"(CONTRACTS OF JPY 12,500,000)",097741,CME ,097 ,F10,FutOnly
JAPANESE YEN - CHICAGO MERCANTILE EXCHANGE,230926,2023-09-26,097741,CME ,00,097 ,  285974,  100800,    7355,     682,   72874,  125877,    3948,   55409,   90441,    8938,    8184,    2879,       0,  250835,  240120,   35139,   45854,   20114,    6773,     896,    -225,    2866,    5562,     299,    5652,    9285,    2478,     -63,   -1404,     -15,   17765,   16876,    2349,    3238,  100.0,   35.2,    2.6,    0.2,   25.5,   44.0,    1.4,   19.4,   31.6,    3.1,    2.9,    1.0,    0.0,   87.7,   84.0,   12.3,   16.0,    147,     13,.,.,     23,     32,     13,     28,     35,     14,      9,      4,      0,     81,     95,    31.2,    27.0,    46.9,    40.9,    31.2,    26.8,    46.1,    40.6,"(CONTRACTS OF JPY 12,500,000)",097741,CME ,097 ,F10,FutOnly
JAPANESE YEN - CHICAGO MERCANTILE EXCHANGE,230919,2023-09-19,097741,CME ,00,097 ,  265860,   94027,    6459,     907,   70008,  120315,    3649,   49757,   81156,    6460,    8247,    4283,      15,  233070,  223244,   32790,   42616,   -4994,   -5036,   -9297,   -3753,    3226,    7516,     247,   14222,   10177,   -7787,   -2860,    -739,       0,   -1741,   -3636,   -3253,   -1358,  100.0,   35.4,    2.4,    0.3,   26.3,   45.3,    1.4,   18.7,   30.5,    2.4,    3.1,    1.6,    0.0,   87.7,   84.0,   12.3,   16.0,    145,     11,.,.,     23,     31,     15,     28,     35,     14,      9,      5,.,     81,     96,    32.6,    27.4,    48.0,    42.5,    32.5,    27.2,    47.7,    42.1,"(CONTRACTS OF JPY 12,500,000)",097741,CME ,097 ,F10,FutOnly
JAPANESE YEN - CHICAGO MERCANTILE EXCHANGE,230912,2023-09-12,097741,CME ,00,097 ,  270854,   99063,   15756,    4660,   66782,  112799,    3402,   35535,   70979,   14247,   11107,    5022,      15,  234811,  226880,   36043,   43974,    2510,   -3727,      19,     721,     606,    3890,   -1153,   -1074,   -6993,    5431,     593,     282,       0,    1397,    2197,    1113,     313,  100.0,   36.6,    5.8,    1.7,   24.7,   41.6,    1.3,   13.1,   26.2,    5.3,    4.1,    1.9,    0.0,   86.7,   83.8,   13.3,   16.2,    146,     13,      6,      6,     21,     29,     15,     26,     36,     15,     11,      4,.,     87,     96,    36.2,    26.8,    49.1,    39.9,    36.2,    26.6,    48.3,    39.8,"(CONTRACTS OF JPY 12,500,000)",097741,CME ,097 ,F10,FutOnly
JAPANESE YEN - CHICAGO MERCANTILE EXCHANGE,230905,2023-09-05,097741,CME ,00,097 ,  268344,  102790,   15737,    3939,   66176,  108909,    4555,   36609,   77972,    8816,   10514,    4740,      15,  233414,  224683,   34930,   43661,   22892,    9773,   -4815,    2758,     867,    7280,    -226,    7547,   11031,    1950,    1136,    1691,       0,   23805,   19669,    -913,    3223,  100.0,   38.3,    5.9,    1.5,   24.7,   40.6,    1.7,   13.6,   29.1,    3.3,    3.9,    1.8,    0.0,   87.0,   83.7,   13.0,   16.3,    149,     12,      6,.,     23,     29,     14,     24,     39,     15,     11,      5,.,     83,     99,    38.6,    25.0,    50.0,    38.6,    37.2,    24.8,    48.3,    38.4,"(CONTRACTS OF JPY 12,500,000)",097741,CME ,097 ,F10,FutOnly
JAPANESE YEN - CHICAGO MERCANTILE EXCHANGE,230829,2023-08-29,097741,CME ,00,097 ,  245452,   93017,   20552,    1181,   65309,  101629,    4781,   29062,   66941,    6866,    9378,    3049,      15,  209609,  205014,   35843,   40438,   -1471,   -5186,    5626,     -36,    5024,   -1906,     359,   -4700,   -2922,    1360,     357,    -597,       0,   -2822,    1884,    1351,   -3355,  100.0,   37.9,    8.4,    0.5,   26.6,   41.4,    1.9,   11.8,   27.3,    2.8,    3.8,    1.2,    0.0,   85.4,   83.5,   14.6,   16.5,    140,     10,      7,.,     22,     28,     15,     23,     35,     14,     11,      4,.,     80,     93,    39.5,    26.2,    52.6,    40.3,    39.1,    26.0,    51.2,    40.1,"(CONTRACTS OF JPY 12,500,000)",097741,CME ,097 ,F10,FutOnly
JAPANESE YEN - CHICAGO MERCANTILE EXCHANGE,230822,2023-08-22,097741,CME ,00,097 ,  246923,   98203,   14926,    1217,   60285,  103535,    4422,   33762,   69863,    5506,    9021,    3646,      15,  212431,  203130,   34492,   43793,   -1031,   -1868,   -6478,     167,    2063,    4548,    -173,   -1116,    1140,    -426,      22,     126,       0,   -1331,   -1096,     300,      65,  100.0,   39.8,    6.0,    0.5,   24.4,   41.9,    1.8,   13.7,   28.3,    2.2,    3.7,    1.5,    0.0,   86.0,   82.3,   14.0,   17.7,    132,     11,      5,      4,     22,     28,     15,     20,     33,     15,     10,.,.,     75,     92,    40.2,    26.3,    52.3,    40.0,    39.9,    26.1,    51.2,    39.7,"(CONTRACTS OF JPY 12,500,000)",097741,CME ,097 ,F10,FutOnly
JAPANESE YEN - CHICAGO MERCANTILE EXCHANGE,230815,2023-08-15,097741,CME ,00,097 ,  247954,  100071,   21404,    1050,   58222,   98987,    4595,   34878,   68723,    5932,    8999,    3520,      15,  213762,  204226,   34192,   43728,   18105,    8124,   -6429,    -121,   -2881,   16242,     628,   10065,    3581,    -131,    1640,     -41,       0,   17324,   13729,     781,    4376,  100.0,   40.4,    8.6,    0.4,   23.5,   39.9,    1.9,   14.1,   27.7,    2.4,    3.6,    1.4,    0.0,   86.2,   82.4,   13.8,   17.6,    141,     11,      6,.,     23,     28,     14,     25,     35,     14,     10,.,.,     79,     94,    40.5,    24.9,    50.2,    39.6,    40.4,    24.7,    49.8,    39.4,"(CONTRACTS OF JPY 12,500,000)",097741,CME ,097 ,F10,FutOnly
JAPANESE YEN - CHICAGO MERCANTILE EXCHANGE,230808,2023-08-08,097741,CME ,00,097 ,  229849,   91947,   27833,    1171,   61103,   82745,    3967,   24813,   65142,    6063,    7359,    3561,      15,  196438,  190497,   33411,   39352,     834,    2300,   -4214,     570,    -927,    4449,      21,   -2498,   -2349,    1316,     825,     -55,       0,    1607,    -262,    -773,    1096,  100.0,   40.0,   12.1,    0.5,   26.6,   36.0,    1.7,   10.8,   28.3,    2.6,    3.2,    1.5,    0.0,   85.5,   82.9,   14.5,   17.1,    132,     10,      7,      5,     23,     27,     13,     20,     35,     15,      7,.,.,     75,     91,    43.7,    26.3,    53.9,    38.7,    43.6,    26.1,    53.7,    38.5,"(CONTRACTS OF JPY 12,500,000)",097741,CME ,097 ,F10,FutOnly
JAPANESE YEN - CHICAGO MERCANTILE EXCHANGE,230801,2023-08-01,097741,CME ,00,097 ,  229015,   89647,   32047,     601,   62030,   78296,    3946,   27311,   67491,    4747,    6534,    3616,      15,  194831,  190759,   34184,   38256,    5255,     683,    3319,      11,     125,    -597,    -230,   -3146,     403,    2296,    1372,     640,       0,    1111,    5842,    4144,    -587,  100.0,   39.1,   14.0,    0.3,   27.1,   34.2,    1.7,   11.9,   29.5,    2.1,    2.9,    1.6,    0.0,   85.1,   83.3,   14.9,   16.7,    137,      9,      9,.,     22,     26,     12,     23,     39,     15,      6,.,.,     76,     92,    43.1,    26.0,    54.9,    37.7,    43.1,    25.8,    54.8,    37.5,"(CONTRACTS OF JPY 12,500,000)",097741,CME ,097 ,F10,FutOnly
JAPANESE YEN - CHICAGO MERCANTILE EXCHANGE,230725,2023-07-25,097741,CME ,00,097 ,  223760,   88964,   28728,     590,   61905,   78893,    4176,   30457,   67088,    2451,    5162,    2976,      15,  193720,  184917,   30040,   38843,   -7172,   -2331,    1076,     -76,   -9809,    5500,      30,    2735,  -15388,    -405,     792,    -648,       0,   -9064,   -9911,    1892,    2739,  100.0,   39.8,   12.8,    0.3,   27.7,   35.3,    1.9,   13.6,   30.0,    1.1,    2.3,    1.3,    0.0,   86.6,   82.6,   13.4,   17.4,    124,     11,      7,.,     21,     26,     12,     19,     34,     10,      4,.,.,     66,     83,    43.4,    29.8,    55.3,    42.0,    43.4,    29.5,    55.3,    41.8,"(CONTRACTS OF JPY 12,500,000)",097741,CME ,097 ,F10,FutOnly
JAPANESE YEN - CHICAGO MERCANTILE EXCHANGE,230718,2023-07-18,097741,CME ,00,097 ,  230932,   91295,   27652,     666,   71714,   73393,    4146,   27722,   82476,    2856,    4370,    3624,      15,  202784,  194828,   28148,   36104,  -21417,  -14769,   19949,      -8,   -2125,  -30258,    -375,     596,   -2900,   -1500,   -2096,   -1246,       0,  -20277,  -16338,   -1140,   -5079,  100.0,   39.5,   12.0,    0.3,   31.1,   31.8,    1.8,   12.0,   35.7,    1.2,    1.9,    1.6,    0.0,   87.8,   84.4,   12.2,   15.6,    131,     12,      7,      4,     25,     23,     14,     21,     37,     13,.,.,.,     77,     86,    41.8,    27.5,    54.7,    40.0,    41.8,    27.5,    54.6,    39.8,"(CONTRACTS OF JPY 12,500,000)",097741,CME ,097 ,F10,FutOnly
JAPANESE YEN - CHICAGO MERCANTILE EXCHANGE,230711,2023-07-11,097741,CME ,00,097 ,  252349,  106064,    7703,     674,   73839,  103651,    4521,   27126,   85376,    4356,    6466,    4870,      15,  223061,  211166,   29288,   41183,  -12717,     567,     746,     219,    1413,  -13016,     210,  -13686,   -4567,      -9,    -270,    1056,       0,  -11556,  -15361,   -1161,    2644,  100.0,   42.0,    3.1,    0.3,   29.3,   41.1,    1.8,   10.7,   33.8,    1.7,    2.6,    1.9,    0.0,   88.4,   83.7,   11.6,   16.3,    145,     14,      6,.,     22,     30,     14,     19,     42,     12,      7,      5,.,     76,     99,    40.2,    27.1,    54.1,    40.9,    40.1,    26.8,    54.0,    40.5,"(CONTRACTS OF JPY 12,500,000)",097741,CME ,097 ,F10,FutOnly
JAPANESE YEN - CHICAGO MERCANTILE EXCHANGE,230703,2023-07-03,097741,CME ,00,097 ,  265066,  105497,    6957,     455,   72426,  116667,    4311,   40812,   89943,    4365,    6736,    3814,      15,  234617,  226527,   30449,   38539,   13542,    3274,    -325,     132,    2841,    7639,    -121,    5705,    6815,     264,     246,    -657,       0,   12341,   13747,    1201,    -205,  100.0,   39.8,    2.6,    0.2,   27.3,   44.0,    1.6,   15.4,   33.9,    1.6,    2.5,    1.4,    0.0,   88.5,   85.5,   11.5,   14.5,    148,     13,      7,      4,     23,     30,     15,     27,     38,     14,      7,.,.,     83,     99,    38.7,    29.8,    52.3,    43.9,    38.7,    29.5,    52.3,    43.4,"(CONTRACTS OF JPY 12,500,000)",097741,CME ,097 ,F10,FutOnly
JAPANESE YEN - CHICAGO MERCANTILE EXCHANGE,230627,2023-06-27,097741,CME ,00,097 ,  251524,  102223,    7282,     323,   69585,  109028,    4432,   35107,   83128,    4101,    6490,    4471,      15,  222276,  212780,   29248,   38744,   12968,    1997,   -2485,      11,    1913,    7901,     488,    6183,    5486,     725,     386,     697,       0,   11703,   12823,    1265,     145,  100.0,   40.6,    2.9,    0.1,   27.7,   43.3,    1.8,   14.0,   33.0,    1.6,    2.6,    1.8,    0.0,   88.4,   84.6,   11.6,   15.4,    144,     12,      7,.,     23,     28,     15,     27,     36,     12,      7,      4,.,     79,     96,    40.7,    29.8,    53.7,    43.3,    40.7,    29.5,    53.6,    42.8,"(CONTRACTS OF JPY 12,500,000)",097741,CME ,097 ,F10,FutOnly
JAPANESE YEN - CHICAGO MERCANTILE EXCHANGE,230620,2023-06-20,097741,CME ,00,097 ,  238556,  100226,    9767,     312,   67672,  101127,    3944,   28924,   77642,    3376,    6104,    3774,      15,  210573,  199957,   27983,   38599,  -14010,    7025,    4566,   -8740,    2010,    4547,     147,   -8606,   -5537,   -1894,    -594,    -152,       0,  -10652,   -7063,   -3358,   -6947,  100.0,   42.0,    4.1,    0.1,   28.4,   42.4,    1.7,   12.1,   32.5,    1.4,    2.6,    1.6,    0.0,   88.3,   83.8,   11.7,   16.2,    137,      9,      8,.,     23,     28,     14,     24,     36,      9,      6,.,.,     70,     94,    42.6,    28.7,    54.8,    43.2,    42.6,    28.5,    54.6,    42.8,"(CONTRACTS OF JPY 12,500,000)",097741,CME ,097 ,F10,FutOnly
JAPANESE YEN - CHICAGO MERCANTILE EXCHANGE,230613,2023-06-13,097741,CME ,00,097 ,  252566,   93201,    5201,    9052,   65662,   96580,    3797,   37530,   83179,    5270,    6698,    3926,      15,  221225,  207020,   31341,   45546,    7234,      12,    -267,    7024,   -1033,   -4138,     320,    1524,   -1219,   -1513,     340,    1181,     -50,    6624,    1338,     610,    5896,  100.0,   36.9,    2.1,    3.6,   26.0,   38.2,    1.5,   14.9,   32.9,    2.1,    2.7,    1.6,    0.0,   87.6,   82.0,   12.4,   18.0,    136,     14,      5,      9,     23,     28,     14,     19,     37,     13,      7,.,.,     75,     98,    29.4,    27.6,    44.5,    40.8,    28.4,    27.3,    43.3,    40.5,"(CONTRACTS OF JPY 12,500,000)",097741,CME ,097 ,F10,FutOnly
JAPANESE YEN - CHICAGO MERCANTILE EXCHANGE,230606,2023-06-06,097741,CME ,00,097 ,  245332,   93189,    5468,    2028,   66695,  100718,    3477,   36006,   84398,    6783,    6358,    2745,      65,  214601,  205682,   30731,   39650,    2095,    7044,    -428,     185,   -4870,    4095,     611,   -3068,   -1054,    -281,    1092,   -1015,     -50,     663,    2063,    1432,      32,  100.0,   38.0,    2.2,    0.8,   27.2,   41.1,    1.4,   14.7,   34.4,    2.8,    2.6,    1.1,    0.0,   87.5,   83.8,   12.5,   16.2,    139,     14,      6,      6,     21,     29,     14,     21,     40,     14,      7,.,.,     76,     98,    31.7,    27.9,    46.3,    42.5,    31.0,    27.9,    45.5,    42.3,"(CONTRACTS OF JPY 12,500,000)",097741,CME ,097 ,F10,FutOnly
JAPANESE YEN - CHICAGO MERCANTILE EXCHANGE,230530,2023-05-30,097741,CME ,00,097 ,  243237,   86145,    5896,    1843,   71565,   96623,    2866,   39074,   85452,    7064,    5266,    3760,     115,  213938,  203619,   29299,   39618,   16837,   13297,    -174,      79,   -7899,    9930,      84,    5306,    3629,    2881,    1355,      73,     115,   15218,   16617,    1619,     220,  100.0,   35.4,    2.4,    0.8,   29.4,   39.7,    1.2,   16.1,   35.1,    2.9,    2.2,    1.5,    0.0,   88.0,   83.7,   12.0,   16.3,    143,     14,      6,      4,     22,     28,     13,     22,     42,     18,      6,.,.,     78,    101,    30.7,    26.5,    46.2,    41.3,    30.1,    26.4,    45.6,    41.0,"(CONTRACTS OF JPY 12,500,000)",097741,CME ,097 ,F10,FutOnly
JAPANESE YEN - CHICAGO MERCANTILE EXCHANGE,230523,2023-05-23,097741,CME ,00,097 ,  226400,   72848,    6070,    1764,   79464,   86693,    2782,   33768,   81823,    4183,    3911,    3687,       0,  198720,  187002,   27680,   39398,   25885,   22611,  -12906,      30,   -8092,   16201,    -503,    8259,   19060,    2520,     -50,       1,       0,   24775,   24403,    1110,    1482,  100.0,   32.2,    2.7,    0.8,   35.1,   38.3,    1.2,   14.9,   36.1,    1.8,    1.7,    1.6,    0.0,   87.8,   82.6,   12.2,   17.4,    143,     13,      7,      4,     21,     26,     13,     20,     49,     14,      4,.,      0,     73,    101,    30.9,    24.6,    47.1,    37.3,    30.3,    24.4,    46.5,    36.9,"(CONTRACTS OF JPY 12,500,000)",097741,CME ,097 ,F10,FutOnly
JAPANESE YEN - CHICAGO MERCANTILE EXCHANGE,230516,2023-05-16,097741,CME ,00,097 ,  200515,   50237,   18976,    1734,   87556,   70492,    3285,   25509,   62763,    1663,    3961,    3686,       0,  173945,  162599,   26570,   37916,    7941,    3479,   -5288,     194,    4189,    7673,    -375,    4362,    6065,   -1024,    -304,      77,       0,   10521,    7322,   -2580,     619,  100.0,   25.1,    9.5,    0.9,   43.7,   35.2,    1.6,   12.7,   31.3,    0.8,    2.0,    1.8,    0.0,   86.7,   81.1,   13.3,   18.9,    126,      9,      9,.,     22,     24,     16,     18,     37,     10,      4,.,      0,     65,     90,    37.8,    26.3,    54.6,    38.5,    37.1,    26.3,    53.8,    38.3,"(CONTRACTS OF JPY 12,500,000)",097741,CME ,097 ,F10,FutOnly
JAPANESE YEN - CHICAGO MERCANTILE EXCHANGE,230509,2023-05-09,097741,CME ,00,097 ,  192574,   46758,   24264,    1540,   83367,   62819,    3660,   21147,   56698,    2687,    4265,    3609,       0,  163424,  155277,   29150,   37297,  -10422,   -6074,    6219,    -332,    4356,   -3508,   -1312,   -5409,  -10024,     -46,    -130,    1106,    -583,   -9530,   -8480,    -892,   -1942,  100.0,   24.3,   12.6,    0.8,   43.3,   32.6,    1.9,   11.0,   29.4,    1.4,    2.2,    1.9,    0.0,   84.9,   80.6,   15.1,   19.4,    121,      9,      8,.,     22,     23,     15,     16,     35,      8,      5,.,      0,     62,     84,    39.1,    29.2,    54.2,    40.2,    38.4,    29.2,    53.2,    40.0,"(CONTRACTS OF JPY 12,500,000)",097741,CME ,097 ,F10,FutOnly
JAPANESE YEN - CHICAGO MERCANTILE EXCHANGE,230502,2023-05-02,097741,CME ,00,097 ,  202996,   52832,   18045,    1872,   79011,   66327,    4972,   26556,   66722,    2733,    4395,    2503,     583,  172954,  163757,   30042,   39239,   18955,    5885,   -4596,      13,    1442,    7643,    1141,   10448,   10179,   -1249,    1011,     244,     580,   19271,   13955,    -316,    5000,  100.0,   26.0,    8.9,    0.9,   38.9,   32.7,    2.4,   13.1,   32.9,    1.3,    2.2,    1.2,    0.3,   85.2,   80.7,   14.8,   19.3,    133,     11,      7,.,     22,     26,     16,     22,     36,      8,      6,.,.,     73,     88,    37.3,    25.1,    51.0,    36.8,    36.6,    25.1,    50.3,    36.8,"(CONTRACTS OF JPY 12,500,000)",097741,CME ,097 ,F10,FutOnly
JAPANESE YEN - CHICAGO MERCANTILE EXCHANGE,230425,2023-04-25,097741,CME ,00,097 ,  184041,   46947,   22641,    1859,   77569,   58684,    3831,   16108,   56543,    3982,    3384,    2259,       3,  153683,  149802,   30358,   34239,    6534,   -2595,   -4292,      -3,    2267,    7827,     786,     855,   -2417,    1959,      15,     319,       0,    3284,    4179,    3250,    2355,  100.0,   25.5,   12.3,    1.0,   42.1,   31.9,    2.1,    8.8,   30.7,    2.2,    1.8,    1.2,    0.0,   83.5,   81.4,   16.5,   18.6,    114,      9,      8,.,     19,     23,     14,     17,     31,     13,      5,.,.,     67,     78,    42.0,    29.9,    54.3,    43.0,    41.2,    29.9,    53.5,    43.0,"(CONTRACTS OF JPY 12,500,000)",097741,CME ,097 ,F10,FutOnly
JAPANESE YEN - CHICAGO MERCANTILE EXCHANGE,230418,2023-04-18,097741,CME ,00,097 ,  177507,   49542,   26933,    1862,   75302,   50857,    3045,   15253,   58960,    2023,    3369,    1940,       3,  150399,  145623,   27108,   31884,     685,    1161,   -1143,     -91,    1172,     573,    -726,    1438,    1571,     150,     875,   -1989,       3,    3982,   -1652,   -3297,    2337,  100.0,   27.9,   15.2,    1.0,   42.4,   28.7,    1.7,    8.6,   33.2,    1.1,    1.9,    1.1,    0.0,   84.7,   82.0,   15.3,   18.0,    117,      9,      8,.,     19,     23,     14,     18,     32,      9,      5,.,.,     64,     80,    43.8,    29.8,    58.3,    43.0,    43.0,    29.8,    57.5,    42.9,"(CONTRACTS OF JPY 12,500,000)",097741,CME ,097 ,F10,FutOnly
JAPANESE YEN - CHICAGO MERCANTILE EXCHANGE,230411,2023-04-11,097741,CME ,00,097 ,  176822,   48381,   28076,    1953,   74130,   50284,    3771,   13815,   57389,    1873,    2494,    3929,       0,  146417,  147275,   30405,   29547,   -2006,    1370,   -2532,     281,     231,   -1010,    -316,   -1238,   -2111,    -310,    -279,    1825,       0,    -261,   -4173,   -1745,    2167,  100.0,   27.4,   15.9,    1.1,   41.9,   28.4,    2.1,    7.8,   32.5,    1.1,    1.4,    2.2,    0.0,   82.8,   83.3,   17.2,   16.7,    111,      9,      8,.,     19,     23,     16,     15,     30,     11,      4,.,      0,     64,     77,    43.8,    30.9,    57.9,    44.2,    42.9,    30.9,    57.0,    44.0,"(CONTRACTS OF JPY 12,500,000)",097741,CME ,097 ,F10,FutOnly
JAPANESE YEN - CHICAGO MERCANTILE EXCHANGE,230404,2023-04-04,097741,CME ,00,097 ,  178828,   47011,   30608,    1672,   73899,   51294,    4087,   15053,   59500,    2183,    2773,    2104,       0,  146678,  151448,   32150,   27380,    9355,     610,   12276,     250,    1417,   -4948,     -23,     365,    2328,    -771,     -50,    1043,       0,    1798,   10155,    7557,    -800,  100.0,   26.3,   17.1,    0.9,   41.3,   28.7,    2.3,    8.4,   33.3,    1.2,    1.6,    1.2,    0.0,   82.0,   84.7,   18.0,   15.3,    118,      9,      9,.,     19,     23,     17,     20,     32,     13,      4,.,      0,     70,     80,    43.7,    30.8,    57.4,    43.7,    42.8,    30.7,    56.5,    43.4,"(CONTRACTS OF JPY 12,500,000)",097741,CME ,097 ,F10,FutOnly
JAPANESE YEN - CHICAGO MERCANTILE EXCHANGE,230328,2023-03-28,097741,CME ,00,097 ,  169473,   46401,   18332,    1422,   72482,   56242,    4110,   14688,   57172,    2954,    2823,    1061,       0,  144880,  141293,   24593,   28180,     285,   -2807,    6664,    -297,    1162,     897,     214,    4066,   -4727,    -145,   -2165,     -26,       0,      28,    2580,     257,   -2295,  100.0,   27.4,   10.8,    0.8,   42.8,   33.2,    2.4,    8.7,   33.7,    1.7,    1.7,    0.6,    0.0,   85.5,   83.4,   14.5,   16.6,    116,      9,      8,.,     20,     24,     17,     16,     33,     11,      4,.,      0,     66,     79,    45.2,    25.8,    59.6,    39.5,    44.3,    25.7,    58.7,    39.1,"(CONTRACTS OF JPY 12,500,000)",097741,CME ,097 ,F10,FutOnly
JAPANESE YEN - CHICAGO MERCANTILE EXCHANGE,230321,2023-03-21,097741,CME ,00,097 ,  169188,   49208,   11668,    1719,   71320,   55345,    3896,   10622,   61899,    3099,    4988,    1087,       0,  144852,  138713,   24336,   30475,  -10594,   -4381,    3707,      33,   -4759,  -12974,     845,   -5684,    1052,     994,    1749,     201,       0,  -11203,   -6142,     609,   -4452,  100.0,   29.1,    6.9,    1.0,   42.2,   32.7,    2.3,    6.3,   36.6,    1.8,    2.9,    0.6,    0.0,   85.6,   82.0,   14.4,   18.0,    115,      9,      9,.,     17,     25,     15,     13,     35,     10,      5,.,      0,     62,     81,    45.9,    26.2,    60.9,    36.9,    45.0,    26.0,    60.0,    36.8,"(CONTRACTS OF JPY 12,500,000)",097741,CME ,097 ,F10,FutOnly
JAPANESE YEN - CHICAGO MERCANTILE EXCHANGE,230314,2023-03-14,097741,CME ,00,097 ,  179782,   53589,    7961,    1686,   76079,   68319,    3051,   16306,   60847,    2105,    3239,     886,       0,  156055,  144855,   23727,   34927,  -31515,   -8479,   -1011,  -12916,   -3220,  -10905,    -642,   -3121,    1963,   -2458,    1130,    -637,       0,  -29706,  -26606,   -1809,   -4909,  100.0,   29.8,    4.4,    0.9,   42.3,   38.0,    1.7,    9.1,   33.8,    1.2,    1.8,    0.5,    0.0,   86.8,   80.6,   13.2,   19.4,    119,     11,      6,.,     19,     27,     16,     15,     33,      7,      5,.,      0,     62,     83,    45.9,    26.6,    61.5,    41.0,    45.1,    26.6,    60.7,    40.5,"(CONTRACTS OF JPY 12,500,000)",097741,CME ,097 ,F10,FutOnly
JAPANESE YEN - CHICAGO MERCANTILE EXCHANGE,230307,2023-03-07,097741,CME ,00,097 ,  211297,   62068,    8972,   14602,   79299,   79224,    3693,   19427,   58884,    4563,    2109,    1523,       0,  185761,  171461,   25536,   39836,   11250,    4048,   -3444,    6575,    6891,   -1374,    -466,   -6538,    7077,    -792,     913,     598,       0,   10631,    8174,     619,    3076,  100.0,   29.4,    4.2,    6.9,   37.5,   37.5,    1.7,    9.2,   27.9,    2.2,    1.0,    0.7,    0.0,   87.9,   81.1,   12.1,   18.9,    124,     12,      6,      9,     18,     28,     15,     13,     38,     16,      5,.,      0,     67,     97,    40.0,    22.8,    57.8,    34.5,    38.6,    22.7,    53.8,    34.2,"(CONTRACTS OF JPY 12,500,000)",097741,CME ,097 ,F10,FutOnly
JAPANESE YEN - CHICAGO MERCANTILE EXCHANGE,230228,2023-02-28,097741,CME ,00,097 ,  200047,   58020,   12416,    8027,   72408,   80598,    4159,   25965,   51807,    5355,    1196,     925,       0,  175130,  163287,   24917,   36760,   13947,   21262,   -4986,   -6643,    1088,   10366,     196,   -4843,   13911,     829,     185,    -582,       0,   12074,   13091,    1873,     856,  100.0,   29.0,    6.2,    4.0,   36.2,   40.3,    2.1,   13.0,   25.9,    2.7,    0.6,    0.5,    0.0,   87.5,   81.6,   12.5,   18.4,    125,     10,     10,      4,     19,     30,     15,     16,     34,     14,.,.,      0,     64,     94,    36.8,    23.3,    54.9,    34.9,    36.8,    23.2,    53.2,    34.2,"(CONTRACTS OF JPY 12,500,000)",097741,CME ,097 ,F10,FutOnly
JAPANESE YEN - CHICAGO MERCANTILE EXCHANGE,230221,2023-02-21,097741,CME ,00,097 ,  186100,   36758,   17402,   14670,   71320,   70232,    3963,   30808,   37896,    4526,    1011,    1507,       0,  163056,  150196,   23044,   35904,   11145,    3550,  -15336,   -1036,    -717,   19384,     107,    9819,    3246,    3080,    -391,      33,       0,   14412,    9478,   -3267,    1667,  100.0,   19.8,    9.4,    7.9,   38.3,   37.7,    2.1,   16.6,   20.4,    2.4,    0.5,    0.8,    0.0,   87.6,   80.7,   12.4,   19.3,    123,      9,     11,      5,     19,     27,     15,     18,     33,     14,.,      4,      0,     66,     91,    38.5,    25.8,    55.0,    37.6,    38.5,    22.1,    50.1,    32.1,"(CONTRACTS OF JPY 12,500,000)",097741,CME ,097 ,F10,FutOnly
JAPANESE YEN - CHICAGO MERCANTILE EXCHANGE,230214,2023-02-14,097741,CME ,00,097 ,  174955,   33208,   32738,   15706,   72037,   50848,    3856,   20989,   34650,    1446,    1402,    1474,       0,  148644,  140718,   26311,   34237,   10886,   -1265,      63,     882,    5700,    3686,     539,    7413,    3348,    -423,    -100,     982,       0,   12746,    9077,   -1860,    1809,  100.0,   19.0,   18.7,    9.0,   41.2,   29.1,    2.2,   12.0,   19.8,    0.8,    0.8,    0.8,    0.0,   85.0,   80.4,   15.0,   19.6,    115,      7,     13,      4,     19,     25,     15,     15,     29,      9,.,      4,      0,     61,     82,    41.0,    27.8,    56.6,    41.1,    41.0,    24.2,    51.3,    34.5,"(CONTRACTS OF JPY 12,500,000)",097741,CME ,097 ,F10,FutOnly
JAPANESE YEN - CHICAGO MERCANTILE EXCHANGE,230207,2023-02-07,097741,CME ,00,097 ,  164069,   34473,   32675,   14824,   66337,   47162,    3317,   13576,   31302,    1869,    1502,     492,       0,  135898,  131641,   28171,   32428,   -4471,    -536,   -7184,    -739,    6450,     820,    -173,   -7395,    -806,     811,      48,    -401,       0,   -1534,   -7672,   -2937,    3201,  100.0,   21.0,   19.9,    9.0,   40.4,   28.7,    2.0,    8.3,   19.1,    1.1,    0.9,    0.3,    0.0,   82.8,   80.2,   17.2,   19.8,    105,      7,     13,.,     19,     22,     14,     12,     27,     11,.,.,      0,     58,     75,    40.6,    30.0,    57.3,    43.9,    40.6,    27.0,    50.6,    37.6,"(CONTRACTS OF JPY 12,500,000)",097741,CME ,097 ,F10,FutOnly
JAPANESE YEN - CHICAGO MERCANTILE EXCHANGE,230131,2023-01-31,097741,CME ,00,097 ,  168540,   35009,   39859,   15563,   59887,   46342,    3490,   20971,   32108,    1058,    1454,     893,       0,  137432,  139313,   31108,   29227,   -4781,     663,    1352,      33,    -558,   -3461,     170,   -4363,   -4160,    -825,       0,    -598,       0,   -4880,   -7489,      99,    2708,  100.0,   20.8,   23.6,    9.2,   35.5,   27.5,    2.1,   12.4,   19.1,    0.6,    0.9,    0.5,    0.0,   81.5,   82.7,   18.5,   17.3,    112,      6,     12,      5,     23,     20,     13,     17,     28,     10,.,.,      0,     64,     76,    40.3,    33.5,    52.2,    47.3,    36.0,    30.4,    46.4,    40.5,"(CONTRACTS OF JPY 12,500,000)",097741,CME ,097 ,F10,FutOnly
JAPANESE YEN - CHICAGO MERCANTILE EXCHANGE,230124,2023-01-24,097741,CME ,00,097 ,  173321,   34346,   38507,   15530,   60445,   49803,    3320,   25334,   36268,    1883,    1454,    1491,       0,  142312,  146802,   31009,   26519,   -3541,   -2657,     342,     254,    4467,   -3967,     221,   -6015,    -565,    -467,     408,       6,       0,   -3789,   -4176,     248,     635,  100.0,   19.8,   22.2,    9.0,   34.9,   28.7,    1.9,   14.6,   20.9,    1.1,    0.8,    0.9,    0.0,   82.1,   84.7,   17.9,   15.3,    117,      6,     12,      4,     22,     20,     12,     17,     34,     11,.,.,      0,     65,     79,    39.3,    34.8,    54.3,    46.8,    37.6,    30.6,    48.7,    40.2,"(CONTRACTS OF JPY 12,500,000)",097741,CME ,097 ,F10,FutOnly
JAPANESE YEN - CHICAGO MERCANTILE EXCHANGE,230117,2023-01-17,097741,CME ,00,097 ,  176862,   37003,   38165,   15276,   55978,   53770,    3099,   31349,   36833,    2350,    1046,    1485,       0,  146101,  150978,   30761,   25884,    1117,   -6001,   10846,    2139,     965,  -12692,     316,    1779,    2183,     431,    -300,      94,       0,    -671,    3317,    1788,   -2200,  100.0,   20.9,   21.6,    8.6,   31.7,   30.4,    1.8,   17.7,   20.8,    1.3,    0.6,    0.8,    0.0,   82.6,   85.4,   17.4,   14.6,    114,      7,     10,      4,     20,     23,     11,     21,     29,     12,.,.,      0,     66,     75,    38.4,    35.0,    53.3,    47.5,    36.6,    31.3,    48.2,    41.2,"(CONTRACTS OF JPY 12,500,000)",097741,CME ,097 ,F10,FutOnly
JAPANESE YEN - CHICAGO MERCANTILE EXCHANGE,230110,2023-01-10,097741,CME ,00,097 ,  175745,   43004,   27319,   13137,   55013,   66462,    2783,   29570,   34650,    1919,    1346,    1391,       0,  146772,  147661,   28973,   28084,    3155,   -2771,   16219,     921,     767,   -3138,    -134,    2639,  -10795,    -873,     900,      47,       0,    1449,    2247,    1706,     908,  100.0,   24.5,   15.5,    7.5,   31.3,   37.8,    1.6,   16.8,   19.7,    1.1,    0.8,    0.8,    0.0,   83.5,   84.0,   16.5,   16.0,    107,      6,     10,.,     18,     22,     12,     20,     25,     12,.,.,      0,     62,     72,    42.2,    36.8,    56.3,    48.6,    39.7,    33.4,    51.0,    42.9,"(CONTRACTS OF JPY 12,500,000)",097741,CME ,097 ,F10,FutOnly
JAPANESE YEN - CHICAGO MERCANTILE EXCHANGE,230103,2023-01-03,097741,CME ,00,097 ,  172590,   45775,   11100,   12216,   54246,   69600,    2917,   26931,   45445,    2792,     446,    1344,       0,  145323,  145414,   27267,   27176,    -546,  -14954,    3689,   11702,     930,   -7469,    -386,   -1879,   -3992,     347,    -586,    -355,       0,   -4826,    3536,    4280,   -4082,  100.0,   26.5,    6.4,    7.1,   31.4,   40.3,    1.7,   15.6,   26.3,    1.6,    0.3,    0.8,    0.0,   84.2,   84.3,   15.8,   15.7,    114,      8,      7,      4,     18,     23,     14,     21,     33,     13,.,.,      0,     65,     80,    42.9,    35.3,    56.2,    46.9,    39.7,    31.9,    51.0,    41.9,"(CONTRACTS OF JPY 12,500,000)",097741,CME ,097 ,F10,FutOnly
EURO FX - CHICAGO MERCANTILE EXCHANGE,231226,2023-12-26,099741,CME ,00,099 ,  705627,   18207,  433849,    2228,  460850,   95150,   25298,   71580,   75813,   11434,   29964,    9584,    3795,  623356,  657151,   82271,   48476,    5383,    -642,    6398,     291,    1659,    -723,   -1024,    3824,     592,    2148,   -1744,    -405,     -48,    4464,    7229,     919,   -1846,  100.0,    2.6,   61.5,    0.3,   65.3,   13.5,    3.6,   10.1,   10.7,    1.6,    4.2,    1.4,    0.5,   88.3,   93.1,   11.7,    6.9,    291,     13,     14,      4,    114,     35,     46,     42,     40,     27,     22,     11,      5,    221,    152,    19.1,    42.0,    29.9,    64.6,    18.2,    42.0,    28.4,    64.4,"(CONTRACTS OF EUR 125,000)",099741,CME ,099 ,F10,FutOnly
EURO FX - CHICAGO MERCANTILE EXCHANGE,231219,2023-12-19,099741,CME ,00,099 ,  700244,   18849,  427451,    1937,  459191,   95873,   26322,   67756,   75221,    9286,   31708,    9989,    3843,  618892,  649922,   81352,   50322,  -91905,   -2251,  -32452,  -26407,   -3071,   -3565,   -4423,  -15418,    8688,  -15427,   -3855,   -1266,   -2155,  -73007,  -77007,  -18898,  -14898,  100.0,    2.7,   61.0,    0.3,   65.6,   13.7,    3.8,    9.7,   10.7,    1.3,    4.5,    1.4,    0.5,   88.4,   92.8,   11.6,    7.2,    285,     13,     13,      4,    113,     34,     49,     39,     39,     22,     24,     10,      5,    213,    152,    19.6,    41.8,    30.4,    64.6,    18.7,    41.8,    29.0,    64.4,"(CONTRACTS OF EUR 125,000)",099741,CME ,099 ,F10,FutOnly
EURO FX - CHICAGO MERCANTILE EXCHANGE,231212,2023-12-12,099741,CME ,00,099 ,  792149,   21100,  459903,   28344,  462262,   99438,   30745,   83174,   66533,   24713,   35563,   11255,    5998,  691899,  726929,  100250,   65220,   35534,    1105,  -19950,   23012,  -16261,    6578,    8393,    6894,    2361,   -4031,     457,    1667,    1644,   21213,   19674,   14321,   15860,  100.0,    2.7,   58.1,    3.6,   58.4,   12.6,    3.9,   10.5,    8.4,    3.1,    4.5,    1.4,    0.8,   87.3,   91.8,   12.7,    8.2,    294,     12,     16,      8,    112,     35,     47,     42,     41,     25,     24,     11,      8,    218,    164,    17.3,    43.6,    28.3,    62.4,    16.3,    43.6,    25.6,    59.8,"(CONTRACTS OF EUR 125,000)",099741,CME ,099 ,F10,FutOnly
EURO FX - CHICAGO MERCANTILE EXCHANGE,231205,2023-12-05,099741,CME ,00,099 ,  756615,   19995,  479853,    5332,  478523,   92860,   22352,   76280,   64172,   28744,   35106,    9588,    4354,  670686,  707255,   85929,   49360,   29477,     637,   20742,     439,   12571,    -935,      67,    3047,    1123,    7373,    1495,     239,     532,   26161,   29580,    3316,    -103,  100.0,    2.6,   63.4,    0.7,   63.2,   12.3,    3.0,   10.1,    8.5,    3.8,    4.6,    1.3,    0.6,   88.6,   93.5,   11.4,    6.5,    302,     13,     16,      6,    114,     33,     46,     43,     47,     29,     25,     10,      7,    227,    163,    18.2,    48.1,    29.2,    65.7,    17.5,    48.1,    28.0,    65.4,"(CONTRACTS OF EUR 125,000)",099741,CME ,099 ,F10,FutOnly
EURO FX - CHICAGO MERCANTILE EXCHANGE,231128,2023-11-28,099741,CME ,00,099 ,  727138,   19358,  459111,    4893,  465952,   93795,   22285,   73233,   63049,   21371,   33611,    9349,    3822,  644525,  677675,   82613,   49463,   14774,      41,   16753,      -5,   12543,   -5632,    -504,    -419,   -2540,    4193,     -11,     559,    -187,   15651,   12637,    -877,    2137,  100.0,    2.7,   63.1,    0.7,   64.1,   12.9,    3.1,   10.1,    8.7,    2.9,    4.6,    1.3,    0.5,   88.6,   93.2,   11.4,    6.8,    301,     12,     17,      5,    116,     32,     49,     44,     46,     26,     23,     11,      5,    226,    160,    18.8,    48.6,    28.8,    66.2,    18.2,    48.3,    27.6,    65.6,"(CONTRACTS OF EUR 125,000)",099741,CME ,099 ,F10,FutOnly
EURO FX - CHICAGO MERCANTILE EXCHANGE,231121,2023-11-21,099741,CME ,00,099 ,  712364,   19317,  442358,    4898,  453409,   99427,   22789,   73652,   65589,   17178,   33622,    8790,    4009,  628874,  665038,   83490,   47326,    9901,    -451,   31073,    -105,   12332,  -13652,    -840,   -3500,   -4438,    3092,    -440,    -958,      37,   10125,   14209,    -224,   -4308,  100.0,    2.7,   62.1,    0.7,   63.6,   14.0,    3.2,   10.3,    9.2,    2.4,    4.7,    1.2,    0.6,   88.3,   93.4,   11.7,    6.6,    302,     12,     17,      5,    113,     33,     46,     51,     42,     29,     23,     10,      6,    232,    156,    18.4,    47.7,    28.6,    65.3,    17.8,    47.4,    27.3,    64.7,"(CONTRACTS OF EUR 125,000)",099741,CME ,099 ,F10,FutOnly
EURO FX - CHICAGO MERCANTILE EXCHANGE,231114,2023-11-14,099741,CME ,00,099 ,  702463,   19768,  411285,    5003,  441077,  113079,   23629,   77152,   70027,   14086,   34062,    9748,    3972,  618749,  650829,   83714,   51634,    4839,     -61,   10664,    -564,   -2115,   -5690,    2354,     -88,   -1843,    2606,    1236,    -538,      51,    3419,    7040,    1420,   -2201,  100.0,    2.8,   58.5,    0.7,   62.8,   16.1,    3.4,   11.0,   10.0,    2.0,    4.8,    1.4,    0.6,   88.1,   92.6,   11.9,    7.4,    295,     12,     16,      6,    110,     38,     45,     43,     42,     26,     23,     11,      5,    218,    159,    18.9,    45.2,    29.5,    62.2,    18.2,    44.9,    28.2,    61.6,"(CONTRACTS OF EUR 125,000)",099741,CME ,099 ,F10,FutOnly
EURO FX - CHICAGO MERCANTILE EXCHANGE,231107,2023-11-07,099741,CME ,00,099 ,  697624,   19829,  400621,    5567,  443192,  118769,   21275,   77240,   71870,   11480,   32826,   10286,    3921,  615330,  643789,   82294,   53835,    2662,     780,    6742,     531,    -153,   -3166,    -726,    -500,    -397,     994,   -1048,     717,    -177,    -299,    4518,    2961,   -1856,  100.0,    2.8,   57.4,    0.8,   63.5,   17.0,    3.0,   11.1,   10.3,    1.6,    4.7,    1.5,    0.6,   88.2,   92.3,   11.8,    7.7,    296,     12,     16,      6,    106,     39,     44,     43,     50,     28,     22,      8,      5,    214,    165,    19.1,    44.3,    30.5,    61.5,    18.5,    44.0,    29.2,    60.9,"(CONTRACTS OF EUR 125,000)",099741,CME ,099 ,F10,FutOnly
EURO FX - CHICAGO MERCANTILE EXCHANGE,231031,2023-10-31,099741,CME ,00,099 ,  694962,   19049,  393879,    5036,  443345,  121935,   22001,   77740,   72267,   10486,   33874,    9569,    4098,  615629,  639271,   79333,   55691,   -7706,     762,   -6348,    1557,   -5429,    -887,   -1216,   -3860,    -308,     940,     613,     528,    -173,   -6806,   -5907,    -900,   -1799,  100.0,    2.7,   56.7,    0.7,   63.8,   17.5,    3.2,   11.2,   10.4,    1.5,    4.9,    1.4,    0.6,   88.6,   92.0,   11.4,    8.0,    295,     12,     18,      7,    107,     37,     44,     41,     47,     29,     26,      7,      6,    220,    161,    19.6,    43.4,    31.1,    60.3,    19.0,    43.4,    29.8,    59.9,"(CONTRACTS OF EUR 125,000)",099741,CME ,099 ,F10,FutOnly
EURO FX - CHICAGO MERCANTILE EXCHANGE,231024,2023-10-24,099741,CME ,00,099 ,  702668,   18287,  400227,    3479,  448774,  122822,   23217,   81600,   72575,    9546,   33261,    9041,    4271,  622435,  645178,   80233,   57490,    6992,    -925,   15712,    -310,     914,   -7650,     581,    6243,    1517,   -1596,    -131,      52,    -139,    4637,    8167,    2355,   -1175,  100.0,    2.6,   57.0,    0.5,   63.9,   17.5,    3.3,   11.6,   10.3,    1.4,    4.7,    1.3,    0.6,   88.6,   91.8,   11.4,    8.2,    298,     11,     18,      5,    110,     38,     44,     42,     48,     25,     25,      6,      5,    215,    162,    19.3,    42.7,    30.8,    60.1,    18.6,    42.7,    29.4,    59.7,"(CONTRACTS OF EUR 125,000)",099741,CME ,099 ,F10,FutOnly
EURO FX - CHICAGO MERCANTILE EXCHANGE,231017,2023-10-17,099741,CME ,00,099 ,  695676,   19212,  384515,    3789,  447860,  130472,   22636,   75357,   71058,   11142,   33392,    8989,    4410,  617798,  637011,   77878,   58665,    8294,    2416,    4243,     866,    3445,    4690,     153,    7356,    2095,   -2300,    1225,    -134,    -354,   12807,    9259,   -4513,    -965,  100.0,    2.8,   55.3,    0.5,   64.4,   18.8,    3.3,   10.8,   10.2,    1.6,    4.8,    1.3,    0.6,   88.8,   91.6,   11.2,    8.4,    303,     12,     18,      6,    110,     40,     44,     42,     48,     26,     27,      6,      5,    220,    164,    19.4,    42.3,    30.4,    58.8,    18.8,    42.3,    29.2,    58.4,"(CONTRACTS OF EUR 125,000)",099741,CME ,099 ,F10,FutOnly
EURO FX - CHICAGO MERCANTILE EXCHANGE,231010,2023-10-10,099741,CME ,00,099 ,  687382,   16796,  380272,    2923,  444415,  125782,   22483,   68001,   68963,   13442,   32167,    9123,    4764,  604991,  627752,   82391,   59630,  -15051,     129,   -4694,    1085,    4807,   -7090,    -861,  -14367,    -202,   -5752,      12,    -481,     -63,  -15010,  -18058,     -41,    3007,  100.0,    2.4,   55.3,    0.4,   64.7,   18.3,    3.3,    9.9,   10.0,    2.0,    4.7,    1.3,    0.7,   88.0,   91.3,   12.0,    8.7,    285,     10,     18,      5,    109,     37,     44,     40,     41,     25,     24,      6,      5,    208,    156,    19.9,    43.2,    30.4,    58.7,    19.2,    43.1,    29.2,    58.7,"(CONTRACTS OF EUR 125,000)",099741,CME ,099 ,F10,FutOnly
EURO FX - CHICAGO MERCANTILE EXCHANGE,231003,2023-10-03,099741,CME ,00,099 ,  702433,   16667,  384966,    1838,  439608,  132872,   23344,   82368,   69165,   19194,   32155,    9604,    4827,  620001,  645810,   82432,   56623,    3162,    -294,  -12264,    -829,   -2175,    9223,     758,    5915,    4587,     545,   -1058,     643,      35,    2897,    2698,     265,     464,  100.0,    2.4,   54.8,    0.3,   62.6,   18.9,    3.3,   11.7,    9.8,    2.7,    4.6,    1.4,    0.7,   88.3,   91.9,   11.7,    8.1,    293,      9,     17,      5,    107,     39,     46,     43,     46,     27,     24,      8,      5,    209,    167,    18.9,    42.7,    29.6,    58.8,    18.1,    42.7,    28.2,    58.7,"(CONTRACTS OF EUR 125,000)",099741,CME ,099 ,F10,FutOnly
EURO FX - CHICAGO MERCANTILE EXCHANGE,230926,2023-09-26,099741,CME ,00,099 ,  699271,   16961,  397230,    2667,  441783,  123649,   22586,   76453,   64578,   18649,   33213,    8961,    4792,  617104,  643112,   82167,   56159,    3928,   -1796,  -12803,     978,   -7510,    9220,     645,   10851,    3838,     979,    -206,     331,     -68,    3873,    3120,      55,     808,  100.0,    2.4,   56.8,    0.4,   63.2,   17.7,    3.2,   10.9,    9.2,    2.7,    4.7,    1.3,    0.7,   88.2,   92.0,   11.8,    8.0,    290,     10,     17,      5,    107,     37,     46,     43,     42,     26,     26,      8,      5,    211,    161,    18.8,    43.2,    29.8,    60.7,    18.1,    43.2,    28.3,    60.6,"(CONTRACTS OF EUR 125,000)",099741,CME ,099 ,F10,FutOnly
EURO FX - CHICAGO MERCANTILE EXCHANGE,230919,2023-09-19,099741,CME ,00,099 ,  695343,   18757,  410033,    1689,  449293,  114429,   21941,   65602,   60740,   17670,   33419,    8630,    4860,  613231,  639992,   82112,   55351,  -48416,   -7176,  -32265,  -16471,   -1405,    6478,    -751,   -7296,    1271,   -5885,    1628,     127,    -388,  -37744,  -47884,  -10672,    -532,  100.0,    2.7,   59.0,    0.2,   64.6,   16.5,    3.2,    9.4,    8.7,    2.5,    4.8,    1.2,    0.7,   88.2,   92.0,   11.8,    8.0,    290,     11,     15,      4,    110,     35,     45,     42,     45,     25,     24,      8,      5,    214,    155,    19.2,    45.5,    30.5,    62.9,    18.3,    45.5,    29.0,    62.8,"(CONTRACTS OF EUR 125,000)",099741,CME ,099 ,F10,FutOnly
EURO FX - CHICAGO MERCANTILE EXCHANGE,230912,2023-09-12,099741,CME ,00,099 ,  743759,   25933,  442298,   18160,  450698,  107951,   22692,   72898,   59469,   23555,   31791,    8503,    5248,  650975,  687876,   92784,   55883,  -10504,   -3821,  -28099,   15918,  -10341,     598,     815,  -16629,   -5988,    -149,     354,     330,     568,  -13285,  -16007,    2781,    5503,  100.0,    3.5,   59.5,    2.4,   60.6,   14.5,    3.1,    9.8,    8.0,    3.2,    4.3,    1.1,    0.7,   87.5,   92.5,   12.5,    7.5,    285,     13,     18,     12,    109,     32,     48,     44,     39,     23,     21,      9,      5,    217,    156,    17.9,    50.0,    28.4,    64.4,    17.1,    50.0,    27.1,    62.8,"(CONTRACTS OF EUR 125,000)",099741,CME ,099 ,F10,FutOnly
EURO FX - CHICAGO MERCANTILE EXCHANGE,230905,2023-09-05,099741,CME ,00,099 ,  754263,   29754,  470397,    2242,  461039,  107353,   21877,   89527,   65457,   23704,   31437,    8173,    4680,  664260,  703883,   90003,   50380,    6136,    3495,  -13330,    -550,   -3223,    8586,    -376,    1753,    6098,    2270,     773,    -405,      70,    4212,    2363,    1924,    3773,  100.0,    3.9,   62.4,    0.3,   61.1,   14.2,    2.9,   11.9,    8.7,    3.1,    4.2,    1.1,    0.6,   88.1,   93.3,   11.9,    6.7,    295,     13,     17,      8,    116,     29,     46,     47,     42,     29,     22,      9,.,    226,    155,    17.9,    51.1,    28.3,    66.0,    17.2,    51.0,    27.1,    65.9,"(CONTRACTS OF EUR 125,000)",099741,CME ,099 ,F10,FutOnly
EURO FX - CHICAGO MERCANTILE EXCHANGE,230829,2023-08-29,099741,CME ,00,099 ,  748127,   26259,  483727,    2792,  464262,   98767,   22253,   87774,   59359,   21434,   30664,    8578,    4610,  660048,  701520,   88079,   46607,   -2359,   -1253,  -20178,     730,   -3346,   13029,    -502,   -3947,    -656,    5741,     -25,    -933,      89,   -2513,   -2680,     154,     321,  100.0,    3.5,   64.7,    0.4,   62.1,   13.2,    3.0,   11.7,    7.9,    2.9,    4.1,    1.1,    0.6,   88.2,   93.8,   11.8,    6.2,    292,     13,     17,      7,    117,     28,     45,     49,     37,     28,     21,     10,      4,    229,    147,    18.1,    53.3,    28.6,    68.2,    17.5,    53.1,    27.5,    67.8,"(CONTRACTS OF EUR 125,000)",099741,CME ,099 ,F10,FutOnly
EURO FX - CHICAGO MERCANTILE EXCHANGE,230822,2023-08-22,099741,CME ,00,099 ,  750486,   27512,  503905,    2062,  467608,   85738,   22755,   91721,   60015,   15693,   30689,    9511,    4521,  662561,  704200,   87925,   46286,   -9747,    5974,  -21206,     337,  -24731,    5651,     386,   14966,    6315,   -3636,       3,    1670,     -76,   -6777,  -10559,   -2970,     812,  100.0,    3.7,   67.1,    0.3,   62.3,   11.4,    3.0,   12.2,    8.0,    2.1,    4.1,    1.3,    0.6,   88.3,   93.8,   11.7,    6.2,    298,     15,     16,      6,    117,     28,     48,     51,     40,     27,     20,     11,      4,    232,    151,    18.2,    55.4,    28.6,    70.3,    17.5,    55.3,    27.4,    70.0,"(CONTRACTS OF EUR 125,000)",099741,CME ,099 ,F10,FutOnly
EURO FX - CHICAGO MERCANTILE EXCHANGE,230815,2023-08-15,099741,CME ,00,099 ,  760233,   21538,  525111,    1725,  492339,   80087,   22369,   76755,   53700,   19329,   30686,    7841,    4597,  669338,  714759,   90895,   45474,    -735,   -1942,    5090,     -67,   -4327,     283,     298,    5353,   -6692,    2142,    -908,    -723,      61,     610,     392,   -1345,   -1127,  100.0,    2.8,   69.1,    0.2,   64.8,   10.5,    2.9,   10.1,    7.1,    2.5,    4.0,    1.0,    0.6,   88.0,   94.0,   12.0,    6.0,    287,     14,     15,      4,    121,     25,     44,     47,     36,     26,     20,      9,      5,    226,    140,    18.8,    57.8,    30.7,    72.5,    18.0,    57.8,    29.5,    72.2,"(CONTRACTS OF EUR 125,000)",099741,CME ,099 ,F10,FutOnly
EURO FX - CHICAGO MERCANTILE EXCHANGE,230808,2023-08-08,099741,CME ,00,099 ,  760968,   23480,  520021,    1792,  496666,   79804,   22071,   71402,   60392,   17187,   31594,    8564,    4536,  668728,  714367,   92240,   46601,    5812,    4694,   -1732,      41,    4540,     105,   -1215,     771,    8473,   -1995,     574,    -137,      55,    7465,    3595,   -1653,    2217,  100.0,    3.1,   68.3,    0.2,   65.3,   10.5,    2.9,    9.4,    7.9,    2.3,    4.2,    1.1,    0.6,   87.9,   93.9,   12.1,    6.1,    287,     13,     15,      5,    120,     26,     48,     44,     39,     24,     20,     10,      5,    224,    145,    19.1,    56.9,    31.0,    71.8,    18.3,    56.9,    29.9,    71.5,"(CONTRACTS OF EUR 125,000)",099741,CME ,099 ,F10,FutOnly
EURO FX - CHICAGO MERCANTILE EXCHANGE,230801,2023-08-01,099741,CME ,00,099 ,  755156,   18786,  521753,    1751,  492126,   79699,   23286,   70631,   51919,   19182,   31020,    8701,    4481,  661263,  710772,   93893,   44384,  -17252,     645,  -14989,    -190,     276,    2765,   -1427,   -9462,   -2120,   -3510,     132,   -1595,     -64,  -13600,  -21130,   -3652,    3878,  100.0,    2.5,   69.1,    0.2,   65.2,   10.6,    3.1,    9.4,    6.9,    2.5,    4.1,    1.2,    0.6,   87.6,   94.1,   12.4,    5.9,    298,     13,     14,      5,    124,     26,     46,     52,     39,     31,     20,     10,      5,    240,    145,    18.5,    57.9,    29.3,    72.8,    17.9,    57.9,    28.0,    72.4,"(CONTRACTS OF EUR 125,000)",099741,CME ,099 ,F10,FutOnly
EURO FX - CHICAGO MERCANTILE EXCHANGE,230725,2023-07-25,099741,CME ,00,099 ,  772408,   18141,  536742,    1941,  491850,   76934,   24713,   80093,   54039,   22692,   30888,   10296,    4545,  674863,  731902,   97545,   40506,  -10724,   -2162,   -1849,    -154,   -9819,    -548,    3052,   -6103,  -10666,    3730,     101,    1608,     136,  -11219,   -4691,     495,   -6033,  100.0,    2.3,   69.5,    0.3,   63.7,   10.0,    3.2,   10.4,    7.0,    2.9,    4.0,    1.3,    0.6,   87.4,   94.8,   12.6,    5.2,    301,     13,     14,      4,    124,     25,     46,     56,     39,     27,     19,     11,      5,    242,    141,    16.7,    58.1,    27.1,    72.8,    16.1,    58.1,    25.9,    72.5,"(CONTRACTS OF EUR 125,000)",099741,CME ,099 ,F10,FutOnly
EURO FX - CHICAGO MERCANTILE EXCHANGE,230718,2023-07-18,099741,CME ,00,099 ,  783132,   20303,  538591,    2095,  501669,   77482,   21661,   86196,   64705,   18962,   30787,    8688,    4409,  686082,  736593,   97050,   46539,   47076,    1997,   37525,     388,   23783,    -523,    1045,   15976,    4082,    3049,    -516,   -1633,      72,   45794,   44005,    1282,    3071,  100.0,    2.6,   68.8,    0.3,   64.1,    9.9,    2.8,   11.0,    8.3,    2.4,    3.9,    1.1,    0.6,   87.6,   94.1,   12.4,    5.9,    299,     14,     13,      5,    124,     26,     46,     55,     38,     25,     20,      9,      5,    239,    141,    16.6,    57.4,    26.2,    72.4,    16.0,    57.3,    25.2,    72.3,"(CONTRACTS OF EUR 125,000)",099741,CME ,099 ,F10,FutOnly
EURO FX - CHICAGO MERCANTILE EXCHANGE,230711,2023-07-11,099741,CME ,00,099 ,  736056,   18306,  501066,    1707,  477886,   78005,   20616,   70220,   60623,   15913,   31303,   10321,    4337,  640288,  692588,   95768,   43468,   10129,    1951,    2870,     334,    3025,   -1090,    -424,     391,    8267,    1162,    -112,     886,   -1045,    5282,   10960,    4847,    -831,  100.0,    2.5,   68.1,    0.2,   64.9,   10.6,    2.8,    9.5,    8.2,    2.2,    4.3,    1.4,    0.6,   87.0,   94.1,   13.0,    5.9,    293,     14,     14,      5,    120,     26,     44,     49,     40,     27,     18,     12,      5,    229,    145,    17.8,    56.2,    28.0,    71.4,    17.2,    56.2,    27.0,    71.0,"(CONTRACTS OF EUR 125,000)",099741,CME ,099 ,F10,FutOnly
EURO FX - CHICAGO MERCANTILE EXCHANGE,230703,2023-07-03,099741,CME ,00,099 ,  725927,   16355,  498196,    1373,  474861,   79095,   21040,   69829,   52356,   14751,   31415,    9435,    5382,  635006,  681628,   90921,   44299,   -6196,   -2343,   -3154,     -32,     555,     559,     302,    -698,   -3932,    -253,   -1023,    1408,       0,   -3492,   -5102,   -2704,   -1094,  100.0,    2.3,   68.6,    0.2,   65.4,   10.9,    2.9,    9.6,    7.2,    2.0,    4.3,    1.3,    0.7,   87.5,   93.9,   12.5,    6.1,    282,     12,     15,      5,    118,     28,     45,     47,     33,     26,     19,     10,      6,    225,    139,    18.0,    57.3,    28.9,    72.7,    17.5,    57.3,    27.8,    72.4,"(CONTRACTS OF EUR 125,000)",099741,CME ,099 ,F10,FutOnly
EURO FX - CHICAGO MERCANTILE EXCHANGE,230627,2023-06-27,099741,CME ,00,099 ,  732123,   18698,  501350,    1405,  474306,   78536,   20738,   70527,   56288,   15004,   32438,    8027,    5382,  638498,  686730,   93625,   45393,    -856,    -447,    5234,      14,   -1987,   -3748,    -506,    4075,   -3832,     309,   -2945,    1200,    -168,   -1655,   -1497,     799,     641,  100.0,    2.6,   68.5,    0.2,   64.8,   10.7,    2.8,    9.6,    7.7,    2.0,    4.4,    1.1,    0.7,   87.2,   93.8,   12.8,    6.2,    293,     15,     14,      5,    119,     26,     42,     50,     39,     27,     21,      9,      6,    235,    138,    18.0,    57.3,    28.1,    72.4,    17.4,    57.3,    27.1,    72.0,"(CONTRACTS OF EUR 125,000)",099741,CME ,099 ,F10,FutOnly
EURO FX - CHICAGO MERCANTILE EXCHANGE,230620,2023-06-20,099741,CME ,00,099 ,  732979,   19145,  496116,    1391,  476293,   82284,   21244,   66452,   60120,   14695,   35383,    6827,    5550,  640153,  688227,   92826,   44752,  -85315,   -2323,   -3994,  -62259,    8880,    3111,   -1692,   -3684,   10183,  -12396,      99,   -3503,    -250,  -73625,  -70800,  -11690,  -14515,  100.0,    2.6,   67.7,    0.2,   65.0,   11.2,    2.9,    9.1,    8.2,    2.0,    4.8,    0.9,    0.8,   87.3,   93.9,   12.7,    6.1,    294,     14,     14,      5,    121,     25,     41,     47,     40,     23,     24,      9,      6,    231,    138,    17.7,    56.2,    27.8,    71.3,    17.1,    56.2,    26.7,    70.9,"(CONTRACTS OF EUR 125,000)",099741,CME ,099 ,F10,FutOnly
EURO FX - CHICAGO MERCANTILE EXCHANGE,230613,2023-06-13,099741,CME ,00,099 ,  818294,   21468,  500110,   63650,  467413,   79173,   22936,   70136,   49937,   27091,   35284,   10330,    5800,  713778,  759027,  104516,   59267,   36327,   -1224,  -16873,   61657,  -20524,   -8197,    2581,   -7645,   -4451,   -7769,     150,      32,     351,   27577,   27331,    8750,    8996,  100.0,    2.6,   61.1,    7.8,   57.1,    9.7,    2.8,    8.6,    6.1,    3.3,    4.3,    1.3,    0.7,   87.2,   92.8,   12.8,    7.2,    290,     13,     17,      8,    116,     25,     44,     50,     36,     33,     23,     10,      7,    234,    148,    15.9,    57.4,    24.7,    69.1,    15.3,    54.6,    23.8,    62.6,"(CONTRACTS OF EUR 125,000)",099741,CME ,099 ,F10,FutOnly
EURO FX - CHICAGO MERCANTILE EXCHANGE,230606,2023-06-06,099741,CME ,00,099 ,  781967,   22692,  516983,    1993,  487937,   87370,   20355,   77781,   54388,   34860,   35134,   10298,    5449,  686201,  731696,   95766,   50271,    6825,    1975,  -13142,     303,  -11314,    4693,    1678,    5358,    1261,    7324,    -479,     -67,      50,    4895,    2100,    1930,    4725,  100.0,    2.9,   66.1,    0.3,   62.4,   11.2,    2.6,    9.9,    7.0,    4.5,    4.5,    1.3,    0.7,   87.8,   93.6,   12.2,    6.4,    287,     13,     16,      4,    113,     28,     46,     48,     36,     28,     23,     10,      5,    221,    149,    17.5,    59.2,    27.8,    68.3,    16.9,    59.2,    26.9,    68.1,"(CONTRACTS OF EUR 125,000)",099741,CME ,099 ,F10,FutOnly
EURO FX - CHICAGO MERCANTILE EXCHANGE,230530,2023-05-30,099741,CME ,00,099 ,  775142,   20717,  530125,    1690,  499251,   82677,   18677,   72423,   53127,   27536,   35613,   10365,    5399,  681306,  729596,   93836,   45546,   -5981,    1947,   -8517,   -2003,   -9153,    3076,   -1158,     -57,   -5106,    2324,    -788,     327,    1148,   -7740,   -9909,    1759,    3928,  100.0,    2.7,   68.4,    0.2,   64.4,   10.7,    2.4,    9.3,    6.9,    3.6,    4.6,    1.3,    0.7,   87.9,   94.1,   12.1,    5.9,    297,     12,     16,      7,    121,     28,     51,     48,     40,     28,     22,     10,      5,    232,    156,    17.3,    61.3,    27.8,    70.4,    16.7,    61.3,    26.8,    69.9,"(CONTRACTS OF EUR 125,000)",099741,CME ,099 ,F10,FutOnly
EURO FX - CHICAGO MERCANTILE EXCHANGE,230523,2023-05-23,099741,CME ,00,099 ,  781123,   18770,  538642,    3693,  508404,   79601,   19835,   72480,   58233,   25212,   36401,   10038,    4251,  689046,  739505,   92077,   41618,   -8807,     990,  -11297,    -210,  -12771,     211,   -1213,    3260,    4281,     193,    2193,    -308,    -114,   -7672,   -8457,   -1135,    -350,  100.0,    2.4,   69.0,    0.5,   65.1,   10.2,    2.5,    9.3,    7.5,    3.2,    4.7,    1.3,    0.5,   88.2,   94.7,   11.8,    5.3,    301,     14,     15,      7,    124,     28,     50,     49,     39,     29,     23,      9,      4,    235,    156,    17.2,    62.5,    27.3,    71.6,    16.5,    62.5,    26.3,    70.9,"(CONTRACTS OF EUR 125,000)",099741,CME ,099 ,F10,FutOnly
EURO FX - CHICAGO MERCANTILE EXCHANGE,230516,2023-05-16,099741,CME ,00,099 ,  789930,   17780,  549939,    3903,  521175,   79390,   21048,   69220,   53952,   25019,   34208,   10346,    4365,  696718,  747962,   93212,   41968,   -4791,    -678,    -291,     332,    3372,    2913,    -408,   -8826,  -10691,    2302,    2287,     630,     131,   -1488,   -5082,   -3303,     291,  100.0,    2.3,   69.6,    0.5,   66.0,   10.1,    2.7,    8.8,    6.8,    3.2,    4.3,    1.3,    0.6,   88.2,   94.7,   11.8,    5.3,    303,     10,     16,      5,    128,     28,     53,     50,     39,     27,     22,     10,      5,    238,    155,    16.7,    63.0,    26.8,    72.0,    16.0,    63.0,    25.8,    71.4,"(CONTRACTS OF EUR 125,000)",099741,CME ,099 ,F10,FutOnly
EURO FX - CHICAGO MERCANTILE EXCHANGE,230509,2023-05-09,099741,CME ,00,099 ,  794721,   18458,  550230,    3571,  517803,   76477,   21456,   78046,   64643,   22717,   31921,    9716,    4234,  698206,  753044,   96515,   41677,   15263,     274,   11083,     395,    5946,     305,   -1187,    7498,    8884,    -338,     -60,      10,     -94,   12434,   19058,    2829,   -3795,  100.0,    2.3,   69.2,    0.4,   65.2,    9.6,    2.7,    9.8,    8.1,    2.9,    4.0,    1.2,    0.5,   87.9,   94.8,   12.1,    5.2,    305,     12,     16,      5,    130,     25,     51,     54,     39,     28,     19,     10,      5,    241,    153,    16.5,    62.1,    26.4,    70.9,    15.8,    62.1,    25.4,    70.8,"(CONTRACTS OF EUR 125,000)",099741,CME ,099 ,F10,FutOnly
EURO FX - CHICAGO MERCANTILE EXCHANGE,230502,2023-05-02,099741,CME ,00,099 ,  779458,   18184,  539147,    3176,  511857,   76172,   22643,   70548,   55759,   23055,   31981,    9706,    4328,  685772,  733986,   93686,   45472,    6576,    -969,   -6572,     403,    1182,    1517,    -712,    1288,    -125,    7613,   -1249,   -1391,     111,    7667,     844,   -1091,    5732,  100.0,    2.3,   69.2,    0.4,   65.7,    9.8,    2.9,    9.1,    7.2,    3.0,    4.1,    1.2,    0.6,   88.0,   94.2,   12.0,    5.8,    305,     13,     15,      4,    127,     25,     52,     49,     42,     27,     22,     11,      5,    238,    155,    17.2,    61.7,    27.3,    70.8,    16.5,    61.7,    26.2,    70.2,"(CONTRACTS OF EUR 125,000)",099741,CME ,099 ,F10,FutOnly
EURO FX - CHICAGO MERCANTILE EXCHANGE,230425,2023-04-25,099741,CME ,00,099 ,  772882,   19153,  545719,    2773,  510675,   74655,   23355,   69260,   55884,   15442,   33230,   11097,    4217,  678105,  733142,   94777,   39740,    6508,    -717,    9208,    -144,    4716,     978,    1459,    3416,   -1636,    -975,   -5212,    -234,    -376,    2167,    8280,    4341,   -1772,  100.0,    2.5,   70.6,    0.4,   66.1,    9.7,    3.0,    9.0,    7.2,    2.0,    4.3,    1.4,    0.5,   87.7,   94.9,   12.3,    5.1,    307,     12,     15,      5,    128,     25,     52,     49,     39,     27,     24,     15,      5,    241,    155,    17.3,    63.1,    27.5,    72.0,    16.6,    63.1,    26.4,    71.6,"(CONTRACTS OF EUR 125,000)",099741,CME ,099 ,F10,FutOnly
EURO FX - CHICAGO MERCANTILE EXCHANGE,230418,2023-04-18,099741,CME ,00,099 ,  766374,   19870,  536511,    2917,  505959,   73677,   21896,   65844,   57520,   16417,   38442,   11331,    4593,  675938,  724862,   90436,   41512,    6935,     151,   10138,    -364,    9642,    -895,     262,   -3295,   -3993,    2608,   -2535,   -1090,    -613,    5856,    6053,    1079,     882,  100.0,    2.6,   70.0,    0.4,   66.0,    9.6,    2.9,    8.6,    7.5,    2.1,    5.0,    1.5,    0.6,   88.2,   94.6,   11.8,    5.4,    306,     13,     16,      5,    122,     24,     50,     49,     34,     28,     33,     15,      8,    245,    152,    17.3,    62.0,    27.6,    71.3,    16.6,    62.0,    26.6,    70.9,"(CONTRACTS OF EUR 125,000)",099741,CME ,099 ,F10,FutOnly
EURO FX - CHICAGO MERCANTILE EXCHANGE,230411,2023-04-11,099741,CME ,00,099 ,  759439,   19719,  526373,    3281,  496317,   74572,   21634,   69139,   61513,   13809,   40977,   12421,    5206,  670082,  718809,   89357,   40630,   12344,     -23,   15057,     178,   10600,      43,      33,    2391,   -1750,   -1122,    2412,    -637,      86,   14555,   11888,   -2211,     456,  100.0,    2.6,   69.3,    0.4,   65.4,    9.8,    2.8,    9.1,    8.1,    1.8,    5.4,    1.6,    0.7,   88.2,   94.6,   11.8,    5.3,    311,     12,     16,      5,    123,     24,     51,     51,     34,     29,     35,     16,      8,    248,    156,    17.6,    60.9,    27.8,    70.7,    16.9,    60.9,    26.7,    70.4,"(CONTRACTS OF EUR 125,000)",099741,CME ,099 ,F10,FutOnly
EURO FX - CHICAGO MERCANTILE EXCHANGE,230404,2023-04-04,099741,CME ,00,099 ,  747095,   19742,  511316,    3103,  485717,   74529,   21601,   66748,   63263,   14931,   38565,   13058,    5120,  655527,  706921,   91568,   40174,   14589,   -3686,   10566,     -97,    2086,   -5798,     772,    8084,    7612,    1584,      -3,    -728,       5,    8745,   13916,    5844,     673,  100.0,    2.6,   68.4,    0.4,   65.0,   10.0,    2.9,    8.9,    8.5,    2.0,    5.2,    1.7,    0.7,   87.7,   94.6,   12.3,    5.4,    304,     13,     14,      6,    120,     23,     48,     48,     37,     28,     33,     16,      9,    240,    155,    17.8,    61.0,    28.2,    71.1,    17.1,    61.0,    27.2,    70.7,"(CONTRACTS OF EUR 125,000)",099741,CME ,099 ,F10,FutOnly
EURO FX - CHICAGO MERCANTILE EXCHANGE,230328,2023-03-28,099741,CME ,00,099 ,  732506,   23428,  500750,    3200,  483631,   80327,   20829,   58664,   55651,   13347,   38568,   13786,    5115,  646782,  693005,   85724,   39501,   -4931,    -949,   -8011,     519,    3840,   -1267,    -279,   -2883,    7445,    2044,   -1190,     545,   -4069,   -2967,   -3073,   -1964,   -1858,  100.0,    3.2,   68.4,    0.4,   66.0,   11.0,    2.8,    8.0,    7.6,    1.8,    5.3,    1.9,    0.7,   88.3,   94.6,   11.7,    5.4,    302,     15,     13,      6,    119,     25,     49,     44,     37,     26,     33,     16,      9,    239,    153,    18.2,    60.7,    29.7,    71.8,    17.5,    60.7,    28.4,    71.5,"(CONTRACTS OF EUR 125,000)",099741,CME ,099 ,F10,FutOnly
EURO FX - CHICAGO MERCANTILE EXCHANGE,230321,2023-03-21,099741,CME ,00,099 ,  737437,   24377,  508761,    2681,  479791,   81594,   21108,   61547,   48206,   11303,   39758,   13241,    9184,  649749,  696078,   87688,   41359,   -7966,     393,    4235,     118,   -4627,   -2137,   -1145,   -2460,   -8156,     -36,    -140,   -1360,     210,   -7687,   -8271,    -279,     305,  100.0,    3.3,   69.0,    0.4,   65.1,   11.1,    2.9,    8.3,    6.5,    1.5,    5.4,    1.8,    1.2,   88.1,   94.4,   11.9,    5.6,    293,     15,     14,      6,    113,     26,     46,     47,     31,     27,     33,     14,     11,    236,    147,    17.9,    61.1,    29.9,    72.0,    17.3,    61.0,    28.8,    71.7,"(CONTRACTS OF EUR 125,000)",099741,CME ,099 ,F10,FutOnly
EURO FX - CHICAGO MERCANTILE EXCHANGE,230314,2023-03-14,099741,CME ,00,099 ,  745403,   23984,  504526,    2563,  484418,   83731,   22253,   64007,   56362,   11339,   39898,   14601,    8974,  657436,  704349,   87967,   41054,  -75654,  -23396,  -48260,  -14660,   -6170,    2988,     669,  -11929,   -3687,   -9324,   -1565,   -1368,     -78,  -66453,  -73720,   -9201,   -1934,  100.0,    3.2,   67.7,    0.3,   65.0,   11.2,    3.0,    8.6,    7.6,    1.5,    5.4,    2.0,    1.2,   88.2,   94.5,   11.8,    5.5,    301,     17,     13,      6,    114,     26,     49,     45,     38,     31,     33,     15,      9,    243,    153,    17.8,    59.3,    29.6,    70.3,    17.1,    59.3,    28.2,    70.0,"(CONTRACTS OF EUR 125,000)",099741,CME ,099 ,F10,FutOnly
EURO FX - CHICAGO MERCANTILE EXCHANGE,230307,2023-03-07,099741,CME ,00,099 ,  821057,   47380,  552786,   17223,  490588,   80743,   21584,   75936,   60049,   20663,   41463,   15969,    9052,  723889,  778069,   97168,   42988,   17094,    3964,    3707,    7707,    2379,   -1820,     409,   -9003,    2037,    1825,    1842,    -266,    3965,   13088,   17564,    4006,    -470,  100.0,    5.8,   67.3,    2.1,   59.8,    9.8,    2.6,    9.2,    7.3,    2.5,    5.0,    1.9,    1.1,   88.2,   94.8,   11.8,    5.2,    313,     15,     16,     10,    114,     25,     47,     49,     43,     26,     34,     16,     11,    242,    165,    16.0,    60.9,    26.6,    68.9,    15.2,    60.9,    25.5,    68.7,"(CONTRACTS OF EUR 125,000)",099741,CME ,099 ,F10,FutOnly
EURO FX - CHICAGO MERCANTILE EXCHANGE,230228,2023-02-28,099741,CME ,00,099 ,  803963,   43416,  549079,    9516,  488209,   82563,   21175,   84939,   58012,   18838,   39621,   16235,    5087,  710801,  760505,   93162,   43458,   14065,    -214,    4112,    1900,    3270,    5552,     -38,    5610,    1912,     303,    1690,    -266,      86,   12607,   13561,    1458,     504,  100.0,    5.4,   68.3,    1.2,   60.7,   10.3,    2.6,   10.6,    7.2,    2.3,    4.9,    2.0,    0.6,   88.4,   94.6,   11.6,    5.4,    304,     14,     16,     10,    115,     25,     48,     50,     36,     22,     31,     17,     11,    240,    155,    15.9,    61.4,    26.4,    69.4,    15.2,    61.3,    25.2,    69.2,"(CONTRACTS OF EUR 125,000)",099741,CME ,099 ,F10,FutOnly
EURO FX - CHICAGO MERCANTILE EXCHANGE,230221,2023-02-21,099741,CME ,00,099 ,  789898,   43630,  544967,    7616,  484939,   77011,   21213,   79329,   56100,   18535,   37931,   16501,    5001,  698194,  746944,   91704,   42954,    1265,    1846,   -1984,   -1010,    -755,    4154,     131,     237,   -1584,    3250,    -538,    1070,     -25,    3136,    4002,   -1871,   -2737,  100.0,    5.5,   69.0,    1.0,   61.4,    9.7,    2.7,   10.0,    7.1,    2.3,    4.8,    2.1,    0.6,   88.4,   94.6,   11.6,    5.4,    311,     14,     16,      7,    118,     24,     45,     51,     40,     26,     32,     16,      9,    247,    151,    15.5,    61.8,    26.0,    69.9,    14.8,    61.7,    24.8,    69.7,"(CONTRACTS OF EUR 125,000)",099741,CME ,099 ,F10,FutOnly
EURO FX - CHICAGO MERCANTILE EXCHANGE,230214,2023-02-14,099741,CME ,00,099 ,  788633,   41784,  546951,    8626,  485694,   72857,   21082,   79092,   57684,   15285,   38469,   15431,    5026,  695058,  742942,   93575,   45691,    7346,    1499,    8312,    -533,   -3810,   -5774,    2803,    5297,    -536,    -891,    -145,    2015,      53,    4273,    5449,    3073,    1897,  100.0,    5.3,   69.4,    1.1,   61.6,    9.2,    2.7,   10.0,    7.3,    1.9,    4.9,    2.0,    0.6,   88.1,   94.2,   11.9,    5.8,    310,     15,     16,      8,    116,     23,     46,     53,     39,     27,     32,     16,      8,    247,    152,    15.3,    62.0,    25.8,    70.1,    14.5,    61.8,    24.7,    69.8,"(CONTRACTS OF EUR 125,000)",099741,CME ,099 ,F10,FutOnly
EURO FX - CHICAGO MERCANTILE EXCHANGE,230207,2023-02-07,099741,CME ,00,099 ,  781287,   40285,  538639,    9159,  489504,   78631,   18279,   73795,   58220,   16176,   38614,   13416,    4973,  690785,  737493,   90502,   43794,  -15451,    -844,    -326,    -741,    2492,    2980,      66,  -11701,  -22220,    2147,   -1588,    1553,    -113,  -10282,  -16654,   -5169,    1203,  100.0,    5.2,   68.9,    1.2,   62.7,   10.1,    2.3,    9.4,    7.5,    2.1,    4.9,    1.7,    0.6,   88.4,   94.4,   11.6,    5.6,    305,     15,     15,      7,    118,     23,     47,     52,     36,     24,     31,     15,      8,    242,    149,    15.3,    61.7,    26.1,    69.6,    14.7,    61.6,    25.0,    69.3,"(CONTRACTS OF EUR 125,000)",099741,CME ,099 ,F10,FutOnly
EURO FX - CHICAGO MERCANTILE EXCHANGE,230131,2023-01-31,099741,CME ,00,099 ,  796738,   41129,  538965,    9900,  487012,   75651,   18213,   85496,   80440,   14029,   40202,   11863,    5086,  701067,  754147,   95671,   42591,   19169,      11,   24182,    1825,   10091,     807,     580,    8028,   -7892,    -436,    -395,    1617,     587,   20291,   21270,   -1122,   -2101,  100.0,    5.2,   67.6,    1.2,   61.1,    9.5,    2.3,   10.7,   10.1,    1.8,    5.0,    1.5,    0.6,   88.0,   94.7,   12.0,    5.3,    308,     18,     14,      8,    118,     23,     47,     54,     37,     18,     31,     13,      8,    243,    146,    14.4,    61.6,    24.8,    69.3,    13.9,    61.4,    24.0,    69.0,"(CONTRACTS OF EUR 125,000)",099741,CME ,099 ,F10,FutOnly
EURO FX - CHICAGO MERCANTILE EXCHANGE,230124,2023-01-24,099741,CME ,00,099 ,  777569,   41118,  514783,    8075,  476921,   74844,   17633,   77468,   88332,   14465,   40597,   10246,    4499,  680776,  732877,   96793,   44692,   23654,   -1969,   20518,    1418,   17472,   -1969,      33,    5982,    2959,    -534,   -1116,   -1128,      51,   21337,   21348,    2317,    2306,  100.0,    5.3,   66.2,    1.0,   61.3,    9.6,    2.3,   10.0,   11.4,    1.9,    5.2,    1.3,    0.6,   87.6,   94.3,   12.4,    5.7,    304,     16,     13,      7,    118,     22,     47,     52,     39,     19,     32,     12,      7,    239,    145,    14.6,    60.1,    24.6,    68.7,    13.8,    59.9,    23.7,    68.5,"(CONTRACTS OF EUR 125,000)",099741,CME ,099 ,F10,FutOnly
EURO FX - CHICAGO MERCANTILE EXCHANGE,230117,2023-01-17,099741,CME ,00,099 ,  753915,   43087,  494265,    6657,  459449,   76813,   17600,   71486,   85373,   14999,   41713,   11374,    4448,  659439,  711529,   94476,   42386,    7752,   -4446,   13512,    1992,   20724,    -304,     192,  -11475,   -3962,   -1378,   -1044,    -625,     -14,    4551,    9413,    3201,   -1661,  100.0,    5.7,   65.6,    0.9,   60.9,   10.2,    2.3,    9.5,   11.3,    2.0,    5.5,    1.5,    0.6,   87.5,   94.4,   12.5,    5.6,    305,     16,     13,      7,    117,     22,     48,     46,     43,     23,     34,     14,      7,    235,    155,    14.5,    59.3,    24.1,    67.9,    13.7,    59.1,    23.2,    67.7,"(CONTRACTS OF EUR 125,000)",099741,CME ,099 ,F10,FutOnly
EURO FX - CHICAGO MERCANTILE EXCHANGE,230110,2023-01-10,099741,CME ,00,099 ,  746163,   47533,  480753,    4665,  438725,   77117,   17408,   82961,   89335,   16377,   42757,   11999,    4462,  654888,  702116,   91275,   44047,   34133,    2283,   20891,    3266,    6703,   -5362,     553,   11472,   12157,     569,    3247,    -919,     -26,   28067,   31129,    6066,    3004,  100.0,    6.4,   64.4,    0.6,   58.8,   10.3,    2.3,   11.1,   12.0,    2.2,    5.7,    1.6,    0.6,   87.8,   94.1,   12.2,    5.9,    304,     16,     13,      6,    114,     21,     50,     53,     39,     24,     33,     15,      7,    239,    152,    14.5,    57.9,    24.6,    67.1,    13.8,    57.9,    23.3,    67.0,"(CONTRACTS OF EUR 125,000)",099741,CME ,099 ,F10,FutOnly
EURO FX - CHICAGO MERCANTILE EXCHANGE,230103,2023-01-03,099741,CME ,00,099 ,  712030,   45250,  459862,    1399,  432022,   82479,   16855,   71489,   77178,   15808,   39510,   12918,    4488,  626821,  670987,   85209,   41043,  -16357,   12771,    4449,    -542,  -19304,   -3203,    -721,  -10251,  -15696,    1183,    -850,     324,     -26,  -17740,  -14232,    1383,   -2125,  100.0,    6.4,   64.6,    0.2,   60.7,   11.6,    2.4,   10.0,   10.8,    2.2,    5.5,    1.8,    0.6,   88.0,   94.2,   12.0,    5.8,    299,     16,     15,      6,    110,     25,     46,     44,     42,     22,     31,     16,      7,    225,    155,    16.1,    58.4,    26.4,    66.2,    15.4,    58.4,    25.4,    66.0,"(CONTRACTS OF EUR 125,000)",099741,CME ,099 ,F10,FutOnly
AUSTRALIAN DOLLAR - CHICAGO MERCANTILE EXCHANGE,231226,2023-12-26,232741,CME ,00,232 ,  152735,   57493,    6487,     191,   36599,   89676,    1962,   21250,   33523,    1401,    6568,     465,       0,  125464,  133705,   27271,   19030,    5070,   -2261,    4217,      29,    3338,   -7648,     300,   -1882,   11730,     868,    4571,    -661,       0,    4963,    8835,     107,   -3765,  100.0,   37.6,    4.2,    0.1,   24.0,   58.7,    1.3,   13.9,   21.9,    0.9,    4.3,    0.3,    0.0,   82.1,   87.5,   17.9,   12.5,     91,      7,      4,.,     20,     14,      7,     21,     19,      7,      5,.,      0,     63,     43,    43.7,    51.2,    54.7,    61.9,    43.7,    50.9,    54.7,    61.3,"(CONTRACTS OF AUD 100,000)",232741,CME ,232 ,F10,FutOnly
AUSTRALIAN DOLLAR - CHICAGO MERCANTILE EXCHANGE,231219,2023-12-19,232741,CME ,00,232 ,  147665,   59754,    2270,     162,   33261,   97324,    1662,   23132,   21793,     533,    1997,    1126,       0,  120501,  124870,   27164,   22795,  -61262,  -39718,  -21973,  -19297,    2271,   -7712,   -2940,    4458,    2424,  -10746,     -43,    1126,       0,  -66015,  -59118,    4753,   -2144,  100.0,   40.5,    1.5,    0.1,   22.5,   65.9,    1.1,   15.7,   14.8,    0.4,    1.4,    0.8,    0.0,   81.6,   84.6,   18.4,   15.4,     96,      8,.,.,     19,     18,     10,     24,     19,      6,      5,.,      0,     64,     49,    45.3,    53.8,    53.7,    61.6,    45.3,    53.5,    53.7,    60.9,"(CONTRACTS OF AUD 100,000)",232741,CME ,232 ,F10,FutOnly
AUSTRALIAN DOLLAR - CHICAGO MERCANTILE EXCHANGE,231212,2023-12-12,232741,CME ,00,232 ,  208927,   99472,   24243,   19459,   30990,  105036,    4602,   18674,   19369,   11279,    2040,       0,       0,  186516,  183988,   22411,   24939,   13358,    -459,     770,   17703,    -216,    2525,    -331,   -3643,  -12288,    3897,     635,       0,       0,   17586,   12276,   -4228,    1082,  100.0,   47.6,   11.6,    9.3,   14.8,   50.3,    2.2,    8.9,    9.3,    5.4,    1.0,    0.0,    0.0,   89.3,   88.1,   10.7,   11.9,    101,      8,      6,      4,     17,     22,     11,     26,     16,     13,      5,      0,      0,     68,     61,    48.5,    46.5,    63.5,    58.0,    45.3,    42.4,    55.7,    51.2,"(CONTRACTS OF AUD 100,000)",232741,CME ,232 ,F10,FutOnly
AUSTRALIAN DOLLAR - CHICAGO MERCANTILE EXCHANGE,231205,2023-12-05,232741,CME ,00,232 ,  195569,   99931,   23473,    1756,   31206,  102511,    4933,   22317,   31657,    7382,    1405,       0,       0,  168930,  171712,   26639,   23857,   -1484,   -4331,   10902,     -87,    3233,   -6146,    -820,   -1213,   -2652,     393,    -937,       0,       0,   -3762,    1590,    2278,   -3074,  100.0,   51.1,   12.0,    0.9,   16.0,   52.4,    2.5,   11.4,   16.2,    3.8,    0.7,    0.0,    0.0,   86.4,   87.8,   13.6,   12.2,    101,      9,      6,      6,     16,     19,      8,     24,     22,     12,      4,      0,      0,     68,     59,    49.0,    46.2,    60.3,    56.9,    49.0,    46.0,    60.0,    55.6,"(CONTRACTS OF AUD 100,000)",232741,CME ,232 ,F10,FutOnly
AUSTRALIAN DOLLAR - CHICAGO MERCANTILE EXCHANGE,231128,2023-11-28,232741,CME ,00,232 ,  197053,  104262,   12571,    1843,   27973,  108657,    5753,   23530,   34309,    6989,    2342,       0,       0,  172692,  170122,   24361,   26931,     455,   -1659,    8530,     285,    1193,   -6479,    -586,    -656,   -1730,    2461,     -21,       0,       0,    1017,    2481,    -562,   -2026,  100.0,   52.9,    6.4,    0.9,   14.2,   55.1,    2.9,   11.9,   17.4,    3.5,    1.2,    0.0,    0.0,   87.6,   86.3,   12.4,   13.7,    105,      9,      5,.,     15,     22,     10,     24,     24,     11,      5,      0,      0,     66,     63,    50.6,    45.3,    61.9,    55.3,    50.6,    43.1,    61.7,    52.4,"(CONTRACTS OF AUD 100,000)",232741,CME ,232 ,F10,FutOnly
AUSTRALIAN DOLLAR - CHICAGO MERCANTILE EXCHANGE,231121,2023-11-21,232741,CME ,00,232 ,  196598,  105921,    4041,    1558,   26780,  115136,    6339,   24186,   36039,    4528,    2363,       0,       0,  171675,  167641,   24923,   28957,    -871,    -721,   -6256,      -4,   -1522,    3757,    -538,   -2574,    3016,     116,    1267,       0,       0,   -3976,      91,    3105,    -962,  100.0,   53.9,    2.1,    0.8,   13.6,   58.6,    3.2,   12.3,   18.3,    2.3,    1.2,    0.0,    0.0,   87.3,   85.3,   12.7,   14.7,    102,     10,.,.,     13,     24,      9,     22,     25,      9,      5,      0,      0,     61,     62,    50.5,    48.4,    62.5,    56.8,    50.5,    46.4,    62.4,    53.4,"(CONTRACTS OF AUD 100,000)",232741,CME ,232 ,F10,FutOnly
AUSTRALIAN DOLLAR - CHICAGO MERCANTILE EXCHANGE,231114,2023-11-14,232741,CME ,00,232 ,  197469,  106642,   10297,    1562,   28302,  111379,    6877,   26760,   33023,    4412,    1096,       0,       0,  175651,  167550,   21818,   29919,    4973,    2516,   -5697,    -606,   -5554,    9666,     989,    7602,     174,       1,     -24,       0,       0,    4924,    4527,      49,     446,  100.0,   54.0,    5.2,    0.8,   14.3,   56.4,    3.5,   13.6,   16.7,    2.2,    0.6,    0.0,    0.0,   89.0,   84.8,   11.0,   15.2,    107,     10,      4,.,     14,     24,     10,     22,     30,     10,.,      0,      0,     61,     68,    50.2,    43.4,    62.9,    52.7,    50.2,    42.1,    62.6,    49.9,"(CONTRACTS OF AUD 100,000)",232741,CME ,232 ,F10,FutOnly
AUSTRALIAN DOLLAR - CHICAGO MERCANTILE EXCHANGE,231107,2023-11-07,232741,CME ,00,232 ,  192496,  104126,   15994,    2168,   33856,  101713,    5888,   19158,   32849,    4411,    1120,       0,       0,  170727,  163023,   21769,   29473,   -4370,   -5629,    7787,    1727,    3805,   -3783,     366,   -6176,   -9447,    3421,   -1061,       0,       0,   -3547,      71,    -823,   -4441,  100.0,   54.1,    8.3,    1.1,   17.6,   52.8,    3.1,   10.0,   17.1,    2.3,    0.6,    0.0,    0.0,   88.7,   84.7,   11.3,   15.3,    104,      9,      6,.,     14,     22,      9,     20,     30,     12,.,      0,      0,     58,     70,    51.4,    41.5,    64.9,    49.5,    51.4,    41.3,    64.8,    49.2,"(CONTRACTS OF AUD 100,000)",232741,CME ,232 ,F10,FutOnly
AUSTRALIAN DOLLAR - CHICAGO MERCANTILE EXCHANGE,231031,2023-10-31,232741,CME ,00,232 ,  196866,  109755,    8207,     441,   30051,  105496,    5522,   25334,   42296,     990,    2181,       0,       0,  174274,  162952,   22592,   33914,    2200,   -5775,    3840,     168,    -540,   -4079,     367,    3803,    2187,     181,      10,       0,       0,   -1786,    2664,    3986,    -464,  100.0,   55.8,    4.2,    0.2,   15.3,   53.6,    2.8,   12.9,   21.5,    0.5,    1.1,    0.0,    0.0,   88.5,   82.8,   11.5,   17.2,    103,      8,      5,.,     14,     25,     10,     18,     30,      9,.,      0,      0,     55,     69,    50.3,    40.1,    63.4,    48.0,    50.3,    39.7,    63.4,    46.7,"(CONTRACTS OF AUD 100,000)",232741,CME ,232 ,F10,FutOnly
AUSTRALIAN DOLLAR - CHICAGO MERCANTILE EXCHANGE,231024,2023-10-24,232741,CME ,00,232 ,  194666,  115530,    4367,     273,   30591,  109575,    5155,   21531,   40109,     809,    2171,       0,       0,  176060,  160288,   18606,   34378,   -1378,    1550,     699,     273,   -2123,   -3855,      76,   -1588,    1879,     176,    -274,    -537,       0,   -1910,   -1289,     532,     -89,  100.0,   59.3,    2.2,    0.1,   15.7,   56.3,    2.6,   11.1,   20.6,    0.4,    1.1,    0.0,    0.0,   90.4,   82.3,    9.6,   17.7,    100,      8,.,.,     14,     25,      9,     18,     29,      8,.,      0,      0,     53,     65,    50.7,    41.2,    66.8,    48.9,    50.7,    40.6,    66.8,    47.4,"(CONTRACTS OF AUD 100,000)",232741,CME ,232 ,F10,FutOnly
AUSTRALIAN DOLLAR - CHICAGO MERCANTILE EXCHANGE,231017,2023-10-17,232741,CME ,00,232 ,  196044,  113980,    3668,       0,   32714,  113430,    5079,   23119,   38230,     633,    2445,     537,       0,  177970,  161577,   18074,   34467,    5911,    4591,   -1408,       0,   -1109,    6290,     477,    3666,       6,    -506,     138,     537,       0,    7257,    5396,   -1346,     515,  100.0,   58.1,    1.9,    0.0,   16.7,   57.9,    2.6,   11.8,   19.5,    0.3,    1.2,    0.3,    0.0,   90.8,   82.4,    9.2,   17.6,    104,     10,.,      0,     14,     24,      8,     19,     31,      5,.,.,      0,     54,     63,    49.9,    41.4,    64.8,    50.7,    49.9,    40.4,    64.6,    49.2,"(CONTRACTS OF AUD 100,000)",232741,CME ,232 ,F10,FutOnly
AUSTRALIAN DOLLAR - CHICAGO MERCANTILE EXCHANGE,231010,2023-10-10,232741,CME ,00,232 ,  190133,  109389,    5076,       0,   33823,  107140,    4602,   19453,   38224,    1139,    2307,       0,       0,  170713,  156181,   19420,   33952,  -17649,   -1491,    3020,       0,   -1708,  -10456,     340,  -13172,   -8282,    -252,     -96,      -2,       0,  -16379,  -15632,   -1270,   -2017,  100.0,   57.5,    2.7,    0.0,   17.8,   56.4,    2.4,   10.2,   20.1,    0.6,    1.2,    0.0,    0.0,   89.8,   82.1,   10.2,   17.9,     96,      9,.,      0,     13,     23,      7,     11,     34,      8,.,      0,      0,     46,     65,    51.4,    41.5,    66.4,    50.4,    51.4,    41.2,    65.9,    49.0,"(CONTRACTS OF AUD 100,000)",232741,CME ,232 ,F10,FutOnly
AUSTRALIAN DOLLAR - CHICAGO MERCANTILE EXCHANGE,231003,2023-10-03,232741,CME ,00,232 ,  207782,  110880,    2056,       0,   35531,  117596,    4262,   32625,   46506,    1391,    2403,       2,       0,  187092,  171813,   20690,   35969,   -4100,  -12510,   -1409,     -52,    2710,  -11913,     -89,    4357,    9166,     173,    1133,       2,       0,   -4278,   -4122,     178,      22,  100.0,   53.4,    1.0,    0.0,   17.1,   56.6,    2.1,   15.7,   22.4,    0.7,    1.2,    0.0,    0.0,   90.0,   82.7,   10.0,   17.3,    100,      9,      4,      0,     11,     26,      8,     18,     28,     10,.,.,      0,     51,     67,    47.2,    40.4,    62.3,    51.1,    47.2,    40.2,    62.0,    49.9,"(CONTRACTS OF AUD 100,000)",232741,CME ,232 ,F10,FutOnly
AUSTRALIAN DOLLAR - CHICAGO MERCANTILE EXCHANGE,230926,2023-09-26,232741,CME ,00,232 ,  211882,  123390,    3465,      52,   32821,  129509,    4351,   28268,   37340,    1218,    1270,       0,       0,  191370,  175935,   20512,   35947,   -9347,   -6165,    1865,    -601,     534,   -7637,     454,    -944,   -3128,   -2792,    -882,    -926,       0,  -10396,  -12765,    1049,    3418,  100.0,   58.2,    1.6,    0.0,   15.5,   61.1,    2.1,   13.3,   17.6,    0.6,    0.6,    0.0,    0.0,   90.3,   83.0,    9.7,   17.0,     97,      9,      4,.,     10,     27,      9,     19,     26,      8,.,      0,      0,     50,     65,    47.1,    42.4,    64.8,    52.3,    47.1,    42.1,    64.8,    51.1,"(CONTRACTS OF AUD 100,000)",232741,CME ,232 ,F10,FutOnly
AUSTRALIAN DOLLAR - CHICAGO MERCANTILE EXCHANGE,230919,2023-09-19,232741,CME ,00,232 ,  221229,  129555,    1600,     653,   32287,  137146,    3897,   29212,   40468,    4010,    2152,     926,       0,  201766,  188700,   19463,   32529,  -34990,   17538,   -1919,  -23790,   -5376,    1923,     545,   -6387,    8212,  -14744,      34,     -16,       0,  -32180,  -29789,   -2810,   -5201,  100.0,   58.6,    0.7,    0.3,   14.6,   62.0,    1.8,   13.2,   18.3,    1.8,    1.0,    0.4,    0.0,   91.2,   85.3,    8.8,   14.7,    103,     11,.,.,     10,     27,      9,     19,     29,     13,      4,.,      0,     55,     71,    44.5,    43.8,    63.8,    53.9,    44.5,    43.6,    63.5,    52.6,"(CONTRACTS OF AUD 100,000)",232741,CME ,232 ,F10,FutOnly
AUSTRALIAN DOLLAR - CHICAGO MERCANTILE EXCHANGE,230912,2023-09-12,232741,CME ,00,232 ,  256219,  112017,    3519,   24443,   37663,  135223,    3352,   35599,   32256,   18754,    2118,     942,       0,  233946,  218489,   22273,   37730,   15018,    3004,    -316,   18607,    -716,     366,    -789,   -8559,  -10325,    5609,    -376,       0,       0,   16780,   13152,   -1762,    1866,  100.0,   43.7,    1.4,    9.5,   14.7,   52.8,    1.3,   13.9,   12.6,    7.3,    0.8,    0.4,    0.0,   91.3,   85.3,    8.7,   14.7,    105,     10,.,      7,     12,     25,      8,     23,     25,     17,      4,.,      0,     62,     75,    41.1,    41.6,    57.7,    54.9,    37.2,    38.3,    51.8,    46.6,"(CONTRACTS OF AUD 100,000)",232741,CME ,232 ,F10,FutOnly
AUSTRALIAN DOLLAR - CHICAGO MERCANTILE EXCHANGE,230905,2023-09-05,232741,CME ,00,232 ,  241201,  109013,    3835,    5836,   38379,  134857,    4141,   44158,   42581,   13145,    2494,     942,       0,  217166,  205337,   24035,   35864,   17712,   11991,   -1245,    4132,     811,    2270,     130,   -8124,    2372,    7307,     533,     406,       0,   16780,   15372,     932,    2340,  100.0,   45.2,    1.6,    2.4,   15.9,   55.9,    1.7,   18.3,   17.7,    5.4,    1.0,    0.4,    0.0,   90.0,   85.1,   10.0,   14.9,    110,     10,.,      7,     12,     25,      9,     22,     32,     15,      4,.,      0,     62,     79,    39.4,    40.3,    54.4,    50.0,    38.7,    40.1,    53.6,    48.3,"(CONTRACTS OF AUD 100,000)",232741,CME ,232 ,F10,FutOnly
AUSTRALIAN DOLLAR - CHICAGO MERCANTILE EXCHANGE,230829,2023-08-29,232741,CME ,00,232 ,  223489,   97022,    5080,    1704,   37568,  132587,    4011,   52282,   40209,    5838,    1961,     536,       0,  200386,  189965,   23103,   33524,   -3466,    7171,    1026,      80,   -4291,   -1963,    -167,   -8350,   -1424,     -34,     -78,    -500,       0,   -5669,   -2982,    2203,    -484,  100.0,   43.4,    2.3,    0.8,   16.8,   59.3,    1.8,   23.4,   18.0,    2.6,    0.9,    0.2,    0.0,   89.7,   85.0,   10.3,   15.0,    102,      8,      4,.,     11,     28,      8,     20,     27,     12,.,.,      0,     53,     71,    38.2,    42.3,    55.1,    54.3,    37.4,    42.0,    54.2,    51.7,"(CONTRACTS OF AUD 100,000)",232741,CME ,232 ,F10,FutOnly
AUSTRALIAN DOLLAR - CHICAGO MERCANTILE EXCHANGE,230822,2023-08-22,232741,CME ,00,232 ,  226955,   89851,    4054,    1624,   41859,  134550,    4178,   60632,   41633,    5872,    2039,    1036,       0,  206055,  192947,   20900,   34008,   22497,    9931,     242,     134,    3196,   10845,      92,    5550,    5868,    2525,     561,    1036,       0,   21989,   20742,     508,    1755,  100.0,   39.6,    1.8,    0.7,   18.4,   59.3,    1.8,   26.7,   18.3,    2.6,    0.9,    0.5,    0.0,   90.8,   85.0,    9.2,   15.0,    105,      8,      4,.,     12,     29,      9,     18,     29,     15,.,.,      0,     54,     77,    37.1,    42.2,    54.5,    53.0,    36.2,    41.9,    53.6,    50.8,"(CONTRACTS OF AUD 100,000)",232741,CME ,232 ,F10,FutOnly
AUSTRALIAN DOLLAR - CHICAGO MERCANTILE EXCHANGE,230815,2023-08-15,232741,CME ,00,232 ,  204458,   79920,    3812,    1490,   38663,  123705,    4086,   55082,   35765,    3347,    1478,       0,       0,  184066,  172205,   20392,   32253,   21616,   12746,     137,     608,   -1194,   11861,      67,    8357,    8378,    -135,    -325,       0,       0,   20124,   20916,    1492,     700,  100.0,   39.1,    1.9,    0.7,   18.9,   60.5,    2.0,   26.9,   17.5,    1.6,    0.7,    0.0,    0.0,   90.0,   84.2,   10.0,   15.8,     98,      8,      4,.,     11,     26,      8,     22,     25,     13,.,      0,      0,     52,     69,    37.0,    45.3,    55.7,    54.4,    36.1,    44.9,    54.7,    54.0,"(CONTRACTS OF AUD 100,000)",232741,CME ,232 ,F10,FutOnly
AUSTRALIAN DOLLAR - CHICAGO MERCANTILE EXCHANGE,230808,2023-08-08,232741,CME ,00,232 ,  182842,   67174,    3675,     882,   39857,  111844,    4019,   46725,   27387,    3482,    1803,       0,       0,  163942,  151289,   18900,   31553,   21544,   10839,    -382,     241,   -7169,   15362,    2431,   17944,    -541,    -637,       0,       0,       0,   23649,   16474,   -2105,    5070,  100.0,   36.7,    2.0,    0.5,   21.8,   61.2,    2.2,   25.6,   15.0,    1.9,    1.0,    0.0,    0.0,   89.7,   82.7,   10.3,   17.3,     91,      8,      4,.,     14,     21,      9,     19,     22,     11,.,      0,      0,     53,     61,    33.6,    46.4,    53.9,    56.0,    33.3,    46.0,    53.2,    55.6,"(CONTRACTS OF AUD 100,000)",232741,CME ,232 ,F10,FutOnly
AUSTRALIAN DOLLAR - CHICAGO MERCANTILE EXCHANGE,230801,2023-08-01,232741,CME ,00,232 ,  161298,   56335,    4057,     641,   47026,   96482,    1588,   28781,   27928,    4119,    1803,       0,       0,  140293,  134815,   21005,   26483,   14875,    7305,    -358,      19,     401,    9075,     317,   10358,    2147,    -713,     -82,       0,       0,   17605,   10487,   -2730,    4388,  100.0,   34.9,    2.5,    0.4,   29.2,   59.8,    1.0,   17.8,   17.3,    2.6,    1.1,    0.0,    0.0,   87.0,   83.6,   13.0,   16.4,     88,      7,      4,.,     14,     18,      7,     21,     22,     13,.,      0,      0,     53,     57,    35.0,    47.1,    52.7,    57.0,    35.0,    46.9,    52.3,    56.3,"(CONTRACTS OF AUD 100,000)",232741,CME ,232 ,F10,FutOnly
AUSTRALIAN DOLLAR - CHICAGO MERCANTILE EXCHANGE,230725,2023-07-25,232741,CME ,00,232 ,  146423,   49030,    4415,     622,   46625,   87407,    1271,   18423,   25781,    4832,    1885,       0,       0,  122688,  124328,   23735,   22095,   -2169,   -8182,     173,      -3,    2955,   -2191,    -204,     530,    -315,     459,      80,       0,       0,   -4365,   -2081,    2196,     -88,  100.0,   33.5,    3.0,    0.4,   31.8,   59.7,    0.9,   12.6,   17.6,    3.3,    1.3,    0.0,    0.0,   83.8,   84.9,   16.2,   15.1,     83,      6,      4,.,     17,     16,      7,     15,     23,     14,.,      0,      0,     52,     53,    33.7,    51.2,    50.3,    60.1,    33.7,    50.9,    49.9,    58.9,"(CONTRACTS OF AUD 100,000)",232741,CME ,232 ,F10,FutOnly
AUSTRALIAN DOLLAR - CHICAGO MERCANTILE EXCHANGE,230718,2023-07-18,232741,CME ,00,232 ,  148592,   57212,    4242,     625,   43670,   89598,    1475,   17893,   26096,    4373,    1805,       0,       0,  127053,  126409,   21539,   22183,   -3903,   -6050,    1348,     -15,    5883,   -5401,   -2576,   -7589,    4530,    1371,     -74,       0,       0,   -9050,    -743,    5147,   -3160,  100.0,   38.5,    2.9,    0.4,   29.4,   60.3,    1.0,   12.0,   17.6,    2.9,    1.2,    0.0,    0.0,   85.5,   85.1,   14.5,   14.9,     86,      6,      4,.,     16,     15,      8,     16,     27,     11,.,      0,      0,     53,     53,    36.9,    50.5,    54.5,    59.4,    36.9,    50.3,    54.1,    57.9,"(CONTRACTS OF AUD 100,000)",232741,CME ,232 ,F10,FutOnly
AUSTRALIAN DOLLAR - CHICAGO MERCANTILE EXCHANGE,230711,2023-07-11,232741,CME ,00,232 ,  152495,   63262,    2894,     640,   37787,   94999,    4051,   25482,   21566,    3002,    1879,       0,       0,  136103,  127152,   16392,   25343,   -1249,   10991,     822,     580,     621,    2528,      -1,  -11500,   -5522,     124,    -125,       0,       0,     690,   -1469,   -1939,     220,  100.0,   41.5,    1.9,    0.4,   24.8,   62.3,    2.7,   16.7,   14.1,    2.0,    1.2,    0.0,    0.0,   89.3,   83.4,   10.7,   16.6,     82,      7,.,.,     12,     19,      9,     16,     23,     10,.,      0,      0,     49,     53,    38.0,    49.6,    56.9,    57.5,    38.0,    49.3,    56.5,    56.7,"(CONTRACTS OF AUD 100,000)",232741,CME ,232 ,F10,FutOnly
AUSTRALIAN DOLLAR - CHICAGO MERCANTILE EXCHANGE,230703,2023-07-03,232741,CME ,00,232 ,  153744,   52271,    2072,      60,   37166,   92471,    4052,   36982,   27088,    2878,    2004,       0,       0,  135413,  128621,   18331,   25123,   17409,   14790,   -2712,      13,   -6671,   12939,    1053,   10625,    1123,    1097,       0,       0,       0,   20907,   13513,   -3498,    3896,  100.0,   34.0,    1.3,    0.0,   24.2,   60.1,    2.6,   24.1,   17.6,    1.9,    1.3,    0.0,    0.0,   88.1,   83.7,   11.9,   16.3,     83,      8,.,.,     11,     18,     10,     22,     19,      8,.,      0,      0,     54,     49,    32.2,    50.6,    51.1,    61.1,    32.2,    50.3,    51.0,    60.5,"(CONTRACTS OF AUD 100,000)",232741,CME ,232 ,F10,FutOnly
AUSTRALIAN DOLLAR - CHICAGO MERCANTILE EXCHANGE,230627,2023-06-27,232741,CME ,00,232 ,  136335,   37481,    4784,      47,   43837,   79532,    2999,   26357,   25965,    1781,    2004,       0,       0,  114506,  115108,   21829,   21227,  -13563,   -6998,    1638,      -2,   -6121,   -1237,      68,    -750,  -12173,    -270,     125,       0,       0,  -13948,  -11976,     385,   -1587,  100.0,   27.5,    3.5,    0.0,   32.2,   58.3,    2.2,   19.3,   19.0,    1.3,    1.5,    0.0,    0.0,   84.0,   84.4,   16.0,   15.6,     79,      7,.,.,     17,     13,     10,     17,     20,      7,.,      0,      0,     52,     46,    32.7,    53.9,    48.1,    63.6,    32.7,    53.6,    48.1,    63.0,"(CONTRACTS OF AUD 100,000)",232741,CME ,232 ,F10,FutOnly
AUSTRALIAN DOLLAR - CHICAGO MERCANTILE EXCHANGE,230620,2023-06-20,232741,CME ,00,232 ,  149898,   44479,    3146,      49,   49958,   80769,    2931,   27107,   38138,    2051,    1879,       0,       0,  128454,  127084,   21444,   22814,  -32664,  -25433,    1546,   -1440,    5198,   -9229,   -2304,    1312,    -325,  -10712,    -391,    -514,       0,  -33770,  -22978,    1106,   -9686,  100.0,   29.7,    2.1,    0.0,   33.3,   53.9,    2.0,   18.1,   25.4,    1.4,    1.3,    0.0,    0.0,   85.7,   84.8,   14.3,   15.2,     82,      8,.,.,     16,     15,      8,     16,     23,      8,.,      0,      0,     53,     47,    30.2,    49.8,    48.5,    60.1,    30.2,    49.5,    48.5,    59.5,"(CONTRACTS OF AUD 100,000)",232741,CME ,232 ,F10,FutOnly
AUSTRALIAN DOLLAR - CHICAGO MERCANTILE EXCHANGE,230613,2023-06-13,232741,CME ,00,232 ,  182562,   69912,    1600,    1489,   44760,   89998,    5235,   25795,   38463,   12763,    2270,     514,       0,  162224,  150062,   20338,   32500,  -27118,   -9824,    -107,   -2505,    4628,  -28608,   -1402,  -18517,    3892,    -471,       0,     -24,       0,  -28091,  -29225,     973,    2107,  100.0,   38.3,    0.9,    0.8,   24.5,   49.3,    2.9,   14.1,   21.1,    7.0,    1.2,    0.3,    0.0,   88.9,   82.2,   11.1,   17.8,     83,      8,.,      4,     11,     18,     12,     14,     27,     13,.,.,      0,     52,     60,    32.9,    42.7,    53.9,    51.5,    32.6,    39.2,    52.8,    46.5,"(CONTRACTS OF AUD 100,000)",232741,CME ,232 ,F10,FutOnly
AUSTRALIAN DOLLAR - CHICAGO MERCANTILE EXCHANGE,230606,2023-06-06,232741,CME ,00,232 ,  209680,   79736,    1707,    3994,   40132,  118606,    6637,   44312,   34571,   13234,    2270,     538,       0,  190315,  179287,   19365,   30393,    4717,    3410,    -239,    3589,   -1980,     538,    1025,   -9349,   -4605,    8456,    -290,      43,       0,    4861,    8807,    -144,   -4090,  100.0,   38.0,    0.8,    1.9,   19.1,   56.6,    3.2,   21.1,   16.5,    6.3,    1.1,    0.3,    0.0,   90.8,   85.5,    9.2,   14.5,     94,      8,.,      4,     11,     22,     11,     20,     28,      8,.,.,      0,     50,     67,    32.7,    40.9,    52.4,    53.0,    30.9,    39.9,    48.9,    49.5,"(CONTRACTS OF AUD 100,000)",232741,CME ,232 ,F10,FutOnly
AUSTRALIAN DOLLAR - CHICAGO MERCANTILE EXCHANGE,230530,2023-05-30,232741,CME ,00,232 ,  204963,   76326,    1946,     405,   42112,  118068,    5612,   53661,   39176,    4778,    2560,     495,       0,  185454,  170480,   19509,   34483,   24825,    8540,    -572,     107,   -1568,   12878,     -84,   15228,    5857,    2100,      50,      75,       0,   24373,   20361,     452,    4464,  100.0,   37.2,    0.9,    0.2,   20.5,   57.6,    2.7,   26.2,   19.1,    2.3,    1.2,    0.2,    0.0,   90.5,   83.2,    9.5,   16.8,     95,      8,.,.,     11,     22,     11,     20,     28,     10,.,.,      0,     52,     66,    30.6,    41.7,    52.2,    51.8,    30.6,    41.5,    51.9,    50.9,"(CONTRACTS OF AUD 100,000)",232741,CME ,232 ,F10,FutOnly
AUSTRALIAN DOLLAR - CHICAGO MERCANTILE EXCHANGE,230523,2023-05-23,232741,CME ,00,232 ,  180138,   67786,    2518,     298,   43680,  105190,    5696,   38433,   33319,    2678,    2510,     420,       0,  161081,  150119,   19057,   30019,   13118,    8999,     295,     -21,   -3833,    9405,    -348,    8381,    1153,    1010,    -451,    -411,       0,   13737,   11083,    -619,    2035,  100.0,   37.6,    1.4,    0.2,   24.2,   58.4,    3.2,   21.3,   18.5,    1.5,    1.4,    0.2,    0.0,   89.4,   83.3,   10.6,   16.7,     93,      8,.,.,     13,     22,     12,     24,     20,      9,.,.,      0,     59,     57,    32.0,    43.2,    52.7,    53.1,    31.9,    42.9,    52.5,    51.8,"(CONTRACTS OF AUD 100,000)",232741,CME ,232 ,F10,FutOnly
AUSTRALIAN DOLLAR - CHICAGO MERCANTILE EXCHANGE,230516,2023-05-16,232741,CME ,00,232 ,  167020,   58787,    2223,     319,   47513,   95785,    6044,   30052,   32166,    1668,    2961,     831,       0,  147344,  139036,   19676,   27984,    1488,    -367,     623,     183,     826,    2044,      30,     826,   -3147,      15,    -330,     831,       0,    1183,     579,     305,     909,  100.0,   35.2,    1.3,    0.2,   28.4,   57.3,    3.6,   18.0,   19.3,    1.0,    1.8,    0.5,    0.0,   88.2,   83.2,   11.8,   16.8,     91,      8,.,.,     13,     23,     13,     18,     22,      8,.,.,      0,     55,     59,    37.7,    43.4,    58.1,    53.0,    37.6,    43.1,    57.3,    51.6,"(CONTRACTS OF AUD 100,000)",232741,CME ,232 ,F10,FutOnly
AUSTRALIAN DOLLAR - CHICAGO MERCANTILE EXCHANGE,230509,2023-05-09,232741,CME ,00,232 ,  165532,   59154,    1600,     136,   46687,   93741,    6014,   29226,   35313,    1653,    3291,       0,       0,  146161,  138457,   19371,   27075,  -15697,   -3386,   -1272,      -3,     764,  -11518,     249,  -11590,    3248,   -2101,     420,    -412,       0,  -15647,  -11809,     -50,   -3888,  100.0,   35.7,    1.0,    0.1,   28.2,   56.6,    3.6,   17.7,   21.3,    1.0,    2.0,    0.0,    0.0,   88.3,   83.6,   11.7,   16.4,     87,      7,.,.,     14,     20,     12,     16,     25,      8,.,      0,      0,     52,     56,    38.5,    42.1,    60.4,    51.7,    38.4,    41.9,    59.6,    51.1,"(CONTRACTS OF AUD 100,000)",232741,CME ,232 ,F10,FutOnly
AUSTRALIAN DOLLAR - CHICAGO MERCANTILE EXCHANGE,230502,2023-05-02,232741,CME ,00,232 ,  181229,   62540,    2872,     139,   45923,  105259,    5765,   40816,   32065,    3754,    2871,     412,       0,  161808,  150266,   19421,   30963,    2472,    2569,   -1845,      -3,    -832,   10786,     218,     415,   -4889,     101,    -430,     412,       0,    2038,    4780,     434,   -2308,  100.0,   34.5,    1.6,    0.1,   25.3,   58.1,    3.2,   22.5,   17.7,    2.1,    1.6,    0.2,    0.0,   89.3,   82.9,   10.7,   17.1,     88,      7,.,.,     14,     21,      8,     19,     22,      9,.,.,      0,     49,     57,    37.0,    43.0,    58.6,    52.7,    36.9,    42.9,    57.9,    52.4,"(CONTRACTS OF AUD 100,000)",232741,CME ,232 ,F10,FutOnly
AUSTRALIAN DOLLAR - CHICAGO MERCANTILE EXCHANGE,230425,2023-04-25,232741,CME ,00,232 ,  178757,   59971,    4717,     142,   46755,   94473,    5547,   40401,   36954,    3653,    3301,       0,       0,  159770,  145486,   18987,   33271,   19049,    8869,     415,      -2,     344,   10120,    1086,   10139,    2604,     256,    -130,       0,       0,   20562,   14479,   -1513,    4570,  100.0,   33.5,    2.6,    0.1,   26.2,   52.8,    3.1,   22.6,   20.7,    2.0,    1.8,    0.0,    0.0,   89.4,   81.4,   10.6,   18.6,     92,      7,.,.,     13,     22,      8,     21,     24,      8,.,      0,      0,     50,     59,    37.1,    37.8,    58.5,    47.4,    37.0,    37.6,    58.0,    47.0,"(CONTRACTS OF AUD 100,000)",232741,CME ,232 ,F10,FutOnly
AUSTRALIAN DOLLAR - CHICAGO MERCANTILE EXCHANGE,230418,2023-04-18,232741,CME ,00,232 ,  159708,   51102,    4302,     144,   46411,   84353,    4461,   30262,   34350,    3397,    3431,       0,       0,  139208,  131007,   20500,   28701,     267,     987,     159,     -18,    -749,   -1101,      97,      14,    2106,    1044,     -20,       0,       0,    1355,    2287,   -1088,   -2020,  100.0,   32.0,    2.7,    0.1,   29.1,   52.8,    2.8,   18.9,   21.5,    2.1,    2.1,    0.0,    0.0,   87.2,   82.0,   12.8,   18.0,     89,      7,.,.,     14,     19,      9,     20,     24,     10,.,      0,      0,     56,     53,    39.9,    41.9,    59.1,    50.4,    39.8,    41.7,    58.6,    49.8,"(CONTRACTS OF AUD 100,000)",232741,CME ,232 ,F10,FutOnly
AUSTRALIAN DOLLAR - CHICAGO MERCANTILE EXCHANGE,230411,2023-04-11,232741,CME ,00,232 ,  159441,   50115,    4143,     162,   47160,   85454,    4364,   30248,   32244,    2353,    3451,       0,       0,  137853,  128720,   21588,   30721,    8199,    5958,   -1233,      -4,    1052,    1802,     362,   -2503,    4859,     819,     450,       0,       0,    6134,    6605,    2065,    1594,  100.0,   31.4,    2.6,    0.1,   29.6,   53.6,    2.7,   19.0,   20.2,    1.5,    2.2,    0.0,    0.0,   86.5,   80.7,   13.5,   19.3,     87,      7,.,.,     13,     19,      9,     16,     27,      8,.,      0,      0,     49,     57,    41.7,    41.6,    59.6,    51.5,    41.7,    41.4,    59.1,    50.0,"(CONTRACTS OF AUD 100,000)",232741,CME ,232 ,F10,FutOnly
AUSTRALIAN DOLLAR - CHICAGO MERCANTILE EXCHANGE,230404,2023-04-04,232741,CME ,00,232 ,  151242,   44157,    5376,     166,   46108,   83652,    4002,   32751,   27385,    1534,    3001,       0,       0,  131719,  122115,   19523,   29127,       4,   -4423,    2590,      -8,    3301,   -1364,     183,     741,    -217,     -73,      90,    -427,       0,    -189,     684,     193,    -680,  100.0,   29.2,    3.6,    0.1,   30.5,   55.3,    2.6,   21.7,   18.1,    1.0,    2.0,    0.0,    0.0,   87.1,   80.7,   12.9,   19.3,     84,      6,      4,.,     12,     18,      8,     20,     21,      6,.,      0,      0,     50,     51,    43.2,    44.4,    60.3,    54.1,    43.1,    44.2,    59.9,    52.7,"(CONTRACTS OF AUD 100,000)",232741,CME ,232 ,F10,FutOnly
AUSTRALIAN DOLLAR - CHICAGO MERCANTILE EXCHANGE,230328,2023-03-28,232741,CME ,00,232 ,  151238,   48580,    2786,     174,   42807,   85016,    3819,   32010,   27602,    1607,    2911,     427,       0,  131908,  121431,   19330,   29807,    -598,   -2007,    1186,      95,    3767,     -67,    -541,   -2694,    -812,    -693,      50,     427,       0,   -2023,    -405,    1425,    -193,  100.0,   32.1,    1.8,    0.1,   28.3,   56.2,    2.5,   21.2,   18.3,    1.1,    1.9,    0.3,    0.0,   87.2,   80.3,   12.8,   19.7,     81,      7,.,.,     11,     20,      9,     17,     20,      8,.,.,      0,     47,     53,    46.8,    44.8,    62.5,    54.2,    46.7,    44.1,    62.1,    52.4,"(CONTRACTS OF AUD 100,000)",232741,CME ,232 ,F10,FutOnly
AUSTRALIAN DOLLAR - CHICAGO MERCANTILE EXCHANGE,230321,2023-03-21,232741,CME ,00,232 ,  151836,   50587,    1600,      79,   39040,   85083,    4360,   34704,   28414,    2300,    2861,       0,       0,  133931,  121836,   17905,   30000,    1778,    2634,       0,    -138,    -406,    2355,     -20,   -1815,   -1019,     439,     -20,       0,       0,     674,    1617,    1104,     161,  100.0,   33.3,    1.1,    0.1,   25.7,   56.0,    2.9,   22.9,   18.7,    1.5,    1.9,    0.0,    0.0,   88.2,   80.2,   11.8,   19.8,     85,      9,.,.,     11,     21,      9,     19,     21,      9,.,      0,      0,     53,     52,    44.1,    44.4,    57.9,    53.3,    44.1,    44.2,    57.8,    52.6,"(CONTRACTS OF AUD 100,000)",232741,CME ,232 ,F10,FutOnly
AUSTRALIAN DOLLAR - CHICAGO MERCANTILE EXCHANGE,230314,2023-03-14,232741,CME ,00,232 ,  150058,   47953,    1600,     217,   39446,   82728,    4380,   36519,   29433,    1861,    2881,       0,       0,  133257,  120219,   16801,   29839,   -7932,   23486,   -1490,   -9750,   -5429,   11213,     633,   -9432,   -3084,   -4363,    -123,       0,       0,   -4978,   -6841,   -2954,   -1091,  100.0,   32.0,    1.1,    0.1,   26.3,   55.1,    2.9,   24.3,   19.6,    1.2,    1.9,    0.0,    0.0,   88.8,   80.1,   11.2,   19.9,     84,      7,.,.,     11,     19,      9,     21,     22,     10,.,      0,      0,     52,     52,    42.8,    43.9,    57.3,    53.5,    42.7,    43.3,    56.8,    52.3,"(CONTRACTS OF AUD 100,000)",232741,CME ,232 ,F10,FutOnly
AUSTRALIAN DOLLAR - CHICAGO MERCANTILE EXCHANGE,230307,2023-03-07,232741,CME ,00,232 ,  157990,   24467,    3090,    9967,   44875,   71515,    3747,   45951,   32517,    6224,    3004,       0,       0,  138235,  127060,   19755,   30930,   31309,    2330,   -6633,    9842,   -2526,    4407,    1081,   16805,   11733,    3470,    -340,       0,       0,   30662,   23900,     647,    7409,  100.0,   15.5,    2.0,    6.3,   28.4,   45.3,    2.4,   29.1,   20.6,    3.9,    1.9,    0.0,    0.0,   87.5,   80.4,   12.5,   19.6,     90,      6,      5,      7,     13,     17,     10,     25,     20,     13,.,      0,      0,     62,     58,    36.2,    42.0,    50.9,    51.2,    34.1,    41.2,    45.7,    48.7,"(CONTRACTS OF AUD 100,000)",232741,CME ,232 ,F10,FutOnly
AUSTRALIAN DOLLAR - CHICAGO MERCANTILE EXCHANGE,230228,2023-02-28,232741,CME ,00,232 ,  126681,   22137,    9723,     125,   47401,   67108,    2666,   29146,   20784,    2754,    3344,       0,       0,  107573,  103160,   19108,   23521,    3225,    1493,   -2720,      27,   -2044,    5786,    1472,    5039,   -2090,    -516,     640,       0,       0,    6111,    1959,   -2886,    1266,  100.0,   17.5,    7.7,    0.1,   37.4,   53.0,    2.1,   23.0,   16.4,    2.2,    2.6,    0.0,    0.0,   84.9,   81.4,   15.1,   18.6,     83,      4,      5,.,     15,     16,      9,     24,     15,     12,      4,      0,      0,     53,     53,    32.6,    50.2,    46.6,    60.9,    32.6,    49.9,    45.4,    59.8,"(CONTRACTS OF AUD 100,000)",232741,CME ,232 ,F10,FutOnly
AUSTRALIAN DOLLAR - CHICAGO MERCANTILE EXCHANGE,230221,2023-02-21,232741,CME ,00,232 ,  123456,   20644,   12443,      98,   49445,   61322,    1194,   24107,   22874,    3270,    2704,       0,       0,  101462,  101201,   21994,   22255,   -2577,    -296,   -1321,      24,   -7323,    -117,     -15,    8278,   -3336,    -793,       0,       0,       0,    -125,   -5558,   -2452,    2981,  100.0,   16.7,   10.1,    0.1,   40.1,   49.7,    1.0,   19.5,   18.5,    2.6,    2.2,    0.0,    0.0,   82.2,   82.0,   17.8,   18.0,     77,      4,      5,.,     16,     11,      6,     23,     15,     11,.,      0,      0,     50,     46,    31.6,    51.4,    43.3,    61.3,    31.5,    51.1,    43.2,    60.7,"(CONTRACTS OF AUD 100,000)",232741,CME ,232 ,F10,FutOnly
AUSTRALIAN DOLLAR - CHICAGO MERCANTILE EXCHANGE,230214,2023-02-14,232741,CME ,00,232 ,  126033,   20940,   13764,      74,   56768,   61439,    1209,   15829,   26210,    4063,    2704,       0,       0,  101587,  106759,   24446,   19274,    2027,    1750,    -351,      21,   -2720,    1404,     115,    2822,     957,    -151,     350,       0,       0,    2187,    1995,    -160,      32,  100.0,   16.6,   10.9,    0.1,   45.0,   48.7,    1.0,   12.6,   20.8,    3.2,    2.1,    0.0,    0.0,   80.6,   84.7,   19.4,   15.3,     76,      4,      5,.,     16,     13,      6,     18,     17,     12,.,      0,      0,     51,     45,    35.5,    48.8,    47.5,    59.6,    35.5,    48.5,    47.5,    58.4,"(CONTRACTS OF AUD 100,000)",232741,CME ,232 ,F10,FutOnly
AUSTRALIAN DOLLAR - CHICAGO MERCANTILE EXCHANGE,230207,2023-02-07,232741,CME ,00,232 ,  124006,   19190,   14115,      53,   59488,   60035,    1094,   13007,   25253,    4214,    2354,       0,       0,   99400,  104764,   24606,   19242,  -12298,   -5283,   -2502,      49,   -5460,   -2175,     -64,   -3674,  -11706,    2001,     100,       0,       0,  -12331,  -14397,      33,    2099,  100.0,   15.5,   11.4,    0.0,   48.0,   48.4,    0.9,   10.5,   20.4,    3.4,    1.9,    0.0,    0.0,   80.2,   84.5,   19.8,   15.5,     80,      4,      5,.,     17,     13,      6,     18,     20,     11,.,      0,      0,     51,     47,    35.3,    50.0,    47.8,    60.7,    35.3,    49.6,    47.8,    59.9,"(CONTRACTS OF AUD 100,000)",232741,CME ,232 ,F10,FutOnly
AUSTRALIAN DOLLAR - CHICAGO MERCANTILE EXCHANGE,230131,2023-01-31,232741,CME ,00,232 ,  136304,   24473,   16617,       4,   64948,   62210,    1158,   16681,   36959,    2213,    2254,       0,       0,  111731,  119161,   24573,   17143,    6814,   -4787,    1335,     -21,    8761,     243,     146,     942,    7045,     361,    -258,       0,       0,    5144,    9109,    1670,   -2295,  100.0,   18.0,   12.2,    0.0,   47.6,   45.6,    0.8,   12.2,   27.1,    1.6,    1.7,    0.0,    0.0,   82.0,   87.4,   18.0,   12.6,     81,      5,      5,.,     21,     10,      5,     18,     18,     11,      4,      0,      0,     56,     42,    35.5,    48.0,    47.9,    59.6,    35.5,    47.7,    47.9,    59.0,"(CONTRACTS OF AUD 100,000)",232741,CME ,232 ,F10,FutOnly
AUSTRALIAN DOLLAR - CHICAGO MERCANTILE EXCHANGE,230124,2023-01-24,232741,CME ,00,232 ,  129490,   29260,   15282,      25,   56187,   61967,    1012,   15739,   29914,    1852,    2512,       0,       0,  106587,  110052,   22903,   19438,    1277,    1381,   -1006,      -2,    1936,   -1529,      -6,    1895,    3593,    -547,      65,       0,       0,    4722,     503,   -3445,     774,  100.0,   22.6,   11.8,    0.0,   43.4,   47.9,    0.8,   12.2,   23.1,    1.4,    1.9,    0.0,    0.0,   82.3,   85.0,   17.7,   15.0,     79,      5,      4,.,     20,     12,      5,     16,     18,      9,      4,      0,      0,     50,     44,    41.0,    50.2,    52.7,    61.5,    41.0,    50.1,    52.7,    61.1,"(CONTRACTS OF AUD 100,000)",232741,CME ,232 ,F10,FutOnly
AUSTRALIAN DOLLAR - CHICAGO MERCANTILE EXCHANGE,230117,2023-01-17,232741,CME ,00,232 ,  128213,   27879,   16288,      27,   54251,   63496,    1018,   13844,   26321,    2399,    2447,       0,       0,  101865,  109549,   26348,   18664,    2185,    -481,    4950,     -18,    2290,     -87,   -1187,   -3303,    -266,    -778,    -113,       0,       0,   -3590,    2614,    5775,    -429,  100.0,   21.7,   12.7,    0.0,   42.3,   49.5,    0.8,   10.8,   20.5,    1.9,    1.9,    0.0,    0.0,   79.4,   85.4,   20.6,   14.6,     75,      4,      5,.,     17,     13,      6,     14,     18,      6,      4,      0,      0,     44,     44,    41.4,    51.8,    52.8,    61.4,    41.4,    51.7,    52.8,    61.1,"(CONTRACTS OF AUD 100,000)",232741,CME ,232 ,F10,FutOnly
AUSTRALIAN DOLLAR - CHICAGO MERCANTILE EXCHANGE,230110,2023-01-10,232741,CME ,00,232 ,  126028,   28360,   11338,      45,   51961,   63583,    2205,   17147,   26587,    3177,    2560,       0,       0,  105455,  106935,   20573,   19093,   -6932,   -2459,    6353,     -11,    -566,   -5443,    -885,   -5244,   -4271,    -593,     100,       0,       0,   -9658,   -4850,    2726,   -2082,  100.0,   22.5,    9.0,    0.0,   41.2,   50.5,    1.7,   13.6,   21.1,    2.5,    2.0,    0.0,    0.0,   83.7,   84.9,   16.3,   15.1,     80,      4,      5,.,     16,     16,      7,     18,     18,      7,.,      0,      0,     48,     47,    42.2,    47.8,    54.0,    57.7,    42.2,    47.7,    53.6,    57.3,"(CONTRACTS OF AUD 100,000)",232741,CME ,232 ,F10,FutOnly
AUSTRALIAN DOLLAR - CHICAGO MERCANTILE EXCHANGE,230103,2023-01-03,232741,CME ,00,232 ,  132960,   30819,    4985,      56,   52527,   69026,    3090,   22391,   30858,    3770,    2460,       0,       0,  115113,  111785,   17847,   21175,    3765,    1793,    -849,       2,   -1477,    1173,     -55,    3620,    2024,    -202,     250,       0,       0,    3931,    2093,    -166,    1672,  100.0,   23.2,    3.7,    0.0,   39.5,   51.9,    2.3,   16.8,   23.2,    2.8,    1.9,    0.0,    0.0,   86.6,   84.1,   13.4,   15.9,     80,      5,.,.,     15,     18,      6,     18,     18,      6,.,      0,      0,     46,     48,    39.8,    45.8,    51.8,    55.0,    39.8,    45.7,    51.5,    54.7,"(CONTRACTS OF AUD 100,000)",232741,CME ,232 ,F10,FutOnly
NZ DOLLAR - CHICAGO MERCANTILE EXCHANGE,231226,2023-12-26,112741,CME ,00,112 ,   34911,    5577,    3621,       0,   11998,   17600,    1056,    9490,    8906,     744,     867,     330,       0,   29732,   32257,    5179,    2654,    1259,     -62,    2258,       0,    1749,   -2005,      72,    -845,    1032,     241,    -234,    -124,     -14,     907,    1460,     352,    -201,  100.0,   16.0,   10.4,    0.0,   34.4,   50.4,    3.0,   27.2,   25.5,    2.1,    2.5,    0.9,    0.0,   85.2,   92.4,   14.8,    7.6,     80,      6,      5,      0,     16,     15,      4,     15,     18,      5,.,.,      0,     49,     40,    34.0,    39.5,    49.4,    53.5,    34.0,    37.0,    49.4,    50.9,"(CONTRACTS OF NZD 100,000)",112741,CME ,112 ,F15,FutOnly
NZ DOLLAR - CHICAGO MERCANTILE EXCHANGE,231219,2023-12-19,112741,CME ,00,112 ,   33652,    5639,    1363,       0,   10249,   19605,     984,   10335,    7874,     503,    1101,     454,      14,   28825,   30797,    4827,    2855,  -24656,  -21603,   -7630,    -954,     923,   -1800,    -917,    1771,   -7990,   -4451,     263,     367,       0,  -24968,  -23375,     312,   -1281,  100.0,   16.8,    4.1,    0.0,   30.5,   58.3,    2.9,   30.7,   23.4,    1.5,    3.3,    1.3,    0.0,   85.7,   91.5,   14.3,    8.5,     80,      6,.,      0,     15,     15,.,     21,     13,      5,      4,.,.,     53,     36,    33.2,    41.0,    46.1,    57.2,    33.2,    38.4,    46.1,    54.6,"(CONTRACTS OF NZD 100,000)",112741,CME ,112 ,F15,FutOnly
NZ DOLLAR - CHICAGO MERCANTILE EXCHANGE,231212,2023-12-12,112741,CME ,00,112 ,   58308,   27242,    8993,     954,    9326,   21405,    1901,    8564,   15864,    4954,     838,      87,      14,   53793,   54172,    4515,    4136,    3576,   -4155,    1731,     851,    1312,   -3677,    1675,     635,    -568,    3570,      75,    -475,       0,    3963,    3107,    -387,     469,  100.0,   46.7,   15.4,    1.6,   16.0,   36.7,    3.3,   14.7,   27.2,    8.5,    1.4,    0.1,    0.0,   92.3,   92.9,    7.7,    7.1,     77,      9,      5,      4,     14,     14,      4,     14,     16,     12,.,.,.,     53,     45,    44.7,    43.1,    59.0,    58.0,    44.7,    40.4,    58.3,    52.8,"(CONTRACTS OF NZD 100,000)",112741,CME ,112 ,F15,FutOnly
NZ DOLLAR - CHICAGO MERCANTILE EXCHANGE,231205,2023-12-05,112741,CME ,00,112 ,   54732,   31397,    7262,     103,    8014,   25082,     226,    7929,   16432,    1384,     763,     562,      14,   49830,   51065,    4902,    3667,    3272,   -2182,    2965,      56,    4326,   -2484,    -129,    -965,    2977,     761,     206,    -239,       0,    2073,    3907,    1199,    -635,  100.0,   57.4,   13.3,    0.2,   14.6,   45.8,    0.4,   14.5,   30.0,    2.5,    1.4,    1.0,    0.0,   91.0,   93.3,    9.0,    6.7,     81,      9,      4,.,     13,     16,.,     15,     17,      7,.,      4,.,     47,     47,    50.3,    43.2,    64.7,    58.6,    50.3,    43.1,    64.7,    58.4,"(CONTRACTS OF NZD 100,000)",112741,CME ,112 ,F15,FutOnly
NZ DOLLAR - CHICAGO MERCANTILE EXCHANGE,231128,2023-11-28,112741,CME ,00,112 ,   51460,   33579,    4297,      47,    3688,   27566,     355,    8894,   13455,     623,     557,     801,      14,   47757,   47158,    3703,    4302,    3323,    1359,    -720,      -6,     899,    1524,      14,     784,    2741,     -77,    -229,      -5,       0,    2744,    3471,     579,    -148,  100.0,   65.3,    8.4,    0.1,    7.2,   53.6,    0.7,   17.3,   26.1,    1.2,    1.1,    1.6,    0.0,   92.8,   91.6,    7.2,    8.4,     87,     11,.,.,     10,     18,.,     17,     22,      5,.,      6,.,     46,     52,    54.7,    40.5,    69.3,    55.6,    54.7,    40.5,    69.2,    55.6,"(CONTRACTS OF NZD 100,000)",112741,CME ,112 ,F15,FutOnly
NZ DOLLAR - CHICAGO MERCANTILE EXCHANGE,231121,2023-11-21,112741,CME ,00,112 ,   48137,   32220,    5017,      53,    2789,   26042,     341,    8110,   10714,     700,     786,     806,      14,   45013,   43687,    3124,    4450,   -1769,    -191,     447,     -36,     389,    -283,     188,   -2393,    -979,    -386,     643,      73,       0,   -1786,    -976,      17,    -793,  100.0,   66.9,   10.4,    0.1,    5.8,   54.1,    0.7,   16.8,   22.3,    1.5,    1.6,    1.7,    0.0,   93.5,   90.8,    6.5,    9.2,     86,     10,.,.,      6,     20,      4,     19,     21,     10,.,      5,.,     46,     57,    53.9,    41.2,    69.8,    58.5,    53.8,    41.2,    69.7,    58.3,"(CONTRACTS OF NZD 100,000)",112741,CME ,112 ,F15,FutOnly
NZ DOLLAR - CHICAGO MERCANTILE EXCHANGE,231114,2023-11-14,112741,CME ,00,112 ,   49906,   32411,    4570,      89,    2400,   26325,     153,   10503,   11693,    1086,     143,     733,      14,   46799,   44663,    3107,    5243,   -1095,     427,    -283,      -3,   -1387,   -1273,     -44,    -178,     540,      75,     -45,     130,       0,   -1155,    -858,      60,    -237,  100.0,   64.9,    9.2,    0.2,    4.8,   52.7,    0.3,   21.0,   23.4,    2.2,    0.3,    1.5,    0.0,   93.8,   89.5,    6.2,   10.5,     90,     10,.,.,      8,     21,.,     14,     29,      7,.,      5,.,     42,     62,    54.2,    36.1,    69.8,    50.0,    54.2,    36.1,    69.7,    49.8,"(CONTRACTS OF NZD 100,000)",112741,CME ,112 ,F15,FutOnly
NZ DOLLAR - CHICAGO MERCANTILE EXCHANGE,231107,2023-11-07,112741,CME ,00,112 ,   51001,   31984,    4853,      92,    3787,   27598,     197,   10681,   11153,    1011,     188,     603,      14,   47954,   45521,    3047,    5480,   -6675,    -253,     552,      -8,    -241,   -4504,    -470,   -6085,    -879,     387,    -142,    -904,      -3,   -6815,   -5829,     140,    -846,  100.0,   62.7,    9.5,    0.2,    7.4,   54.1,    0.4,   20.9,   21.9,    2.0,    0.4,    1.2,    0.0,   94.0,   89.3,    6.0,   10.7,     86,     10,.,.,      7,     23,.,     16,     23,      5,.,      4,.,     42,     56,    54.7,    36.8,    71.0,    53.3,    54.7,    36.8,    70.8,    53.2,"(CONTRACTS OF NZD 100,000)",112741,CME ,112 ,F15,FutOnly
NZ DOLLAR - CHICAGO MERCANTILE EXCHANGE,231031,2023-10-31,112741,CME ,00,112 ,   57676,   32237,    4301,     100,    4028,   32102,     667,   16766,   12032,     624,     330,    1507,      17,   54769,   51350,    2907,    6326,     433,    -202,   -1161,       6,      34,    2439,    -425,    1060,    -792,      -5,       0,     187,       0,     468,     249,     -35,     184,  100.0,   55.9,    7.5,    0.2,    7.0,   55.7,    1.2,   29.1,   20.9,    1.1,    0.6,    2.6,    0.0,   95.0,   89.0,    5.0,   11.0,    102,     11,.,.,     11,     21,      6,     20,     29,      7,.,      7,.,     51,     68,    48.3,    35.7,    65.6,    51.7,    48.3,    35.2,    65.4,    51.2,"(CONTRACTS OF NZD 100,000)",112741,CME ,112 ,F15,FutOnly
NZ DOLLAR - CHICAGO MERCANTILE EXCHANGE,231024,2023-10-24,112741,CME ,00,112 ,   57243,   32439,    5462,      94,    3994,   29663,    1092,   15706,   12824,     629,     330,    1320,      17,   54301,   51101,    2942,    6142,    3108,    6197,   -4367,      31,   -1390,    3809,     138,   -1044,    1503,     356,    -685,     696,       0,    3603,    2166,    -495,     942,  100.0,   56.7,    9.5,    0.2,    7.0,   51.8,    1.9,   27.4,   22.4,    1.1,    0.6,    2.3,    0.0,   94.9,   89.3,    5.1,   10.7,     98,     11,.,.,     10,     22,      6,     18,     28,      6,.,      6,.,     47,     66,    45.1,    36.7,    62.9,    51.9,    45.1,    35.6,    62.8,    50.8,"(CONTRACTS OF NZD 100,000)",112741,CME ,112 ,F15,FutOnly
NZ DOLLAR - CHICAGO MERCANTILE EXCHANGE,231017,2023-10-17,112741,CME ,00,112 ,   54135,   26242,    9829,      63,    5384,   25854,     954,   16750,   11321,     273,    1015,     624,      17,   50698,   48935,    3437,    5200,    -559,     539,   -2326,       3,   -1447,    3196,     234,     -70,   -1143,    -304,     153,     -58,       0,    -892,    -398,     333,    -161,  100.0,   48.5,   18.2,    0.1,    9.9,   47.8,    1.8,   30.9,   20.9,    0.5,    1.9,    1.2,    0.0,   93.7,   90.4,    6.3,    9.6,     90,      8,.,.,     12,     21,      7,     19,     19,      5,      5,      4,.,     51,     53,    45.6,    46.9,    61.7,    62.9,    45.6,    45.7,    61.6,    61.7,"(CONTRACTS OF NZD 100,000)",112741,CME ,112 ,F15,FutOnly
NZ DOLLAR - CHICAGO MERCANTILE EXCHANGE,231010,2023-10-10,112741,CME ,00,112 ,   54694,   25703,   12155,      60,    6831,   22658,     720,   16820,   12464,     577,     862,     682,      17,   51590,   49333,    3104,    5361,    2403,   -1358,    2844,      -4,     459,   -1261,     413,    1916,     -60,     489,    -119,     185,       0,    1796,    2606,     607,    -203,  100.0,   47.0,   22.2,    0.1,   12.5,   41.4,    1.3,   30.8,   22.8,    1.1,    1.6,    1.2,    0.0,   94.3,   90.2,    5.7,    9.8,     93,      8,      4,.,     14,     17,      5,     20,     23,.,.,      4,.,     50,     53,    50.1,    46.0,    63.3,    59.5,    50.1,    45.1,    63.2,    58.2,"(CONTRACTS OF NZD 100,000)",112741,CME ,112 ,F15,FutOnly
NZ DOLLAR - CHICAGO MERCANTILE EXCHANGE,231003,2023-10-03,112741,CME ,00,112 ,   52291,   27061,    9311,      64,    6372,   23919,     307,   14904,   12524,      88,     981,     497,      17,   49794,   46727,    2497,    5564,    1534,   -2282,    5429,      -5,     -28,   -3761,     -74,    4254,     968,    -769,     281,    -238,       0,    1377,    1550,     157,     -16,  100.0,   51.8,   17.8,    0.1,   12.2,   45.7,    0.6,   28.5,   24.0,    0.2,    1.9,    1.0,    0.0,   95.2,   89.4,    4.8,   10.6,     92,      9,.,.,     12,     20,      5,     20,     22,.,.,.,.,     49,     52,    52.0,    41.5,    66.3,    58.4,    52.0,    41.4,    66.2,    58.3,"(CONTRACTS OF NZD 100,000)",112741,CME ,112 ,F15,FutOnly
NZ DOLLAR - CHICAGO MERCANTILE EXCHANGE,230926,2023-09-26,112741,CME ,00,112 ,   50757,   29343,    3882,      69,    6400,   27680,     381,   10650,   11556,     857,     700,     735,      17,   48417,   45177,    2340,    5580,   -1831,   -4688,    3691,       4,    -182,   -6631,      65,    2770,    1133,     585,     269,    -235,      -1,   -1178,   -1389,    -653,    -442,  100.0,   57.8,    7.6,    0.1,   12.6,   54.5,    0.8,   21.0,   22.8,    1.7,    1.4,    1.4,    0.0,   95.4,   89.0,    4.6,   11.0,     90,      8,.,.,     10,     22,      4,     16,     26,      5,.,      4,.,     46,     55,    50.4,    35.6,    68.8,    51.0,    50.3,    35.6,    68.7,    51.0,"(CONTRACTS OF NZD 100,000)",112741,CME ,112 ,F15,FutOnly
NZ DOLLAR - CHICAGO MERCANTILE EXCHANGE,230919,2023-09-19,112741,CME ,00,112 ,   52588,   34031,     191,      65,    6582,   34311,     316,    7880,   10423,     272,     431,     970,      18,   49595,   46566,    2993,    6022,  -14899,    5841,     191,   -8431,    1806,     685,      55,   -7965,   -1661,   -6009,     231,     306,       0,  -14472,  -14864,    -427,     -35,  100.0,   64.7,    0.4,    0.1,   12.5,   65.2,    0.6,   15.0,   19.8,    0.5,    0.8,    1.8,    0.0,   94.3,   88.5,    5.7,   11.5,     83,      8,.,.,      6,     23,.,     16,     22,.,.,      5,.,     37,     54,    55.9,    43.0,    72.9,    57.4,    55.8,    43.0,    72.8,    57.4,"(CONTRACTS OF NZD 100,000)",112741,CME ,112 ,F15,FutOnly
NZ DOLLAR - CHICAGO MERCANTILE EXCHANGE,230912,2023-09-12,112741,CME ,00,112 ,   67487,   28190,       0,    8496,    4776,   33626,     261,   15845,   12084,    6281,     200,     664,      18,   64067,   61430,    3420,    6057,   11025,     734,       0,    8426,    -912,    -125,    -134,   -1401,    -814,    3800,      39,      53,       0,   10552,   11206,     473,    -181,  100.0,   41.8,    0.0,   12.6,    7.1,   49.8,    0.4,   23.5,   17.9,    9.3,    0.3,    1.0,    0.0,   94.9,   91.0,    5.1,    9.0,     82,     12,      0,      5,      6,     21,.,     17,     19,      9,.,      4,.,     44,     56,    42.4,    40.1,    60.2,    56.8,    35.2,    33.7,    49.7,    46.3,"(CONTRACTS OF NZD 100,000)",112741,CME ,112 ,F15,FutOnly
NZ DOLLAR - CHICAGO MERCANTILE EXCHANGE,230905,2023-09-05,112741,CME ,00,112 ,   56462,   27456,       0,      70,    5688,   33751,     395,   17246,   12898,    2481,     161,     611,      18,   53515,   50224,    2947,    6238,    -155,     922,    -126,       2,    1040,     593,     197,   -2702,   -1091,      37,     161,    -325,       0,    -343,    -713,     188,     558,  100.0,   48.6,    0.0,    0.1,   10.1,   59.8,    0.7,   30.5,   22.8,    4.4,    0.3,    1.1,    0.0,   94.8,   89.0,    5.2,   11.0,     93,     11,      0,.,      7,     25,.,     20,     24,      8,.,      4,.,     46,     62,    40.0,    39.8,    56.9,    54.6,    39.9,    39.8,    55.9,    54.5,"(CONTRACTS OF NZD 100,000)",112741,CME ,112 ,F15,FutOnly
NZ DOLLAR - CHICAGO MERCANTILE EXCHANGE,230829,2023-08-29,112741,CME ,00,112 ,   56617,   26534,     126,      68,    4648,   33158,     198,   19948,   13989,    2444,       0,     936,      18,   53858,   50937,    2759,    5680,    5582,    4822,     -89,       1,     827,    1740,    -149,   -1495,    1988,    2033,    -175,     121,       0,    5864,    5645,    -282,     -63,  100.0,   46.9,    0.2,    0.1,    8.2,   58.6,    0.3,   35.2,   24.7,    4.3,    0.0,    1.7,    0.0,   95.1,   90.0,    4.9,   10.0,     91,     10,.,.,      7,     22,.,     21,     24,      8,      0,      6,.,     43,     62,    39.9,    38.7,    58.7,    54.2,    39.8,    38.7,    56.4,    54.1,"(CONTRACTS OF NZD 100,000)",112741,CME ,112 ,F15,FutOnly
NZ DOLLAR - CHICAGO MERCANTILE EXCHANGE,230822,2023-08-22,112741,CME ,00,112 ,   51035,   21712,     215,      67,    3821,   31418,     347,   21443,   12001,     411,     175,     815,      18,   47994,   45292,    3041,    5743,    4254,    3997,   -1922,       5,     662,    4490,    -114,    -459,    1178,     238,    -174,     111,       0,    4155,    3986,      99,     268,  100.0,   42.5,    0.4,    0.1,    7.5,   61.6,    0.7,   42.0,   23.5,    0.8,    0.3,    1.6,    0.0,   94.0,   88.7,    6.0,   11.3,     88,     10,.,.,      7,     23,      4,     20,     22,      7,.,      4,.,     42,     60,    40.8,    39.4,    60.2,    56.0,    40.6,    39.4,    59.5,    55.9,"(CONTRACTS OF NZD 100,000)",112741,CME ,112 ,F15,FutOnly
NZ DOLLAR - CHICAGO MERCANTILE EXCHANGE,230815,2023-08-15,112741,CME ,00,112 ,   46781,   17715,    2137,      62,    3159,   26928,     461,   21902,   10823,     173,     349,     704,      18,   43839,   41306,    2942,    5475,    5795,    3568,   -2659,      14,    -288,    5161,      33,    2830,    2038,      27,     -25,      98,       0,    6159,    4712,    -364,    1083,  100.0,   37.9,    4.6,    0.1,    6.8,   57.6,    1.0,   46.8,   23.1,    0.4,    0.7,    1.5,    0.0,   93.7,   88.3,    6.3,   11.7,     86,     10,.,.,      7,     22,      5,     21,     18,      5,.,      4,.,     46,     53,    36.7,    36.6,    56.1,    53.9,    36.5,    36.6,    55.9,    53.7,"(CONTRACTS OF NZD 100,000)",112741,CME ,112 ,F15,FutOnly
NZ DOLLAR - CHICAGO MERCANTILE EXCHANGE,230808,2023-08-08,112741,CME ,00,112 ,   40986,   14147,    4796,      48,    3447,   21767,     428,   19072,    8785,     146,     374,     606,      18,   37680,   36594,    3306,    4392,    4895,    2590,   -4832,      19,    -806,    7311,     -76,    3704,    1284,     -66,    -120,     172,       0,    5245,    3812,    -350,    1083,  100.0,   34.5,   11.7,    0.1,    8.4,   53.1,    1.0,   46.5,   21.4,    0.4,    0.9,    1.5,    0.0,   91.9,   89.3,    8.1,   10.7,     78,      8,.,.,      7,     21,      4,     17,     17,      4,.,      4,.,     41,     48,    40.3,    38.0,    57.6,    56.6,    40.2,    37.8,    57.5,    56.3,"(CONTRACTS OF NZD 100,000)",112741,CME ,112 ,F15,FutOnly
NZ DOLLAR - CHICAGO MERCANTILE EXCHANGE,230801,2023-08-01,112741,CME ,00,112 ,   36091,   11557,    9628,      29,    4253,   14456,     504,   15368,    7501,     212,     494,     434,      18,   32435,   32782,    3656,    3309,    -729,     429,   -1482,      25,   -3668,    2433,      21,    2501,   -1485,      67,     320,    -454,       0,    -305,    -875,    -424,     146,  100.0,   32.0,   26.7,    0.1,   11.8,   40.1,    1.4,   42.6,   20.8,    0.6,    1.4,    1.2,    0.0,   89.9,   90.8,   10.1,    9.2,     76,      7,      4,.,     11,     15,      4,     16,     17,      4,.,.,.,     44,     43,    43.7,    50.7,    58.8,    66.9,    43.6,    50.6,    58.7,    66.8,"(CONTRACTS OF NZD 100,000)",112741,CME ,112 ,F15,FutOnly
NZ DOLLAR - CHICAGO MERCANTILE EXCHANGE,230725,2023-07-25,112741,CME ,00,112 ,   36820,   11128,   11110,       4,    7921,   12023,     483,   12867,    8986,     145,     174,     888,      18,   32740,   33657,    4080,    3163,   -2582,    -192,    1017,       4,    -788,      -5,     -66,     163,   -4595,    -246,    -420,     575,       0,   -1545,   -3316,   -1037,     734,  100.0,   30.2,   30.2,    0.0,   21.5,   32.7,    1.3,   34.9,   24.4,    0.4,    0.5,    2.4,    0.0,   88.9,   91.4,   11.1,    8.6,     80,      8,      4,.,     13,     10,      5,     21,     17,.,.,      6,.,     49,     41,    33.4,    52.0,    50.5,    70.9,    33.4,    51.8,    50.5,    70.7,"(CONTRACTS OF NZD 100,000)",112741,CME ,112 ,F15,FutOnly
NZ DOLLAR - CHICAGO MERCANTILE EXCHANGE,230718,2023-07-18,112741,CME ,00,112 ,   39402,   11320,   10093,       0,    8709,   12028,     549,   12704,   13581,     391,     594,     313,      18,   34285,   36973,    5117,    2429,    4455,   -1130,    6002,     -33,    3260,   -1820,      48,    -625,    2119,      62,     412,    -328,       0,    1994,    6050,    2461,   -1595,  100.0,   28.7,   25.6,    0.0,   22.1,   30.5,    1.4,   32.2,   34.5,    1.0,    1.5,    0.8,    0.0,   87.0,   93.8,   13.0,    6.2,     83,      9,      4,      0,     14,     11,      5,     25,     14,      5,      4,.,.,     57,     37,    31.7,    47.7,    48.2,    69.0,    31.7,    47.5,    48.2,    68.9,"(CONTRACTS OF NZD 100,000)",112741,CME ,112 ,F15,FutOnly
NZ DOLLAR - CHICAGO MERCANTILE EXCHANGE,230711,2023-07-11,112741,CME ,00,112 ,   34947,   12450,    4091,      33,    5449,   13848,     501,   13329,   11462,     329,     182,     641,      18,   32291,   30923,    2656,    4024,     890,     318,     332,       4,    -323,    -720,    -344,     861,    2195,     108,       0,      22,       0,     624,    1597,     266,    -707,  100.0,   35.6,   11.7,    0.1,   15.6,   39.6,    1.4,   38.1,   32.8,    0.9,    0.5,    1.8,    0.1,   92.4,   88.5,    7.6,   11.5,     78,      8,      4,.,     10,     15,      4,     13,     23,.,.,      4,.,     37,     50,    43.3,    44.4,    61.0,    59.4,    43.2,    44.2,    60.6,    59.3,"(CONTRACTS OF NZD 100,000)",112741,CME ,112 ,F15,FutOnly
NZ DOLLAR - CHICAGO MERCANTILE EXCHANGE,230703,2023-07-03,112741,CME ,00,112 ,   34057,   12132,    3759,      29,    5772,   14568,     845,   12468,    9267,     221,     182,     619,      18,   31667,   29326,    2390,    4731,    -305,    -212,    -133,       8,    -697,      21,     290,    1020,   -2036,     171,       0,     304,      18,     598,   -1357,    -903,    1052,  100.0,   35.6,   11.0,    0.1,   16.9,   42.8,    2.5,   36.6,   27.2,    0.6,    0.5,    1.8,    0.1,   93.0,   86.1,    7.0,   13.9,     72,      8,      4,.,     11,     13,      6,     15,     16,      7,.,      4,.,     41,     46,    41.8,    45.0,    58.2,    60.8,    41.7,    44.9,    57.7,    60.6,"(CONTRACTS OF NZD 100,000)",112741,CME ,112 ,F15,FutOnly
NZ DOLLAR - CHICAGO MERCANTILE EXCHANGE,230627,2023-06-27,112741,CME ,00,112 ,   34362,   12344,    3892,      21,    6469,   14547,     555,   11448,   11303,      50,     182,     315,       0,   31069,   30683,    3293,    3679,    1961,    -815,    3892,      -3,     578,   -3450,     -18,    1985,    2552,    -115,    -150,       0,       0,    1462,    2858,     499,    -897,  100.0,   35.9,   11.3,    0.1,   18.8,   42.3,    1.6,   33.3,   32.9,    0.1,    0.5,    0.9,    0.0,   90.4,   89.3,    9.6,   10.7,     75,      8,      4,.,     11,     14,      5,     19,     16,.,.,.,      0,     44,     39,    38.6,    44.2,    53.5,    60.8,    38.1,    44.1,    53.1,    60.7,"(CONTRACTS OF NZD 100,000)",112741,CME ,112 ,F15,FutOnly
NZ DOLLAR - CHICAGO MERCANTILE EXCHANGE,230620,2023-06-20,112741,CME ,00,112 ,   32401,   13159,       0,      24,    5891,   17997,     573,    9463,    8751,     165,     332,     315,       0,   29607,   27825,    2794,    4576,  -14095,    -553,    -747,   -5423,     385,   -2571,     -42,   -5686,     -46,   -2762,       7,    -242,       0,  -14074,  -11833,     -21,   -2262,  100.0,   40.6,    0.0,    0.1,   18.2,   55.5,    1.8,   29.2,   27.0,    0.5,    1.0,    1.0,    0.0,   91.4,   85.9,    8.6,   14.1,     75,      8,      0,.,     10,     17,      6,     19,     17,.,.,.,      0,     46,     39,    38.6,    46.4,    53.7,    62.6,    38.1,    46.2,    53.2,    62.0,"(CONTRACTS OF NZD 100,000)",112741,CME ,112 ,F15,FutOnly
NZ DOLLAR - CHICAGO MERCANTILE EXCHANGE,230613,2023-06-13,112741,CME ,00,112 ,   46496,   13712,     747,    5447,    5506,   20568,     615,   15149,    8797,    2927,     325,     557,       0,   43681,   39658,    2815,    6838,    4831,     219,    -800,    5364,   -1200,     380,    -355,    1112,   -1079,     464,     -86,    -326,       0,    5518,    3648,    -687,    1183,  100.0,   29.5,    1.6,   11.7,   11.8,   44.2,    1.3,   32.6,   18.9,    6.3,    0.7,    1.2,    0.0,   93.9,   85.3,    6.1,   14.7,     82,     10,.,      4,      7,     21,      6,     19,     17,     11,.,.,      0,     50,     53,    42.5,    33.4,    57.6,    50.4,    33.6,    32.5,    46.4,    44.5,"(CONTRACTS OF NZD 100,000)",112741,CME ,112 ,F15,FutOnly
NZ DOLLAR - CHICAGO MERCANTILE EXCHANGE,230606,2023-06-06,112741,CME ,00,112 ,   41665,   13493,    1547,      83,    6706,   20188,     970,   14037,    9876,    2463,     411,     883,       0,   38163,   36010,    3502,    5655,    2158,    1090,    -314,      62,    -404,    -126,     529,    -298,    -137,    1456,     -93,    -216,     -16,    2326,    1238,    -168,     920,  100.0,   32.4,    3.7,    0.2,   16.1,   48.5,    2.3,   33.7,   23.7,    5.9,    1.0,    2.1,    0.0,   91.6,   86.4,    8.4,   13.6,     82,      8,.,.,     11,     20,      6,     18,     16,      5,.,      4,      0,     43,     52,    37.0,    35.9,    53.6,    51.2,    35.2,    35.8,    50.0,    51.0,"(CONTRACTS OF NZD 100,000)",112741,CME ,112 ,F15,FutOnly
NZ DOLLAR - CHICAGO MERCANTILE EXCHANGE,230530,2023-05-30,112741,CME ,00,112 ,   39507,   12403,    1861,      21,    7110,   20314,     441,   14335,   10013,    1007,     504,    1099,      16,   35837,   34772,    3670,    4735,     496,    3138,   -4440,      13,   -2520,    2641,     330,    -855,    -864,     531,     209,     651,      16,     862,   -1122,    -366,    1618,  100.0,   31.4,    4.7,    0.1,   18.0,   51.4,    1.1,   36.3,   25.3,    2.5,    1.3,    2.8,    0.0,   90.7,   88.0,    9.3,   12.0,     80,      8,.,.,     12,     20,      5,     16,     14,      5,.,      6,.,     41,     51,    42.5,    38.6,    57.8,    56.4,    40.7,    38.6,    55.7,    56.4,"(CONTRACTS OF NZD 100,000)",112741,CME ,112 ,F15,FutOnly
NZ DOLLAR - CHICAGO MERCANTILE EXCHANGE,230523,2023-05-23,112741,CME ,00,112 ,   39011,    9265,    6301,       8,    9630,   17673,     111,   15190,   10877,     476,     295,     448,       0,   34975,   35894,    4036,    3117,    2824,   -1173,    3232,       0,    1180,   -2437,     -83,    2191,    2097,     424,     -55,      38,      -1,    2483,    3270,     341,    -446,  100.0,   23.7,   16.2,    0.0,   24.7,   45.3,    0.3,   38.9,   27.9,    1.2,    0.8,    1.1,    0.0,   89.7,   92.0,   10.3,    8.0,     76,      8,.,.,     17,     13,      4,     20,     11,      6,.,.,      0,     50,     37,    33.9,    43.2,    51.2,    66.0,    33.7,    43.2,    50.9,    66.0,"(CONTRACTS OF NZD 100,000)",112741,CME ,112 ,F15,FutOnly
NZ DOLLAR - CHICAGO MERCANTILE EXCHANGE,230516,2023-05-16,112741,CME ,00,112 ,   36187,   10438,    3069,       8,    8450,   20110,     194,   12999,    8780,      52,     350,     410,       1,   32492,   32624,    3695,    3563,   -5396,     309,    -781,     -52,    -950,     877,    -109,   -4531,   -5469,       8,     -56,     -21,     -29,   -5410,   -5576,      14,     180,  100.0,   28.8,    8.5,    0.0,   23.4,   55.6,    0.5,   35.9,   24.3,    0.1,    1.0,    1.1,    0.0,   89.8,   90.2,   10.2,    9.8,     78,      8,.,.,     13,     15,.,     20,     14,      6,.,.,.,     48,     41,    35.6,    48.6,    50.9,    70.4,    35.3,    48.6,    50.6,    70.3,"(CONTRACTS OF NZD 100,000)",112741,CME ,112 ,F15,FutOnly
NZ DOLLAR - CHICAGO MERCANTILE EXCHANGE,230509,2023-05-09,112741,CME ,00,112 ,   41583,   10129,    3850,      60,    9400,   19233,     303,   17530,   14249,      44,     406,     431,      30,   37902,   38200,    3681,    3383,    2673,   -2043,    2436,      38,    1401,   -2585,     116,    2288,    3522,      19,     241,     127,     -39,    2021,    3634,     652,    -961,  100.0,   24.4,    9.3,    0.1,   22.6,   46.3,    0.7,   42.2,   34.3,    0.1,    1.0,    1.0,    0.1,   91.1,   91.9,    8.9,    8.1,     86,      8,      4,.,     13,     14,      4,     22,     19,      6,.,.,.,     53,     47,    36.2,    41.1,    52.6,    65.5,    36.1,    41.1,    52.4,    65.4,"(CONTRACTS OF NZD 100,000)",112741,CME ,112 ,F15,FutOnly
NZ DOLLAR - CHICAGO MERCANTILE EXCHANGE,230502,2023-05-02,112741,CME ,00,112 ,   38910,   12172,    1414,      22,    7999,   21818,     187,   15242,   10727,      25,     165,     304,      69,   35881,   34566,    3029,    4344,    2307,     263,    -298,       1,     608,    2070,    -532,    2517,    1165,      -1,    -113,    -301,       0,    2743,    2104,    -436,     203,  100.0,   31.3,    3.6,    0.1,   20.6,   56.1,    0.5,   39.2,   27.6,    0.1,    0.4,    0.8,    0.2,   92.2,   88.8,    7.8,   11.2,     80,      8,      4,.,     14,     15,.,     19,     16,      4,.,.,.,     47,     43,    40.3,    42.7,    57.0,    63.6,    40.3,    42.7,    56.7,    63.5,"(CONTRACTS OF NZD 100,000)",112741,CME ,112 ,F15,FutOnly
NZ DOLLAR - CHICAGO MERCANTILE EXCHANGE,230425,2023-04-25,112741,CME ,00,112 ,   36603,   11909,    1712,      21,    7391,   19748,     719,   12725,    9562,      26,     278,     605,      69,   33138,   32462,    3465,    4141,    3226,     724,   -2479,       1,    -235,    3423,     435,    2616,     988,     -24,      -5,     305,       6,    3518,    2655,    -292,     571,  100.0,   32.5,    4.7,    0.1,   20.2,   54.0,    2.0,   34.8,   26.1,    0.1,    0.8,    1.7,    0.2,   90.5,   88.7,    9.5,   11.3,     81,      7,.,.,     13,     17,      4,     20,     16,      4,.,.,.,     47,     45,    35.4,    41.8,    50.4,    61.6,    35.4,    41.8,    50.3,    60.7,"(CONTRACTS OF NZD 100,000)",112741,CME ,112 ,F15,FutOnly
NZ DOLLAR - CHICAGO MERCANTILE EXCHANGE,230418,2023-04-18,112741,CME ,00,112 ,   33377,   11185,    4191,      20,    7626,   16325,     284,   10109,    8574,      50,     283,     300,      63,   29620,   29807,    3757,    3570,   -2429,     513,    -458,       0,     149,     695,       3,   -1588,   -3394,      34,    -514,      -6,      28,   -1375,   -3098,   -1054,     669,  100.0,   33.5,   12.6,    0.1,   22.8,   48.9,    0.9,   30.3,   25.7,    0.1,    0.8,    0.9,    0.2,   88.7,   89.3,   11.3,   10.7,     75,      6,      5,.,     15,     13,.,     18,     14,      5,.,.,.,     45,     41,    36.7,    44.8,    50.6,    62.8,    36.4,    44.8,    50.2,    62.8,"(CONTRACTS OF NZD 100,000)",112741,CME ,112 ,F15,FutOnly
NZ DOLLAR - CHICAGO MERCANTILE EXCHANGE,230411,2023-04-11,112741,CME ,00,112 ,   35806,   10672,    4649,      20,    7477,   15630,     281,   11697,   11968,      16,     797,     306,      35,   30995,   32905,    4811,    2901,    -274,   -1028,      83,      -4,    1961,     150,      69,   -1505,    -161,    -160,      68,       0,      15,    -584,      -8,     310,    -266,  100.0,   29.8,   13.0,    0.1,   20.9,   43.7,    0.8,   32.7,   33.4,    0.0,    2.2,    0.9,    0.1,   86.6,   91.9,   13.4,    8.1,     81,      6,      5,.,     17,     13,.,     20,     13,      4,      5,.,.,     51,     40,    36.8,    38.2,    51.5,    60.5,    36.8,    38.2,    51.2,    60.5,"(CONTRACTS OF NZD 100,000)",112741,CME ,112 ,F15,FutOnly
NZ DOLLAR - CHICAGO MERCANTILE EXCHANGE,230404,2023-04-04,112741,CME ,00,112 ,   36080,   11700,    4566,      24,    5516,   15480,     212,   13202,   12129,     176,     729,     306,      20,   31579,   32913,    4501,    3167,    4099,    -696,    3209,      -6,     136,      34,      76,    3231,    1270,     -16,     340,    -225,       0,    3065,    4342,    1034,    -243,  100.0,   32.4,   12.7,    0.1,   15.3,   42.9,    0.6,   36.6,   33.6,    0.5,    2.0,    0.8,    0.1,   87.5,   91.2,   12.5,    8.8,     76,      6,      5,.,     13,     14,      4,     20,     12,      5,      4,.,.,     46,     42,    42.0,    38.4,    56.1,    60.4,    41.9,    38.4,    56.0,    60.4,"(CONTRACTS OF NZD 100,000)",112741,CME ,112 ,F15,FutOnly
NZ DOLLAR - CHICAGO MERCANTILE EXCHANGE,230328,2023-03-28,112741,CME ,00,112 ,   31981,   12396,    1357,      30,    5380,   15446,     136,    9971,   10859,     192,     389,     531,      20,   28514,   28571,    3467,    3410,    -198,   -2761,    1201,      -4,     288,     -57,    -355,    2612,   -1219,     131,    -184,     200,       0,    -273,    -103,      75,     -95,  100.0,   38.8,    4.2,    0.1,   16.8,   48.3,    0.4,   31.2,   34.0,    0.6,    1.2,    1.7,    0.1,   89.2,   89.3,   10.8,   10.7,     76,      9,      4,.,     10,     15,.,     16,     16,      8,.,.,.,     41,     49,    45.1,    41.8,    59.5,    58.2,    45.0,    41.6,    59.4,    58.0,"(CONTRACTS OF NZD 100,000)",112741,CME ,112 ,F15,FutOnly
NZ DOLLAR - CHICAGO MERCANTILE EXCHANGE,230321,2023-03-21,112741,CME ,00,112 ,   32179,   15157,     156,      34,    5092,   15503,     491,    7359,   12078,      61,     573,     331,      20,   28787,   28674,    3392,    3505,   -3195,    1157,     156,     -18,     -60,   -2040,     103,   -4960,    -751,       6,     193,    -517,     -12,   -3591,   -3073,     396,    -122,  100.0,   47.1,    0.5,    0.1,   15.8,   48.2,    1.5,   22.9,   37.5,    0.2,    1.8,    1.0,    0.1,   89.5,   89.1,   10.5,   10.9,     77,     10,.,.,     10,     16,.,     18,     16,      7,      4,.,.,     47,     43,    38.8,    45.6,    53.3,    64.1,    38.7,    45.6,    53.2,    64.1,"(CONTRACTS OF NZD 100,000)",112741,CME ,112 ,F15,FutOnly
NZ DOLLAR - CHICAGO MERCANTILE EXCHANGE,230314,2023-03-14,112741,CME ,00,112 ,   35374,   14000,       0,      52,    5152,   17543,     388,   12319,   12829,      55,     380,     848,      32,   32378,   31747,    2996,    3627,  -13403,    2564,   -4769,   -3317,     555,     -27,     260,  -10131,   -1394,   -3439,      31,     416,      18,  -13459,  -12252,      56,   -1151,  100.0,   39.6,    0.0,    0.1,   14.6,   49.6,    1.1,   34.8,   36.3,    0.2,    1.1,    2.4,    0.1,   91.5,   89.7,    8.5,   10.3,     76,      9,      0,.,     12,     16,      4,     16,     16,.,.,      4,.,     44,     42,    46.2,    45.3,    60.0,    65.1,    46.0,    45.3,    59.9,    65.1,"(CONTRACTS OF NZD 100,000)",112741,CME ,112 ,F15,FutOnly
NZ DOLLAR - CHICAGO MERCANTILE EXCHANGE,230307,2023-03-07,112741,CME ,00,112 ,   48777,   11436,    4769,    3369,    4597,   17570,     128,   22450,   14223,    3494,     349,     432,      14,   45837,   43999,    2940,    4778,    8771,    1896,    -420,    3082,     512,    2276,    -113,    1013,    1300,    3194,     -37,    -675,       0,    9547,    8644,    -776,     127,  100.0,   23.4,    9.8,    6.9,    9.4,   36.0,    0.3,   46.0,   29.2,    7.2,    0.7,    0.9,    0.0,   94.0,   90.2,    6.0,    9.8,     89,     10,      4,      5,     14,     16,.,     17,     22,      8,.,.,.,     53,     53,    37.9,    39.1,    56.8,    58.7,    37.9,    39.1,    54.0,    56.5,"(CONTRACTS OF NZD 100,000)",112741,CME ,112 ,F15,FutOnly
NZ DOLLAR - CHICAGO MERCANTILE EXCHANGE,230228,2023-02-28,112741,CME ,00,112 ,   40006,    9540,    5189,     287,    4085,   15294,     241,   21437,   12923,     300,     386,    1107,      14,   36290,   35355,    3716,    4651,   10118,    5056,    -584,      72,   -3294,    6619,       2,    9786,    3347,    -860,    -334,     661,       0,   10428,    9257,    -310,     861,  100.0,   23.8,   13.0,    0.7,   10.2,   38.2,    0.6,   53.6,   32.3,    0.7,    1.0,    2.8,    0.0,   90.7,   88.4,    9.3,   11.6,     82,      8,      5,.,     11,     12,.,     15,     23,      6,.,      5,.,     42,     53,    38.3,    45.9,    58.0,    63.9,    38.3,    45.9,    57.0,    63.8,"(CONTRACTS OF NZD 100,000)",112741,CME ,112 ,F15,FutOnly
NZ DOLLAR - CHICAGO MERCANTILE EXCHANGE,230221,2023-02-21,112741,CME ,00,112 ,   29888,    4484,    5773,     215,    7379,    8675,     239,   11651,    9576,    1160,     720,     446,      14,   25862,   26098,    4026,    3790,     -12,    1179,    -911,     203,    -709,     702,     -66,     298,     485,      27,     545,      10,       0,    1477,     450,   -1489,    -462,  100.0,   15.0,   19.3,    0.7,   24.7,   29.0,    0.8,   39.0,   32.0,    3.9,    2.4,    1.5,    0.0,   86.5,   87.3,   13.5,   12.7,     83,      8,      4,.,     14,     15,      5,     18,     17,      4,      4,.,.,     50,     45,    21.5,    43.7,    39.0,    60.8,    21.0,    43.5,    38.0,    59.6,"(CONTRACTS OF NZD 100,000)",112741,CME ,112 ,F15,FutOnly
NZ DOLLAR - CHICAGO MERCANTILE EXCHANGE,230214,2023-02-14,112741,CME ,00,112 ,   29900,    3305,    6684,      12,    8088,    7973,     305,   11353,    9091,    1133,     175,     436,      14,   24385,   25648,    5515,    4252,   -1510,    1337,   -1581,      12,   -1807,     996,    -385,   -1310,    -154,    -149,    -472,     139,      -3,   -2777,   -1125,    1267,    -385,  100.0,   11.1,   22.4,    0.0,   27.1,   26.7,    1.0,   38.0,   30.4,    3.8,    0.6,    1.5,    0.0,   81.6,   85.8,   18.4,   14.2,     74,      6,      6,.,     14,     13,      5,     19,     12,.,.,.,.,     46,     38,    24.3,    46.2,    40.3,    61.1,    24.3,    45.8,    39.5,    59.1,"(CONTRACTS OF NZD 100,000)",112741,CME ,112 ,F15,FutOnly
NZ DOLLAR - CHICAGO MERCANTILE EXCHANGE,230207,2023-02-07,112741,CME ,00,112 ,   31410,    1968,    8265,       0,    9895,    6977,     690,   12663,    9245,    1282,     647,     297,      17,   27162,   26773,    4248,    4637,   -3177,   -2917,    -555,       0,    -891,   -1642,      21,    -411,   -2623,    1118,     312,      97,      17,   -2751,   -3567,    -426,     390,  100.0,    6.3,   26.3,    0.0,   31.5,   22.2,    2.2,   40.3,   29.4,    4.1,    2.1,    0.9,    0.1,   86.5,   85.2,   13.5,   14.8,     82,      5,      7,      0,     15,     14,      5,     22,     13,.,      4,.,.,     52,     40,    24.7,    40.0,    39.8,    56.6,    24.7,    39.5,    39.2,    53.9,"(CONTRACTS OF NZD 100,000)",112741,CME ,112 ,F15,FutOnly
NZ DOLLAR - CHICAGO MERCANTILE EXCHANGE,230131,2023-01-31,112741,CME ,00,112 ,   34587,    4885,    8820,       0,   10786,    8619,     669,   13074,   11868,     164,     335,     200,       0,   29913,   30340,    4674,    4247,    1877,   -2734,    2764,     -25,     465,   -2316,     159,    4388,     353,    -195,     222,    -100,       0,    2280,     640,    -403,    1237,  100.0,   14.1,   25.5,    0.0,   31.2,   24.9,    1.9,   37.8,   34.3,    0.5,    1.0,    0.6,    0.0,   86.5,   87.7,   13.5,   12.3,     85,      7,      7,      0,     16,     15,.,     24,     12,      5,.,.,      0,     54,     38,    24.8,    38.9,    39.9,    55.6,    24.8,    38.7,    39.9,    55.4,"(CONTRACTS OF NZD 100,000)",112741,CME ,112 ,F15,FutOnly
NZ DOLLAR - CHICAGO MERCANTILE EXCHANGE,230124,2023-01-24,112741,CME ,00,112 ,   32710,    7619,    6056,      25,   10321,   10935,     510,    8686,   11515,     359,     113,     300,       0,   27633,   29700,    5077,    3010,    1131,   -1706,     519,    -111,    2730,    -670,     109,    -998,    1625,     189,    -243,    -252,     -13,     -43,    1396,    1174,    -265,  100.0,   23.3,   18.5,    0.1,   31.6,   33.4,    1.6,   26.6,   35.2,    1.1,    0.3,    0.9,    0.0,   84.5,   90.8,   15.5,    9.2,     84,      8,      6,.,     15,     18,.,     22,     12,      5,.,.,      0,     51,     41,    28.2,    42.8,    45.0,    59.9,    28.2,    42.6,    45.0,    59.7,"(CONTRACTS OF NZD 100,000)",112741,CME ,112 ,F15,FutOnly
NZ DOLLAR - CHICAGO MERCANTILE EXCHANGE,230117,2023-01-17,112741,CME ,00,112 ,   31579,    9325,    5537,     136,    7591,   11605,     401,    9684,    9890,     170,     356,     552,      13,   27676,   28304,    3903,    3275,    4013,    4836,    -190,      15,    -350,     570,     199,    -535,    3235,     -82,     233,      48,       0,    4316,    3795,    -303,     218,  100.0,   29.5,   17.5,    0.4,   24.0,   36.7,    1.3,   30.7,   31.3,    0.5,    1.1,    1.7,    0.0,   87.6,   89.6,   12.4,   10.4,     85,     10,.,.,     16,     16,      4,     24,     11,      5,.,.,.,     57,     40,    31.9,    49.1,    47.7,    66.5,    31.9,    48.8,    47.6,    66.1,"(CONTRACTS OF NZD 100,000)",112741,CME ,112 ,F15,FutOnly
NZ DOLLAR - CHICAGO MERCANTILE EXCHANGE,230110,2023-01-10,112741,CME ,00,112 ,   27566,    4489,    5727,     121,    7941,   11035,     202,   10219,    6655,     252,     123,     504,      13,   23360,   24509,    4206,    3057,   -2207,   -1494,    -361,     107,   -3087,     170,      88,    2018,   -2167,     110,    -313,     -59,       0,   -2571,   -2112,     364,     -95,  100.0,   16.3,   20.8,    0.4,   28.8,   40.0,    0.7,   37.1,   24.1,    0.9,    0.4,    1.8,    0.0,   84.7,   88.9,   15.3,   11.1,     70,      7,      4,.,     12,     15,      5,     18,     10,.,.,.,.,     44,     37,    31.8,    44.5,    48.8,    62.8,    31.5,    43.9,    48.6,    62.0,"(CONTRACTS OF NZD 100,000)",112741,CME ,112 ,F15,FutOnly
NZ DOLLAR - CHICAGO MERCANTILE EXCHANGE,230103,2023-01-03,112741,CME ,00,112 ,   29773,    5983,    6088,      14,   11028,   10865,     114,    8201,    8822,     142,     436,     563,      13,   25931,   26621,    3842,    3152,   -3779,      17,    -976,      -6,   -2699,    1063,    -113,    -812,   -3956,    -233,     286,     -14,       0,   -3560,   -4235,    -219,     456,  100.0,   20.1,   20.4,    0.0,   37.0,   36.5,    0.4,   27.5,   29.6,    0.5,    1.5,    1.9,    0.0,   87.1,   89.4,   12.9,   10.6,     70,      6,      5,.,     15,     14,      5,     14,     11,      4,.,.,.,     43,     38,    33.5,    46.4,    53.4,    65.2,    33.5,    46.2,    53.3,    64.6,"(CONTRACTS OF NZD 100,000)",112741,CME ,112 ,F15,FutOnly
