CANADIAN DOLLAR - CHICAGO MERCANTILE EXCHANGE,241231,2024-12-31,090741,CME ,00,090 ,  353686,  254303,    9994,     320,   26848,  189077,    6751,    9682,   94539,    5356,   23540,    7351,       0,  326800,  313388,   26886,   40298,    7744,    -439,   -1194,      90,       3,    2668,    1362,    1910,    2655,     554,    4804,     414,       0,    8284,    6549,    -540,    1195,  100.0,   71.9,    2.8,    0.1,    7.6,   53.5,    1.9,    2.7,   26.7,    1.5,    6.7,    2.1,    0.0,   92.4,   88.6,    7.6,   11.4,    131,     11,      5,.,      9,     39,     10,      9,     42,      9,     10,      5,      0,     53,     99,    68.1,    29.0,    77.0,    43.7,    68.0,    28.7,    76.9,    43.4,"(CONTRACTS OF CAD 100,000)",090741,CME ,090 ,F10,FutOnly
CANADIAN DOLLAR - CHICAGO MERCANTILE EXCHANGE,241224,2024-12-24,090741,CME ,00,090 ,  345942,  254742,   11188,     230,   26845,  186409,    5389,    7772,   91884,    4802,   18736,    6937,       0,  318516,  306839,   27426,   39103, -139650,   -7983,   -7166, -121741,     489,    3562,     441,   -7531,    2688,   -2251,     210,  -12174,       0, -138366, -136641,   -1284,   -3009,  100.0,   73.6,    3.2,    0.1,    7.8,   53.9,    1.6,    2.2,   26.6,    1.4,    5.4,    2.0,    0.0,   92.1,   88.7,    7.9,   11.3,    133,     11,      5,.,     10,     38,      9,      9,     45,      8,     11,      4,      0,     54,     98,    69.7,    29.8,    78.7,    44.2,    69.6,    29.5,    78.3,    43.9,"(CONTRACTS OF CAD 100,000)",090741,CME ,090 ,F10,FutOnly
CANADIAN DOLLAR - CHICAGO MERCANTILE EXCHANGE,241217,2024-12-17,090741,CME ,00,090 ,  485592,  262725,   18354,  121971,   26356,  182847,    4948,   15303,   89196,    7053,   18526,   19111,       0,  456882,  443480,   28710,   42112,   77411,    8312,    5807,   88472,   -2362,   10564,   -2669,   -3672,   -9227,   -7703,   -1486,   -5372,       0,   78892,   79872,   -1481,   -2461,  100.0,   54.1,    3.8,   25.1,    5.4,   37.7,    1.0,    3.2,   18.4,    1.5,    3.8,    3.9,    0.0,   94.1,   91.3,    5.9,    8.7,    134,     10,      6,      8,      9,     36,      7,     12,     44,     13,     10,      6,      0,     57,    105,    71.7,    29.4,    80.6,    46.1,    52.7,    20.3,    57.9,    30.7,"(CONTRACTS OF CAD 100,000)",090741,CME ,090 ,F10,FutOnly
CANADIAN DOLLAR - CHICAGO MERCANTILE EXCHANGE,241210,2024-12-10,090741,CME ,00,090 ,  408181,  254413,   12547,   33499,   28718,  172283,    7617,   18975,   98423,   14756,   20012,   24483,       0,  377990,  363608,   30191,   44573,   83856,   35328,   -2332,   32642,    1561,   18446,    3065,    8904,   14522,    5724,   -1623,    5311,    -327,   85274,   77051,   -1418,    6805,  100.0,   62.3,    3.1,    8.2,    7.0,   42.2,    1.9,    4.6,   24.1,    3.6,    4.9,    6.0,    0.0,   92.6,   89.1,    7.4,   10.9,    141,     12,      8,      8,     10,     37,      8,     12,     44,     14,     11,      7,      0,     61,    110,    61.3,    20.7,    73.2,    32.6,    58.7,    20.6,    65.3,    32.2,"(CONTRACTS OF CAD 100,000)",090741,CME ,090 ,F10,FutOnly
CANADIAN DOLLAR - CHICAGO MERCANTILE EXCHANGE,241203,2024-12-03,090741,CME ,00,090 ,  324325,  219085,   14879,     857,   27157,  153837,    4552,   10071,   83901,    9032,   21635,   19172,     327,  292716,  286557,   31609,   37768,    1905,    3817,     338,   -1602,   -1355,    3596,    -169,    3008,    -388,   -1224,   -1297,    -964,     327,    1505,     -86,     400,    1991,  100.0,   67.6,    4.6,    0.3,    8.4,   47.4,    1.4,    3.1,   25.9,    2.8,    6.7,    5.9,    0.1,   90.3,   88.4,    9.7,   11.6,    137,      9,      9,      4,     10,     39,      7,     14,     38,     11,     12,      6,.,     58,    102,    66.2,    20.7,    75.3,    34.4,    66.1,    20.7,    73.2,    34.3,"(CONTRACTS OF CAD 100,000)",090741,CME ,090 ,F10,FutOnly
CANADIAN DOLLAR - CHICAGO MERCANTILE EXCHANGE,241126,2024-11-26,090741,CME ,00,090 ,  322420,  215268,   14541,    2459,   28512,  150241,    4721,    7063,   84289,   10256,   22932,   20136,       0,  291211,  286643,   31209,   35777,  -25934,  -26971,     863,    1773,     448,  -20641,     124,   -3794,  -12271,    1261,      64,    4338,      -2,  -27097,  -24555,    1163,   -1379,  100.0,   66.8,    4.5,    0.8,    8.8,   46.6,    1.5,    2.2,   26.1,    3.2,    7.1,    6.2,    0.0,   90.3,   88.9,    9.7,   11.1,    135,      9,     10,      4,     10,     41,      8,     10,     38,     11,     11,      6,      0,     56,    102,    66.7,    20.1,    75.6,    33.8,    66.0,    20.1,    73.0,    33.7,"(CONTRACTS OF CAD 100,000)",090741,CME ,090 ,F10,FutOnly
CANADIAN DOLLAR - CHICAGO MERCANTILE EXCHANGE,241119,2024-11-19,090741,CME ,00,090 ,  348354,  242239,   13678,     686,   28064,  170882,    4597,   10857,   96560,    8995,   22868,   15798,       2,  318308,  311198,   30046,   37156,    5797,    -494,    4256,     468,     103,    -331,    -833,    2917,   -2019,    1416,     910,    3363,      -8,    4479,    6312,    1318,    -515,  100.0,   69.5,    3.9,    0.2,    8.1,   49.1,    1.3,    3.1,   27.7,    2.6,    6.6,    4.5,    0.0,   91.4,   89.3,    8.6,   10.7,    139,      9,      8,.,     10,     40,      7,     11,     44,     13,     12,      5,.,     56,    107,    68.0,    24.1,    77.1,    36.3,    68.0,    24.1,    75.0,    36.3,"(CONTRACTS OF CAD 100,000)",090741,CME ,090 ,F10,FutOnly
CANADIAN DOLLAR - CHICAGO MERCANTILE EXCHANGE,241112,2024-11-12,090741,CME ,00,090 ,  342557,  242733,    9422,     218,   27961,  171213,    5430,    7940,   98579,    7579,   21958,   12435,      10,  313829,  304886,   28728,   37671,    6090,   13151,   -2262,     -43,      32,    4678,    -695,   -8789,   -6452,    1617,    1470,    6646,   -1013,    5730,    2476,     360,    3614,  100.0,   70.9,    2.8,    0.1,    8.2,   50.0,    1.6,    2.3,   28.8,    2.2,    6.4,    3.6,    0.0,   91.6,   89.0,    8.4,   11.0,    132,     11,      6,.,     10,     37,      8,      9,     42,     13,     12,      5,.,     57,     99,    68.7,    27.9,    77.2,    41.1,    68.7,    27.9,    75.7,    41.1,"(CONTRACTS OF CAD 100,000)",090741,CME ,090 ,F10,FutOnly
CANADIAN DOLLAR - CHICAGO MERCANTILE EXCHANGE,241105,2024-11-05,090741,CME ,00,090 ,  336467,  229582,   11684,     261,   27929,  166535,    6125,   16729,  105031,    5962,   20488,    5789,    1023,  308099,  302410,   28368,   34057,    6522,   10002,    1364,      48,    -363,    2132,    1036,   -3629,    3862,    -376,    -219,    -489,    -277,    6222,    7300,     300,    -778,  100.0,   68.2,    3.5,    0.1,    8.3,   49.5,    1.8,    5.0,   31.2,    1.8,    6.1,    1.7,    0.3,   91.6,   89.9,    8.4,   10.1,    132,      8,      9,.,     10,     37,      7,     14,     38,      9,     12,      4,      4,     56,     98,    67.9,    26.6,    76.5,    40.8,    67.9,    26.6,    75.1,    40.8,"(CONTRACTS OF CAD 100,000)",090741,CME ,090 ,F10,FutOnly
CANADIAN DOLLAR - CHICAGO MERCANTILE EXCHANGE,241029,2024-10-29,090741,CME ,00,090 ,  329945,  219580,   10320,     213,   28292,  164403,    5089,   20358,  101169,    6338,   20707,    6278,    1300,  301877,  295110,   28068,   34835,   21666,   18533,     156,     161,     684,    5626,     -84,   -1648,   14262,    2502,    2174,     996,     -87,   22235,   23532,    -569,   -1866,  100.0,   66.6,    3.1,    0.1,    8.6,   49.8,    1.5,    6.2,   30.7,    1.9,    6.3,    1.9,    0.4,   91.5,   89.4,    8.5,   10.6,    134,     10,      7,.,     10,     38,      9,     16,     35,     11,     14,      4,.,     61,     98,    65.5,    27.1,    73.8,    41.4,    65.5,    27.1,    72.9,    41.3,"(CONTRACTS OF CAD 100,000)",090741,CME ,090 ,F10,FutOnly
CANADIAN DOLLAR - CHICAGO MERCANTILE EXCHANGE,241022,2024-10-22,090741,CME ,00,090 ,  308279,  201047,   10164,      52,   27608,  158777,    5173,   22006,   86907,    3836,   18533,    5282,    1387,  279642,  271578,   28637,   36701,   11742,   21681,   -3509,       3,   -2471,    5849,    1144,   -9115,    -225,    -398,     696,    2125,     589,   12129,    5578,    -387,    6164,  100.0,   65.2,    3.3,    0.0,    9.0,   51.5,    1.7,    7.1,   28.2,    1.2,    6.0,    1.7,    0.4,   90.7,   88.1,    9.3,   11.9,    121,      9,      8,.,     11,     34,     10,     12,     31,      9,     12,      4,      4,     59,     86,    63.7,    26.2,    73.2,    40.8,    63.7,    26.2,    72.2,    40.8,"(CONTRACTS OF CAD 100,000)",090741,CME ,090 ,F10,FutOnly
CANADIAN DOLLAR - CHICAGO MERCANTILE EXCHANGE,241015,2024-10-15,090741,CME ,00,090 ,  296537,  179366,   13673,      49,   30079,  152928,    4029,   31121,   87132,    4234,   17837,    3157,     798,  267513,  266000,   29024,   30537,   71892,   56342,    2030,     -83,   -2807,   46183,    -530,   16749,   17878,    1057,    2035,    1794,     449,   73212,   68778,   -1320,    3114,  100.0,   60.5,    4.6,    0.0,   10.1,   51.6,    1.4,   10.5,   29.4,    1.4,    6.0,    1.1,    0.3,   90.2,   89.7,    9.8,   10.3,    125,     11,      7,.,     12,     34,     11,     16,     31,     12,     10,      4,.,     66,     87,    58.0,    27.4,    68.5,    41.2,    58.0,    27.4,    67.5,    41.2,"(CONTRACTS OF CAD 100,000)",090741,CME ,090 ,F10,FutOnly
CANADIAN DOLLAR - CHICAGO MERCANTILE EXCHANGE,241008,2024-10-08,090741,CME ,00,090 ,  224645,  123024,   11643,     132,   32886,  106745,    4559,   14372,   69254,    3177,   15802,    1363,     349,  194301,  197222,   30344,   27423,    8601,   14665,   -8122,    -100,   -4990,    3071,      51,    -701,    9709,     999,     180,   -2418,     241,   10345,    3431,   -1744,    5170,  100.0,   54.8,    5.2,    0.1,   14.6,   47.5,    2.0,    6.4,   30.8,    1.4,    7.0,    0.6,    0.2,   86.5,   87.8,   13.5,   12.2,    107,      8,      7,.,     14,     27,      8,     14,     25,     11,      9,.,.,     60,     69,    55.3,    31.4,    65.2,    46.9,    55.3,    31.4,    64.9,    46.8,"(CONTRACTS OF CAD 100,000)",090741,CME ,090 ,F10,FutOnly
CANADIAN DOLLAR - CHICAGO MERCANTILE EXCHANGE,241001,2024-10-01,090741,CME ,00,090 ,  216044,  108359,   19765,     232,   37876,  103674,    4508,   15073,   59545,    2178,   15622,    3781,     108,  183956,  193791,   32088,   22253,    2880,   -6198,   11864,     -78,    9295,   -4732,    -520,   -1828,      79,    -150,    1720,    -230,     -24,    2217,    6209,     663,   -3329,  100.0,   50.2,    9.1,    0.1,   17.5,   48.0,    2.1,    7.0,   27.6,    1.0,    7.2,    1.8,    0.0,   85.1,   89.7,   14.9,   10.3,    113,      6,      9,.,     16,     24,      9,     19,     26,     11,      8,      5,.,     66,     71,    55.1,    33.0,    64.8,    50.2,    55.1,    33.0,    64.0,    50.1,"(CONTRACTS OF CAD 100,000)",090741,CME ,090 ,F10,FutOnly
CANADIAN DOLLAR - CHICAGO MERCANTILE EXCHANGE,240924,2024-09-24,090741,CME ,00,090 ,  213164,  114557,    7901,     310,   28581,  108406,    5028,   16901,   59466,    2328,   13902,    4011,     132,  181739,  187582,   31425,   25582,  -43374,  -21757,  -14168,  -23512,   -4628,   -2572,     434,    7082,   -1971,    -901,     628,     790,      73,  -42581,  -41827,    -793,   -1547,  100.0,   53.7,    3.7,    0.1,   13.4,   50.9,    2.4,    7.9,   27.9,    1.1,    6.5,    1.9,    0.1,   85.3,   88.0,   14.7,   12.0,    111,      8,      7,.,     13,     26,      9,     17,     27,     10,      8,      5,.,     62,     73,    55.9,    33.4,    65.1,    48.3,    55.9,    33.4,    64.6,    48.1,"(CONTRACTS OF CAD 100,000)",090741,CME ,090 ,F10,FutOnly
CANADIAN DOLLAR - CHICAGO MERCANTILE EXCHANGE,240917,2024-09-17,090741,CME ,00,090 ,  256538,  136314,   22069,   23822,   33209,  110978,    4594,    9819,   61437,    3229,   13274,    3221,      59,  224320,  229409,   32218,   27129,    5329,    5544,   -2751,   19506,   -2741,    1527,     356,   -2547,    4249,   -9751,    -162,     123,   -6108,    4097,    7151,    1232,   -1822,  100.0,   53.1,    8.6,    9.3,   12.9,   43.3,    1.8,    3.8,   23.9,    1.3,    5.2,    1.3,    0.0,   87.4,   89.4,   12.6,   10.6,    104,      8,      8,      7,     15,     26,      8,     11,     26,     12,      6,      4,.,     59,     73,    58.2,    27.8,    69.2,    45.5,    51.6,    27.5,    61.6,    41.1,"(CONTRACTS OF CAD 100,000)",090741,CME ,090 ,F10,FutOnly
CANADIAN DOLLAR - CHICAGO MERCANTILE EXCHANGE,240910,2024-09-10,090741,CME ,00,090 ,  251209,  130770,   24820,    4316,   35950,  109451,    4238,   12366,   57188,   12980,   13436,    3098,    6167,  220223,  222258,   30986,   28951,   -4688,    3324,   -4881,   -2724,   -4244,    4995,    -131,   -3784,  -10153,     883,   -1365,    -526,    6093,   -1948,   -6444,   -2740,    1756,  100.0,   52.1,    9.9,    1.7,   14.3,   43.6,    1.7,    4.9,   22.8,    5.2,    5.3,    1.2,    2.5,   87.7,   88.5,   12.3,   11.5,    108,      8,      7,      7,     14,     28,      9,     13,     28,     15,      6,      4,.,     63,     78,    53.1,    25.5,    68.4,    39.8,    50.8,    25.5,    61.4,    38.9,"(CONTRACTS OF CAD 100,000)",090741,CME ,090 ,F10,FutOnly
CANADIAN DOLLAR - CHICAGO MERCANTILE EXCHANGE,240903,2024-09-03,090741,CME ,00,090 ,  255897,  127446,   29701,    7040,   40194,  104456,    4369,   16150,   67341,   12097,   14801,    3624,      74,  222171,  228702,   33726,   27195,  -40144,  -54566,    4170,   -3526,   12681,  -20988,    -449,    7448,  -14316,   -3610,     194,    -436,       0,  -41828,  -39155,    1684,    -989,  100.0,   49.8,   11.6,    2.8,   15.7,   40.8,    1.7,    6.3,   26.3,    4.7,    5.8,    1.4,    0.0,   86.8,   89.4,   13.2,   10.6,    116,      7,     10,      4,     15,     25,     10,     11,     35,     16,      8,      5,.,     63,     84,    51.1,    26.7,    64.2,    41.4,    48.5,    26.6,    60.5,    41.3,"(CONTRACTS OF CAD 100,000)",090741,CME ,090 ,F10,FutOnly
CANADIAN DOLLAR - CHICAGO MERCANTILE EXCHANGE,240827,2024-08-27,090741,CME ,00,090 ,  296041,  182012,   25531,   10566,   27513,  125444,    4818,    8702,   81657,   15707,   14607,    4060,      74,  263999,  267857,   32042,   28184,  -18032,  -39933,   22514,    9021,    2353,  -35480,     281,   -1652,  -17954,    9567,     351,   -1507,       0,  -20012,  -13558,    1980,   -4474,  100.0,   61.5,    8.6,    3.6,    9.3,   42.4,    1.6,    2.9,   27.6,    5.3,    4.9,    1.4,    0.0,   89.2,   90.5,   10.8,    9.5,    121,      8,      9,.,     13,     29,     11,     13,     36,      9,      8,      5,.,     59,     86,    64.1,    25.6,    75.2,    42.0,    60.6,    25.6,    69.5,    41.9,"(CONTRACTS OF CAD 100,000)",090741,CME ,090 ,F10,FutOnly
CANADIAN DOLLAR - CHICAGO MERCANTILE EXCHANGE,240820,2024-08-20,090741,CME ,00,090 ,  314073,  221945,    3017,    1545,   25160,  160924,    4537,   10354,   99611,    6140,   14256,    5567,      74,  284011,  281415,   30062,   32658,   -9094,   -7717,    -418,     141,   -1100,    2661,       4,     808,  -13069,     289,    -418,    1150,       0,   -7993,   -9242,   -1101,     148,  100.0,   70.7,    1.0,    0.5,    8.0,   51.2,    1.4,    3.3,   31.7,    2.0,    4.5,    1.8,    0.0,   90.4,   89.6,    9.6,   10.4,    117,      9,.,.,      9,     39,     10,     10,     35,      8,      6,      6,.,     50,     89,    70.5,    25.0,    80.3,    39.6,    70.0,    25.0,    78.4,    39.5,"(CONTRACTS OF CAD 100,000)",090741,CME ,090 ,F10,FutOnly
CANADIAN DOLLAR - CHICAGO MERCANTILE EXCHANGE,240813,2024-08-13,090741,CME ,00,090 ,  323167,  229662,    3435,    1404,   26260,  158263,    4533,    9546,  112680,    5851,   14674,    4417,      74,  292004,  290657,   31163,   32510,  -11953,   -4961,    -723,    -355,   -1160,   -9427,    -247,    -468,    1997,   -1597,   -2865,    1158,      -3,  -11656,   -9197,    -297,   -2756,  100.0,   71.1,    1.1,    0.4,    8.1,   49.0,    1.4,    3.0,   34.9,    1.8,    4.5,    1.4,    0.0,   90.4,   89.9,    9.6,   10.1,    128,     11,.,.,      9,     37,     10,     13,     42,      9,      6,      7,.,     52,     97,    68.6,    24.5,    78.2,    38.9,    68.2,    24.5,    77.4,    38.8,"(CONTRACTS OF CAD 100,000)",090741,CME ,090 ,F10,FutOnly
CANADIAN DOLLAR - CHICAGO MERCANTILE EXCHANGE,240806,2024-08-06,090741,CME ,00,090 ,  335120,  234623,    4158,    1759,   27420,  167690,    4780,   10014,  110683,    7448,   17539,    3259,      77,  303660,  299854,   31460,   35266,  -16736,  -12200,    1385,    -455,    1019,   -9163,     336,   -3518,   -5639,    1101,   -3002,    -567,      -7,  -16726,  -13009,     -10,   -3727,  100.0,   70.0,    1.2,    0.5,    8.2,   50.0,    1.4,    3.0,   33.0,    2.2,    5.2,    1.0,    0.0,   90.6,   89.5,    9.4,   10.5,    134,      9,      6,.,     10,     38,     10,     12,     43,     14,     10,      5,.,     60,    102,    66.8,    24.6,    77.7,    39.2,    66.4,    24.5,    77.0,    39.1,"(CONTRACTS OF CAD 100,000)",090741,CME ,090 ,F10,FutOnly
CANADIAN DOLLAR - CHICAGO MERCANTILE EXCHANGE,240730,2024-07-30,090741,CME ,00,090 ,  351856,  246823,    2773,    2214,   26401,  176853,    4444,   13532,  116322,    6347,   20541,    3826,      84,  320386,  312863,   31470,   38993,   36172,   36476,      74,    -186,   -1855,   14670,   -1474,    -677,   19144,     811,    1675,    1269,       0,   34770,   34308,    1402,    1864,  100.0,   70.1,    0.8,    0.6,    7.5,   50.3,    1.3,    3.8,   33.1,    1.8,    5.8,    1.1,    0.0,   91.1,   88.9,    8.9,   11.1,    145,     11,      5,.,     10,     39,     10,     15,     47,     14,     13,      5,.,     65,    109,    66.4,    23.9,    76.5,    37.1,    66.1,    23.9,    75.8,    37.1,"(CONTRACTS OF CAD 100,000)",090741,CME ,090 ,F10,FutOnly
CANADIAN DOLLAR - CHICAGO MERCANTILE EXCHANGE,240723,2024-07-23,090741,CME ,00,090 ,  315684,  210347,    2699,    2400,   28256,  162183,    5918,   14209,   97178,    5536,   18866,    2557,      84,  285616,  278555,   30068,   37129,   34743,   31873,    -341,      -6,    -344,   22847,    -727,   -1785,    9594,    -111,    4767,     456,       8,   33675,   31720,    1068,    3023,  100.0,   66.6,    0.9,    0.8,    9.0,   51.4,    1.9,    4.5,   30.8,    1.8,    6.0,    0.8,    0.0,   90.5,   88.2,    9.5,   11.8,    131,      9,      6,      4,     11,     37,      9,     13,     41,     13,     10,      4,.,     59,    100,    62.4,    25.9,    73.5,    39.4,    62.0,    25.9,    72.9,    39.4,"(CONTRACTS OF CAD 100,000)",090741,CME ,090 ,F10,FutOnly
CANADIAN DOLLAR - CHICAGO MERCANTILE EXCHANGE,240716,2024-07-16,090741,CME ,00,090 ,  280941,  178474,    3040,    2406,   28600,  139336,    6645,   15994,   87584,    5647,   14099,    2101,      76,  251941,  246835,   29000,   34106,   23653,   20887,   -6269,     410,   -1034,   23332,     280,    5827,   10492,     363,    -394,   -5279,     -10,   26329,   23319,   -2676,     334,  100.0,   63.5,    1.1,    0.9,   10.2,   49.6,    2.4,    5.7,   31.2,    2.0,    5.0,    0.7,    0.0,   89.7,   87.9,   10.3,   12.1,    122,     11,      5,      4,     11,     37,     11,     16,     34,     16,      5,.,.,     62,     92,    61.6,    24.9,    72.9,    39.7,    61.1,    24.9,    71.3,    39.7,"(CONTRACTS OF CAD 100,000)",090741,CME ,090 ,F10,FutOnly
CANADIAN DOLLAR - CHICAGO MERCANTILE EXCHANGE,240709,2024-07-09,090741,CME ,00,090 ,  257288,  157587,    9309,    1996,   29634,  116004,    6365,   10167,   77092,    5284,   14493,    7380,      86,  225612,  223516,   31676,   33772,   -6177,   -8984,    4268,     553,     256,  -11389,     344,     -84,   -2482,     339,    -951,    1895,      -5,   -8532,   -6477,    2355,     300,  100.0,   61.2,    3.6,    0.8,   11.5,   45.1,    2.5,    4.0,   30.0,    2.1,    5.6,    2.9,    0.0,   87.7,   86.9,   12.3,   13.1,    117,      8,      7,.,     12,     34,     12,     12,     31,     14,      6,      7,.,     56,     91,    60.8,    19.6,    72.8,    33.4,    60.3,    19.6,    71.0,    33.4,"(CONTRACTS OF CAD 100,000)",090741,CME ,090 ,F10,FutOnly
CANADIAN DOLLAR - CHICAGO MERCANTILE EXCHANGE,240702,2024-07-02,090741,CME ,00,090 ,  263465,  166571,    5041,    1443,   29378,  127393,    6021,   10251,   79574,    4945,   15444,    5485,      91,  234144,  229993,   29321,   33472,  -14972,   -7387,   -1889,     713,   -1271,  -12593,     242,   -7547,      62,    -713,     753,   -1265,     -20,  -15230,  -15463,     258,     491,  100.0,   63.2,    1.9,    0.5,   11.2,   48.4,    2.3,    3.9,   30.2,    1.9,    5.9,    2.1,    0.0,   88.9,   87.3,   11.1,   12.7,    127,      7,      7,.,     12,     34,     11,     15,     37,     13,      8,      7,.,     57,     97,    63.2,    21.2,    74.6,    34.6,    62.8,    21.2,    73.0,    34.6,"(CONTRACTS OF CAD 100,000)",090741,CME ,090 ,F10,FutOnly
CANADIAN DOLLAR - CHICAGO MERCANTILE EXCHANGE,240625,2024-06-25,090741,CME ,00,090 ,  278437,  173958,    6930,     730,   30649,  139986,    5779,   17798,   79512,    5658,   14691,    6750,     111,  249374,  245456,   29063,   32981,  -73021,  -20443,    2536,  -55445,    1833,   -9670,      -1,    2356,   -6066,   -3811,    -780,    2696,       6,  -76285,  -69755,    3264,   -3266,  100.0,   62.5,    2.5,    0.3,   11.0,   50.3,    2.1,    6.4,   28.6,    2.0,    5.3,    2.4,    0.0,   89.6,   88.2,   10.4,   11.8,    130,      9,      5,.,     14,     34,     11,     18,     35,     14,      8,      7,.,     67,     93,    59.3,    24.0,    70.2,    36.9,    59.3,    24.0,    69.4,    36.8,"(CONTRACTS OF CAD 100,000)",090741,CME ,090 ,F10,FutOnly
CANADIAN DOLLAR - CHICAGO MERCANTILE EXCHANGE,240618,2024-06-18,090741,CME ,00,090 ,  351458,  194401,    4394,   56175,   28816,  149656,    5780,   15442,   85578,    9469,   15471,    4054,     105,  325659,  315211,   25799,   36247,   44071,   42861,  -16021,   55499,  -45841,    8709,     224,   -3620,   -5081,    1951,   -2909,    1004,    -179,   47986,   46106,   -3915,   -2035,  100.0,   55.3,    1.3,   16.0,    8.2,   42.6,    1.6,    4.4,   24.3,    2.7,    4.4,    1.2,    0.0,   92.7,   89.7,    7.3,   10.3,    128,     13,      4,      4,     13,     34,     10,     15,     34,     17,      9,      6,.,     68,     93,    56.7,    30.2,    71.9,    42.1,    43.6,    21.7,    58.2,    32.7,"(CONTRACTS OF CAD 100,000)",090741,CME ,090 ,F10,FutOnly
CANADIAN DOLLAR - CHICAGO MERCANTILE EXCHANGE,240611,2024-06-11,090741,CME ,00,090 ,  307387,  151540,   20415,     676,   74657,  140947,    5556,   19062,   90659,    7518,   18380,    3050,     284,  277673,  269105,   29714,   38282,   41626,   34840,   -6705,    -132,   -3824,   22802,     650,    2488,   22853,      32,    5451,    -298,     -65,   39440,   39137,    2186,    2489,  100.0,   49.3,    6.6,    0.2,   24.3,   45.9,    1.8,    6.2,   29.5,    2.4,    6.0,    1.0,    0.1,   90.3,   87.5,    9.7,   12.5,    135,     10,      4,.,     15,     35,     10,     15,     41,     16,     10,      5,.,     65,    101,    44.9,    25.4,    66.0,    39.0,    44.9,    25.4,    65.7,    39.0,"(CONTRACTS OF CAD 100,000)",090741,CME ,090 ,F10,FutOnly
CANADIAN DOLLAR - CHICAGO MERCANTILE EXCHANGE,240604,2024-06-04,090741,CME ,00,090 ,  265761,  116700,   27120,     808,   78481,  118145,    4906,   16574,   67806,    7486,   12929,    3348,     349,  238233,  229968,   27528,   35793,    1360,    6130,   -2748,   -2318,     318,    6343,     126,     991,     504,    -627,   -1112,   -2269,    -275,    3233,   -1264,   -1873,    2624,  100.0,   43.9,   10.2,    0.3,   29.5,   44.5,    1.8,    6.2,   25.5,    2.8,    4.9,    1.3,    0.1,   89.6,   86.5,   10.4,   13.5,    124,      9,      7,.,     15,     34,     10,     15,     32,     14,      7,      5,.,     59,     92,    44.0,    26.7,    65.1,    41.2,    44.0,    26.7,    64.8,    40.9,"(CONTRACTS OF CAD 100,000)",090741,CME ,090 ,F10,FutOnly
CANADIAN DOLLAR - CHICAGO MERCANTILE EXCHANGE,240528,2024-05-28,090741,CME ,00,090 ,  264401,  110570,   29868,    3126,   78163,  111802,    4780,   15583,   67302,    8113,   14041,    5617,     624,  235000,  231232,   29401,   33169,   29910,   -9550,   25795,    2910,   33939,   -3049,    -253,    1752,   -4126,    2230,   -1492,    3294,     -16,   29520,   26785,     390,    3125,  100.0,   41.8,   11.3,    1.2,   29.6,   42.3,    1.8,    5.9,   25.5,    3.1,    5.3,    2.1,    0.2,   88.9,   87.5,   11.1,   12.5,    124,     11,      7,.,     15,     34,     12,     12,     31,     13,      8,      6,.,     62,     91,    44.2,    28.5,    62.8,    41.4,    44.2,    28.5,    61.7,    41.4,"(CONTRACTS OF CAD 100,000)",090741,CME ,090 ,F10,FutOnly
CANADIAN DOLLAR - CHICAGO MERCANTILE EXCHANGE,240521,2024-05-21,090741,CME ,00,090 ,  234491,  120120,    4073,     216,   44224,  114851,    5033,   13831,   71428,    5883,   15533,    2323,     640,  205480,  204447,   29011,   30044,   13651,   13628,     566,       2,    2434,    9688,     209,    1338,    4030,    -774,     264,     264,      31,   17132,   14016,   -3481,    -365,  100.0,   51.2,    1.7,    0.1,   18.9,   49.0,    2.1,    5.9,   30.5,    2.5,    6.6,    1.0,    0.3,   87.6,   87.2,   12.4,   12.8,    128,     12,      5,.,     14,     35,     10,     13,     35,     13,     10,      4,.,     62,     92,    42.9,    26.9,    58.9,    40.6,    42.9,    26.9,    58.9,    40.5,"(CONTRACTS OF CAD 100,000)",090741,CME ,090 ,F10,FutOnly
CANADIAN DOLLAR - CHICAGO MERCANTILE EXCHANGE,240514,2024-05-14,090741,CME ,00,090 ,  220840,  106492,    3507,     214,   41790,  105163,    4824,   12493,   67398,    6657,   15269,    2059,     609,  188348,  190431,   32492,   30409,    4132,    2258,   -5996,      -2,    1798,    5616,      49,   -2117,    5853,     831,   -1173,       0,    -285,    1359,    6066,    2773,   -1934,  100.0,   48.2,    1.6,    0.1,   18.9,   47.6,    2.2,    5.7,   30.5,    3.0,    6.9,    0.9,    0.3,   85.3,   86.2,   14.7,   13.8,    116,     11,      5,.,     14,     32,     10,     11,     31,     14,      9,.,.,     59,     84,    44.6,    27.1,    58.3,    40.8,    44.6,    27.1,    58.3,    40.7,"(CONTRACTS OF CAD 100,000)",090741,CME ,090 ,F10,FutOnly
CANADIAN DOLLAR - CHICAGO MERCANTILE EXCHANGE,240507,2024-05-07,090741,CME ,00,090 ,  216708,  104234,    9503,     216,   39992,   99547,    4775,   14610,   61545,    5826,   16442,    2059,     894,  186989,  184365,   29719,   32343,    5153,    2153,    4347,      -6,   -1371,    1544,     -31,    3431,     850,     449,    -509,    1628,    -361,    3755,    8420,    1398,   -3267,  100.0,   48.1,    4.4,    0.1,   18.5,   45.9,    2.2,    6.7,   28.4,    2.7,    7.6,    1.0,    0.4,   86.3,   85.1,   13.7,   14.9,    121,     10,      6,.,     13,     33,      9,     14,     32,     11,     10,.,.,     57,     88,    44.8,    24.3,    58.3,    37.6,    44.8,    24.3,    58.3,    37.4,"(CONTRACTS OF CAD 100,000)",090741,CME ,090 ,F10,FutOnly
CANADIAN DOLLAR - CHICAGO MERCANTILE EXCHANGE,240430,2024-04-30,090741,CME ,00,090 ,  211555,  102081,    5156,     222,   41363,   98003,    4806,   11179,   60695,    5377,   16951,     431,    1255,  183234,  175945,   28321,   35610,  -15192,  -12491,    2816,       6,      -3,  -15346,      48,   -4721,    -498,     543,    2359,   -1105,     -17,  -14276,  -13553,    -916,   -1639,  100.0,   48.3,    2.4,    0.1,   19.6,   46.3,    2.3,    5.3,   28.7,    2.5,    8.0,    0.2,    0.6,   86.6,   83.2,   13.4,   16.8,    126,      8,      7,.,     14,     32,      9,     14,     39,     11,     11,.,.,     57,     93,    46.1,    24.2,    60.6,    36.6,    46.1,    24.2,    60.5,    36.5,"(CONTRACTS OF CAD 100,000)",090741,CME ,090 ,F10,FutOnly
CANADIAN DOLLAR - CHICAGO MERCANTILE EXCHANGE,240423,2024-04-23,090741,CME ,00,090 ,  226747,  114572,    2340,     216,   41366,  113349,    4758,   15900,   61193,    4834,   14592,    1536,    1272,  197510,  189498,   29237,   37249,  -10779,   -3351,     -97,       0,   -2339,   -7280,       7,   -4206,   -4053,   -1236,   -1174,    1105,     -72,  -12371,  -11626,    1592,     847,  100.0,   50.5,    1.0,    0.1,   18.2,   50.0,    2.1,    7.0,   27.0,    2.1,    6.4,    0.7,    0.6,   87.1,   83.6,   12.9,   16.4,    122,      9,      6,.,     14,     30,      9,     15,     35,     13,     11,.,.,     61,     87,    43.2,    29.0,    57.7,    40.6,    43.2,    29.0,    57.6,    40.5,"(CONTRACTS OF CAD 100,000)",090741,CME ,090 ,F10,FutOnly
CANADIAN DOLLAR - CHICAGO MERCANTILE EXCHANGE,240416,2024-04-16,090741,CME ,00,090 ,  237526,  117923,    2437,     216,   43705,  120629,    4751,   20106,   65246,    6070,   15766,     431,    1344,  209881,  201124,   27645,   36402,   44562,   33276,    -992,    -423,   -1120,   26133,    -194,    3793,   13880,    3110,    5653,   -1221,      12,   44107,   40305,     455,    4257,  100.0,   49.6,    1.0,    0.1,   18.4,   50.8,    2.0,    8.5,   27.5,    2.6,    6.6,    0.2,    0.6,   88.4,   84.7,   11.6,   15.3,    132,     11,      6,.,     15,     35,      9,     16,     37,     11,     11,.,.,     61,     95,    40.2,    25.2,    54.5,    38.2,    40.2,    25.2,    54.4,    38.1,"(CONTRACTS OF CAD 100,000)",090741,CME ,090 ,F10,FutOnly
CANADIAN DOLLAR - CHICAGO MERCANTILE EXCHANGE,240409,2024-04-09,090741,CME ,00,090 ,  192964,   84647,    3429,     639,   44825,   94496,    4945,   16313,   51366,    2960,   10113,    1652,    1332,  165774,  160819,   27190,   32145,   -4207,    6113,    1305,     407,    3166,   -8804,      78,  -10957,    1846,   -1556,    -830,    -552,     -70,   -3649,   -7346,    -558,    3139,  100.0,   43.9,    1.8,    0.3,   23.2,   49.0,    2.6,    8.5,   26.6,    1.5,    5.2,    0.9,    0.7,   85.9,   83.3,   14.1,   16.7,    114,     11,      6,.,     16,     28,     10,     15,     29,     13,      6,.,.,     59,     82,    41.4,    24.8,    54.9,    39.1,    41.4,    24.6,    54.9,    38.8,"(CONTRACTS OF CAD 100,000)",090741,CME ,090 ,F10,FutOnly
CANADIAN DOLLAR - CHICAGO MERCANTILE EXCHANGE,240402,2024-04-02,090741,CME ,00,090 ,  197171,   78534,    2124,     232,   41659,  103300,    4867,   27270,   49520,    4516,   10943,    2204,    1402,  169423,  168165,   27748,   29006,    6176,    3587,     136,     -29,     463,    6379,     171,    3282,    1418,     444,   -1758,     570,    -264,    5896,    8825,     280,   -2649,  100.0,   39.8,    1.1,    0.1,   21.1,   52.4,    2.5,   13.8,   25.1,    2.3,    5.5,    1.1,    0.7,   85.9,   85.3,   14.1,   14.7,    115,     11,      5,.,     16,     28,     11,     19,     25,     11,      7,      4,.,     64,     77,    39.3,    31.5,    52.4,    44.9,    39.3,    31.3,    52.3,    44.6,"(CONTRACTS OF CAD 100,000)",090741,CME ,090 ,F10,FutOnly
CANADIAN DOLLAR - CHICAGO MERCANTILE EXCHANGE,240326,2024-03-26,090741,CME ,00,090 ,  190995,   74947,    1988,     261,   41196,   96921,    4696,   23988,   48102,    4072,   12701,    1634,    1666,  163527,  159340,   27468,   31655,  -39597,    5393,   -8182,  -36246,     471,   10413,    -138,   -9171,   -6455,     452,   -1040,     -21,     221,  -40058,  -39956,     461,     359,  100.0,   39.2,    1.0,    0.1,   21.6,   50.7,    2.5,   12.6,   25.2,    2.1,    6.6,    0.9,    0.9,   85.6,   83.4,   14.4,   16.6,    110,     10,      4,.,     15,     25,      9,     19,     24,      7,     10,.,.,     61,     70,    40.3,    30.4,    54.5,    42.8,    40.3,    30.2,    54.5,    42.5,"(CONTRACTS OF CAD 100,000)",090741,CME ,090 ,F10,FutOnly
CANADIAN DOLLAR - CHICAGO MERCANTILE EXCHANGE,240319,2024-03-19,090741,CME ,00,090 ,  230592,   69554,   10170,   36507,   40725,   86508,    4834,   33159,   54557,    3620,   13741,    1655,    1445,  203585,  199296,   27007,   31296,   37369,    6876,   -1455,   31089,   -6845,    -636,    -516,   15717,   15851,   -8303,    2510,    -369,     -17,   40511,   35644,   -3142,    1725,  100.0,   30.2,    4.4,   15.8,   17.7,   37.5,    2.1,   14.4,   23.7,    1.6,    6.0,    0.7,    0.6,   88.3,   86.4,   11.7,   13.6,    117,     10,      7,      7,     15,     27,     10,     14,     30,      7,     11,.,.,     65,     79,    39.1,    28.7,    53.1,    41.7,    33.3,    22.1,    45.4,    30.6,"(CONTRACTS OF CAD 100,000)",090741,CME ,090 ,F10,FutOnly
CANADIAN DOLLAR - CHICAGO MERCANTILE EXCHANGE,240312,2024-03-12,090741,CME ,00,090 ,  193223,   62678,   11625,    5418,   47570,   87144,    5350,   17442,   38706,   11923,   11231,    2024,    1462,  163074,  163652,   30149,   29571,    9526,    3797,     652,    4635,    -373,   -3368,    1089,   -5400,    3412,    5493,   -1617,      19,      75,    7699,   12007,    1827,   -2481,  100.0,   32.4,    6.0,    2.8,   24.6,   45.1,    2.8,    9.0,   20.0,    6.2,    5.8,    1.0,    0.8,   84.4,   84.7,   15.6,   15.3,    105,      9,      5,      5,     14,     29,     11,     17,     19,     11,      8,      4,.,     63,     72,    43.3,    23.7,    55.6,    36.2,    41.1,    23.0,    51.4,    34.9,"(CONTRACTS OF CAD 100,000)",090741,CME ,090 ,F10,FutOnly
CANADIAN DOLLAR - CHICAGO MERCANTILE EXCHANGE,240305,2024-03-05,090741,CME ,00,090 ,  183697,   58881,   10973,     783,   47943,   90512,    4261,   22842,   35294,    6430,   12848,    2005,    1387,  155375,  151645,   28322,   32052,   17213,    8287,  -11748,     -31,    -561,   19375,     280,    6261,    4098,    1572,    2600,    -819,     214,   18622,   12941,   -1409,    4272,  100.0,   32.1,    6.0,    0.4,   26.1,   49.3,    2.3,   12.4,   19.2,    3.5,    7.0,    1.1,    0.8,   84.6,   82.6,   15.4,   17.4,    111,      8,      5,.,     16,     29,      9,     15,     25,     12,      9,      4,.,     58,     78,    42.5,    22.8,    55.4,    34.9,    42.1,    22.6,    54.5,    34.7,"(CONTRACTS OF CAD 100,000)",090741,CME ,090 ,F10,FutOnly
CANADIAN DOLLAR - CHICAGO MERCANTILE EXCHANGE,240227,2024-02-27,090741,CME ,00,090 ,  166484,   50594,   22721,     814,   48504,   71137,    3981,   16581,   31196,    4858,   10248,    2824,    1173,  136753,  138704,   29731,   27780,    8818,      -9,    1014,     784,     925,    7552,     165,    3920,   -1353,    1735,     497,     553,     262,    8279,   10712,     539,   -1894,  100.0,   30.4,   13.6,    0.5,   29.1,   42.7,    2.4,   10.0,   18.7,    2.9,    6.2,    1.7,    0.7,   82.1,   83.3,   17.9,   16.7,    102,      6,      7,.,     15,     28,      9,     13,     22,     10,      6,      5,.,     52,     72,    47.4,    23.3,    59.8,    36.2,    46.9,    23.3,    57.6,    35.8,"(CONTRACTS OF CAD 100,000)",090741,CME ,090 ,F10,FutOnly
CANADIAN DOLLAR - CHICAGO MERCANTILE EXCHANGE,240220,2024-02-20,090741,CME ,00,090 ,  157666,   50603,   21707,      30,   47579,   63585,    3816,   12661,   32549,    3123,    9751,    2271,     911,  128474,  127992,   29192,   29674,   -3853,   -1547,    2221,    -297,     572,    5456,     219,   -1481,   -9198,    -162,    -391,    -332,     285,   -2802,   -1808,   -1051,   -2045,  100.0,   32.1,   13.8,    0.0,   30.2,   40.3,    2.4,    8.0,   20.6,    2.0,    6.2,    1.4,    0.6,   81.5,   81.2,   18.5,   18.8,    100,      6,      8,.,     14,     28,      7,     14,     21,     11,      5,      4,.,     50,     71,    48.5,    23.5,    58.4,    35.6,    48.5,    23.5,    57.3,    35.4,"(CONTRACTS OF CAD 100,000)",090741,CME ,090 ,F10,FutOnly
CANADIAN DOLLAR - CHICAGO MERCANTILE EXCHANGE,240213,2024-02-13,090741,CME ,00,090 ,  161519,   52150,   19486,     327,   47007,   58129,    3597,   14142,   41747,    3285,   10142,    2603,     626,  131276,  129800,   30243,   31719,    1401,    1551,   -9248,    -156,   -5696,    1540,     774,    4408,    3561,     794,     190,    -200,      59,    1924,   -2876,    -523,    4277,  100.0,   32.3,   12.1,    0.2,   29.1,   36.0,    2.2,    8.8,   25.8,    2.0,    6.3,    1.6,    0.4,   81.3,   80.4,   18.7,   19.6,    102,      8,      8,.,     14,     22,      6,     13,     28,     11,      5,      4,.,     52,     72,    47.5,    21.8,    57.1,    33.5,    47.5,    21.8,    56.1,    33.3,"(CONTRACTS OF CAD 100,000)",090741,CME ,090 ,F10,FutOnly
CANADIAN DOLLAR - CHICAGO MERCANTILE EXCHANGE,240206,2024-02-06,090741,CME ,00,090 ,  160118,   50599,   28734,     483,   52703,   56589,    2823,    9734,   38186,    2491,    9952,    2803,     567,  129352,  132676,   30766,   27442,     742,    1511,   -5832,     297,    6458,    1786,    -165,   -6875,     698,    1068,    -252,     926,     -34,    2008,   -1256,   -1266,    1998,  100.0,   31.6,   17.9,    0.3,   32.9,   35.3,    1.8,    6.1,   23.8,    1.6,    6.2,    1.8,    0.4,   80.8,   82.9,   19.2,   17.1,    103,      7,      7,.,     17,     23,      5,     10,     29,     10,      5,      5,.,     51,     70,    47.6,    25.4,    58.6,    37.0,    47.6,    25.4,    57.5,    36.9,"(CONTRACTS OF CAD 100,000)",090741,CME ,090 ,F10,FutOnly
CANADIAN DOLLAR - CHICAGO MERCANTILE EXCHANGE,240130,2024-01-30,090741,CME ,00,090 ,  159376,   49088,   34566,     186,   46245,   54803,    2988,   16609,   37488,    1423,   10204,    1877,     601,  127344,  133932,   32032,   25444,    4238,   -1540,    6948,    -764,    2491,   -1937,    -425,    3347,     923,    -145,     148,    -190,      -5,    3107,    4405,    1131,    -167,  100.0,   30.8,   21.7,    0.1,   29.0,   34.4,    1.9,   10.4,   23.5,    0.9,    6.4,    1.2,    0.4,   79.9,   84.0,   20.1,   16.0,    103,      5,      9,.,     17,     24,      7,     16,     22,      8,      6,      4,.,     53,     69,    45.8,    29.1,    55.8,    40.4,    45.8,    29.1,    54.3,    40.3,"(CONTRACTS OF CAD 100,000)",090741,CME ,090 ,F10,FutOnly
CANADIAN DOLLAR - CHICAGO MERCANTILE EXCHANGE,240123,2024-01-23,090741,CME ,00,090 ,  155138,   50628,   27618,     950,   43754,   56740,    3413,   13262,   36565,    1568,   10056,    2067,     606,  124237,  129527,   30901,   25611,  -10860,    1209,   -6218,     294,   -8598,    4236,    -286,   -1309,  -10073,    -319,      25,     212,      93,   -8891,  -12061,   -1969,    1201,  100.0,   32.6,   17.8,    0.6,   28.2,   36.6,    2.2,    8.5,   23.6,    1.0,    6.5,    1.3,    0.4,   80.1,   83.5,   19.9,   16.5,    100,      8,      4,.,     17,     24,      9,     17,     20,      9,      6,      4,.,     57,     65,    47.4,    29.5,    56.9,    41.2,    47.4,    29.5,    55.4,    41.0,"(CONTRACTS OF CAD 100,000)",090741,CME ,090 ,F10,FutOnly
CANADIAN DOLLAR - CHICAGO MERCANTILE EXCHANGE,240116,2024-01-16,090741,CME ,00,090 ,  165998,   49419,   33836,     656,   52352,   52504,    3699,   14571,   46638,    1887,   10031,    1855,     513,  133128,  141588,   32870,   24410,   -5559,    -376,   -6436,     650,   -2590,    7798,      92,   -4177,   -7696,       9,    1335,    -181,     -19,   -5076,   -5783,    -483,     224,  100.0,   29.8,   20.4,    0.4,   31.5,   31.6,    2.2,    8.8,   28.1,    1.1,    6.0,    1.1,    0.3,   80.2,   85.3,   19.8,   14.7,    107,      5,      8,.,     19,     23,      9,     15,     25,      9,      8,      4,.,     59,     69,    44.4,    27.8,    54.4,    39.0,    44.3,    27.8,    53.3,    38.5,"(CONTRACTS OF CAD 100,000)",090741,CME ,090 ,F10,FutOnly
CANADIAN DOLLAR - CHICAGO MERCANTILE EXCHANGE,240109,2024-01-09,090741,CME ,00,090 ,  171557,   49795,   40272,       6,   54942,   44706,    3607,   18748,   54334,    1878,    8696,    2036,     532,  138204,  147371,   33353,   24186,  -12919,   -1662,    8588,     -70,   -6555,   -3296,     248,   -3695,  -21807,     194,    -938,      21,     -44,  -12522,  -16166,    -397,    3247,  100.0,   29.0,   23.5,    0.0,   32.0,   26.1,    2.1,   10.9,   31.7,    1.1,    5.1,    1.2,    0.3,   80.6,   85.9,   19.4,   14.1,    103,      6,      7,.,     23,     17,      8,     15,     25,      9,      6,      4,.,     60,     64,    42.6,    29.9,    55.4,    41.9,    42.6,    29.9,    54.5,    41.5,"(CONTRACTS OF CAD 100,000)",090741,CME ,090 ,F10,FutOnly
CANADIAN DOLLAR - CHICAGO MERCANTILE EXCHANGE,240102,2024-01-02,090741,CME ,00,090 ,  184476,   51457,   31684,      76,   61497,   48002,    3359,   22443,   76141,    1684,    9634,    2015,     576,  150726,  163537,   33750,   20939,    8024,   -3095,   13446,    -314,   10599,   -2619,    -413,    1402,     941,     243,     241,    -583,     -33,    8630,   10668,    -606,   -2644,  100.0,   27.9,   17.2,    0.0,   33.3,   26.0,    1.8,   12.2,   41.3,    0.9,    5.2,    1.1,    0.3,   81.7,   88.6,   18.3,   11.4,    108,      6,      7,.,     23,     19,      9,     16,     24,      8,      9,      4,.,     66,     64,    39.2,    31.9,    52.2,    47.1,    39.2,    31.9,    52.1,    47.0,"(CONTRACTS OF CAD 100,000)",090741,CME ,090 ,F10,FutOnly
SWISS FRANC - CHICAGO MERCANTILE EXCHANGE,241231,2024-12-31,092741,CME ,00,092 ,   89129,   59150,    2024,     632,    8991,   44968,     438,    9895,   15662,    1112,     400,     500,       0,   80618,   65336,    8511,   23793,    3175,    1207,     287,     -24,     693,     756,      -4,   -1216,    1581,     982,    -778,       0,       0,     860,    3578,    2315,    -403,  100.0,   66.4,    2.3,    0.7,   10.1,   50.5,    0.5,   11.1,   17.6,    1.2,    0.4,    0.6,    0.0,   90.5,   73.3,    9.5,   26.7,     60,     11,.,.,.,     17,.,     12,     15,      4,.,.,      0,     27,     40,    53.1,    30.5,    69.6,    43.6,    53.1,    30.0,    69.6,    43.1,"(CONTRACTS OF CHF 125,000)",092741,CME ,092 ,F10,FutOnly
SWISS FRANC - CHICAGO MERCANTILE EXCHANGE,241224,2024-12-24,092741,CME ,00,092 ,   85954,   57943,    1737,     656,    8298,   44212,     442,   11111,   14081,     130,    1178,     500,       0,   79758,   61758,    6196,   24196,     323,   10484,    -627,     636,   -3054,    2849,      -1,   -7376,   -1799,       1,     290,     500,       0,     980,    1559,    -657,   -1236,  100.0,   67.4,    2.0,    0.8,    9.7,   51.4,    0.5,   12.9,   16.4,    0.2,    1.4,    0.6,    0.0,   92.8,   71.8,    7.2,   28.1,     60,     10,.,.,.,     16,.,     12,     15,.,.,.,      0,     30,     38,    54.4,    31.3,    69.9,    44.3,    54.4,    30.8,    69.9,    43.8,"(CONTRACTS OF CHF 125,000)",092741,CME ,092 ,F10,FutOnly
SWISS FRANC - CHICAGO MERCANTILE EXCHANGE,241217,2024-12-17,092741,CME ,00,092 ,   85631,   47459,    2364,      20,   11352,   41363,     443,   18487,   15880,     129,     888,       0,       0,   78778,   60199,    6853,   25432,  -23748,   -9963,    2364,  -16181,   -2719,    5997,     432,   15245,    -207,   -8826,     288,   -6565,       0,  -21724,  -22986,   -2024,    -762,  100.0,   55.4,    2.8,    0.0,   13.3,   48.3,    0.5,   21.6,   18.5,    0.2,    1.0,    0.0,    0.0,   92.0,   70.3,    8.0,   29.7,     60,      7,.,.,.,     15,.,     14,     18,.,.,      0,      0,     28,     39,    51.3,    28.4,    73.5,    41.3,    51.3,    27.9,    73.4,    40.8,"(CONTRACTS OF CHF 125,000)",092741,CME ,092 ,F10,FutOnly
SWISS FRANC - CHICAGO MERCANTILE EXCHANGE,241210,2024-12-10,092741,CME ,00,092 ,  109379,   57422,       0,   16201,   14071,   35366,      11,    3242,   16087,    8955,     600,    6565,       0,  100502,   83185,    8877,   26194,   24132,    -374,       0,   15850,     519,   -5044,     -14,      28,      78,    8891,     -80,      -1,       0,   24820,   19760,    -688,    4372,  100.0,   52.5,    0.0,   14.8,   12.9,   32.3,    0.0,    3.0,   14.7,    8.2,    0.5,    6.0,    0.0,   91.9,   76.1,    8.1,   23.9,     61,     11,      0,      7,      4,     15,.,      9,     20,      8,.,.,      0,     29,     48,    57.3,    25.9,    75.2,    41.5,    52.7,    22.2,    62.4,    31.9,"(CONTRACTS OF CHF 125,000)",092741,CME ,092 ,F10,FutOnly
SWISS FRANC - CHICAGO MERCANTILE EXCHANGE,241203,2024-12-03,092741,CME ,00,092 ,   85247,   57796,       0,     351,   13552,   40410,      25,    3214,   16009,      64,     680,    6566,       0,   75682,   63425,    9565,   21822,   -1253,     830,       0,     332,   -2186,    1454,    -239,    -326,    -511,       1,      40,     186,       0,   -1548,    1223,     295,   -2476,  100.0,   67.8,    0.0,    0.4,   15.9,   47.4,    0.0,    3.8,   18.8,    0.1,    0.8,    7.7,    0.0,   88.8,   74.4,   11.2,   25.6,     54,     10,      0,.,      4,     17,.,      6,     15,.,.,.,      0,     25,     36,    65.2,    30.9,    78.6,    44.5,    65.2,    30.8,    78.2,    44.4,"(CONTRACTS OF CHF 125,000)",092741,CME ,092 ,F10,FutOnly
SWISS FRANC - CHICAGO MERCANTILE EXCHANGE,241126,2024-11-26,092741,CME ,00,092 ,   86500,   56966,       0,      19,   15738,   38956,     264,    3540,   16520,      63,     640,    6380,       0,   77230,   62202,    9270,   24298,    3810,    1032,       0,       2,    2006,     686,      48,     518,    1803,     -57,       0,    1590,       0,    3549,    4072,     261,    -262,  100.0,   65.9,    0.0,    0.0,   18.2,   45.0,    0.3,    4.1,   19.1,    0.1,    0.7,    7.4,    0.0,   89.3,   71.9,   10.7,   28.1,     52,      8,      0,.,.,     16,      4,      7,     16,.,.,.,      0,     24,     36,    67.5,    31.1,    81.4,    44.1,    67.4,    31.1,    81.4,    43.8,"(CONTRACTS OF CHF 125,000)",092741,CME ,092 ,F10,FutOnly
SWISS FRANC - CHICAGO MERCANTILE EXCHANGE,241119,2024-11-19,092741,CME ,00,092 ,   82690,   55934,       0,      17,   13732,   38270,     216,    3022,   14717,     120,     640,    4790,       0,   73681,   58130,    9009,   24560,    4310,    7878,    -656,      -2,   -1939,     886,     -57,    -607,     693,    -114,       0,     175,       0,    5159,     925,    -849,    3385,  100.0,   67.6,    0.0,    0.0,   16.6,   46.3,    0.3,    3.7,   17.8,    0.1,    0.8,    5.8,    0.0,   89.1,   70.3,   10.9,   29.7,     49,      8,      0,.,.,     15,.,      7,     14,.,.,.,      0,     24,     32,    66.5,    30.4,    81.5,    43.4,    66.5,    30.3,    81.5,    43.2,"(CONTRACTS OF CHF 125,000)",092741,CME ,092 ,F10,FutOnly
SWISS FRANC - CHICAGO MERCANTILE EXCHANGE,241112,2024-11-12,092741,CME ,00,092 ,   78380,   48056,     656,      19,   15671,   37384,     273,    3629,   14024,     234,     640,    4615,       0,   68522,   57205,    9858,   21175,    2469,    4874,       5,      -8,    -109,   -3422,      41,   -2805,    3643,     172,     120,      75,       0,    2285,     506,     184,    1963,  100.0,   61.3,    0.8,    0.0,   20.0,   47.7,    0.3,    4.6,   17.9,    0.3,    0.8,    5.9,    0.0,   87.4,   73.0,   12.6,   27.0,     51,      8,.,.,      4,     13,      4,      8,     15,      4,.,.,      0,     27,     33,    62.8,    31.1,    77.7,    45.5,    62.8,    31.0,    77.7,    45.1,"(CONTRACTS OF CHF 125,000)",092741,CME ,092 ,F10,FutOnly
SWISS FRANC - CHICAGO MERCANTILE EXCHANGE,241105,2024-11-05,092741,CME ,00,092 ,   75911,   43182,     651,      27,   15780,   40806,     232,    6434,   10381,      62,     520,    4540,       0,   66237,   56699,    9674,   19212,   -3062,   -3645,     142,       5,     741,   -2529,      10,    1135,   -1931,      -7,    -120,     569,       0,   -1881,   -3741,   -1181,     679,  100.0,   56.9,    0.9,    0.0,   20.8,   53.8,    0.3,    8.5,   13.7,    0.1,    0.7,    6.0,    0.0,   87.3,   74.7,   12.7,   25.3,     51,      8,.,.,      4,     14,.,     10,     12,.,.,.,      0,     27,     30,    61.0,    34.8,    73.9,    49.9,    61.0,    34.5,    73.8,    49.6,"(CONTRACTS OF CHF 125,000)",092741,CME ,092 ,F10,FutOnly
SWISS FRANC - CHICAGO MERCANTILE EXCHANGE,241029,2024-10-29,092741,CME ,00,092 ,   78973,   46827,     509,      22,   15039,   43335,     222,    5299,   12312,      69,     640,    3971,       0,   68118,   60440,   10855,   18533,    6254,    6016,    -128,      10,     529,    3764,       8,     585,    -569,      12,      80,     246,       0,    7240,    3343,    -986,    2911,  100.0,   59.3,    0.6,    0.0,   19.0,   54.9,    0.3,    6.7,   15.6,    0.1,    0.8,    5.0,    0.0,   86.3,   76.5,   13.7,   23.5,     55,      9,.,.,      4,     14,      4,      9,     16,.,.,.,      0,     29,     34,    60.0,    35.7,    74.0,    49.2,    59.9,    35.5,    74.0,    48.9,"(CONTRACTS OF CHF 125,000)",092741,CME ,092 ,F10,FutOnly
SWISS FRANC - CHICAGO MERCANTILE EXCHANGE,241022,2024-10-22,092741,CME ,00,092 ,   72719,   40811,     637,      12,   14510,   39571,     214,    4714,   12881,      57,     560,    3725,       0,   60878,   57097,   11841,   15622,    6565,    6018,      -1,     -51,    1185,    3920,     -36,   -1480,    2097,    -407,       0,     134,       0,    5229,    5656,    1336,     909,  100.0,   56.1,    0.9,    0.0,   20.0,   54.4,    0.3,    6.5,   17.7,    0.1,    0.8,    5.1,    0.0,   83.7,   78.5,   16.3,   21.5,     52,      8,.,.,      4,     14,.,      9,     14,.,.,.,      0,     27,     32,    58.0,    35.4,    72.1,    49.9,    58.0,    35.1,    72.1,    49.7,"(CONTRACTS OF CHF 125,000)",092741,CME ,092 ,F10,FutOnly
SWISS FRANC - CHICAGO MERCANTILE EXCHANGE,241015,2024-10-15,092741,CME ,00,092 ,   66154,   34793,     638,      63,   13325,   35651,     250,    6194,   10784,     464,     560,    3591,       0,   55649,   51441,   10505,   14713,    2332,    2536,      92,       1,    1617,    1496,       2,   -1097,    1012,    -123,       0,     947,       0,    2936,    3427,    -604,   -1095,  100.0,   52.6,    1.0,    0.1,   20.1,   53.9,    0.4,    9.4,   16.3,    0.7,    0.8,    5.4,    0.0,   84.1,   77.8,   15.9,   22.2,     52,      9,.,.,      4,     13,.,     10,     13,.,.,.,      0,     29,     29,    55.2,    36.0,    68.5,    51.1,    55.1,    35.6,    68.4,    50.7,"(CONTRACTS OF CHF 125,000)",092741,CME ,092 ,F10,FutOnly
SWISS FRANC - CHICAGO MERCANTILE EXCHANGE,241008,2024-10-08,092741,CME ,00,092 ,   63822,   32257,     546,      62,   11708,   34155,     248,    7291,    9772,     587,     560,    2644,       0,   52713,   48014,   11109,   15808,    1682,    5577,     118,       1,   -1434,    2198,    -278,    1254,   -4347,     -34,     560,    2151,       0,    5646,    -191,   -3964,    1873,  100.0,   50.5,    0.9,    0.1,   18.3,   53.5,    0.4,   11.4,   15.3,    0.9,    0.9,    4.1,    0.0,   82.6,   75.2,   17.4,   24.8,     52,      8,.,.,      4,     12,.,     11,     14,.,.,.,      0,     28,     31,    53.6,    35.6,    65.6,    49.8,    53.5,    35.2,    65.5,    49.4,"(CONTRACTS OF CHF 125,000)",092741,CME ,092 ,F10,FutOnly
SWISS FRANC - CHICAGO MERCANTILE EXCHANGE,241001,2024-10-01,092741,CME ,00,092 ,   62140,   26680,     428,      61,   13142,   31957,     526,    6037,   14119,     621,       0,     493,       0,   47067,   48205,   15073,   13935,    1452,     389,     427,       0,    1469,     397,      60,   -1876,    1909,     -75,       0,     493,       0,     -33,    3211,    1485,   -1759,  100.0,   42.9,    0.7,    0.1,   21.1,   51.4,    0.8,    9.7,   22.7,    1.0,    0.0,    0.8,    0.0,   75.7,   77.6,   24.3,   22.4,     53,      8,.,.,      6,     13,      4,     10,     14,.,      0,.,      0,     28,     33,    49.3,    35.8,    60.1,    49.4,    49.2,    35.4,    60.0,    48.9,"(CONTRACTS OF CHF 125,000)",092741,CME ,092 ,F10,FutOnly
SWISS FRANC - CHICAGO MERCANTILE EXCHANGE,240924,2024-09-24,092741,CME ,00,092 ,   60688,   26291,       1,      61,   11673,   31560,     466,    7913,   12210,     696,       0,       0,       0,   47100,   44994,   13588,   15694,    2134,    3863,    -740,      -1,    -768,     954,     126,    -356,    1039,      77,       0,       0,       0,    2941,    1455,    -807,     679,  100.0,   43.3,    0.0,    0.1,   19.2,   52.0,    0.8,   13.0,   20.1,    1.1,    0.0,    0.0,    0.0,   77.6,   74.1,   22.4,   25.9,     51,      8,.,.,      5,     12,      4,     13,     12,      5,      0,      0,      0,     30,     31,    50.4,    39.2,    59.8,    52.1,    50.3,    38.9,    59.7,    51.7,"(CONTRACTS OF CHF 125,000)",092741,CME ,092 ,F10,FutOnly
SWISS FRANC - CHICAGO MERCANTILE EXCHANGE,240917,2024-09-17,092741,CME ,00,092 ,   58554,   22428,     741,      62,   12441,   30606,     340,    8269,   11171,     619,       0,       0,       0,   44159,   43539,   14395,   15015,  -21885,   -8587,   -2288,  -13526,    1486,   -4631,     -23,    3139,    1918,   -3063,       0,       0,       0,  -20574,  -21613,   -1311,    -272,  100.0,   38.3,    1.3,    0.1,   21.2,   52.3,    0.6,   14.1,   19.1,    1.1,    0.0,    0.0,    0.0,   75.4,   74.4,   24.6,   25.6,     46,      5,.,.,      5,     12,      4,     13,      9,      4,      0,      0,      0,     26,     29,    51.5,    40.2,    60.5,    53.4,    51.4,    39.9,    60.3,    53.1,"(CONTRACTS OF CHF 125,000)",092741,CME ,092 ,F10,FutOnly
SWISS FRANC - CHICAGO MERCANTILE EXCHANGE,240910,2024-09-10,092741,CME ,00,092 ,   80439,   31015,    3029,   13588,   10955,   35237,     363,    5130,    9253,    3682,       0,       0,       0,   64733,   65152,   15706,   15287,   13318,   -1069,     173,   13122,    -156,     686,     272,   -1345,   -1909,    1301,    -456,       0,       0,   11669,   13645,    1649,    -327,  100.0,   38.6,    3.8,   16.9,   13.6,   43.8,    0.5,    6.4,   11.5,    4.6,    0.0,    0.0,    0.0,   80.5,   81.0,   19.5,   19.0,     52,      9,.,      4,      5,     11,.,     12,     11,      8,      0,      0,      0,     33,     34,    50.6,    44.5,    60.9,    55.9,    41.2,    34.1,    48.4,    42.5,"(CONTRACTS OF CHF 125,000)",092741,CME ,092 ,F10,FutOnly
SWISS FRANC - CHICAGO MERCANTILE EXCHANGE,240903,2024-09-03,092741,CME ,00,092 ,   67121,   32084,    2856,     466,   11111,   34551,      91,    6475,   11162,    2381,     456,       0,       0,   53064,   51507,   14057,   15614,   -1647,    -845,      15,     399,   -1457,   -1017,     -24,   -2607,   -1774,     791,     456,    -400,       0,   -3287,   -2010,    1640,     363,  100.0,   47.8,    4.3,    0.7,   16.6,   51.5,    0.1,    9.6,   16.6,    3.5,    0.7,    0.0,    0.0,   79.1,   76.7,   20.9,   23.3,     53,      9,.,.,      5,     12,.,     13,     11,      9,.,      0,      0,     34,     32,    50.1,    40.1,    59.9,    52.8,    50.1,    40.0,    59.1,    52.8,"(CONTRACTS OF CHF 125,000)",092741,CME ,092 ,F10,FutOnly
SWISS FRANC - CHICAGO MERCANTILE EXCHANGE,240827,2024-08-27,092741,CME ,00,092 ,   68768,   32929,    2841,      67,   12568,   35568,     115,    9082,   12936,    1590,       0,     400,       0,   56351,   53517,   12417,   15251,    1664,   -2350,     971,      -1,     969,    2109,    -244,    1834,   -1479,    1368,       0,     400,       0,    1576,    3124,      88,   -1460,  100.0,   47.9,    4.1,    0.1,   18.3,   51.7,    0.2,   13.2,   18.8,    2.3,    0.0,    0.6,    0.0,   81.9,   77.8,   18.1,   22.2,     56,     10,.,.,      4,     12,.,     15,     12,      8,      0,.,      0,     34,     34,    51.6,    40.9,    61.9,    53.9,    51.6,    40.8,    61.8,    53.8,"(CONTRACTS OF CHF 125,000)",092741,CME ,092 ,F10,FutOnly
SWISS FRANC - CHICAGO MERCANTILE EXCHANGE,240820,2024-08-20,092741,CME ,00,092 ,   67104,   35279,    1870,      68,   11599,   33459,     359,    7248,   14415,     222,       0,       0,       0,   54775,   50393,   12329,   16711,    1353,    2650,    -419,       0,    -778,    1311,      26,    -562,     680,    -135,       0,       0,       0,    1201,    1463,     152,    -110,  100.0,   52.6,    2.8,    0.1,   17.3,   49.9,    0.5,   10.8,   21.5,    0.3,    0.0,    0.0,    0.0,   81.6,   75.1,   18.4,   24.9,     49,     10,.,.,.,     11,.,     12,     11,      6,      0,      0,      0,     29,     30,    52.0,    39.7,    64.3,    53.1,    51.9,    39.6,    64.1,    53.0,"(CONTRACTS OF CHF 125,000)",092741,CME ,092 ,F10,FutOnly
SWISS FRANC - CHICAGO MERCANTILE EXCHANGE,240813,2024-08-13,092741,CME ,00,092 ,   65751,   32629,    2289,      68,   12377,   32148,     333,    7810,   13735,     357,       0,       0,       0,   53574,   48930,   12177,   16821,   -2752,   -1674,      31,      -7,   -1880,     276,     189,      39,   -1408,    -287,       0,       0,       0,   -3620,   -1206,     868,   -1546,  100.0,   49.6,    3.5,    0.1,   18.8,   48.9,    0.5,   11.9,   20.9,    0.5,    0.0,    0.0,    0.0,   81.5,   74.4,   18.5,   25.6,     52,     10,.,.,.,     12,.,     13,     12,      5,      0,      0,      0,     30,     31,    49.8,    38.7,    62.2,    51.2,    49.7,    38.7,    61.6,    51.1,"(CONTRACTS OF CHF 125,000)",092741,CME ,092 ,F10,FutOnly
SWISS FRANC - CHICAGO MERCANTILE EXCHANGE,240806,2024-08-06,092741,CME ,00,092 ,   68503,   34303,    2258,      75,   14257,   31872,     144,    7771,   15143,     644,       0,       0,       0,   57194,   50136,   11309,   18367,  -16972,  -14427,    1328,    -294,   -3774,   -7481,     139,    1345,   -6729,     132,       0,    -403,       0,  -16879,  -13308,     -93,   -3664,  100.0,   50.1,    3.3,    0.1,   20.8,   46.5,    0.2,   11.3,   22.1,    0.9,    0.0,    0.0,    0.0,   83.5,   73.2,   16.5,   26.8,     51,     10,.,.,      4,     12,.,     12,     12,      5,      0,      0,      0,     30,     30,    50.6,    37.8,    64.0,    50.7,    50.5,    37.7,    63.7,    50.6,"(CONTRACTS OF CHF 125,000)",092741,CME ,092 ,F10,FutOnly
SWISS FRANC - CHICAGO MERCANTILE EXCHANGE,240730,2024-07-30,092741,CME ,00,092 ,   85475,   48730,     930,     369,   18031,   39353,       5,    6426,   21872,     512,       0,     403,       0,   74073,   63444,   11402,   22031,   -7158,   -7449,    -768,    -104,   -2443,   -3255,       0,    1495,   -1947,     -86,       0,    -725,       0,   -8587,   -6885,    1429,    -273,  100.0,   57.0,    1.1,    0.4,   21.1,   46.0,    0.0,    7.5,   25.6,    0.6,    0.0,    0.5,    0.0,   86.7,   74.2,   13.3,   25.8,     56,     10,.,.,.,     18,.,     10,     13,      4,      0,.,      0,     27,     37,    58.3,    25.8,    73.5,    40.8,    58.2,    25.8,    73.4,    40.8,"(CONTRACTS OF CHF 125,000)",092741,CME ,092 ,F10,FutOnly
SWISS FRANC - CHICAGO MERCANTILE EXCHANGE,240723,2024-07-23,092741,CME ,00,092 ,   92633,   56179,    1698,     473,   20474,   42608,       5,    4931,   23819,     598,       0,    1128,       0,   82660,   70329,    9973,   22304,   -6038,   -6348,     -77,      10,    1209,   -4904,      -5,    -501,   -2239,     -32,       0,    1128,       0,   -5667,   -6119,    -371,      81,  100.0,   60.6,    1.8,    0.5,   22.1,   46.0,    0.0,    5.3,   25.7,    0.6,    0.0,    1.2,    0.0,   89.2,   75.9,   10.8,   24.1,     59,     11,.,.,.,     18,.,     10,     14,      5,      0,.,      0,     28,     40,    62.1,    24.4,    77.2,    41.4,    61.9,    24.3,    77.0,    41.4,"(CONTRACTS OF CHF 125,000)",092741,CME ,092 ,F10,FutOnly
SWISS FRANC - CHICAGO MERCANTILE EXCHANGE,240716,2024-07-16,092741,CME ,00,092 ,   98671,   62527,    1775,     463,   19265,   47512,      10,    5432,   26058,     630,       0,       0,       0,   88327,   76448,   10344,   22223,    5238,    1703,      49,      50,    1284,    3816,       4,    1503,    1956,      93,       0,       0,       0,    4637,    5968,     601,    -730,  100.0,   63.4,    1.8,    0.5,   19.5,   48.2,    0.0,    5.5,   26.4,    0.6,    0.0,    0.0,    0.0,   89.5,   77.5,   10.5,   22.5,     59,     11,.,.,.,     19,      4,     10,     14,      4,      0,      0,      0,     29,     40,    60.8,    26.9,    76.9,    43.4,    60.7,    26.9,    76.8,    43.4,"(CONTRACTS OF CHF 125,000)",092741,CME ,092 ,F10,FutOnly
SWISS FRANC - CHICAGO MERCANTILE EXCHANGE,240709,2024-07-09,092741,CME ,00,092 ,   93433,   60824,    1726,     413,   17981,   43696,       6,    3929,   24102,     537,       0,       0,       0,   83690,   70480,    9743,   22953,    1147,    2105,     -84,     -30,     -58,     533,      -5,     -36,    1876,      48,    -440,    -973,       0,    1584,    1365,    -437,    -218,  100.0,   65.1,    1.8,    0.4,   19.2,   46.8,    0.0,    4.2,   25.8,    0.6,    0.0,    0.0,    0.0,   89.6,   75.4,   10.4,   24.6,     58,     11,.,.,.,     19,.,      9,     14,.,      0,      0,      0,     26,     39,    64.6,    24.9,    78.2,    40.8,    64.5,    24.9,    78.1,    40.8,"(CONTRACTS OF CHF 125,000)",092741,CME ,092 ,F10,FutOnly
SWISS FRANC - CHICAGO MERCANTILE EXCHANGE,240702,2024-07-02,092741,CME ,00,092 ,   92286,   58719,    1810,     443,   18039,   43163,      11,    3965,   22226,     489,     440,     973,       0,   82106,   69115,   10180,   23171,    8082,   10370,    -200,      56,   -1376,    6829,     -16,   -1477,    1733,      36,    -438,       0,       0,    7155,    8438,     927,    -356,  100.0,   63.6,    2.0,    0.5,   19.5,   46.8,    0.0,    4.3,   24.1,    0.5,    0.5,    1.1,    0.0,   89.0,   74.9,   11.0,   25.1,     59,     11,.,.,.,     19,.,      7,     15,.,.,.,      0,     25,     40,    63.9,    23.4,    77.6,    38.7,    63.8,    23.4,    77.5,    38.7,"(CONTRACTS OF CHF 125,000)",092741,CME ,092 ,F10,FutOnly
SWISS FRANC - CHICAGO MERCANTILE EXCHANGE,240625,2024-06-25,092741,CME ,00,092 ,   84204,   48349,    2010,     387,   19415,   36334,      27,    5442,   20493,     453,     878,     973,       0,   74951,   60677,    9253,   23527,   -4086,     446,   -2144,     261,   -1718,   -4024,    -171,     375,   -1331,     437,     438,       0,       0,      68,   -6972,   -4154,    2886,  100.0,   57.4,    2.4,    0.5,   23.1,   43.1,    0.0,    6.5,   24.3,    0.5,    1.0,    1.2,    0.0,   89.0,   72.1,   11.0,   27.9,     57,      8,.,.,.,     18,.,      8,     14,.,.,.,      0,     24,     38,    65.6,    23.8,    78.0,    36.8,    65.5,    23.8,    77.5,    36.7,"(CONTRACTS OF CHF 125,000)",092741,CME ,092 ,F10,FutOnly
SWISS FRANC - CHICAGO MERCANTILE EXCHANGE,240618,2024-06-18,092741,CME ,00,092 ,   88290,   47903,    4154,     126,   21133,   40358,     198,    5067,   21824,      16,     440,     973,       0,   74883,   67649,   13407,   20641,  -13266,     489,    2722,   -7093,     441,   -1716,    -533,   -6228,   -3828,   -2108,    -750,     542,       0,  -15782,  -12014,    2516,   -1252,  100.0,   54.3,    4.7,    0.1,   23.9,   45.7,    0.2,    5.7,   24.7,    0.0,    0.5,    1.1,    0.0,   84.8,   76.6,   15.2,   23.4,     59,      7,      5,.,.,     19,      4,      8,     15,.,.,.,      0,     24,     41,    65.0,    24.3,    76.9,    37.6,    64.8,    24.0,    76.7,    37.4,"(CONTRACTS OF CHF 125,000)",092741,CME ,092 ,F10,FutOnly
SWISS FRANC - CHICAGO MERCANTILE EXCHANGE,240611,2024-06-11,092741,CME ,00,092 ,  101556,   47414,    1432,    7219,   20692,   42074,     731,   11295,   25652,    2124,    1190,     431,       0,   90665,   79663,   10891,   21893,    2741,   -2494,    -318,    6476,    -640,   -2992,    -454,     135,     232,     194,     300,     431,       0,    3517,    3569,    -776,    -828,  100.0,   46.7,    1.4,    7.1,   20.4,   41.4,    0.7,   11.1,   25.3,    2.1,    1.2,    0.4,    0.0,   89.3,   78.4,   10.7,   21.6,     65,     11,.,      5,.,     19,      4,     10,     16,      7,.,.,      0,     35,     46,    53.2,    26.4,    67.8,    38.2,    53.2,    26.4,    65.4,    37.5,"(CONTRACTS OF CHF 125,000)",092741,CME ,092 ,F10,FutOnly
SWISS FRANC - CHICAGO MERCANTILE EXCHANGE,240604,2024-06-04,092741,CME ,00,092 ,   98815,   49908,    1750,     743,   21332,   45066,    1185,   11160,   25420,    1930,     890,       0,       0,   87148,   76094,   11667,   22721,   -1566,    -945,     444,     -84,   -1159,   -3200,      97,   -2298,     952,    1029,    -320,    -402,       0,   -3680,   -1164,    2114,    -402,  100.0,   50.5,    1.8,    0.8,   21.6,   45.6,    1.2,   11.3,   25.7,    2.0,    0.9,    0.0,    0.0,   88.2,   77.0,   11.8,   23.0,     60,     10,.,.,      4,     19,.,      9,     14,      5,.,      0,      0,     29,     40,    56.0,    27.9,    69.5,    39.0,    56.0,    27.9,    69.0,    39.0,"(CONTRACTS OF CHF 125,000)",092741,CME ,092 ,F10,FutOnly
SWISS FRANC - CHICAGO MERCANTILE EXCHANGE,240528,2024-05-28,092741,CME ,00,092 ,  100381,   50853,    1306,     827,   22491,   48266,    1088,   13458,   24468,     901,    1210,     402,       0,   90828,   77258,    9553,   23123,    6111,    4169,      13,    -128,    1819,    3625,      65,    2430,    1958,    -168,      40,       0,       0,    8227,    5365,   -2116,     746,  100.0,   50.7,    1.3,    0.8,   22.4,   48.1,    1.1,   13.4,   24.4,    0.9,    1.2,    0.4,    0.0,   90.5,   77.0,    9.5,   23.0,     71,     12,.,.,      5,     20,.,     15,     14,      5,.,.,      0,     37,     45,    55.5,    27.6,    68.7,    40.4,    55.5,    27.6,    68.0,    40.4,"(CONTRACTS OF CHF 125,000)",092741,CME ,092 ,F10,FutOnly
SWISS FRANC - CHICAGO MERCANTILE EXCHANGE,240521,2024-05-21,092741,CME ,00,092 ,   94270,   46684,    1293,     955,   20672,   44641,    1023,   11028,   22510,    1069,    1170,     402,       0,   82601,   71893,   11669,   22377,    3569,     359,     773,      93,    1189,     397,     132,     932,    1714,    -134,     450,       0,       0,    3021,    2975,     548,     594,  100.0,   49.5,    1.4,    1.0,   21.9,   47.4,    1.1,   11.7,   23.9,    1.1,    1.2,    0.4,    0.0,   87.6,   76.3,   12.4,   23.7,     64,     11,.,.,      4,     19,.,     11,     14,      4,.,.,      0,     30,     43,    54.9,    29.1,    68.9,    41.4,    54.9,    29.1,    68.0,    41.4,"(CONTRACTS OF CHF 125,000)",092741,CME ,092 ,F10,FutOnly
SWISS FRANC - CHICAGO MERCANTILE EXCHANGE,240514,2024-05-14,092741,CME ,00,092 ,   90701,   46325,     520,     862,   19483,   44244,     891,   10096,   20796,    1203,     720,     402,       0,   79580,   68918,   11121,   21783,   -3944,   -5276,      23,     254,    2865,    -625,     822,   -2736,   -4357,      35,    -472,       0,       0,   -4508,   -3848,     564,     -96,  100.0,   51.1,    0.6,    1.0,   21.5,   48.8,    1.0,   11.1,   22.9,    1.3,    0.8,    0.4,    0.0,   87.7,   76.0,   12.3,   24.0,     59,     10,.,.,      4,     20,      4,     10,     12,      4,.,.,      0,     30,     40,    55.5,    29.3,    70.9,    42.1,    55.5,    29.2,    70.0,    42.1,"(CONTRACTS OF CHF 125,000)",092741,CME ,092 ,F10,FutOnly
SWISS FRANC - CHICAGO MERCANTILE EXCHANGE,240507,2024-05-07,092741,CME ,00,092 ,   94645,   51601,     497,     608,   16618,   44869,      69,   12832,   25153,    1168,    1192,     402,       0,   84088,   72766,   10557,   21879,   -4281,   -4282,     -78,     121,      73,   -4098,      65,   -2242,    2660,     787,    -240,       0,       0,   -5718,    -543,    1437,   -3738,  100.0,   54.5,    0.5,    0.6,   17.6,   47.4,    0.1,   13.6,   26.6,    1.2,    1.3,    0.4,    0.0,   88.8,   76.9,   11.2,   23.1,     65,     12,.,.,.,     20,.,     11,     15,.,.,.,      0,     32,     41,    54.3,    28.3,    69.4,    40.8,    54.2,    28.3,    68.8,    40.8,"(CONTRACTS OF CHF 125,000)",092741,CME ,092 ,F10,FutOnly
SWISS FRANC - CHICAGO MERCANTILE EXCHANGE,240430,2024-04-30,092741,CME ,00,092 ,   98926,   55883,     575,     487,   16545,   48967,       4,   15074,   22493,     381,    1432,     402,       0,   89806,   73309,    9120,   25617,    2897,    2399,      41,     112,     608,     568,       0,    1014,     348,     178,      80,     402,       0,    4391,    1649,   -1494,    1248,  100.0,   56.5,    0.6,    0.5,   16.7,   49.5,    0.0,   15.2,   22.7,    0.4,    1.4,    0.4,    0.0,   90.8,   74.1,    9.2,   25.9,     66,     12,.,.,.,     20,.,     13,     14,      4,.,.,      0,     32,     41,    53.6,    29.8,    68.3,    43.0,    53.4,    29.8,    67.8,    43.0,"(CONTRACTS OF CHF 125,000)",092741,CME ,092 ,F10,FutOnly
SWISS FRANC - CHICAGO MERCANTILE EXCHANGE,240423,2024-04-23,092741,CME ,00,092 ,   96029,   53484,     534,     375,   15937,   48399,       4,   14060,   22145,     203,    1352,       0,       0,   85415,   71660,   10614,   24369,    2618,    4512,     534,      -2,     885,    2885,       0,   -4302,    1412,     140,     120,    -627,       0,    1353,    4342,    1265,   -1724,  100.0,   55.7,    0.6,    0.4,   16.6,   50.4,    0.0,   14.6,   23.1,    0.2,    1.4,    0.0,    0.0,   88.9,   74.6,   11.1,   25.4,     63,     11,.,.,.,     19,.,     11,     16,.,.,      0,      0,     29,     40,    49.4,    31.4,    66.8,    43.6,    49.2,    31.4,    66.7,    43.6,"(CONTRACTS OF CHF 125,000)",092741,CME ,092 ,F10,FutOnly
SWISS FRANC - CHICAGO MERCANTILE EXCHANGE,240416,2024-04-16,092741,CME ,00,092 ,   93411,   48972,       0,     377,   15052,   45514,       4,   18362,   20733,      63,    1232,     627,       0,   84062,   67318,    9349,   26093,    2578,    5637,       0,      51,   -2651,    1937,      -7,    -241,     202,      11,     -36,     145,       0,    2764,    2339,    -186,     239,  100.0,   52.4,    0.0,    0.4,   16.1,   48.7,    0.0,   19.7,   22.2,    0.1,    1.3,    0.7,    0.0,   90.0,   72.1,   10.0,   27.9,     66,     12,      0,.,.,     18,.,     12,     18,.,.,.,      0,     30,     41,    45.5,    32.2,    64.6,    43.6,    45.3,    32.2,    64.4,    43.6,"(CONTRACTS OF CHF 125,000)",092741,CME ,092 ,F10,FutOnly
SWISS FRANC - CHICAGO MERCANTILE EXCHANGE,240409,2024-04-09,092741,CME ,00,092 ,   90833,   43335,       0,     326,   17703,   43577,      11,   18603,   20531,      52,    1268,     482,       0,   81298,   64979,    9535,   25854,    3725,    7520,       0,     136,    -778,    2427,       1,   -2281,    1363,     -61,    -665,       0,       0,    3872,    3866,    -147,    -141,  100.0,   47.7,    0.0,    0.4,   19.5,   48.0,    0.0,   20.5,   22.6,    0.1,    1.4,    0.5,    0.0,   89.5,   71.5,   10.5,   28.5,     65,     12,      0,.,      4,     17,.,     12,     17,.,.,.,      0,     33,     39,    41.6,    30.1,    62.1,    42.6,    41.5,    30.1,    62.0,    42.6,"(CONTRACTS OF CHF 125,000)",092741,CME ,092 ,F10,FutOnly
SWISS FRANC - CHICAGO MERCANTILE EXCHANGE,240402,2024-04-02,092741,CME ,00,092 ,   87108,   35815,       0,     190,   18481,   41150,      10,   20884,   19168,     113,    1933,     482,       0,   77426,   61113,    9682,   25995,    6648,    1816,       0,      23,    -348,    3746,       5,    4861,    1785,      37,      50,      21,       0,    6444,    5617,     204,    1031,  100.0,   41.1,    0.0,    0.2,   21.2,   47.2,    0.0,   24.0,   22.0,    0.1,    2.2,    0.6,    0.0,   88.9,   70.2,   11.1,   29.8,     65,     12,      0,.,      6,     16,.,     12,     15,      4,.,.,      0,     36,     37,    40.9,    28.7,    60.6,    40.6,    40.8,    28.7,    60.4,    40.6,"(CONTRACTS OF CHF 125,000)",092741,CME ,092 ,F10,FutOnly
SWISS FRANC - CHICAGO MERCANTILE EXCHANGE,240326,2024-03-26,092741,CME ,00,092 ,   80460,   33999,       0,     167,   18829,   37404,       5,   16023,   17383,      76,    1883,     461,       0,   70982,   55496,    9478,   24964,    8915,    6059,       0,     106,    -330,    4948,    -295,    2708,    1725,      24,     830,       0,       0,    9102,    6508,    -187,    2407,  100.0,   42.3,    0.0,    0.2,   23.4,   46.5,    0.0,   19.9,   21.6,    0.1,    2.3,    0.6,    0.0,   88.2,   69.0,   11.8,   31.0,     63,     12,      0,.,      5,     15,.,     12,     15,      4,.,.,      0,     35,     36,    40.6,    26.6,    60.8,    38.0,    40.5,    26.6,    60.7,    38.0,"(CONTRACTS OF CHF 125,000)",092741,CME ,092 ,F10,FutOnly
SWISS FRANC - CHICAGO MERCANTILE EXCHANGE,240319,2024-03-19,092741,CME ,00,092 ,   71545,   27940,       0,      61,   19159,   32456,     300,   13315,   15658,      52,    1053,     461,       0,   61880,   48988,    9665,   22557,  -10897,    -844,   -7093,   -8306,    -468,    5398,   -1017,    3566,    1192,   -3216,    -702,      -4,       0,  -10987,  -13046,      90,    2149,  100.0,   39.1,    0.0,    0.1,   26.8,   45.4,    0.4,   18.6,   21.9,    0.1,    1.5,    0.6,    0.0,   86.5,   68.5,   13.5,   31.5,     59,     11,      0,.,      4,     15,.,     11,     15,.,.,.,      0,     31,     34,    43.4,    25.5,    62.8,    38.2,    43.3,    25.5,    62.7,    38.2,"(CONTRACTS OF CHF 125,000)",092741,CME ,092 ,F10,FutOnly
SWISS FRANC - CHICAGO MERCANTILE EXCHANGE,240312,2024-03-12,092741,CME ,00,092 ,   82442,   28784,    7093,    8367,   19627,   27058,    1317,    9749,   14466,    3268,    1755,     465,       0,   72867,   62034,    9575,   20408,    6276,     656,      80,    8097,     239,   -3807,    1017,   -6652,   -1902,    2824,    -200,     465,       0,    5981,    6774,     295,    -498,  100.0,   34.9,    8.6,   10.1,   23.8,   32.8,    1.6,   11.8,   17.5,    4.0,    2.1,    0.6,    0.0,   88.4,   75.2,   11.6,   24.8,     61,      8,      5,      7,      4,     12,.,     11,     16,      7,.,.,      0,     38,     40,    45.2,    24.8,    61.2,    36.4,    44.9,    22.0,    57.6,    32.7,"(CONTRACTS OF CHF 125,000)",092741,CME ,092 ,F10,FutOnly
SWISS FRANC - CHICAGO MERCANTILE EXCHANGE,240305,2024-03-05,092741,CME ,00,092 ,   76166,   28128,    7013,     270,   19388,   30865,     300,   16401,   16368,     444,    1955,       0,       0,   66886,   55260,    9280,   20906,   10959,    5955,    1613,     205,    1849,    4091,       6,    1790,    4056,      61,      64,       0,       0,    9930,   10032,    1029,     927,  100.0,   36.9,    9.2,    0.4,   25.5,   40.5,    0.4,   21.5,   21.5,    0.6,    2.6,    0.0,    0.0,   87.8,   72.6,   12.2,   27.4,     57,      7,      5,.,      4,     13,.,     12,     13,.,.,      0,      0,     29,     35,    47.5,    25.5,    65.9,    37.8,    47.4,    25.5,    65.7,    37.8,"(CONTRACTS OF CHF 125,000)",092741,CME ,092 ,F10,FutOnly
SWISS FRANC - CHICAGO MERCANTILE EXCHANGE,240227,2024-02-27,092741,CME ,00,092 ,   65207,   22173,    5400,      65,   17539,   26774,     294,   14611,   12312,     383,    1891,       0,       0,   56956,   45228,    8251,   19979,    5177,    2738,    -674,      -3,     323,    3677,       0,    2984,     907,     257,      40,       0,       0,    6339,    4164,   -1162,    1013,  100.0,   34.0,    8.3,    0.1,   26.9,   41.1,    0.5,   22.4,   18.9,    0.6,    2.9,    0.0,    0.0,   87.3,   69.4,   12.7,   30.6,     55,      7,      4,.,      5,     12,.,     12,     12,.,.,      0,      0,     29,     32,    42.5,    26.2,    61.3,    39.8,    42.4,    26.2,    61.1,    39.8,"(CONTRACTS OF CHF 125,000)",092741,CME ,092 ,F10,FutOnly
SWISS FRANC - CHICAGO MERCANTILE EXCHANGE,240220,2024-02-20,092741,CME ,00,092 ,   60030,   19435,    6074,      68,   17216,   23097,     294,   11627,   11405,     126,    1851,       0,       0,   50617,   41064,    9413,   18966,    4961,    3806,     338,      -5,    1117,    1635,     -50,     543,    3202,      12,     196,       0,       0,    5619,    5132,    -658,    -171,  100.0,   32.4,   10.1,    0.1,   28.7,   38.5,    0.5,   19.4,   19.0,    0.2,    3.1,    0.0,    0.0,   84.3,   68.4,   15.7,   31.6,     55,      7,      4,.,      6,     12,.,     11,     12,.,.,      0,      0,     30,     31,    41.5,    24.6,    59.7,    38.3,    41.4,    24.6,    59.1,    38.3,"(CONTRACTS OF CHF 125,000)",092741,CME ,092 ,F10,FutOnly
SWISS FRANC - CHICAGO MERCANTILE EXCHANGE,240213,2024-02-13,092741,CME ,00,092 ,   55069,   15629,    5736,      73,   16099,   21462,     344,   11084,    8203,     114,    1655,       0,       0,   44998,   35932,   10071,   19137,    5150,    2269,    -480,      18,    1942,    2689,    -249,    2820,    -128,      81,     417,       0,       0,    7298,    1931,   -2148,    3219,  100.0,   28.4,   10.4,    0.1,   29.2,   39.0,    0.6,   20.1,   14.9,    0.2,    3.0,    0.0,    0.0,   81.7,   65.2,   18.3,   34.8,     54,      7,      4,.,      7,     12,.,     12,      9,.,.,      0,      0,     31,     30,    39.3,    24.0,    56.3,    38.6,    39.2,    24.0,    56.0,    38.6,"(CONTRACTS OF CHF 125,000)",092741,CME ,092 ,F10,FutOnly
SWISS FRANC - CHICAGO MERCANTILE EXCHANGE,240206,2024-02-06,092741,CME ,00,092 ,   49919,   13360,    6216,      55,   14157,   18773,     593,    8264,    8331,      33,    1238,       0,       0,   37700,   34001,   12219,   15918,    2136,    2826,    -367,      14,     879,     873,      27,   -1461,    1357,       0,       0,       0,       0,    2285,    1904,    -149,     232,  100.0,   26.8,   12.5,    0.1,   28.4,   37.6,    1.2,   16.6,   16.7,    0.1,    2.5,    0.0,    0.0,   75.5,   68.1,   24.5,   31.9,     49,      6,      5,.,      6,     13,.,     10,      7,.,.,      0,      0,     27,     27,    43.1,    24.6,    56.5,    39.9,    43.0,    24.6,    56.4,    39.9,"(CONTRACTS OF CHF 125,000)",092741,CME ,092 ,F10,FutOnly
SWISS FRANC - CHICAGO MERCANTILE EXCHANGE,240130,2024-01-30,092741,CME ,00,092 ,   47783,   10534,    6583,      41,   13278,   17900,     566,    9725,    6974,      33,    1238,       0,       0,   35415,   32097,   12368,   15686,    -615,    1639,    -485,       0,    -860,    1145,      90,     422,   -1905,     -45,    -156,       0,       0,    1090,   -1200,   -1705,     585,  100.0,   22.0,   13.8,    0.1,   27.8,   37.5,    1.2,   20.4,   14.6,    0.1,    2.6,    0.0,    0.0,   74.1,   67.2,   25.9,   32.8,     50,      6,      5,.,      6,     12,.,     12,      7,.,.,      0,      0,     29,     25,    40.6,    25.3,    49.4,    40.4,    40.5,    25.3,    49.3,    40.4,"(CONTRACTS OF CHF 125,000)",092741,CME ,092 ,F10,FutOnly
SWISS FRANC - CHICAGO MERCANTILE EXCHANGE,240123,2024-01-23,092741,CME ,00,092 ,   48398,    8895,    7068,      41,   14138,   16755,     476,    9303,    8879,      78,    1394,       0,       0,   34325,   33297,   14073,   15101,   -2082,    1413,   -2783,      41,   -1503,     -37,     -34,    1540,    1137,    -258,    -240,   -1600,       0,     959,   -3534,   -3041,    1452,  100.0,   18.4,   14.6,    0.1,   29.2,   34.6,    1.0,   19.2,   18.3,    0.2,    2.9,    0.0,    0.0,   70.9,   68.8,   29.1,   31.2,     51,      4,      6,.,      7,     11,.,     11,     10,.,.,      0,      0,     28,     29,    39.1,    24.5,    49.5,    38.6,    39.0,    24.5,    49.4,    37.8,"(CONTRACTS OF CHF 125,000)",092741,CME ,092 ,F10,FutOnly
SWISS FRANC - CHICAGO MERCANTILE EXCHANGE,240116,2024-01-16,092741,CME ,00,092 ,   50480,    7482,    9851,       0,   15641,   16792,     510,    7763,    7742,     336,    1634,    1600,       0,   33366,   36831,   17114,   13649,     311,    -629,    1014,       0,   -1032,     -92,      40,     306,    -519,     143,     161,       0,       0,   -1011,     586,    1322,    -275,  100.0,   14.8,   19.5,    0.0,   31.0,   33.3,    1.0,   15.4,   15.3,    0.7,    3.2,    3.2,    0.0,   66.1,   73.0,   33.9,   27.0,     53,.,      7,      0,      8,     10,.,     13,      9,.,.,.,      0,     30,     29,    38.7,    25.6,    45.9,    41.9,    38.7,    24.6,    45.9,    40.9,"(CONTRACTS OF CHF 125,000)",092741,CME ,092 ,F10,FutOnly
SWISS FRANC - CHICAGO MERCANTILE EXCHANGE,240109,2024-01-09,092741,CME ,00,092 ,   50169,    8111,    8837,       0,   16673,   16884,     470,    7457,    8261,     193,    1473,    1600,       0,   34377,   36245,   15792,   13924,   -1067,   -1371,     130,       0,    1047,   -1025,     466,    -878,     826,     -32,    -143,    -465,       0,    -911,    -100,    -156,    -967,  100.0,   16.2,   17.6,    0.0,   33.2,   33.7,    0.9,   14.9,   16.5,    0.4,    2.9,    3.2,    0.0,   68.5,   72.2,   31.5,   27.8,     51,.,      7,      0,      8,     10,.,     12,      8,.,.,.,      0,     28,     27,    40.3,    25.8,    49.3,    42.5,    40.3,    24.9,    49.3,    41.5,"(CONTRACTS OF CHF 125,000)",092741,CME ,092 ,F10,FutOnly
SWISS FRANC - CHICAGO MERCANTILE EXCHANGE,240102,2024-01-02,092741,CME ,00,092 ,   51236,    9482,    8707,       0,   15626,   17909,       4,    8335,    7435,     225,    1616,    2065,       0,   35288,   36345,   15948,   14891,    4014,   -1714,     658,       0,    3046,    1883,       0,     823,    1237,       6,       0,    1514,       0,    2161,    5298,    1853,   -1284,  100.0,   18.5,   17.0,    0.0,   30.5,   35.0,    0.0,   16.3,   14.5,    0.4,    3.2,    4.0,    0.0,   68.9,   70.9,   31.1,   29.1,     52,.,      7,      0,      8,     10,.,     12,      8,.,.,.,      0,     27,     28,    40.3,    24.6,    49.1,    42.6,    40.3,    24.6,    49.1,    42.6,"(CONTRACTS OF CHF 125,000)",092741,CME ,092 ,F10,FutOnly
BRITISH POUND - CHICAGO MERCANTILE EXCHANGE,241231,2024-12-31,096742,CME ,00,096 ,  188879,   36734,   21386,     417,   37075,   92001,    1462,   78757,   29649,    6901,    2412,    5359,     265,  164023,  157440,   24856,   31439,      35,   -1897,    1219,     337,    1846,   -4872,      45,    -594,    2972,    1327,      43,     -25,       0,    1107,    1003,   -1072,    -968,  100.0,   19.4,   11.3,    0.2,   19.6,   48.7,    0.8,   41.7,   15.7,    3.7,    1.3,    2.8,    0.1,   86.8,   83.4,   13.2,   16.6,    108,      9,      5,.,      8,     33,      6,     24,     22,     13,.,      6,.,     55,     76,    36.3,    25.5,    56.9,    35.8,    35.9,    25.4,    54.9,    35.6,"(CONTRACTS OF GBP 62,500)",096742,CME ,096 ,F10,FutOnly
BRITISH POUND - CHICAGO MERCANTILE EXCHANGE,241224,2024-12-24,096742,CME ,00,096 ,  188844,   38631,   20167,      80,   35229,   96873,    1417,   79351,   26677,    5574,    2369,    5384,     265,  162916,  156437,   25928,   32407,    1709,    2383,   -3304,      42,   -2146,    1456,      38,   -1429,     438,     -95,    1687,     815,     265,     745,    -345,     964,    2054,  100.0,   20.5,   10.7,    0.0,   18.7,   51.3,    0.8,   42.0,   14.1,    3.0,    1.3,    2.9,    0.1,   86.3,   82.8,   13.7,   17.2,    106,      9,      5,.,      8,     34,      7,     23,     20,     12,.,      6,.,     54,     75,    36.7,    24.8,    57.4,    36.1,    36.7,    24.6,    55.5,    35.9,"(CONTRACTS OF GBP 62,500)",096742,CME ,096 ,F10,FutOnly
BRITISH POUND - CHICAGO MERCANTILE EXCHANGE,241217,2024-12-17,096742,CME ,00,096 ,  187135,   36248,   23471,      38,   37375,   95417,    1379,   80780,   26239,    5669,     682,    4569,       0,  162171,  156782,   24964,   30353, -124590,  -17387,  -32723,  -61839,  -14718,     986,   -5386,    7720,   -5359,  -17571,  -13794,   -1251,     -11, -122986, -123154,   -1604,   -1436,  100.0,   19.4,   12.5,    0.0,   20.0,   51.0,    0.7,   43.2,   14.0,    3.0,    0.4,    2.4,    0.0,   86.7,   83.8,   13.3,   16.2,    107,      7,      5,.,      7,     30,      9,     27,     25,     12,.,      5,      0,     53,     76,    37.1,    28.9,    55.1,    42.9,    35.9,    28.6,    53.2,    42.7,"(CONTRACTS OF GBP 62,500)",096742,CME ,096 ,F10,FutOnly
BRITISH POUND - CHICAGO MERCANTILE EXCHANGE,241210,2024-12-10,096742,CME ,00,096 ,  311725,   53635,   56194,   61877,   52093,   94431,    6765,   73060,   31598,   23240,   14476,    5820,      11,  285157,  279936,   26568,   31789,   68221,  -14709,    6157,   59259,   11320,  -13661,   -2049,    -822,    9956,   11149,     713,    -840,      11,   64872,   69982,    3349,   -1761,  100.0,   17.2,   18.0,   19.8,   16.7,   30.3,    2.2,   23.4,   10.1,    7.5,    4.6,    1.9,    0.0,   91.5,   89.8,    8.5,   10.2,    115,      6,      9,      8,      9,     30,      8,     25,     28,     16,.,      6,.,     63,     85,    35.3,    37.9,    53.8,    51.8,    28.6,    23.7,    42.0,    33.2,"(CONTRACTS OF GBP 62,500)",096742,CME ,096 ,F10,FutOnly
BRITISH POUND - CHICAGO MERCANTILE EXCHANGE,241203,2024-12-03,096742,CME ,00,096 ,  243504,   68344,   50037,    2618,   40773,  108092,    8814,   73882,   21642,   12091,   13763,    6660,       0,  220285,  209954,   23219,   33550,    4442,    4910,    1326,     534,    2193,    2050,   -1002,   -3489,     213,    -867,    1507,      49,       0,    3786,    2303,     656,    2139,  100.0,   28.1,   20.5,    1.1,   16.7,   44.4,    3.6,   30.3,    8.9,    5.0,    5.7,    2.7,    0.0,   90.5,   86.2,    9.5,   13.8,    111,      8,      6,.,      6,     35,      9,     28,     19,     15,.,      7,      0,     58,     80,    37.1,    29.4,    56.3,    43.0,    37.1,    29.1,    54.8,    42.7,"(CONTRACTS OF GBP 62,500)",096742,CME ,096 ,F10,FutOnly
BRITISH POUND - CHICAGO MERCANTILE EXCHANGE,241126,2024-11-26,096742,CME ,00,096 ,  239062,   63434,   48711,    2084,   38580,  106042,    9816,   77371,   21429,   12958,   12256,    6611,       0,  216499,  207651,   22563,   31411,   18166,   23174,    -530,    -123,   -6082,   18200,    2168,    1496,   -3735,   -1423,    4541,    1595,       0,   23751,   16152,   -5585,    2014,  100.0,   26.5,   20.4,    0.9,   16.1,   44.4,    4.1,   32.4,    9.0,    5.4,    5.1,    2.8,    0.0,   90.6,   86.9,    9.4,   13.1,    117,      9,      6,.,      7,     36,     11,     31,     18,     14,.,      7,      0,     60,     84,    36.6,    28.9,    54.0,    43.3,    36.1,    28.7,    51.4,    43.0,"(CONTRACTS OF GBP 62,500)",096742,CME ,096 ,F10,FutOnly
BRITISH POUND - CHICAGO MERCANTILE EXCHANGE,241119,2024-11-19,096742,CME ,00,096 ,  220896,   40260,   49241,    2207,   44662,   87842,    7648,   75875,   25164,   14381,    7715,    5016,       0,  192748,  191499,   28148,   29397,    8551,   26227,   -2067,    -503,  -16765,    8045,    3677,   -3669,   -5843,    1527,    -686,     625,       0,    9808,    5461,   -1257,    3090,  100.0,   18.2,   22.3,    1.0,   20.2,   39.8,    3.5,   34.3,   11.4,    6.5,    3.5,    2.3,    0.0,   87.3,   86.7,   12.7,   13.3,    108,     10,      6,.,      8,     33,     10,     28,     15,     13,.,      6,      0,     59,     74,    35.3,    32.0,    51.8,    44.6,    33.9,    31.8,    47.3,    44.3,"(CONTRACTS OF GBP 62,500)",096742,CME ,096 ,F10,FutOnly
BRITISH POUND - CHICAGO MERCANTILE EXCHANGE,241112,2024-11-12,096742,CME ,00,096 ,  212345,   14033,   51308,    2710,   61427,   79797,    3971,   79544,   31007,   12854,    8401,    4391,       0,  182940,  186038,   29405,   26307,   -7512,    3173,     264,      81,   -8880,   -6076,    -565,    2049,   -4209,    1148,    1594,     579,       0,   -1400,   -8778,   -6112,    1266,  100.0,    6.6,   24.2,    1.3,   28.9,   37.6,    1.9,   37.5,   14.6,    6.1,    4.0,    2.1,    0.0,   86.2,   87.6,   13.8,   12.4,    119,      8,      7,.,     17,     28,     10,     34,     19,     18,.,      5,      0,     71,     78,    32.2,    33.6,    50.5,    47.0,    30.6,    33.4,    46.0,    46.8,"(CONTRACTS OF GBP 62,500)",096742,CME ,096 ,F10,FutOnly
BRITISH POUND - CHICAGO MERCANTILE EXCHANGE,241105,2024-11-05,096742,CME ,00,096 ,  219857,   10860,   51044,    2629,   70307,   85873,    4536,   77495,   35216,   11706,    6807,    3812,       0,  184340,  194816,   35517,   25041,   -1678,   -1147,   -8590,     210,     742,   -2620,     621,   -5054,    9388,   -1163,    1104,      -2,       0,   -4687,   -2156,    3009,     478,  100.0,    4.9,   23.2,    1.2,   32.0,   39.1,    2.1,   35.2,   16.0,    5.3,    3.1,    1.7,    0.0,   83.8,   88.6,   16.2,   11.4,    114,      8,      7,.,     17,     25,     10,     32,     19,     15,.,      4,      0,     74,     67,    31.5,    36.5,    48.0,    51.6,    29.8,    36.4,    43.7,    51.4,"(CONTRACTS OF GBP 62,500)",096742,CME ,096 ,F10,FutOnly
BRITISH POUND - CHICAGO MERCANTILE EXCHANGE,241029,2024-10-29,096742,CME ,00,096 ,  221535,   12007,   59634,    2419,   69565,   88493,    3915,   82549,   25828,   12869,    5703,    3814,       0,  189027,  196972,   32508,   24563,   -8595,     867,   -9426,      -7,  -12585,    -986,     883,    1416,     545,    1272,   -1024,       0,       0,   -9178,   -7719,     583,    -876,  100.0,    5.4,   26.9,    1.1,   31.4,   39.9,    1.8,   37.3,   11.7,    5.8,    2.6,    1.7,    0.0,   85.3,   88.9,   14.7,   11.1,    120,      8,      7,.,     16,     29,      9,     34,     20,     17,.,      4,      0,     76,     73,    32.9,    35.7,    47.6,    50.5,    31.2,    35.5,    44.0,    50.3,"(CONTRACTS OF GBP 62,500)",096742,CME ,096 ,F10,FutOnly
BRITISH POUND - CHICAGO MERCANTILE EXCHANGE,241022,2024-10-22,096742,CME ,00,096 ,  230130,   11140,   69060,    2426,   82150,   89479,    3032,   81133,   25283,   11597,    6727,    3814,       0,  198205,  204691,   31925,   25439,  -20020,    3943,  -23054,    -149,  -13485,    3434,    -306,   -5537,   -2609,    1335,      10,       0,       0,  -14189,  -21349,   -5831,    1329,  100.0,    4.8,   30.0,    1.1,   35.7,   38.9,    1.3,   35.3,   11.0,    5.0,    2.9,    1.7,    0.0,   86.1,   88.9,   13.9,   11.1,    118,      8,      7,.,     18,     30,      9,     30,     18,     16,.,      4,      0,     75,     71,    31.9,    37.7,    48.2,    52.4,    31.8,    37.7,    45.2,    52.1,"(CONTRACTS OF GBP 62,500)",096742,CME ,096 ,F10,FutOnly
BRITISH POUND - CHICAGO MERCANTILE EXCHANGE,241015,2024-10-15,096742,CME ,00,096 ,  250150,    7197,   92114,    2575,   95635,   86045,    3338,   86670,   27892,   10262,    6717,    3814,       0,  212394,  226040,   37756,   24110,   -5758,    1591,   -7217,     836,     391,    2693,    -700,   -9424,   -2342,     155,    1803,       0,       0,   -5348,   -6575,    -410,     817,  100.0,    2.9,   36.8,    1.0,   38.2,   34.4,    1.3,   34.6,   11.2,    4.1,    2.7,    1.5,    0.0,   84.9,   90.4,   15.1,    9.6,    123,      7,      8,      4,     19,     30,      7,     34,     18,     15,.,      4,      0,     78,     71,    32.0,    42.7,    48.5,    56.1,    32.0,    42.7,    45.9,    55.8,"(CONTRACTS OF GBP 62,500)",096742,CME ,096 ,F10,FutOnly
BRITISH POUND - CHICAGO MERCANTILE EXCHANGE,241008,2024-10-08,096742,CME ,00,096 ,  255908,    5606,   99331,    1739,   95244,   83352,    4038,   96094,   30234,   10107,    4914,    3814,       0,  217742,  232615,   38166,   23293,   -1404,    -483,   -1498,    1470,    1479,    2174,    -856,   -2279,   -4799,    2718,     -43,       0,       0,    2006,    -791,   -3410,    -613,  100.0,    2.2,   38.8,    0.7,   37.2,   32.6,    1.6,   37.6,   11.8,    3.9,    1.9,    1.5,    0.0,   85.1,   90.9,   14.9,    9.1,    121,      5,     10,      4,     18,     29,      8,     36,     16,     14,.,      4,      0,     78,     69,    30.7,    42.4,    49.2,    55.5,    30.7,    42.4,    46.7,    55.2,"(CONTRACTS OF GBP 62,500)",096742,CME ,096 ,F10,FutOnly
BRITISH POUND - CHICAGO MERCANTILE EXCHANGE,241001,2024-10-01,096742,CME ,00,096 ,  257312,    6089,  100829,     269,   93765,   81178,    4894,   98373,   35033,    7389,    4957,    3814,       0,  215736,  233406,   41576,   23906,    5671,    -533,    3109,     -68,    5705,    5284,     477,   -1820,   -3467,     434,     835,    -460,       0,    5030,    5309,     641,     362,  100.0,    2.4,   39.2,    0.1,   36.4,   31.5,    1.9,   38.2,   13.6,    2.9,    1.9,    1.5,    0.0,   83.8,   90.7,   16.2,    9.3,    122,      7,      8,.,     18,     30,      9,     37,     15,     13,.,      4,      0,     80,     67,    31.2,    42.4,    49.5,    55.5,    31.2,    42.2,    47.6,    55.3,"(CONTRACTS OF GBP 62,500)",096742,CME ,096 ,F10,FutOnly
BRITISH POUND - CHICAGO MERCANTILE EXCHANGE,240924,2024-09-24,096742,CME ,00,096 ,  251641,    6622,   97720,     337,   88060,   75894,    4417,  100193,   38500,    6955,    4122,    4274,       0,  210706,  228097,   40935,   23544,   39046,    -978,   30228,      81,   15008,    3394,     127,   17581,    1547,     773,    3399,     460,       0,   35991,   36610,    3055,    2436,  100.0,    2.6,   38.8,    0.1,   35.0,   30.2,    1.8,   39.8,   15.3,    2.8,    1.6,    1.7,    0.0,   83.7,   90.6,   16.3,    9.4,    137,      7,      8,.,     20,     30,      8,     42,     21,     14,      4,      5,      0,     89,     73,    29.4,    41.1,    45.9,    54.4,    29.4,    40.9,    44.0,    54.2,"(CONTRACTS OF GBP 62,500)",096742,CME ,096 ,F10,FutOnly
BRITISH POUND - CHICAGO MERCANTILE EXCHANGE,240917,2024-09-17,096742,CME ,00,096 ,  212595,    7600,   67492,     256,   73052,   72500,    4290,   82612,   36953,    6182,     723,    3814,       0,  174715,  191487,   37880,   21108,  -59741,   -7385,  -33788,  -12009,  -11276,    4180,    -962,   -8491,    2474,  -15104,      25,    -211,    -173,  -55375,  -55593,   -4366,   -4148,  100.0,    3.6,   31.7,    0.1,   34.4,   34.1,    2.0,   38.9,   17.4,    2.9,    0.3,    1.8,    0.0,   82.2,   90.1,   17.8,    9.9,    126,      8,      7,.,     18,     30,     10,     37,     20,     12,.,      4,      0,     80,     71,    30.1,    33.3,    48.8,    49.2,    29.7,    33.0,    46.5,    49.0,"(CONTRACTS OF GBP 62,500)",096742,CME ,096 ,F10,FutOnly
BRITISH POUND - CHICAGO MERCANTILE EXCHANGE,240910,2024-09-10,096742,CME ,00,096 ,  272336,   14985,  101280,   12265,   84328,   68320,    5252,   91103,   34479,   21286,     698,    4025,     173,  230090,  247080,   42246,   25256,  -13125,    -473,  -15686,    3274,   -7906,     732,    -886,  -10827,   -2108,    2159,   -1095,     874,       0,  -15754,  -11641,    2629,   -1484,  100.0,    5.5,   37.2,    4.5,   31.0,   25.1,    1.9,   33.5,   12.7,    7.8,    0.3,    1.5,    0.1,   84.5,   90.7,   15.5,    9.3,    122,      5,      9,      8,     16,     27,      9,     36,     22,     15,.,      5,.,     78,     77,    27.5,    37.3,    44.0,    50.0,    27.1,    35.9,    41.7,    47.5,"(CONTRACTS OF GBP 62,500)",096742,CME ,096 ,F10,FutOnly
BRITISH POUND - CHICAGO MERCANTILE EXCHANGE,240903,2024-09-03,096742,CME ,00,096 ,  285461,   15458,  116966,    8991,   92234,   67588,    6138,  101930,   36587,   19127,    1793,    3151,     173,  245844,  258721,   39617,   26740,   11246,     800,   18453,    2926,    4186,   -5073,     -97,    5380,   -5360,     -87,      91,       0,       0,   13199,   10762,   -1953,     484,  100.0,    5.4,   41.0,    3.1,   32.3,   23.7,    2.2,   35.7,   12.8,    6.7,    0.6,    1.1,    0.1,   86.1,   90.6,   13.9,    9.4,    127,      6,      9,      5,     20,     26,     10,     39,     19,     10,      4,      4,.,     84,     69,    27.4,    39.7,    43.2,    53.4,    27.4,    37.6,    40.2,    49.7,"(CONTRACTS OF GBP 62,500)",096742,CME ,096 ,F10,FutOnly
BRITISH POUND - CHICAGO MERCANTILE EXCHANGE,240827,2024-08-27,096742,CME ,00,096 ,  274215,   14658,   98513,    6065,   88048,   72661,    6235,   96550,   41947,   19214,    1702,    3151,     173,  232645,  247959,   41570,   26256,   42832,    -889,   38543,    1013,   19183,   -4639,    2453,   12978,    2140,    2432,    1702,    -200,       0,   38872,   41742,    3960,    1090,  100.0,    5.3,   35.9,    2.2,   32.1,   26.5,    2.3,   35.2,   15.3,    7.0,    0.6,    1.1,    0.1,   84.8,   90.4,   15.2,    9.6,    132,      5,     10,      5,     21,     26,     10,     39,     23,     16,      4,      4,.,     87,     77,    27.0,    36.0,    43.2,    49.8,    27.0,    34.1,    40.0,    46.7,"(CONTRACTS OF GBP 62,500)",096742,CME ,096 ,F10,FutOnly
BRITISH POUND - CHICAGO MERCANTILE EXCHANGE,240820,2024-08-20,096742,CME ,00,096 ,  231383,   15547,   59970,    5052,   68865,   77300,    3782,   83572,   39807,   16782,       0,    3351,     173,  193773,  206217,   37610,   25166,   25814,   -8325,   22481,    1666,   19789,  -11081,    1661,    6151,    7899,    3720,       0,     232,       0,   24662,   26578,    1152,    -764,  100.0,    6.7,   25.9,    2.2,   29.8,   33.4,    1.6,   36.1,   17.2,    7.3,    0.0,    1.4,    0.1,   83.7,   89.1,   16.3,   10.9,    127,      6,      9,      4,     18,     28,     10,     39,     22,     17,      0,      5,.,     82,     77,    27.4,    28.9,    45.4,    42.8,    27.3,    28.6,    42.6,    41.4,"(CONTRACTS OF GBP 62,500)",096742,CME ,096 ,F10,FutOnly
BRITISH POUND - CHICAGO MERCANTILE EXCHANGE,240813,2024-08-13,096742,CME ,00,096 ,  205569,   23872,   37489,    3386,   49076,   88381,    2121,   77421,   31908,   13062,       0,    3119,     173,  169111,  179639,   36458,   25930,  -18473,   -2370,  -11924,     889,   -8867,   -7441,    -923,  -13503,   -1528,    2849,       0,       0,       0,  -21925,  -18078,    3452,    -395,  100.0,   11.6,   18.2,    1.6,   23.9,   43.0,    1.0,   37.7,   15.5,    6.4,    0.0,    1.5,    0.1,   82.3,   87.4,   17.7,   12.6,    111,      9,      7,      4,     13,     30,      8,     28,     20,     13,      0,      4,.,     66,     71,    29.7,    29.7,    46.5,    44.2,    28.0,    29.4,    42.5,    43.8,"(CONTRACTS OF GBP 62,500)",096742,CME ,096 ,F10,FutOnly
BRITISH POUND - CHICAGO MERCANTILE EXCHANGE,240806,2024-08-06,096742,CME ,00,096 ,  224042,   26242,   49413,    2497,   57943,   95822,    3044,   90924,   33436,   10213,       0,    3119,     173,  191036,  197717,   33006,   26325,  -44512,    3537,  -41255,    -344,  -22854,    2591,    -753,  -17655,   -3472,   -1310,    -685,    -528,    -133,  -40197,  -45204,   -4315,     692,  100.0,   11.7,   22.1,    1.1,   25.9,   42.8,    1.4,   40.6,   14.9,    4.6,    0.0,    1.4,    0.1,   85.3,   88.2,   14.7,   11.8,    117,      9,      7,.,     13,     31,      5,     32,     21,     14,      0,      4,.,     68,     72,    29.3,    31.6,    45.6,    47.3,    27.9,    31.4,    43.2,    47.1,"(CONTRACTS OF GBP 62,500)",096742,CME ,096 ,F10,FutOnly
BRITISH POUND - CHICAGO MERCANTILE EXCHANGE,240730,2024-07-30,096742,CME ,00,096 ,  268554,   22705,   90668,    2841,   80797,   93231,    3797,  108579,   36908,   11523,     685,    3647,     306,  231233,  242921,   37321,   25633,  -20687,    3414,  -24337,    -508,  -12942,    3047,   -2068,   -9654,    1843,    1881,    -755,    -888,     133,  -20499,  -20897,    -188,     210,  100.0,    8.5,   33.8,    1.1,   30.1,   34.7,    1.4,   40.4,   13.7,    4.3,    0.3,    1.4,    0.1,   86.1,   90.5,   13.9,    9.5,    128,      9,      8,      4,     16,     30,      7,     34,     24,     11,.,      5,.,     76,     76,    26.9,    41.6,    44.5,    53.0,    26.8,    41.3,    43.1,    52.7,"(CONTRACTS OF GBP 62,500)",096742,CME ,096 ,F10,FutOnly
BRITISH POUND - CHICAGO MERCANTILE EXCHANGE,240723,2024-07-23,096742,CME ,00,096 ,  289241,   19291,  115005,    3349,   93739,   90184,    5865,  118233,   35065,    9642,    1440,    4535,     173,  251732,  263818,   37509,   25423,    8618,    1835,    9958,     -77,   -1134,    -520,    1335,    9432,   -4075,    -215,       0,     640,       0,   11176,    7046,   -2558,    1572,  100.0,    6.7,   39.8,    1.2,   32.4,   31.2,    2.0,   40.9,   12.1,    3.3,    0.5,    1.6,    0.1,   87.0,   91.2,   13.0,    8.8,    133,      7,      9,      4,     18,     30,      8,     39,     21,      8,.,      5,.,     79,     75,    28.3,    43.9,    45.5,    54.7,    28.3,    43.7,    44.2,    54.5,"(CONTRACTS OF GBP 62,500)",096742,CME ,096 ,F10,FutOnly
BRITISH POUND - CHICAGO MERCANTILE EXCHANGE,240716,2024-07-16,096742,CME ,00,096 ,  280623,   17456,  105047,    3426,   94873,   90704,    4530,  108801,   39140,    9857,    1440,    3895,     173,  240556,  256772,   40067,   23851,   56444,     955,   55327,     530,   28922,   -3923,     684,   20253,    4820,    -847,     550,     776,       0,   51047,   57367,    5397,    -923,  100.0,    6.2,   37.4,    1.2,   33.8,   32.3,    1.6,   38.8,   13.9,    3.5,    0.5,    1.4,    0.1,   85.7,   91.5,   14.3,    8.5,    128,      7,      8,.,     15,     32,      8,     34,     23,     11,.,      5,.,     74,     77,    30.6,    41.4,    46.5,    52.5,    30.6,    41.2,    45.2,    52.3,"(CONTRACTS OF GBP 62,500)",096742,CME ,096 ,F10,FutOnly
BRITISH POUND - CHICAGO MERCANTILE EXCHANGE,240709,2024-07-09,096742,CME ,00,096 ,  224179,   16501,   49720,    2896,   65951,   94627,    3846,   88548,   34320,   10704,     890,    3119,     173,  189509,  199405,   34670,   24774,   26060,   -9006,   20195,     -83,   21985,    2827,    1007,    8617,    4671,    -353,    -369,     412,       0,   21798,   28676,    4262,   -2616,  100.0,    7.4,   22.2,    1.3,   29.4,   42.2,    1.7,   39.5,   15.3,    4.8,    0.4,    1.4,    0.1,   84.5,   88.9,   15.5,   11.1,    121,      5,      9,.,     12,     33,      8,     32,     22,     12,.,      4,.,     65,     80,    31.6,    28.0,    48.2,    41.5,    31.6,    27.7,    46.5,    41.3,"(CONTRACTS OF GBP 62,500)",096742,CME ,096 ,F10,FutOnly
BRITISH POUND - CHICAGO MERCANTILE EXCHANGE,240702,2024-07-02,096742,CME ,00,096 ,  198119,   25507,   29525,    2979,   43966,   91800,    2839,   79931,   29649,   11057,    1259,    2707,     173,  167711,  170729,   30408,   27390,   -9578,  -13490,    1589,    -317,   -8818,   -8996,     -51,    8866,   -2736,     774,    1259,       0,       0,  -11777,   -9737,    2199,     159,  100.0,   12.9,   14.9,    1.5,   22.2,   46.3,    1.4,   40.3,   15.0,    5.6,    0.6,    1.4,    0.1,   84.7,   86.2,   15.3,   13.8,    113,      7,      7,.,      9,     34,      6,     26,     23,     15,.,.,.,     60,     77,    28.7,    28.1,    49.3,    40.3,    27.8,    27.8,    47.4,    39.8,"(CONTRACTS OF GBP 62,500)",096742,CME ,096 ,F10,FutOnly
BRITISH POUND - CHICAGO MERCANTILE EXCHANGE,240625,2024-06-25,096742,CME ,00,096 ,  207697,   38997,   27936,    3296,   52784,  100796,    2890,   71065,   32385,   10283,       0,    2707,     173,  179488,  180466,   28209,   27231,     394,    6311,   -3602,    -325,   -4389,    5077,   -2024,    1480,    1766,     171,       0,       0,       0,    1224,    1063,    -830,    -669,  100.0,   18.8,   13.5,    1.6,   25.4,   48.5,    1.4,   34.2,   15.6,    5.0,    0.0,    1.3,    0.1,   86.4,   86.9,   13.6,   13.1,    115,      7,      8,.,     10,     34,     10,     23,     28,     13,      0,.,.,     58,     83,    30.5,    28.2,    51.9,    43.1,    30.3,    28.0,    50.2,    42.9,"(CONTRACTS OF GBP 62,500)",096742,CME ,096 ,F10,FutOnly
BRITISH POUND - CHICAGO MERCANTILE EXCHANGE,240618,2024-06-18,096742,CME ,00,096 ,  207303,   32686,   31538,    3621,   57173,   95719,    4914,   69585,   30619,   10112,       0,    2707,     173,  178264,  179403,   29039,   27900,  -68184,  -36993,  -47498,  -14650,  -13377,   13545,    1183,    7507,  -13185,   -7528,   -1101,       0,       0,  -64959,  -68133,   -3225,     -51,  100.0,   15.8,   15.2,    1.7,   27.6,   46.2,    2.4,   33.6,   14.8,    4.9,    0.0,    1.3,    0.1,   86.0,   86.5,   14.0,   13.5,    114,      6,      9,.,     10,     34,     11,     26,     24,     13,      0,.,.,     59,     82,    30.7,    28.5,    51.3,    43.3,    30.7,    28.3,    49.5,    43.1,"(CONTRACTS OF GBP 62,500)",096742,CME ,096 ,F10,FutOnly
BRITISH POUND - CHICAGO MERCANTILE EXCHANGE,240611,2024-06-11,096742,CME ,00,096 ,  275487,   69679,   79036,   18271,   70550,   82174,    3731,   62078,   43804,   17640,    1101,    2707,     173,  243223,  247536,   32264,   27951,    7737,    2461,    5974,    4303,    2499,    3827,    -327,    4996,    -328,   -5197,     599,    -173,     173,    9507,    8252,   -1770,    -515,  100.0,   25.3,   28.7,    6.6,   25.6,   29.8,    1.4,   22.5,   15.9,    6.4,    0.4,    1.0,    0.1,   88.3,   89.9,   11.7,   10.1,    119,      9,      7,      8,     11,     32,      8,     20,     33,     19,.,.,.,     64,     91,    39.3,    35.7,    59.3,    47.3,    37.8,    34.6,    54.4,    45.0,"(CONTRACTS OF GBP 62,500)",096742,CME ,096 ,F10,FutOnly
BRITISH POUND - CHICAGO MERCANTILE EXCHANGE,240604,2024-06-04,096742,CME ,00,096 ,  267750,   67218,   73062,   13968,   68051,   78347,    4058,   57082,   44132,   22837,     502,    2880,       0,  233716,  239284,   34034,   28466,    -999,   -4664,   21273,    5162,    4218,  -12527,    -798,    -674,  -10398,   -5146,     502,    -169,      -1,   -1401,   -2604,     402,    1605,  100.0,   25.1,   27.3,    5.2,   25.4,   29.3,    1.5,   21.3,   16.5,    8.5,    0.2,    1.1,    0.0,   87.3,   89.4,   12.7,   10.6,    115,      8,      8,      4,     15,     29,     12,     26,     23,     14,.,.,      0,     66,     79,    40.2,    36.8,    57.4,    49.5,    40.2,    32.5,    54.6,    43.3,"(CONTRACTS OF GBP 62,500)",096742,CME ,096 ,F10,FutOnly
BRITISH POUND - CHICAGO MERCANTILE EXCHANGE,240528,2024-05-28,096742,CME ,00,096 ,  268749,   71882,   51789,    8806,   63833,   90874,    4856,   57756,   54530,   27983,       0,    3049,       1,  235117,  241888,   33632,   26861,   44773,   -3132,   31634,    5932,   20427,    -468,    -285,    7801,    1995,    9246,       0,    -261,       1,   39990,   47794,    4783,   -3021,  100.0,   26.7,   19.3,    3.3,   23.8,   33.8,    1.8,   21.5,   20.3,   10.4,    0.0,    1.1,    0.0,   87.5,   90.0,   12.5,   10.0,    126,      8,      7,.,     15,     30,     13,     28,     33,     17,      0,.,.,     70,     89,    40.8,    28.0,    57.4,    42.6,    40.8,    25.7,    54.0,    39.3,"(CONTRACTS OF GBP 62,500)",096742,CME ,096 ,F10,FutOnly
BRITISH POUND - CHICAGO MERCANTILE EXCHANGE,240521,2024-05-21,096742,CME ,00,096 ,  223976,   75014,   20155,    2874,   43406,   91342,    5141,   49955,   52535,   18737,       0,    3310,       0,  195127,  194094,   28849,   29882,     734,  -37102,   11700,     839,   24092,  -11105,    1578,    3694,   -4220,    5072,    -419,    -423,       0,   -2246,    3441,    2980,   -2707,  100.0,   33.5,    9.0,    1.3,   19.4,   40.8,    2.3,   22.3,   23.5,    8.4,    0.0,    1.5,    0.0,   87.1,   86.7,   12.9,   13.3,    118,      6,      7,.,     11,     33,     10,     23,     33,     17,      0,.,      0,     56,     91,    44.9,    21.7,    62.3,    34.9,    44.7,    21.5,    59.2,    32.9,"(CONTRACTS OF GBP 62,500)",096742,CME ,096 ,F10,FutOnly
BRITISH POUND - CHICAGO MERCANTILE EXCHANGE,240514,2024-05-14,096742,CME ,00,096 ,  223242,  112116,    8455,    2035,   19314,  102447,    3563,   46261,   56755,   13665,     419,    3733,       0,  197373,  190653,   25869,   32589,    -488,   -4723,     -66,    1787,    1330,    2679,    -201,   -5223,   -6792,    2118,       0,       0,       0,   -4912,    -475,    4424,     -13,  100.0,   50.2,    3.8,    0.9,    8.7,   45.9,    1.6,   20.7,   25.4,    6.1,    0.2,    1.7,    0.0,   88.4,   85.4,   11.6,   14.6,    119,      8,      5,.,      7,     38,     11,     21,     34,     17,.,      4,      0,     54,     95,    51.8,    20.6,    68.6,    33.3,    51.5,    20.2,    66.9,    32.9,"(CONTRACTS OF GBP 62,500)",096742,CME ,096 ,F10,FutOnly
BRITISH POUND - CHICAGO MERCANTILE EXCHANGE,240507,2024-05-07,096742,CME ,00,096 ,  223730,  116839,    8521,     248,   17984,   99768,    3764,   51484,   63547,   11547,     419,    3733,       0,  202285,  191128,   21445,   32602,  -11880,  -20683,    1059,       0,    8470,  -18965,    1007,   -1064,    8155,     160,       0,    -113,       0,  -12110,   -8697,     230,   -3183,  100.0,   52.2,    3.8,    0.1,    8.0,   44.6,    1.7,   23.0,   28.4,    5.2,    0.2,    1.7,    0.0,   90.4,   85.4,    9.6,   14.6,    123,      8,      5,.,      9,     37,     11,     22,     36,     20,.,      4,      0,     57,     99,    51.6,    21.8,    68.0,    35.5,    51.0,    21.6,    66.3,    35.1,"(CONTRACTS OF GBP 62,500)",096742,CME ,096 ,F10,FutOnly
BRITISH POUND - CHICAGO MERCANTILE EXCHANGE,240430,2024-04-30,096742,CME ,00,096 ,  235610,  137522,    7462,     248,    9514,  118733,    2757,   52548,   55392,   11387,     419,    3846,       0,  214395,  199825,   21215,   35785,   -7211,    5784,     397,       0,    2551,   -1564,    -263,  -13807,   -4061,    -226,       0,    -194,       0,   -5961,   -5911,   -1250,   -1300,  100.0,   58.4,    3.2,    0.1,    4.0,   50.4,    1.2,   22.3,   23.5,    4.8,    0.2,    1.6,    0.0,   91.0,   84.8,    9.0,   15.2,    124,      9,      4,.,      4,     40,      6,     24,     37,     20,.,      4,      0,     50,    102,    53.7,    21.1,    69.7,    33.7,    53.2,    21.0,    68.1,    33.3,"(CONTRACTS OF GBP 62,500)",096742,CME ,096 ,F10,FutOnly
BRITISH POUND - CHICAGO MERCANTILE EXCHANGE,240423,2024-04-23,096742,CME ,00,096 ,  242821,  131738,    7065,     248,    6963,  120297,    3020,   66355,   59453,   11613,     419,    4040,       0,  220356,  205736,   22465,   37085,   13401,   33971,    -317,      64,  -14905,    4523,    -368,   -9251,    2824,    3170,     -24,    -268,       0,   12657,    9628,     744,    3773,  100.0,   54.3,    2.9,    0.1,    2.9,   49.5,    1.2,   27.3,   24.5,    4.8,    0.2,    1.7,    0.0,   90.7,   84.7,    9.3,   15.3,    121,     10,.,.,.,     38,      5,     25,     36,     21,.,      4,      0,     53,     96,    48.1,    21.1,    65.1,    33.3,    48.0,    21.0,    63.5,    32.9,"(CONTRACTS OF GBP 62,500)",096742,CME ,096 ,F10,FutOnly
BRITISH POUND - CHICAGO MERCANTILE EXCHANGE,240416,2024-04-16,096742,CME ,00,096 ,  229420,   97767,    7382,     184,   21868,  115774,    3388,   75606,   56629,    8443,     443,    4308,       0,  207699,  196108,   21721,   33312,   18134,   36363,      23,   -1047,  -15935,    1793,    -361,    6113,   13807,    -862,      84,     608,    -128,   24227,   13833,   -6093,    4301,  100.0,   42.6,    3.2,    0.1,    9.5,   50.5,    1.5,   33.0,   24.7,    3.7,    0.2,    1.9,    0.0,   90.5,   85.5,    9.5,   14.5,    130,     11,.,.,      5,     39,     10,     30,     35,     16,.,      5,      0,     60,     98,    41.6,    23.0,    58.5,    37.3,    40.7,    22.8,    56.8,    36.8,"(CONTRACTS OF GBP 62,500)",096742,CME ,096 ,F10,FutOnly
BRITISH POUND - CHICAGO MERCANTILE EXCHANGE,240409,2024-04-09,096742,CME ,00,096 ,  211286,   61404,    7359,    1231,   37803,  113981,    3749,   69493,   42822,    9305,     359,    3700,     128,  183472,  182275,   27814,   29011,   -7890,    7983,    -927,      96,    3700,   -5030,     272,  -24592,   -3776,    1456,     359,       0,     128,  -10598,   -7781,    2708,    -109,  100.0,   29.1,    3.5,    0.6,   17.9,   53.9,    1.8,   32.9,   20.3,    4.4,    0.2,    1.8,    0.1,   86.8,   86.3,   13.2,   13.7,    120,     11,      5,.,     10,     34,      8,     25,     29,     13,.,      4,.,     59,     85,    32.6,    26.4,    52.9,    39.9,    32.6,    26.3,    51.1,    39.4,"(CONTRACTS OF GBP 62,500)",096742,CME ,096 ,F10,FutOnly
BRITISH POUND - CHICAGO MERCANTILE EXCHANGE,240402,2024-04-02,096742,CME ,00,096 ,  219176,   53421,    8286,    1135,   34103,  119011,    3477,   94085,   46598,    7849,       0,    3700,       0,  194070,  190056,   25106,   29120,   16067,   13250,    1619,      10,  -11505,    8809,    -998,   17567,    2356,    1863,       0,     599,       0,   20187,   14258,   -4120,    1809,  100.0,   24.4,    3.8,    0.5,   15.6,   54.3,    1.6,   42.9,   21.3,    3.6,    0.0,    1.7,    0.0,   88.5,   86.7,   11.5,   13.3,    130,      9,      6,.,     12,     35,      8,     33,     29,     19,      0,      4,      0,     67,     92,    29.1,    25.4,    45.9,    39.7,    28.0,    25.2,    44.1,    39.2,"(CONTRACTS OF GBP 62,500)",096742,CME ,096 ,F10,FutOnly
BRITISH POUND - CHICAGO MERCANTILE EXCHANGE,240326,2024-03-26,096742,CME ,00,096 ,  203109,   40171,    6667,    1125,   45608,  110202,    4475,   76518,   44242,    5986,       0,    3101,       0,  173883,  175798,   29226,   27311,    5711,   26890,   -2094,   -2400,  -23203,    3541,     350,    8213,    7951,   -2623,       0,       0,       0,    7227,    4725,   -1516,     986,  100.0,   19.8,    3.3,    0.6,   22.5,   54.3,    2.2,   37.7,   21.8,    2.9,    0.0,    1.5,    0.0,   85.6,   86.6,   14.4,   13.4,    124,     10,      5,.,     13,     37,      9,     25,     29,     10,      0,      4,      0,     61,     84,    28.6,    26.4,    45.9,    39.8,    27.6,    26.2,    44.0,    39.2,"(CONTRACTS OF GBP 62,500)",096742,CME ,096 ,F10,FutOnly
BRITISH POUND - CHICAGO MERCANTILE EXCHANGE,240319,2024-03-19,096742,CME ,00,096 ,  197398,   13281,    8761,    3525,   68811,  106661,    4125,   68305,   36291,    8609,       0,    3101,       0,  166656,  171073,   30742,   26325,  -80304,  -13391,  -26535,  -18157,  -18244,     511,   -1333,    -638,   -9884,  -29160,       0,    -417,       0,  -80923,  -84975,     619,    4671,  100.0,    6.7,    4.4,    1.8,   34.9,   54.0,    2.1,   34.6,   18.4,    4.4,    0.0,    1.6,    0.0,   84.4,   86.7,   15.6,   13.3,    124,      8,      6,.,     14,     35,      9,     31,     25,     11,      0,      4,      0,     67,     80,    34.7,    27.3,    49.7,    40.9,    32.9,    27.1,    47.7,    40.3,"(CONTRACTS OF GBP 62,500)",096742,CME ,096 ,F10,FutOnly
BRITISH POUND - CHICAGO MERCANTILE EXCHANGE,240312,2024-03-12,096742,CME ,00,096 ,  277702,   26672,   35296,   21682,   87055,  106150,    5458,   68943,   46175,   37769,       0,    3518,       0,  247579,  256048,   30123,   21654,   55976,   -2582,    3950,   13904,   16554,    3712,    1172,    8667,   17286,   20809,       0,     422,     -75,   58449,   61180,   -2473,   -5204,  100.0,    9.6,   12.7,    7.8,   31.3,   38.2,    2.0,   24.8,   16.6,   13.6,    0.0,    1.3,    0.0,   89.2,   92.2,   10.8,    7.8,    131,      6,      9,      9,     16,     35,     10,     32,     27,     15,      0,      5,      0,     76,     89,    35.6,    26.9,    53.2,    42.3,    27.4,    21.0,    42.9,    34.3,"(CONTRACTS OF GBP 62,500)",096742,CME ,096 ,F10,FutOnly
BRITISH POUND - CHICAGO MERCANTILE EXCHANGE,240305,2024-03-05,096742,CME ,00,096 ,  221726,   29254,   31346,    7778,   70501,  102438,    4286,   60276,   28889,   16960,       0,    3096,      75,  189130,  194868,   32596,   26858,   10898,   -1237,    3930,     -15,    8098,    8256,   -1649,       4,   -4808,    4143,       0,      -7,       6,    9350,    9856,    1548,    1042,  100.0,   13.2,   14.1,    3.5,   31.8,   46.2,    1.9,   27.2,   13.0,    7.6,    0.0,    1.4,    0.0,   85.3,   87.9,   14.7,   12.1,    115,      5,      8,.,     14,     34,     10,     26,     23,     15,      0,      4,.,     63,     80,    31.2,    27.4,    51.2,    42.8,    31.2,    24.4,    49.2,    39.0,"(CONTRACTS OF GBP 62,500)",096742,CME ,096 ,F10,FutOnly
BRITISH POUND - CHICAGO MERCANTILE EXCHANGE,240227,2024-02-27,096742,CME ,00,096 ,  210828,   30491,   27416,    7793,   62403,   94182,    5935,   60272,   33697,   12817,       0,    3103,      69,  179780,  185012,   31048,   25816,   11553,    -410,    6044,     -33,    8383,    1785,      43,    -995,    2256,    3526,       0,    -569,       5,   10519,   13057,    1034,   -1504,  100.0,   14.5,   13.0,    3.7,   29.6,   44.7,    2.8,   28.6,   16.0,    6.1,    0.0,    1.5,    0.0,   85.3,   87.8,   14.7,   12.2,    109,      5,      7,.,     11,     35,     10,     22,     24,     11,      0,      4,.,     55,     78,    29.6,    26.8,    50.4,    40.5,    29.6,    23.5,    48.7,    36.1,"(CONTRACTS OF GBP 62,500)",096742,CME ,096 ,F10,FutOnly
BRITISH POUND - CHICAGO MERCANTILE EXCHANGE,240220,2024-02-20,096742,CME ,00,096 ,  199275,   30901,   21372,    7826,   54020,   92397,    5892,   61267,   31441,    9291,       0,    3672,      64,  169261,  171955,   30014,   27320,     205,      91,    4935,    1247,    1259,   -3481,    -607,   -4026,    1566,   -2132,    -471,     116,     -43,   -4682,    1601,    4887,   -1396,  100.0,   15.5,   10.7,    3.9,   27.1,   46.4,    3.0,   30.7,   15.8,    4.7,    0.0,    1.8,    0.0,   84.9,   86.3,   15.1,   13.7,    110,      5,      8,.,     11,     33,     11,     23,     24,     10,      0,      5,.,     54,     80,    27.6,    25.1,    49.4,    39.7,    27.2,    23.4,    47.5,    35.3,"(CONTRACTS OF GBP 62,500)",096742,CME ,096 ,F10,FutOnly
BRITISH POUND - CHICAGO MERCANTILE EXCHANGE,240213,2024-02-13,096742,CME ,00,096 ,  199070,   30810,   16437,    6579,   52761,   95878,    6499,   65293,   29875,   11423,     471,    3556,     107,  173943,  170354,   25127,   28716,    -176,   -4106,    5762,     206,    6609,    3359,     604,   -5034,   -8740,     467,     471,    -427,      10,    -773,    1241,     597,   -1417,  100.0,   15.5,    8.3,    3.3,   26.5,   48.2,    3.3,   32.8,   15.0,    5.7,    0.2,    1.8,    0.1,   87.4,   85.6,   12.6,   14.4,    110,      6,      7,.,     11,     33,     11,     22,     24,     12,.,      5,.,     55,     82,    27.3,    26.1,    47.9,    39.7,    26.8,    24.7,    46.0,    36.5,"(CONTRACTS OF GBP 62,500)",096742,CME ,096 ,F10,FutOnly
BRITISH POUND - CHICAGO MERCANTILE EXCHANGE,240206,2024-02-06,096742,CME ,00,096 ,  199246,   34916,   10675,    6373,   46152,   92519,    5895,   70327,   38615,   10956,       0,    3983,      97,  174716,  169113,   24530,   30133,    7017,   10739,   -6975,    -291,   -7206,    5437,   -1064,   13219,    9012,   -3312,       0,     448,       6,   12091,    3261,   -5074,    3756,  100.0,   17.5,    5.4,    3.2,   23.2,   46.4,    3.0,   35.3,   19.4,    5.5,    0.0,    2.0,    0.0,   87.7,   84.9,   12.3,   15.1,    117,      7,      6,.,     10,     33,     10,     31,     23,     12,      0,      6,.,     60,     82,    26.8,    24.1,    47.0,    36.7,    26.2,    22.7,    45.1,    33.4,"(CONTRACTS OF GBP 62,500)",096742,CME ,096 ,F10,FutOnly
BRITISH POUND - CHICAGO MERCANTILE EXCHANGE,240130,2024-01-30,096742,CME ,00,096 ,  192229,   24177,   17650,    6664,   53358,   87082,    6959,   57108,   29603,   14268,       0,    3535,      91,  162625,  165852,   29604,   26377,    6549,    -470,     150,    -263,    2563,     917,     176,    1948,    3307,    2490,       0,      -8,      -1,    6443,    6768,     106,    -219,  100.0,   12.6,    9.2,    3.5,   27.8,   45.3,    3.6,   29.7,   15.4,    7.4,    0.0,    1.8,    0.0,   84.6,   86.3,   15.4,   13.7,    106,      4,      8,.,     11,     30,     12,     23,     24,     13,      0,      5,.,     54,     80,    27.0,    24.0,    46.1,    38.6,    26.0,    22.6,    44.2,    35.0,"(CONTRACTS OF GBP 62,500)",096742,CME ,096 ,F10,FutOnly
BRITISH POUND - CHICAGO MERCANTILE EXCHANGE,240123,2024-01-23,096742,CME ,00,096 ,  185680,   24647,   17500,    6927,   50795,   86165,    6783,   55160,   26296,   11778,       0,    3543,      92,  156182,  159084,   29498,   26596,    5922,    1000,    3983,     426,    4916,    4322,    -453,   -1120,   -2102,    1171,       0,    1446,      92,    6032,    8885,    -110,   -2963,  100.0,   13.3,    9.4,    3.7,   27.4,   46.4,    3.7,   29.7,   14.2,    6.3,    0.0,    1.9,    0.0,   84.1,   85.7,   15.9,   14.3,    106,      4,      8,.,     11,     31,     12,     25,     21,     11,      0,      5,.,     52,     80,    26.9,    24.1,    45.1,    39.1,    25.3,    22.9,    43.1,    35.9,"(CONTRACTS OF GBP 62,500)",096742,CME ,096 ,F10,FutOnly
BRITISH POUND - CHICAGO MERCANTILE EXCHANGE,240116,2024-01-16,096742,CME ,00,096 ,  179758,   23647,   13517,    6501,   45879,   81843,    7236,   56280,   28398,   10607,       0,    2097,       0,  150150,  150199,   29608,   29559,    7127,   -3043,    3445,    -317,    4479,   -4867,     682,    2452,    3218,    1239,       0,       0,       0,    5492,    3400,    1635,    3727,  100.0,   13.2,    7.5,    3.6,   25.5,   45.5,    4.0,   31.3,   15.8,    5.9,    0.0,    1.2,    0.0,   83.5,   83.6,   16.5,   16.4,    107,      6,      6,.,     14,     28,     12,     26,     23,     13,      0,.,      0,     57,     77,    26.2,    25.3,    42.1,    39.2,    23.9,    23.7,    39.6,    35.9,"(CONTRACTS OF GBP 62,500)",096742,CME ,096 ,F10,FutOnly
BRITISH POUND - CHICAGO MERCANTILE EXCHANGE,240109,2024-01-09,096742,CME ,00,096 ,  172631,   26690,   10072,    6818,   41400,   86710,    6554,   53828,   25180,    9368,       0,    2097,       0,  144658,  146799,   27973,   25832,   -5139,    -100,   -1330,     342,    -746,   -2246,    1637,   -4009,   -1403,   -1111,       0,     220,       0,   -3987,   -3891,   -1152,   -1248,  100.0,   15.5,    5.8,    3.9,   24.0,   50.2,    3.8,   31.2,   14.6,    5.4,    0.0,    1.2,    0.0,   83.8,   85.0,   16.2,   15.0,    105,      7,      7,.,     11,     30,     10,     26,     20,     13,      0,.,      0,     57,     74,    27.1,    26.4,    42.3,    40.6,    24.7,    26.0,    39.0,    38.1,"(CONTRACTS OF GBP 62,500)",096742,CME ,096 ,F10,FutOnly
BRITISH POUND - CHICAGO MERCANTILE EXCHANGE,240102,2024-01-02,096742,CME ,00,096 ,  177770,   26790,   11402,    6476,   42146,   88956,    4917,   57837,   26583,   10479,       0,    1877,       0,  148645,  150690,   29125,   27080,    2632,    4122,   -4040,    -173,   -3210,    1698,     961,    3957,    1446,    -325,       0,       0,       0,    5332,    -433,   -2700,    3065,  100.0,   15.1,    6.4,    3.6,   23.7,   50.0,    2.8,   32.5,   15.0,    5.9,    0.0,    1.1,    0.0,   83.6,   84.8,   16.4,   15.2,    106,      5,      8,.,     14,     28,     11,     28,     20,     12,      0,.,      0,     59,     72,    25.2,    28.2,    39.5,    43.1,    21.9,    27.8,    35.4,    40.9,"(CONTRACTS OF GBP 62,500)",096742,CME ,096 ,F10,FutOnly
JAPANESE YEN - CHICAGO MERCANTILE EXCHANGE,241231,2024-12-31,097741,CME ,00,097 ,  206971,   18594,   17912,      13,   53727,   62257,    6358,   31671,   73989,    3842,   56485,    5160,    1059,  171749,  170590,   35222,   36381,    6251,    1446,   -1507,       0,    1864,     460,    1015,     430,    5307,    2012,   -1633,    2682,       0,    5134,    9969,    1117,   -3718,  100.0,    9.0,    8.7,    0.0,   26.0,   30.1,    3.1,   15.3,   35.7,    1.9,   27.3,    2.5,    0.5,   83.0,   82.4,   17.0,   17.6,    128,      9,      8,.,     19,     23,      9,     21,     35,     10,      7,      6,.,     62,     88,    38.5,    22.4,    48.8,    37.0,    38.5,    22.4,    48.6,    37.0,"(CONTRACTS OF JPY 12,500,000)",097741,CME ,097 ,F10,FutOnly
JAPANESE YEN - CHICAGO MERCANTILE EXCHANGE,241224,2024-12-24,097741,CME ,00,097 ,  200720,   17148,   19419,      13,   51863,   61797,    5343,   31241,   68682,    1830,   58118,    2478,    1059,  166615,  160621,   34105,   40099,   19047,   12600,    -447,      13,    5461,    9665,    -661,    8272,    8577,    -433,   -5622,    -218,       0,   19630,   16496,    -583,    2551,  100.0,    8.5,    9.7,    0.0,   25.8,   30.8,    2.7,   15.6,   34.2,    0.9,   29.0,    1.2,    0.5,   83.0,   80.0,   17.0,   20.0,    124,      8,      9,.,     18,     24,      9,     20,     33,      7,      8,      4,.,     61,     82,    39.8,    25.1,    51.2,    37.5,    39.8,    25.1,    51.2,    37.5,"(CONTRACTS OF JPY 12,500,000)",097741,CME ,097 ,F10,FutOnly
JAPANESE YEN - CHICAGO MERCANTILE EXCHANGE,241217,2024-12-17,097741,CME ,00,097 ,  181673,    4548,   19866,       0,   46402,   52132,    6004,   22969,   60105,    2263,   63740,    2696,    1059,  146985,  144125,   34688,   37548,  -93161,  -31100,  -58874,  -27776,   -3793,    7209,   -1202,   -7708,    5863,  -18043,   -1321,     174,     -12,  -90955,  -92661,   -2206,    -500,  100.0,    2.5,   10.9,    0.0,   25.5,   28.7,    3.3,   12.6,   33.1,    1.2,   35.1,    1.5,    0.6,   80.9,   79.3,   19.1,   20.7,    115,      5,      9,      0,     18,     19,      9,     21,     30,      7,      9,      4,.,     59,     73,    41.9,    25.0,    52.1,    36.5,    41.8,    25.0,    51.8,    36.4,"(CONTRACTS OF JPY 12,500,000)",097741,CME ,097 ,F10,FutOnly
JAPANESE YEN - CHICAGO MERCANTILE EXCHANGE,241210,2024-12-10,097741,CME ,00,097 ,  274834,   35648,   78740,   27776,   50195,   44923,    7206,   30677,   54242,   20306,   65061,    2522,    1071,  237940,  236786,   36894,   38048,   17985,  -12424,    1703,   22369,    1389,   -9723,     106,    -465,   -2085,    8705,     842,     463,       0,   20522,   21538,   -2537,   -3553,  100.0,   13.0,   28.6,   10.1,   18.3,   16.3,    2.6,   11.2,   19.7,    7.4,   23.7,    0.9,    0.4,   86.6,   86.2,   13.4,   13.8,    120,      7,     12,      5,     17,     20,     11,     24,     29,     12,      7,      4,.,     65,     84,    37.9,    26.9,    51.7,    40.6,    31.6,    24.2,    42.8,    35.6,"(CONTRACTS OF JPY 12,500,000)",097741,CME ,097 ,F10,FutOnly
JAPANESE YEN - CHICAGO MERCANTILE EXCHANGE,241203,2024-12-03,097741,CME ,00,097 ,  256849,   48072,   77037,    5407,   48806,   54646,    7100,   31142,   56327,   11601,   64219,    2059,    1071,  217418,  215248,   39431,   41601,    3283,  -13871,    8244,    4102,    3773,  -19959,    2103,     657,    2473,    5880,    1154,    -558,       0,    3798,    2285,    -515,     998,  100.0,   18.7,   30.0,    2.1,   19.0,   21.3,    2.8,   12.1,   21.9,    4.5,   25.0,    0.8,    0.4,   84.6,   83.8,   15.4,   16.2,    128,      6,     12,.,     19,     18,     10,     26,     37,     12,      7,.,.,     69,     84,    39.7,    25.0,    51.7,    37.4,    37.7,    25.0,    49.7,    36.8,"(CONTRACTS OF JPY 12,500,000)",097741,CME ,097 ,F10,FutOnly
JAPANESE YEN - CHICAGO MERCANTILE EXCHANGE,241126,2024-11-26,097741,CME ,00,097 ,  253566,   61943,   68793,    1305,   45033,   74605,    4997,   30485,   53854,    5721,   63065,    2617,    1071,  213620,  212963,   39946,   40603,    -521,  -16805,    9838,    1192,    5051,  -13193,     -83,    3998,    1000,    -493,    4102,     385,      -2,   -3040,   -1356,    2519,     835,  100.0,   24.4,   27.1,    0.5,   17.8,   29.4,    2.0,   12.0,   21.2,    2.3,   24.9,    1.0,    0.4,   84.2,   84.0,   15.8,   16.0,    128,      6,     11,      4,     17,     24,     11,     25,     33,     12,      8,      4,.,     70,     86,    43.6,    29.2,    55.1,    43.6,    43.1,    29.2,    54.6,    43.6,"(CONTRACTS OF JPY 12,500,000)",097741,CME ,097 ,F10,FutOnly
JAPANESE YEN - CHICAGO MERCANTILE EXCHANGE,241119,2024-11-19,097741,CME ,00,097 ,  254087,   78748,   58955,     113,   39982,   87798,    5080,   26487,   52854,    6214,   58963,    2232,    1073,  216660,  214319,   37427,   39768,   -3601,  -23105,    4415,     103,    1057,   -1878,     832,    1670,   -1606,    -240,   14570,   -1809,       0,   -5113,    -183,    1512,   -3418,  100.0,   31.0,   23.2,    0.0,   15.7,   34.6,    2.0,   10.4,   20.8,    2.4,   23.2,    0.9,    0.4,   85.3,   84.3,   14.7,   15.7,    119,      6,     10,.,     16,     25,     10,     21,     29,      9,      8,      4,.,     60,     81,    48.1,    34.8,    58.7,    47.5,    48.1,    34.8,    58.6,    47.4,"(CONTRACTS OF JPY 12,500,000)",097741,CME ,097 ,F10,FutOnly
JAPANESE YEN - CHICAGO MERCANTILE EXCHANGE,241112,2024-11-12,097741,CME ,00,097 ,  257688,  101853,   54540,      10,   38925,   89676,    4248,   24817,   54460,    6454,   44393,    4041,    1073,  221773,  214502,   35915,   43186,   21926,   20687,   -1259,    -608,    1095,    9902,    -440,   -7729,    9192,     979,    7980,      55,       0,   21964,   17821,     -38,    4105,  100.0,   39.5,   21.2,    0.0,   15.1,   34.8,    1.6,    9.6,   21.1,    2.5,   17.2,    1.6,    0.4,   86.1,   83.2,   13.9,   16.8,    120,      7,     10,.,     17,     23,      9,     21,     31,     11,      7,      4,.,     60,     82,    49.8,    35.3,    59.6,    46.1,    49.8,    35.3,    58.8,    46.1,"(CONTRACTS OF JPY 12,500,000)",097741,CME ,097 ,F10,FutOnly
JAPANESE YEN - CHICAGO MERCANTILE EXCHANGE,241105,2024-11-05,097741,CME ,00,097 ,  235762,   81166,   55799,     618,   37830,   79774,    4688,   32546,   45268,    5475,   36413,    3986,    1073,  199809,  196681,   35953,   39081,    9868,   11156,    2337,     223,     223,    9243,     323,  -12200,   -2940,    1821,    8390,    -934,     271,   10207,   10344,    -339,    -476,  100.0,   34.4,   23.7,    0.3,   16.0,   33.8,    2.0,   13.8,   19.2,    2.3,   15.4,    1.7,    0.5,   84.8,   83.4,   15.2,   16.6,    121,      7,     11,.,     18,     23,     11,     21,     32,      8,      6,.,.,     61,     82,    43.8,    32.3,    53.5,    44.1,    43.5,    32.3,    53.2,    44.1,"(CONTRACTS OF JPY 12,500,000)",097741,CME ,097 ,F10,FutOnly
JAPANESE YEN - CHICAGO MERCANTILE EXCHANGE,241029,2024-10-29,097741,CME ,00,097 ,  225894,   70010,   53462,     395,   37607,   70531,    4365,   44746,   48208,    3654,   28023,    4920,     802,  189602,  186337,   36292,   39557,   18556,   32581,   -2377,    -293,   -2161,   11277,     470,    -337,    9951,   -1233,  -10850,    -740,     802,   18979,   17857,    -423,     699,  100.0,   31.0,   23.7,    0.2,   16.6,   31.2,    1.9,   19.8,   21.3,    1.6,   12.4,    2.2,    0.4,   83.9,   82.5,   16.1,   17.5,    123,      8,      9,.,     16,     23,     10,     29,     27,      8,      7,      4,.,     65,     78,    35.2,    29.4,    46.4,    43.1,    35.0,    29.4,    46.1,    43.1,"(CONTRACTS OF JPY 12,500,000)",097741,CME ,097 ,F10,FutOnly
JAPANESE YEN - CHICAGO MERCANTILE EXCHANGE,241022,2024-10-22,097741,CME ,00,097 ,  207338,   37429,   55839,     688,   39768,   59254,    3895,   45083,   38257,    4887,   38873,    5660,       0,  170623,  168480,   36715,   38858,    9467,   19958,  -16142,     100,  -16061,   12756,    -299,    7215,    9902,     278,    -740,    -816,       0,   10451,    5779,    -984,    3688,  100.0,   18.1,   26.9,    0.3,   19.2,   28.6,    1.9,   21.7,   18.5,    2.4,   18.7,    2.7,    0.0,   82.3,   81.3,   17.7,   18.7,    121,     10,      9,.,     16,     21,     10,     30,     25,      8,      7,.,      0,     67,     74,    26.5,    28.3,    40.4,    42.8,    26.4,    28.3,    40.1,    42.8,"(CONTRACTS OF JPY 12,500,000)",097741,CME ,097 ,F10,FutOnly
JAPANESE YEN - CHICAGO MERCANTILE EXCHANGE,241015,2024-10-15,097741,CME ,00,097 ,  197871,   17471,   71981,     588,   55829,   46498,    4194,   37868,   28355,    4609,   39613,    6476,       0,  160172,  162701,   37699,   35170,    1186,   -3053,   -6060,     436,     127,   10504,      53,   -1044,   -2616,     939,    1775,   -2625,       0,    -767,     631,    1953,     555,  100.0,    8.8,   36.4,    0.3,   28.2,   23.5,    2.1,   19.1,   14.3,    2.3,   20.0,    3.3,    0.0,   80.9,   82.2,   19.1,   17.8,    117,      9,     11,.,     18,     21,     11,     30,     18,      8,      6,      4,      0,     69,     69,    25.0,    29.1,    39.9,    42.7,    24.9,    29.1,    39.4,    42.7,"(CONTRACTS OF JPY 12,500,000)",097741,CME ,097 ,F10,FutOnly
JAPANESE YEN - CHICAGO MERCANTILE EXCHANGE,241008,2024-10-08,097741,CME ,00,097 ,  196685,   20524,   78041,     152,   55702,   35994,    4141,   38912,   30971,    3670,   37838,    9101,       0,  160939,  162070,   35746,   34615,     485,   16639,  -12167,     151,    3120,   12456,    -939,     894,   -5672,    -321,  -16795,     397,       0,    2749,   -6095,   -2264,    6580,  100.0,   10.4,   39.7,    0.1,   28.3,   18.3,    2.1,   19.8,   15.7,    1.9,   19.2,    4.6,    0.0,   81.8,   82.4,   18.2,   17.6,    122,     11,      9,.,     21,     17,     11,     30,     22,     11,      7,      5,      0,     75,     71,    24.2,    33.3,    38.0,    45.3,    24.2,    33.3,    37.9,    45.3,"(CONTRACTS OF JPY 12,500,000)",097741,CME ,097 ,F10,FutOnly
JAPANESE YEN - CHICAGO MERCANTILE EXCHANGE,241001,2024-10-01,097741,CME ,00,097 ,  196200,    3885,   90208,       1,   52582,   23538,    5080,   38018,   36643,    3991,   54633,    8704,       0,  158190,  168165,   38010,   28035,  -11502,     822,   -6847,    -129,   -4896,   -2587,      72,    1177,   -5646,     544,   -6201,    4460,       0,   -8611,  -10133,   -2891,   -1369,  100.0,    2.0,   46.0,    0.0,   26.8,   12.0,    2.6,   19.4,   18.7,    2.0,   27.8,    4.4,    0.0,   80.6,   85.7,   19.4,   14.3,    123,      7,     12,.,     24,     16,     11,     26,     24,     11,      9,      5,      0,     75,     71,    28.3,    42.6,    41.6,    53.3,    28.3,    42.6,    41.3,    53.3,"(CONTRACTS OF JPY 12,500,000)",097741,CME ,097 ,F10,FutOnly
JAPANESE YEN - CHICAGO MERCANTILE EXCHANGE,240924,2024-09-24,097741,CME ,00,097 ,  207702,    3063,   97055,     130,   57478,   26125,    5008,   36841,   42289,    3447,   60834,    4244,       0,  166801,  178298,   40901,   29404,    8239,   -4504,    7343,      98,    1228,    -133,     808,    6775,   -3557,     867,    4611,     955,       0,    9883,    6381,   -1644,    1858,  100.0,    1.5,   46.7,    0.1,   27.7,   12.6,    2.4,   17.7,   20.4,    1.7,   29.3,    2.0,    0.0,   80.3,   85.8,   19.7,   14.2,    120,      4,     14,.,     23,     15,     11,     22,     28,     13,     10,      4,      0,     70,     76,    31.3,    42.7,    43.2,    51.9,    31.3,    42.7,    43.1,    51.2,"(CONTRACTS OF JPY 12,500,000)",097741,CME ,097 ,F10,FutOnly
JAPANESE YEN - CHICAGO MERCANTILE EXCHANGE,240917,2024-09-17,097741,CME ,00,097 ,  199463,    7567,   89712,      32,   56250,   26258,    4200,   30066,   45846,    2580,   56223,    3289,       0,  156918,  171917,   42545,   27546, -177051, -125063, -118888,  -42142,   -1169,   -3242,    -106,   -6591,   -5383,   -4260,    2463,    1203,       0, -176868, -172818,    -183,   -4233,  100.0,    3.8,   45.0,    0.0,   28.2,   13.2,    2.1,   15.1,   23.0,    1.3,   28.2,    1.6,    0.0,   78.7,   86.2,   21.3,   13.8,    122,      7,     11,.,     24,     15,     10,     28,     23,     11,     11,.,      0,     79,     65,    30.1,    42.7,    40.7,    54.8,    30.1,    42.7,    40.6,    54.2,"(CONTRACTS OF JPY 12,500,000)",097741,CME ,097 ,F10,FutOnly
JAPANESE YEN - CHICAGO MERCANTILE EXCHANGE,240910,2024-09-10,097741,CME ,00,097 ,  376514,  132630,  208600,   42174,   57419,   29500,    4306,   36657,   51229,    6840,   53760,    2086,       0,  333786,  344735,   42728,   31779,   49719,    1752,   27102,   38984,    -212,   -7780,   -1748,    2004,    -267,    1040,    3305,   -6906,       0,   45125,   50425,    4594,    -706,  100.0,   35.2,   55.4,   11.2,   15.3,    7.8,    1.1,    9.7,   13.6,    1.8,   14.3,    0.6,    0.0,   88.7,   91.6,   11.3,    8.4,    126,      9,      9,      9,     22,     19,     10,     27,     27,     15,     11,.,      0,     82,     78,    45.8,    62.9,    59.4,    69.0,    38.0,    57.3,    51.5,    62.2,"(CONTRACTS OF JPY 12,500,000)",097741,CME ,097 ,F10,FutOnly
JAPANESE YEN - CHICAGO MERCANTILE EXCHANGE,240903,2024-09-03,097741,CME ,00,097 ,  326795,  130878,  181498,    3190,   57631,   37280,    6054,   34653,   51496,    5800,   50455,    8992,       0,  288661,  294310,   38134,   32485,    8536,   -2678,   18082,    1576,    5217,   -5370,     481,    2542,   -2106,    1939,     268,   -5190,       0,    9345,    9412,    -809,    -876,  100.0,   40.0,   55.5,    1.0,   17.6,   11.4,    1.9,   10.6,   15.8,    1.8,   15.4,    2.8,    0.0,   88.3,   90.1,   11.7,    9.9,    126,      9,      8,      7,     22,     20,     13,     25,     27,     16,     11,.,      0,     83,     79,    43.6,    57.4,    59.5,    65.2,    43.0,    57.2,    58.5,    65.0,"(CONTRACTS OF JPY 12,500,000)",097741,CME ,097 ,F10,FutOnly
JAPANESE YEN - CHICAGO MERCANTILE EXCHANGE,240827,2024-08-27,097741,CME ,00,097 ,  318259,  133556,  163416,    1614,   52414,   42650,    5573,   32111,   53602,    3861,   50187,   14182,       0,  279316,  284898,   38943,   33361,    2062,    -525,   10117,     233,    1914,   -6594,    -834,   -5273,    5725,     294,    3299,   -9067,       0,    -892,    -126,    2954,    2188,  100.0,   42.0,   51.3,    0.5,   16.5,   13.4,    1.8,   10.1,   16.8,    1.2,   15.8,    4.5,    0.0,   87.8,   89.5,   12.2,   10.5,    118,     10,      7,      5,     19,     21,     12,     20,     28,     14,     10,.,      0,     71,     78,    45.3,    55.9,    60.9,    65.1,    44.9,    55.9,    60.1,    64.9,"(CONTRACTS OF JPY 12,500,000)",097741,CME ,097 ,F10,FutOnly
JAPANESE YEN - CHICAGO MERCANTILE EXCHANGE,240820,2024-08-20,097741,CME ,00,097 ,  316197,  134081,  153299,    1381,   50500,   49244,    6407,   37384,   47877,    3567,   46888,   23249,       0,  280208,  285024,   35989,   31173,     859,    1068,    4658,    -297,    1498,   -2765,   -1226,   -6475,    1603,     489,    3014,       2,       0,   -1929,    2464,    2788,   -1605,  100.0,   42.4,   48.5,    0.4,   16.0,   15.6,    2.0,   11.8,   15.1,    1.1,   14.8,    7.4,    0.0,   88.6,   90.1,   11.4,    9.9,    125,     10,      7,      5,     19,     20,     14,     26,     29,     17,     10,      4,      0,     80,     81,    45.3,    56.9,    60.4,    67.4,    44.9,    56.9,    59.5,    67.0,"(CONTRACTS OF JPY 12,500,000)",097741,CME ,097 ,F10,FutOnly
JAPANESE YEN - CHICAGO MERCANTILE EXCHANGE,240813,2024-08-13,097741,CME ,00,097 ,  315338,  133013,  148641,    1678,   49002,   52009,    7633,   43859,   46274,    3078,   43874,   23247,       0,  282137,  282560,   33201,   32778,   16401,  -10729,   30895,      24,   10277,   -4278,   -2000,   15954,   -5789,    -199,    3185,    -876,       0,   16512,   17777,    -111,   -1376,  100.0,   42.2,   47.1,    0.5,   15.5,   16.5,    2.4,   13.9,   14.7,    1.0,   13.9,    7.4,    0.0,   89.5,   89.6,   10.5,   10.4,    126,      9,      8,      5,     24,     18,     16,     23,     28,     15,     12,      4,      0,     83,     79,    44.7,    56.5,    59.7,    67.1,    44.3,    56.4,    58.6,    66.8,"(CONTRACTS OF JPY 12,500,000)",097741,CME ,097 ,F10,FutOnly
JAPANESE YEN - CHICAGO MERCANTILE EXCHANGE,240806,2024-08-06,097741,CME ,00,097 ,  298937,  143742,  117746,    1654,   38725,   56287,    9633,   27905,   52063,    3277,   40689,   24123,       0,  265625,  264783,   33312,   34154,   -4214,   -5110,   70035,     242,   -8448,  -21820,    -901,     180,  -45995,    1149,   11338,    -982,      -1,   -1551,    1727,   -2663,   -5941,  100.0,   48.1,   39.4,    0.6,   13.0,   18.8,    3.2,    9.3,   17.4,    1.1,   13.6,    8.1,    0.0,   88.9,   88.6,   11.1,   11.4,    125,     11,      6,      4,     18,     21,     14,     18,     36,     13,     10,      5,      0,     70,     86,    48.4,    49.5,    60.9,    59.1,    48.0,    49.5,    60.3,    59.1,"(CONTRACTS OF JPY 12,500,000)",097741,CME ,097 ,F10,FutOnly
JAPANESE YEN - CHICAGO MERCANTILE EXCHANGE,240730,2024-07-30,097741,CME ,00,097 ,  303151,  148852,   47711,    1412,   47173,   78107,   10534,   27725,   98058,    2128,   29351,   25105,       1,  267176,  263056,   35975,   40095,   -4032,    6055,   20066,    -275,    1358,  -20650,     548,   -9539,    2198,    -478,    3798,   -2402,       0,    1467,    -993,   -5499,   -3039,  100.0,   49.1,   15.7,    0.5,   15.6,   25.8,    3.5,    9.1,   32.3,    0.7,    9.7,    8.3,    0.0,   88.1,   86.8,   11.9,   13.2,    149,      9,      7,      4,     19,     28,     12,     22,     46,     14,     12,      6,.,     81,     99,    47.0,    29.4,    60.9,    41.8,    46.7,    29.4,    60.1,    41.5,"(CONTRACTS OF JPY 12,500,000)",097741,CME ,097 ,F10,FutOnly
JAPANESE YEN - CHICAGO MERCANTILE EXCHANGE,240723,2024-07-23,097741,CME ,00,097 ,  307183,  142797,   27645,    1687,   45815,   98757,    9986,   37264,   95860,    2606,   25553,   27507,       1,  265709,  264049,   41474,   43134,     -22,  -19823,   18841,     203,    6434,   -5890,    -682,    6510,   -9939,     114,    3360,    -174,       1,   -3883,    2474,    3861,   -2496,  100.0,   46.5,    9.0,    0.5,   14.9,   32.1,    3.3,   12.1,   31.2,    0.8,    8.3,    9.0,    0.0,   86.5,   86.0,   13.5,   14.0,    152,     10,      7,      4,     21,     31,     12,     23,     41,     13,      9,     10,.,     78,    104,    46.1,    26.2,    56.1,    40.9,    45.6,    26.2,    55.6,    40.7,"(CONTRACTS OF JPY 12,500,000)",097741,CME ,097 ,F10,FutOnly
JAPANESE YEN - CHICAGO MERCANTILE EXCHANGE,240716,2024-07-16,097741,CME ,00,097 ,  307205,  162620,    8804,    1484,   39381,  104647,   10668,   30754,  105799,    2492,   22193,   27681,       0,  269592,  261575,   37613,   45630,  -41749,  -38843,    -198,       0,    6141,  -17613,    1284,   -3061,  -38651,   -2837,    -527,   19989,       0,  -37843,  -38026,   -3906,   -3723,  100.0,   52.9,    2.9,    0.5,   12.8,   34.1,    3.5,   10.0,   34.4,    0.8,    7.2,    9.0,    0.0,   87.8,   85.1,   12.2,   14.9,    152,     11,      7,.,     18,     32,     12,     19,     45,     12,      9,     11,      0,     72,    107,    48.1,    27.6,    58.0,    40.8,    47.8,    27.6,    57.2,    40.6,"(CONTRACTS OF JPY 12,500,000)",097741,CME ,097 ,F10,FutOnly
JAPANESE YEN - CHICAGO MERCANTILE EXCHANGE,240709,2024-07-09,097741,CME ,00,097 ,  348954,  201463,    9002,    1484,   33240,  122260,    9384,   33815,  144450,    5329,   22720,    7692,       0,  307435,  299601,   41519,   49353,    -863,   -9169,    2836,    -128,    2807,   -8209,     929,    3208,    4661,    -301,     353,     399,       0,   -2301,     187,    1438,   -1050,  100.0,   57.7,    2.6,    0.4,    9.5,   35.0,    2.7,    9.7,   41.4,    1.5,    6.5,    2.2,    0.0,   88.1,   85.9,   11.9,   14.1,    161,     11,      7,.,     17,     35,     13,     20,     51,     16,     12,      8,      0,     77,    115,    51.8,    24.4,    61.1,    39.0,    51.5,    24.1,    60.4,    38.7,"(CONTRACTS OF JPY 12,500,000)",097741,CME ,097 ,F10,FutOnly
JAPANESE YEN - CHICAGO MERCANTILE EXCHANGE,240702,2024-07-02,097741,CME ,00,097 ,  349817,  210632,    6166,    1612,   30433,  130469,    8455,   30607,  139789,    5630,   22367,    7293,       0,  309736,  299414,   40081,   50403,    9580,    7560,     531,    -547,     623,    2874,     -55,     575,     113,    -355,    -408,    2468,      -3,    7390,    5026,    2190,    4554,  100.0,   60.2,    1.8,    0.5,    8.7,   37.3,    2.4,    8.7,   40.0,    1.6,    6.4,    2.1,    0.0,   88.5,   85.6,   11.5,   14.4,    161,     13,      4,.,     16,     35,     13,     21,     51,     14,     14,      7,      0,     80,    111,    53.5,    24.3,    62.1,    38.4,    53.1,    24.2,    61.5,    38.2,"(CONTRACTS OF JPY 12,500,000)",097741,CME ,097 ,F10,FutOnly
JAPANESE YEN - CHICAGO MERCANTILE EXCHANGE,240625,2024-06-25,097741,CME ,00,097 ,  340237,  203072,    5635,    2159,   29810,  127595,    8510,   30032,  139676,    5985,   22775,    4825,       3,  302346,  294388,   37891,   45849,   43120,   30981,    1941,     343,    1446,   13115,     159,    4399,   23646,    2357,    -714,    1465,       3,   38974,   43029,    4146,      91,  100.0,   59.7,    1.7,    0.6,    8.8,   37.5,    2.5,    8.8,   41.1,    1.8,    6.7,    1.4,    0.0,   88.9,   86.5,   11.1,   13.5,    166,     12,      5,.,     17,     37,     15,     19,     57,     14,     12,      7,.,     81,    118,    53.4,    22.7,    62.1,    37.4,    53.1,    22.7,    61.5,    37.2,"(CONTRACTS OF JPY 12,500,000)",097741,CME ,097 ,F10,FutOnly
JAPANESE YEN - CHICAGO MERCANTILE EXCHANGE,240618,2024-06-18,097741,CME ,00,097 ,  297117,  172091,    3694,    1816,   28364,  114480,    8351,   25633,  116030,    3628,   23489,    3360,       0,  263372,  251359,   33745,   45758,  -22157,     -69,  -16120,   -2205,   -1947,    6699,     699,    2323,    5529,  -15511,    1328,     562,     -13,  -15395,  -20360,   -6762,   -1797,  100.0,   57.9,    1.2,    0.6,    9.5,   38.5,    2.8,    8.6,   39.1,    1.2,    7.9,    1.1,    0.0,   88.6,   84.6,   11.4,   15.4,    149,     15,.,.,     17,     35,     15,     17,     47,     15,     12,      4,      0,     80,    101,    53.3,    23.6,    61.5,    38.7,    53.3,    23.6,    61.4,    38.5,"(CONTRACTS OF JPY 12,500,000)",097741,CME ,097 ,F10,FutOnly
JAPANESE YEN - CHICAGO MERCANTILE EXCHANGE,240611,2024-06-11,097741,CME ,00,097 ,  319274,  172160,   19814,    4021,   30311,  107781,    7652,   23310,  110501,   19139,   22161,    2798,      13,  278767,  271719,   40507,   47555,   16265,   22343,   -4424,    1289,     633,    2393,    -527,  -13676,    3703,    8860,    1252,    -374,       0,   20174,   10920,   -3909,    5345,  100.0,   53.9,    6.2,    1.3,    9.5,   33.8,    2.4,    7.3,   34.6,    6.0,    6.9,    0.9,    0.0,   87.3,   85.1,   12.7,   14.9,    152,     14,      5,      7,     18,     32,     13,     18,     52,     20,     10,.,.,     82,    111,    44.0,    22.9,    55.6,    36.3,    44.0,    22.8,    54.3,    36.2,"(CONTRACTS OF JPY 12,500,000)",097741,CME ,097 ,F10,FutOnly
JAPANESE YEN - CHICAGO MERCANTILE EXCHANGE,240604,2024-06-04,097741,CME ,00,097 ,  303009,  149817,   24238,    2732,   29678,  105388,    8179,   36986,  106798,   10279,   20909,    3172,      13,  258593,  260799,   44416,   42210,  -22222,  -34416,   12384,    2722,  -18088,  -24337,     605,   15981,   -8152,    6125,    2757,   -1372,       0,  -24314,  -12025,    2092,  -10197,  100.0,   49.4,    8.0,    0.9,    9.8,   34.8,    2.7,   12.2,   35.2,    3.4,    6.9,    1.0,    0.0,   85.3,   86.1,   14.7,   13.9,    160,     15,      7,      4,     18,     33,     10,     26,     47,     16,     10,      4,.,     85,    106,    39.9,    24.5,    51.0,    38.4,    39.9,    24.4,    50.1,    38.2,"(CONTRACTS OF JPY 12,500,000)",097741,CME ,097 ,F10,FutOnly
JAPANESE YEN - CHICAGO MERCANTILE EXCHANGE,240528,2024-05-28,097741,CME ,00,097 ,  325231,  184233,   11854,      10,   47766,  129725,    7574,   21005,  114950,    4154,   18152,    4544,      13,  282907,  272824,   42324,   52407,   23916,   27145,    -901,     -10,   -1491,    7867,     -92,   -3059,    7319,     140,     298,     675,       0,   22931,   14998,     985,    8918,  100.0,   56.6,    3.6,    0.0,   14.7,   39.9,    2.3,    6.5,   35.3,    1.3,    5.6,    1.4,    0.0,   87.0,   83.9,   13.0,   16.1,    161,     16,      5,.,     20,     34,     12,     20,     50,     15,      9,      7,.,     82,    108,    44.9,    23.4,    58.9,    37.6,    44.9,    23.2,    58.8,    37.5,"(CONTRACTS OF JPY 12,500,000)",097741,CME ,097 ,F10,FutOnly
JAPANESE YEN - CHICAGO MERCANTILE EXCHANGE,240521,2024-05-21,097741,CME ,00,097 ,  301315,  157088,   12755,      20,   49257,  121858,    7666,   24064,  107631,    4014,   17854,    3869,      13,  259976,  257826,   41339,   43489,    3709,    9986,   -4838,     -50,   -1120,   10676,    -476,   -5529,    1532,   -1270,     275,    1204,       0,    1816,    6778,    1893,   -3069,  100.0,   52.1,    4.2,    0.0,   16.3,   40.4,    2.5,    8.0,   35.7,    1.3,    5.9,    1.3,    0.0,   86.3,   85.6,   13.7,   14.4,    155,     16,      5,.,     21,     33,     12,     20,     46,     16,      9,      5,.,     82,    104,    42.2,    24.0,    54.7,    38.9,    42.2,    23.8,    54.7,    38.7,"(CONTRACTS OF JPY 12,500,000)",097741,CME ,097 ,F10,FutOnly
JAPANESE YEN - CHICAGO MERCANTILE EXCHANGE,240514,2024-05-14,097741,CME ,00,097 ,  297606,  147102,   17593,      70,   50377,  111182,    8142,   29593,  106099,    5284,   17579,    2665,      13,  258160,  251048,   39446,   46558,   -2253,     231,   -1419,   -1529,     -70,    6448,      34,      23,   -4604,   -3220,     165,    -337,       0,   -4366,   -4627,    2113,    2374,  100.0,   49.4,    5.9,    0.0,   16.9,   37.4,    2.7,    9.9,   35.7,    1.8,    5.9,    0.9,    0.0,   86.7,   84.4,   13.3,   15.6,    151,     14,      6,.,     20,     32,     10,     20,     46,     16,     10,.,.,     82,     98,    43.6,    24.2,    54.9,    39.4,    43.6,    24.2,    54.9,    39.2,"(CONTRACTS OF JPY 12,500,000)",097741,CME ,097 ,F10,FutOnly
JAPANESE YEN - CHICAGO MERCANTILE EXCHANGE,240507,2024-05-07,097741,CME ,00,097 ,  299859,  146871,   19012,    1599,   50447,  104734,    8108,   29570,  110703,    8504,   17414,    3002,      13,  262526,  255675,   37333,   44184,  -34989,  -22792,   13314,    1444,   -9717,  -22283,     284,    1000,  -23676,     -45,    -592,    1427,      13,  -30405,  -29522,   -4584,   -5467,  100.0,   49.0,    6.3,    0.5,   16.8,   34.9,    2.7,    9.9,   36.9,    2.8,    5.8,    1.0,    0.0,   87.5,   85.3,   12.5,   14.7,    159,     16,      5,.,     23,     31,     11,     20,     48,     14,     12,      4,.,     83,    104,    42.1,    24.2,    53.5,    39.2,    42.1,    24.2,    53.5,    39.0,"(CONTRACTS OF JPY 12,500,000)",097741,CME ,097 ,F10,FutOnly
JAPANESE YEN - CHICAGO MERCANTILE EXCHANGE,240430,2024-04-30,097741,CME ,00,097 ,  334848,  169663,    5698,     155,   60164,  127017,    7824,   28570,  134379,    8549,   18006,    1575,       0,  292931,  285197,   41917,   49651,   -1319,    4707,    3452,     -11,    2024,   -7341,    2524,   -5767,   -6047,    2246,   -1578,     813,       0,    4145,   -4364,   -5464,    3045,  100.0,   50.7,    1.7,    0.0,   18.0,   37.9,    2.3,    8.5,   40.1,    2.6,    5.4,    0.5,    0.0,   87.5,   85.2,   12.5,   14.8,    161,     17,.,.,     23,     32,     11,     23,     49,     18,     12,.,      0,     89,    103,    38.5,    27.2,    51.5,    42.0,    38.5,    27.2,    51.5,    41.6,"(CONTRACTS OF JPY 12,500,000)",097741,CME ,097 ,F10,FutOnly
JAPANESE YEN - CHICAGO MERCANTILE EXCHANGE,240423,2024-04-23,097741,CME ,00,097 ,  336167,  164956,    2246,     166,   58140,  134358,    5300,   34337,  140426,    6303,   19584,     762,       0,  288786,  289561,   47381,   46606,    5057,    8995,     460,      68,     -29,    6306,    -797,   -4719,   -1010,    1081,   -1550,    -161,       0,    3049,    5947,    2008,    -890,  100.0,   49.1,    0.7,    0.0,   17.3,   40.0,    1.6,   10.2,   41.8,    1.9,    5.8,    0.2,    0.0,   85.9,   86.1,   14.1,   13.9,    164,     20,.,.,     23,     32,     11,     24,     52,     20,     10,.,      0,     90,    108,    35.8,    28.5,    47.4,    45.0,    35.8,    28.4,    47.3,    44.8,"(CONTRACTS OF JPY 12,500,000)",097741,CME ,097 ,F10,FutOnly
JAPANESE YEN - CHICAGO MERCANTILE EXCHANGE,240416,2024-04-16,097741,CME ,00,097 ,  331110,  155961,    1786,      98,   58169,  128052,    6097,   39056,  141436,    5222,   21134,     923,       0,  285737,  283614,   45373,   47496,    6631,   16743,     638,      -8,    -942,    -617,     423,   -1714,    7766,   -1718,    -572,   -1604,     -13,   12199,    4867,   -5568,    1764,  100.0,   47.1,    0.5,    0.0,   17.6,   38.7,    1.8,   11.8,   42.7,    1.6,    6.4,    0.3,    0.0,   86.3,   85.7,   13.7,   14.3,    163,     19,.,.,     22,     33,     12,     22,     53,     15,     10,.,      0,     84,    108,    33.6,    27.1,    46.4,    44.7,    33.6,    27.0,    46.4,    44.5,"(CONTRACTS OF JPY 12,500,000)",097741,CME ,097 ,F10,FutOnly
JAPANESE YEN - CHICAGO MERCANTILE EXCHANGE,240409,2024-04-09,097741,CME ,00,097 ,  324479,  139218,    1148,     106,   59111,  128669,    5674,   40770,  133670,    6940,   21706,    2527,      13,  273538,  278747,   50941,   45732,    7670,   17919,      73,      33,     168,    4323,     564,  -12811,    2880,     834,     498,     -29,       0,    7205,    8678,     465,   -1008,  100.0,   42.9,    0.4,    0.0,   18.2,   39.7,    1.7,   12.6,   41.2,    2.1,    6.7,    0.8,    0.0,   84.3,   85.9,   15.7,   14.1,    164,     18,.,.,     23,     32,     11,     25,     48,     15,     12,      5,.,     91,    103,    31.2,    27.4,    45.2,    45.1,    31.2,    27.4,    45.1,    45.0,"(CONTRACTS OF JPY 12,500,000)",097741,CME ,097 ,F10,FutOnly
JAPANESE YEN - CHICAGO MERCANTILE EXCHANGE,240402,2024-04-02,097741,CME ,00,097 ,  316809,  121299,    1075,      73,   58943,  124346,    5110,   53581,  130790,    6106,   21208,    2556,      13,  266333,  270069,   50476,   46740,   11108,    7686,     318,       6,   -3196,    2678,    -198,    3549,    7881,     170,   -1736,    -356,       0,    6281,   10499,    4827,     609,  100.0,   38.3,    0.3,    0.0,   18.6,   39.2,    1.6,   16.9,   41.3,    1.9,    6.7,    0.8,    0.0,   84.1,   85.2,   15.9,   14.8,    166,     19,.,.,     21,     35,      8,     27,     48,     15,     11,      4,.,     88,    104,    30.0,    26.4,    42.2,    43.0,    30.0,    26.4,    42.0,    42.9,"(CONTRACTS OF JPY 12,500,000)",097741,CME ,097 ,F10,FutOnly
JAPANESE YEN - CHICAGO MERCANTILE EXCHANGE,240326,2024-03-26,097741,CME ,00,097 ,  305701,  113613,     757,      67,   62139,  121668,    5308,   50032,  122909,    5936,   22944,    2912,      13,  260052,  259570,   45649,   46131,    3201,    4111,    -882,     -32,     286,   -2092,     557,    4902,    4773,     -66,   -5444,     681,       0,    4314,    2939,   -1113,     262,  100.0,   37.2,    0.2,    0.0,   20.3,   39.8,    1.7,   16.4,   40.2,    1.9,    7.5,    1.0,    0.0,   85.1,   84.9,   14.9,   15.1,    170,     19,.,.,     23,     37,     10,     28,     45,     13,     12,      4,.,     91,    105,    29.2,    26.5,    41.5,    42.2,    29.2,    26.5,    41.3,    42.0,"(CONTRACTS OF JPY 12,500,000)",097741,CME ,097 ,F10,FutOnly
JAPANESE YEN - CHICAGO MERCANTILE EXCHANGE,240319,2024-03-19,097741,CME ,00,097 ,  302500,  109502,    1639,      99,   61853,  123760,    4751,   45130,  118136,    6002,   28388,    2231,      13,  255738,  256631,   46762,   45869,  -23175,   -2649,  -31270,  -23132,   -3500,   21243,   -2403,   14996,   16043,   -6175,     541,    -180,     -29,  -22351,  -25903,    -824,    2728,  100.0,   36.2,    0.5,    0.0,   20.4,   40.9,    1.6,   14.9,   39.1,    2.0,    9.4,    0.7,    0.0,   84.5,   84.8,   15.5,   15.2,    163,     16,.,.,     22,     35,      9,     25,     48,     14,     12,.,.,     85,    104,    29.2,    25.9,    40.2,    41.6,    29.2,    25.9,    40.2,    41.4,"(CONTRACTS OF JPY 12,500,000)",097741,CME ,097 ,F10,FutOnly
JAPANESE YEN - CHICAGO MERCANTILE EXCHANGE,240312,2024-03-12,097741,CME ,00,097 ,  325675,  112151,   32909,   23231,   65353,  102517,    7154,   30134,  102093,   12177,   27847,    2411,      42,  278089,  282534,   47586,   43141,   11089,  -10570,    5459,   17700,    -507,  -12569,    2478,    -799,   -2848,     982,    1789,   -1002,    -190,   10883,   10010,     206,    1079,  100.0,   34.4,   10.1,    7.1,   20.1,   31.5,    2.2,    9.3,   31.3,    3.7,    8.6,    0.7,    0.0,   85.4,   86.8,   14.6,   13.2,    165,     10,      9,     10,     23,     33,     11,     24,     49,     18,     15,.,.,     95,    111,    41.1,    23.4,    50.6,    38.6,    35.9,    22.6,    44.6,    35.6,"(CONTRACTS OF JPY 12,500,000)",097741,CME ,097 ,F10,FutOnly
JAPANESE YEN - CHICAGO MERCANTILE EXCHANGE,240305,2024-03-05,097741,CME ,00,097 ,  314586,  122721,   27450,    5531,   65860,  115086,    4676,   30933,  104941,   11195,   26058,    3413,     232,  267206,  272524,   47380,   42062,    4953,  -13246,    9417,    5396,    1480,   -4258,    -771,     611,   -4754,     656,    6543,    -422,     200,     869,    5464,    4084,    -511,  100.0,   39.0,    8.7,    1.8,   20.9,   36.6,    1.5,    9.8,   33.4,    3.6,    8.3,    1.1,    0.1,   84.9,   86.6,   15.1,   13.4,    167,     11,     10,      6,     25,     32,     11,     26,     46,     14,     13,.,.,     91,    109,    41.4,    25.3,    51.5,    39.4,    40.3,    25.3,    49.4,    39.1,"(CONTRACTS OF JPY 12,500,000)",097741,CME ,097 ,F10,FutOnly
JAPANESE YEN - CHICAGO MERCANTILE EXCHANGE,240227,2024-02-27,097741,CME ,00,097 ,  309633,  135967,   18033,     135,   64380,  119344,    5447,   30322,  109695,   10539,   19515,    3835,      32,  266337,  267060,   43296,   42573,    4195,    4652,    1900,       0,    3699,   -6504,     -36,   -7479,   12423,     561,    1120,     -28,       0,    2517,    8316,    1678,   -4121,  100.0,   43.9,    5.8,    0.0,   20.8,   38.5,    1.8,    9.8,   35.4,    3.4,    6.3,    1.2,    0.0,   86.0,   86.3,   14.0,   13.7,    166,     13,      6,.,     24,     35,     11,     23,     50,     15,     11,      4,.,     82,    113,    43.9,    26.9,    53.9,    42.3,    43.9,    26.9,    52.9,    42.1,"(CONTRACTS OF JPY 12,500,000)",097741,CME ,097 ,F10,FutOnly
JAPANESE YEN - CHICAGO MERCANTILE EXCHANGE,240220,2024-02-20,097741,CME ,00,097 ,  305438,  131315,   16133,     135,   60681,  125848,    5483,   37801,   97272,    9978,   18395,    3863,      32,  263820,  258744,   41618,   46694,     846,   11037,    -915,       2,   -7433,    3239,     324,   -5179,   -4077,    1870,    1764,     502,      32,    2417,     977,   -1571,    -131,  100.0,   43.0,    5.3,    0.0,   19.9,   41.2,    1.8,   12.4,   31.8,    3.3,    6.0,    1.3,    0.0,   86.4,   84.7,   13.6,   15.3,    157,     13,      5,.,     23,     34,     10,     26,     42,     15,     10,      4,.,     81,    104,    41.7,    28.3,    51.0,    43.2,    41.7,    28.3,    50.2,    43.0,"(CONTRACTS OF JPY 12,500,000)",097741,CME ,097 ,F10,FutOnly
JAPANESE YEN - CHICAGO MERCANTILE EXCHANGE,240213,2024-02-13,097741,CME ,00,097 ,  304592,  120278,   17048,     133,   68114,  122609,    5159,   42980,  101349,    8108,   16631,    3361,       0,  261403,  257767,   43189,   46825,   45050,   39147,    1976,     -72,     548,   13597,     145,    2712,   20691,    1133,    -352,     908,       0,   43261,   38378,    1789,    6672,  100.0,   39.5,    5.6,    0.0,   22.4,   40.3,    1.7,   14.1,   33.3,    2.7,    5.5,    1.1,    0.0,   85.8,   84.6,   14.2,   15.4,    160,     14,      6,.,     22,     36,      9,     21,     48,     16,     10,.,      0,     78,    109,    37.4,    26.7,    48.7,    39.6,    37.4,    26.7,    47.3,    39.4,"(CONTRACTS OF JPY 12,500,000)",097741,CME ,097 ,F10,FutOnly
JAPANESE YEN - CHICAGO MERCANTILE EXCHANGE,240206,2024-02-06,097741,CME ,00,097 ,  259542,   81131,   15072,     205,   67566,  109012,    5014,   40268,   80658,    6975,   16983,    2453,       0,  218142,  219389,   41400,   40153,   17513,    9532,    3411,      -4,    1482,    8220,    -514,    5000,    5876,     969,    1521,     954,       0,   17986,   18912,    -473,   -1399,  100.0,   31.3,    5.8,    0.1,   26.0,   42.0,    1.9,   15.5,   31.1,    2.7,    6.5,    0.9,    0.0,   84.0,   84.5,   16.0,   15.5,    156,     14,      5,.,     21,     33,     10,     30,     39,     14,     12,.,      0,     86,     96,    28.6,    27.9,    40.9,    41.5,    28.6,    27.9,    39.9,    41.5,"(CONTRACTS OF JPY 12,500,000)",097741,CME ,097 ,F10,FutOnly
JAPANESE YEN - CHICAGO MERCANTILE EXCHANGE,240130,2024-01-30,097741,CME ,00,097 ,  242029,   71599,   11661,     209,   66084,  100792,    5528,   35268,   74782,    6006,   15462,    1499,       0,  200156,  200477,   41873,   41552,   -1003,    5533,    -625,       3,     358,    6392,     -31,  -11331,    -317,      51,    2460,   -1762,       0,   -2957,    3711,    1954,   -4714,  100.0,   29.6,    4.8,    0.1,   27.3,   41.6,    2.3,   14.6,   30.9,    2.5,    6.4,    0.6,    0.0,   82.7,   82.8,   17.3,   17.2,    150,     15,      5,.,     21,     32,     10,     26,     38,     12,     11,.,      0,     81,     93,    28.9,    26.9,    41.0,    39.6,    28.9,    26.9,    40.0,    39.6,"(CONTRACTS OF JPY 12,500,000)",097741,CME ,097 ,F10,FutOnly
JAPANESE YEN - CHICAGO MERCANTILE EXCHANGE,240123,2024-01-23,097741,CME ,00,097 ,  243032,   66066,   12286,     206,   65726,   94400,    5559,   46599,   75099,    5955,   13002,    3261,       0,  203113,  196766,   39919,   46266,   29723,   18840,     614,    -199,    -452,   20762,     779,   11048,    3365,     457,   -2226,    1286,       0,   28247,   27064,    1476,    2659,  100.0,   27.2,    5.1,    0.1,   27.0,   38.8,    2.3,   19.2,   30.9,    2.5,    5.3,    1.3,    0.0,   83.6,   81.0,   16.4,   19.0,    148,     14,      4,.,     21,     31,     12,     29,     36,     14,     10,.,      0,     85,     91,    26.4,    25.9,    38.5,    38.0,    26.4,    25.9,    37.1,    38.0,"(CONTRACTS OF JPY 12,500,000)",097741,CME ,097 ,F10,FutOnly
JAPANESE YEN - CHICAGO MERCANTILE EXCHANGE,240116,2024-01-16,097741,CME ,00,097 ,  213309,   47226,   11672,     405,   66178,   73638,    4780,   35551,   71734,    5498,   15228,    1975,       0,  174866,  169702,   38443,   43607,   13010,    8432,    1563,    -153,     432,   13681,     336,    2621,   -6325,    1032,    2804,   -1552,       0,   15504,    8582,   -2494,    4428,  100.0,   22.1,    5.5,    0.2,   31.0,   34.5,    2.2,   16.7,   33.6,    2.6,    7.1,    0.9,    0.0,   82.0,   79.6,   18.0,   20.4,    146,     12,      5,.,     22,     31,     11,     29,     32,     14,     12,.,      0,     86,     87,    26.0,    25.3,    36.0,    37.0,    26.0,    25.2,    34.8,    36.9,"(CONTRACTS OF JPY 12,500,000)",097741,CME ,097 ,F10,FutOnly
JAPANESE YEN - CHICAGO MERCANTILE EXCHANGE,240109,2024-01-09,097741,CME ,00,097 ,  200299,   38794,   10109,     558,   65746,   59957,    4444,   32930,   78059,    4466,   12424,    3527,       0,  159362,  161120,   40937,   39179,   16257,    7234,    3017,    -514,    1121,   17884,    -703,    4094,   -9572,     734,    1340,    2512,       0,   13306,   13358,    2951,    2899,  100.0,   19.4,    5.0,    0.3,   32.8,   29.9,    2.2,   16.4,   39.0,    2.2,    6.2,    1.8,    0.0,   79.6,   80.4,   20.4,   19.6,    136,     10,      6,.,     23,     25,     11,     27,     31,      9,     10,      4,      0,     79,     80,    27.5,    30.3,    37.3,    39.9,    27.1,    30.3,    35.7,    39.9,"(CONTRACTS OF JPY 12,500,000)",097741,CME ,097 ,F10,FutOnly
JAPANESE YEN - CHICAGO MERCANTILE EXCHANGE,240102,2024-01-02,097741,CME ,00,097 ,  184042,   31560,    7092,    1072,   64625,   42073,    5147,   28836,   87631,    3732,   11084,    1015,       0,  146056,  147762,   37986,   36280,   -4498,   -2745,     835,     -19,    1029,   -5125,    1475,   -3717,   -3110,     958,    -988,    -224,       0,   -4007,   -5210,    -491,     712,  100.0,   17.1,    3.9,    0.6,   35.1,   22.9,    2.8,   15.7,   47.6,    2.0,    6.0,    0.6,    0.0,   79.4,   80.3,   20.6,   19.7,    134,     11,      6,.,     22,     24,     12,     26,     34,     10,      9,.,      0,     82,     77,    30.3,    28.9,    39.2,    38.8,    29.8,    28.9,    38.8,    38.8,"(CONTRACTS OF JPY 12,500,000)",097741,CME ,097 ,F10,FutOnly
EURO FX - CHICAGO MERCANTILE EXCHANGE,241231,2024-12-31,099741,CME ,00,099 ,  609159,   29997,  162916,    6914,  336955,  183094,   34116,   80796,  122636,   12918,   27026,   24631,    6958,  535680,  554183,   73479,   54976,   11576,   -1024,   -1084,     744,   -2340,    6665,     541,   10828,    6136,     837,    -868,     -11,     152,    8870,   13980,    2706,   -2404,  100.0,    4.9,   26.7,    1.1,   55.3,   30.1,    5.6,   13.3,   20.1,    2.1,    4.4,    4.0,    1.1,   87.9,   91.0,   12.1,    9.0,    293,     12,     13,      5,     92,     51,     44,     46,     48,     20,     17,     13,      5,    193,    174,    18.6,    30.0,    27.1,    40.7,    16.7,    29.7,    25.2,    40.4,"(CONTRACTS OF EUR 125,000)",099741,CME ,099 ,F10,FutOnly
EURO FX - CHICAGO MERCANTILE EXCHANGE,241224,2024-12-24,099741,CME ,00,099 ,  597583,   31021,  164000,    6170,  339295,  176429,   33575,   69968,  116500,   12081,   27894,   24642,    6806,  526810,  540203,   70773,   57380,   13583,    9003,   -5508,     902,    6225,    6371,    -182,   -5963,    2324,    2081,    2935,    4600,    -185,   14816,   10403,   -1233,    3180,  100.0,    5.2,   27.4,    1.0,   56.8,   29.5,    5.6,   11.7,   19.5,    2.0,    4.7,    4.1,    1.1,   88.2,   90.4,   11.8,    9.6,    293,     12,     15,      5,     92,     51,     44,     41,     50,     18,     18,     13,      5,    189,    176,    19.0,    30.3,    27.6,    40.1,    17.0,    30.1,    25.6,    39.9,"(CONTRACTS OF EUR 125,000)",099741,CME ,099 ,F10,FutOnly
EURO FX - CHICAGO MERCANTILE EXCHANGE,241217,2024-12-17,099741,CME ,00,099 ,  584000,   22018,  169508,    5268,  333070,  170058,   33757,   75931,  114176,   10000,   24959,   20042,    6991,  511994,  529800,   72006,   54200, -143276,  -60120,  -55214,  -50409,    2360,    1882,   -4330,    -844,   -6520,  -10847,   -6443,   -8246,    -286, -130919, -133970,  -12357,   -9306,  100.0,    3.8,   29.0,    0.9,   57.0,   29.1,    5.8,   13.0,   19.6,    1.7,    4.3,    3.4,    1.2,   87.7,   90.7,   12.3,    9.3,    296,     11,     16,      5,     92,     50,     45,     46,     50,     22,     17,     13,      5,    192,    181,    19.5,    30.2,    28.4,    40.9,    17.4,    30.1,    25.7,    40.7,"(CONTRACTS OF EUR 125,000)",099741,CME ,099 ,F10,FutOnly
EURO FX - CHICAGO MERCANTILE EXCHANGE,241210,2024-12-10,099741,CME ,00,099 ,  727276,   82138,  224722,   55677,  330710,  168176,   38087,   76775,  120696,   20847,   31402,   28288,    7277,  642913,  663770,   84363,   63506,   52217,   -1389,   -3345,   43078,     462,  -11751,      47,   -2195,    5524,    4997,    -103,    4191,     526,   45423,   43267,    6794,    8950,  100.0,   11.3,   30.9,    7.7,   45.5,   23.1,    5.2,   10.6,   16.6,    2.9,    4.3,    3.9,    1.0,   88.4,   91.3,   11.6,    8.7,    297,     12,     20,     10,     89,     46,     47,     42,     53,     24,     23,     11,      5,    200,    183,    20.8,    31.0,    32.5,    42.3,    18.7,    30.6,    27.4,    39.4,"(CONTRACTS OF EUR 125,000)",099741,CME ,099 ,F10,FutOnly
EURO FX - CHICAGO MERCANTILE EXCHANGE,241203,2024-12-03,099741,CME ,00,099 ,  675059,   83527,  228067,   12599,  330248,  179927,   38040,   78970,  115172,   15850,   31505,   24097,    6751,  597490,  620503,   77569,   54556,    9506,   14689,   -4715,    8143,   -8788,    9599,   -3149,     340,    6586,   -1588,    1234,   -4564,     -48,   10833,   10264,   -1327,    -758,  100.0,   12.4,   33.8,    1.9,   48.9,   26.7,    5.6,   11.7,   17.1,    2.3,    4.7,    3.6,    1.0,   88.5,   91.9,   11.5,    8.1,    307,     15,     18,      9,     90,     50,     41,     45,     56,     26,     21,     11,      5,    203,    185,    21.0,    33.8,    30.7,    43.9,    19.2,    32.9,    28.6,    42.5,"(CONTRACTS OF EUR 125,000)",099741,CME ,099 ,F10,FutOnly
EURO FX - CHICAGO MERCANTILE EXCHANGE,241126,2024-11-26,099741,CME ,00,099 ,  665553,   68838,  232782,    4456,  339036,  170328,   41189,   78630,  108586,   17438,   30271,   28661,    6799,  586657,  610239,   78896,   55314,    6779,    3163,   -4337,   -1491,   -4427,   10018,   -1095,    7864,   -1991,    1036,    -636,    4346,     -66,    4348,    6420,    2431,     359,  100.0,   10.3,   35.0,    0.7,   50.9,   25.6,    6.2,   11.8,   16.3,    2.6,    4.5,    4.3,    1.0,   88.1,   91.7,   11.9,    8.3,    298,     13,     17,      6,     91,     50,     40,     42,     51,     29,     20,     12,      7,    199,    181,    19.9,    33.0,    30.0,    42.8,    18.0,    32.8,    27.3,    42.1,"(CONTRACTS OF EUR 125,000)",099741,CME ,099 ,F10,FutOnly
EURO FX - CHICAGO MERCANTILE EXCHANGE,241119,2024-11-19,099741,CME ,00,099 ,  658774,   65675,  237119,    5947,  343463,  160310,   42284,   70766,  110577,   16402,   30907,   24315,    6865,  582309,  603819,   76465,   54955,   21669,   37754,  -17366,     130,  -13698,   19345,    3303,   -1940,    8858,   -4064,    1494,    8572,     657,   23636,   19435,   -1967,    2234,  100.0,   10.0,   36.0,    0.9,   52.1,   24.3,    6.4,   10.7,   16.8,    2.5,    4.7,    3.7,    1.0,   88.4,   91.7,   11.6,    8.3,    301,     13,     17,      6,     95,     51,     40,     39,     52,     30,     21,     12,      7,    202,    182,    19.5,    33.4,    29.9,    42.8,    17.6,    33.0,    27.1,    42.2,"(CONTRACTS OF EUR 125,000)",099741,CME ,099 ,F10,FutOnly
EURO FX - CHICAGO MERCANTILE EXCHANGE,241112,2024-11-12,099741,CME ,00,099 ,  637105,   27921,  254485,    5817,  357161,  140965,   38981,   72706,  101719,   20466,   29413,   15743,    6208,  558673,  584384,   78432,   52721,   -8492,   -7247,   -1156,      30,   -3377,   -2121,    4228,   -7041,   -2062,     238,     846,   -6805,    1288,  -11035,   -6360,    2543,   -2132,  100.0,    4.4,   39.9,    0.9,   56.1,   22.1,    6.1,   11.4,   16.0,    3.2,    4.6,    2.5,    1.0,   87.7,   91.7,   12.3,    8.3,    291,     12,     18,      7,     95,     43,     39,     41,     50,     28,     20,     11,      7,    201,    171,    17.6,    34.9,    27.7,    44.5,    15.8,    34.5,    25.2,    43.9,"(CONTRACTS OF EUR 125,000)",099741,CME ,099 ,F10,FutOnly
EURO FX - CHICAGO MERCANTILE EXCHANGE,241105,2024-11-05,099741,CME ,00,099 ,  645597,   35168,  255641,    5787,  360538,  143086,   34753,   79747,  103781,   20228,   28567,   22548,    4920,  569708,  590744,   75889,   54853,  -16078,  -21772,   12656,   -1139,   -4790,  -30193,    2522,    4343,   -1835,     905,    1710,    1043,      34,  -18187,  -16007,    2109,     -71,  100.0,    5.4,   39.6,    0.9,   55.8,   22.2,    5.4,   12.4,   16.1,    3.1,    4.4,    3.5,    0.8,   88.2,   91.5,   11.8,    8.5,    290,     10,     20,      7,     96,     41,     41,     34,     58,     27,     19,     11,      6,    196,    175,    17.9,    33.6,    29.2,    44.4,    16.2,    33.3,    26.8,    43.7,"(CONTRACTS OF EUR 125,000)",099741,CME ,099 ,F10,FutOnly
EURO FX - CHICAGO MERCANTILE EXCHANGE,241029,2024-10-29,099741,CME ,00,099 ,  661675,   56940,  242985,    6926,  365328,  173279,   32231,   75404,  105616,   19323,   26857,   21505,    4886,  587895,  606751,   73780,   54924,   10916,   18414,  -15826,    -945,   -2283,   -1212,    -136,     945,   21001,    1036,    -117,    3320,     232,   17146,    7470,   -6230,    3446,  100.0,    8.6,   36.7,    1.0,   55.2,   26.2,    4.9,   11.4,   16.0,    2.9,    4.1,    3.3,    0.7,   88.8,   91.7,   11.2,    8.3,    287,     13,     19,      8,     92,     44,     41,     39,     52,     24,     16,     11,      5,    190,    175,    20.3,    34.6,    32.1,    46.6,    19.0,    34.4,    30.2,    46.0,"(CONTRACTS OF EUR 125,000)",099741,CME ,099 ,F10,FutOnly
EURO FX - CHICAGO MERCANTILE EXCHANGE,241022,2024-10-22,099741,CME ,00,099 ,  650759,   38526,  258811,    7871,  367611,  174491,   32367,   74459,   84615,   18287,   26974,   18185,    4654,  570749,  599281,   80010,   51478,   -7722,     753,  -52944,    4208,   -9655,   19864,      97,   -5240,   17819,    2743,    1462,    -712,     -49,   -5681,   -8974,   -2041,    1252,  100.0,    5.9,   39.8,    1.2,   56.5,   26.8,    5.0,   11.4,   13.0,    2.8,    4.1,    2.8,    0.7,   87.7,   92.1,   12.3,    7.9,    280,     13,     17,      7,     94,     43,     44,     39,     46,     23,     17,     10,      4,    190,    168,    18.7,    37.3,    30.6,    49.1,    17.5,    37.3,    28.6,    48.7,"(CONTRACTS OF EUR 125,000)",099741,CME ,099 ,F10,FutOnly
EURO FX - CHICAGO MERCANTILE EXCHANGE,241015,2024-10-15,099741,CME ,00,099 ,  658481,   37773,  311755,    3663,  377266,  154627,   32270,   79699,   66796,   15544,   25512,   18897,    4703,  576430,  608255,   82051,   50226,  -10650,   20346,  -34654,    -554,  -27341,   16685,     663,    -525,    4478,    -460,    -569,    1430,     -78,   -8518,  -12490,   -2132,    1840,  100.0,    5.7,   47.3,    0.6,   57.3,   23.5,    4.9,   12.1,   10.1,    2.4,    3.9,    2.9,    0.7,   87.5,   92.4,   12.5,    7.6,    275,     14,     15,      6,     98,     37,     45,     43,     38,     20,     17,     12,      5,    199,    152,    18.7,    40.2,    29.9,    54.8,    17.6,    40.1,    28.1,    54.3,"(CONTRACTS OF EUR 125,000)",099741,CME ,099 ,F10,FutOnly
EURO FX - CHICAGO MERCANTILE EXCHANGE,241008,2024-10-08,099741,CME ,00,099 ,  669131,   17427,  346409,    4217,  404607,  137942,   31607,   80224,   62318,   16004,   26081,   17467,    4781,  584948,  620745,   84183,   48386,   -5603,    4464,   -9013,     731,  -16856,   10780,    -794,    9808,   -8201,      77,    1074,    2346,    -640,   -2136,   -4714,   -3467,    -889,  100.0,    2.6,   51.8,    0.6,   60.5,   20.6,    4.7,   12.0,    9.3,    2.4,    3.9,    2.6,    0.7,   87.4,   92.8,   12.6,    7.2,    277,     12,     16,      8,     97,     37,     43,     47,     38,     20,     17,     12,      6,    202,    152,    20.3,    39.8,    31.4,    56.7,    18.9,    39.8,    29.4,    56.6,"(CONTRACTS OF EUR 125,000)",099741,CME ,099 ,F10,FutOnly
EURO FX - CHICAGO MERCANTILE EXCHANGE,241001,2024-10-01,099741,CME ,00,099 ,  674734,   12963,  355422,    3486,  421463,  127162,   32401,   70416,   70519,   15927,   25007,   15121,    5421,  587084,  625459,   87650,   49275,   -4780,   -1094,  -16653,     152,   -7298,    1392,    2627,    -498,    4371,     805,      -2,    -757,     190,   -5118,   -7873,     338,    3093,  100.0,    1.9,   52.7,    0.5,   62.5,   18.8,    4.8,   10.4,   10.5,    2.4,    3.7,    2.2,    0.8,   87.0,   92.7,   13.0,    7.3,    284,     12,     15,      5,    102,     38,     42,     48,     38,     21,     17,     13,      7,    207,    152,    20.3,    38.0,    31.4,    57.8,    19.0,    38.0,    29.9,    57.8,"(CONTRACTS OF EUR 125,000)",099741,CME ,099 ,F10,FutOnly
EURO FX - CHICAGO MERCANTILE EXCHANGE,240924,2024-09-24,099741,CME ,00,099 ,  679514,   14057,  372075,    3334,  428761,  125770,   29774,   70914,   66148,   15122,   25009,   15878,    5231,  592202,  633332,   87312,   46182,    1513,    1052,  -10851,    -242,     788,    3936,     955,   -1576,    -624,     805,   -1291,    2886,     164,     655,   -2971,     858,    4484,  100.0,    2.1,   54.8,    0.5,   63.1,   18.5,    4.4,   10.4,    9.7,    2.2,    3.7,    2.3,    0.8,   87.2,   93.2,   12.8,    6.8,    281,     13,     15,      5,    107,     33,     42,     42,     39,     23,     17,     13,      7,    210,    148,    20.1,    38.1,    31.0,    59.9,    19.0,    38.0,    29.6,    59.9,"(CONTRACTS OF EUR 125,000)",099741,CME ,099 ,F10,FutOnly
EURO FX - CHICAGO MERCANTILE EXCHANGE,240917,2024-09-17,099741,CME ,00,099 ,  678001,   13005,  382926,    3576,  427973,  121834,   28819,   72490,   66772,   14317,   26300,   12992,    5067,  591547,  636303,   86454,   41698,  -63887,    -371,  -15849,  -22380,   -8916,    3373,   -5009,   -4093,    3016,  -15205,    1092,    -446,   -2904,  -57786,  -55404,   -6101,   -8483,  100.0,    1.9,   56.5,    0.5,   63.1,   18.0,    4.3,   10.7,    9.8,    2.1,    3.9,    1.9,    0.7,   87.2,   93.8,   12.8,    6.2,    283,     13,     15,      4,    107,     33,     40,     45,     39,     20,     19,     11,      7,    207,    147,    20.1,    40.3,    31.1,    60.6,    19.1,    40.3,    29.5,    60.5,"(CONTRACTS OF EUR 125,000)",099741,CME ,099 ,F10,FutOnly
EURO FX - CHICAGO MERCANTILE EXCHANGE,240910,2024-09-10,099741,CME ,00,099 ,  741888,   13376,  398775,   25956,  436889,  118461,   33828,   76583,   63756,   29522,   25208,   13438,    7971,  649333,  691707,   92555,   50181,    1577,    -949,  -21980,    8055,   -3780,    2985,    -871,  -18477,   -5452,    8833,   -1711,     374,    3284,   -5616,   -4772,    7193,    6349,  100.0,    1.8,   53.8,    3.5,   58.9,   16.0,    4.6,   10.3,    8.6,    4.0,    3.4,    1.8,    1.1,   87.5,   93.2,   12.5,    6.8,    284,     13,     16,     12,    106,     31,     42,     45,     40,     23,     19,     13,     10,    219,    152,    18.1,    47.4,    28.1,    60.8,    17.4,    47.4,    26.6,    59.4,"(CONTRACTS OF EUR 125,000)",099741,CME ,099 ,F10,FutOnly
EURO FX - CHICAGO MERCANTILE EXCHANGE,240903,2024-09-03,099741,CME ,00,099 ,  740311,   14325,  420755,   17901,  440669,  115476,   34699,   95060,   69208,   20689,   26919,   13064,    4687,  654949,  696479,   85362,   43832,   13792,    2565,   11804,    9973,   -1681,   -5330,    2273,     738,   -4646,    2636,     683,    -677,      -8,   17179,   16025,   -3387,   -2233,  100.0,    1.9,   56.8,    2.4,   59.5,   15.6,    4.7,   12.8,    9.3,    2.8,    3.6,    1.8,    0.6,   88.5,   94.1,   11.5,    5.9,    295,     14,     17,      8,    109,     31,     44,     50,     40,     31,     21,     11,      7,    229,    156,    17.9,    51.1,    28.0,    64.0,    17.1,    50.2,    26.6,    62.3,"(CONTRACTS OF EUR 125,000)",099741,CME ,099 ,F10,FutOnly
EURO FX - CHICAGO MERCANTILE EXCHANGE,240827,2024-08-27,099741,CME ,00,099 ,  726519,   11760,  408951,    7928,  442350,  120806,   32426,   94322,   73854,   18053,   26236,   13741,    4695,  637770,  680454,   88749,   46065,   34502,     489,   50790,    -356,    5920,  -10666,     591,   18983,   -4169,    2421,     377,    -709,    -155,   28270,   37747,    6232,   -3245,  100.0,    1.6,   56.3,    1.1,   60.9,   16.6,    4.5,   13.0,   10.2,    2.5,    3.6,    1.9,    0.6,   87.8,   93.7,   12.2,    6.3,    293,     14,     15,      7,    109,     31,     44,     48,     42,     31,     20,     13,      7,    227,    155,    17.9,    49.8,    28.1,    62.9,    17.1,    49.8,    26.9,    62.1,"(CONTRACTS OF EUR 125,000)",099741,CME ,099 ,F10,FutOnly
EURO FX - CHICAGO MERCANTILE EXCHANGE,240820,2024-08-20,099741,CME ,00,099 ,  692017,   11271,  358161,    8284,  436430,  131472,   31835,   75339,   78023,   15632,   25859,   14450,    4850,  609500,  642707,   82517,   49310,   24667,     837,   53496,    -705,   11525,  -16318,    2467,    4330,  -16404,     959,     254,    2335,      72,   19739,   25902,    4928,   -1235,  100.0,    1.6,   51.8,    1.2,   63.1,   19.0,    4.6,   10.9,   11.3,    2.3,    3.7,    2.1,    0.7,   88.1,   92.9,   11.9,    7.1,    288,     11,     17,      7,    107,     32,     43,     43,     45,     24,     19,     14,      7,    212,    157,    18.8,    45.3,    29.6,    59.1,    17.9,    45.3,    28.2,    58.2,"(CONTRACTS OF EUR 125,000)",099741,CME ,099 ,F10,FutOnly
EURO FX - CHICAGO MERCANTILE EXCHANGE,240813,2024-08-13,099741,CME ,00,099 ,  667350,   10434,  304665,    8989,  424905,  147790,   29368,   71009,   94427,   14673,   25605,   12115,    4778,  589761,  616805,   77589,   50545,   -3754,     447,   -1102,    1121,   -4512,   -7729,    -564,   -4635,    4175,     670,     943,    -337,    -195,   -6725,   -3961,    2971,     207,  100.0,    1.6,   45.7,    1.3,   63.7,   22.1,    4.4,   10.6,   14.1,    2.2,    3.8,    1.8,    0.7,   88.4,   92.4,   11.6,    7.6,    283,     10,     16,      6,    105,     34,     43,     45,     44,     25,     19,     10,      6,    208,    155,    19.8,    41.5,    31.0,    53.9,    19.0,    41.5,    29.6,    52.9,"(CONTRACTS OF EUR 125,000)",099741,CME ,099 ,F10,FutOnly
EURO FX - CHICAGO MERCANTILE EXCHANGE,240806,2024-08-06,099741,CME ,00,099 ,  671104,    9987,  305767,    7868,  429417,  155519,   29932,   75644,   90252,   14003,   24662,   12452,    4973,  596486,  620766,   74618,   50338,    3805,   -2035,   13495,   -1136,    4266,   -4628,   -2044,    2410,   -1146,     168,     170,   -1644,     190,    1989,    3255,    1816,     550,  100.0,    1.5,   45.6,    1.2,   64.0,   23.2,    4.5,   11.3,   13.4,    2.1,    3.7,    1.9,    0.7,   88.9,   92.5,   11.1,    7.5,    287,     11,     16,      6,    103,     38,     44,     47,     43,     27,     17,     12,      6,    206,    164,    20.3,    41.4,    31.5,    53.9,    19.1,    41.4,    30.0,    53.0,"(CONTRACTS OF EUR 125,000)",099741,CME ,099 ,F10,FutOnly
EURO FX - CHICAGO MERCANTILE EXCHANGE,240730,2024-07-30,099741,CME ,00,099 ,  667299,   12022,  292272,    9004,  425151,  160147,   31976,   73234,   91398,   13835,   24492,   14096,    4783,  594497,  617511,   72802,   49788,   -4723,    2494,  -28519,     455,    -679,    8355,     -86,   -9942,   12562,    1941,     673,    -805,     359,   -4785,   -5738,      62,    1015,  100.0,    1.8,   43.8,    1.3,   63.7,   24.0,    4.8,   11.0,   13.7,    2.1,    3.7,    2.1,    0.7,   89.1,   92.5,   10.9,    7.5,    287,     11,     15,      5,    103,     38,     43,     38,     49,     25,     17,     16,      7,    200,    167,    20.5,    39.8,    31.6,    53.2,    19.0,    39.8,    29.9,    52.4,"(CONTRACTS OF EUR 125,000)",099741,CME ,099 ,F10,FutOnly
EURO FX - CHICAGO MERCANTILE EXCHANGE,240723,2024-07-23,099741,CME ,00,099 ,  672022,    9528,  320791,    8549,  425830,  151792,   32062,   83176,   78836,   11894,   23819,   14901,    4424,  599282,  623249,   72740,   48773,   22771,     406,   24352,     715,   25053,   -1625,    -645,   -2683,     366,    1171,     110,   -1040,     185,   24312,   23479,   -1541,    -708,  100.0,    1.4,   47.7,    1.3,   63.4,   22.6,    4.8,   12.4,   11.7,    1.8,    3.5,    2.2,    0.7,   89.2,   92.7,   10.8,    7.3,    283,      9,     17,      5,    102,     37,     42,     43,     42,     23,     16,     17,      6,    199,    160,    20.5,    42.5,    31.6,    55.3,    19.0,    42.5,    29.9,    54.3,"(CONTRACTS OF EUR 125,000)",099741,CME ,099 ,F10,FutOnly
EURO FX - CHICAGO MERCANTILE EXCHANGE,240716,2024-07-16,099741,CME ,00,099 ,  649251,    9122,  296439,    7834,  400777,  153417,   32707,   85859,   78470,   10723,   23709,   15941,    4239,  574970,  599770,   74281,   49481,   11985,    -356,   21439,    -602,    7748,   -6691,     647,   12074,    -788,   -2169,   -4303,    2387,     -63,   12976,   14160,    -991,   -2175,  100.0,    1.4,   45.7,    1.2,   61.7,   23.6,    5.0,   13.2,   12.1,    1.7,    3.7,    2.5,    0.7,   88.6,   92.4,   11.4,    7.6,    286,      8,     15,      4,    100,     40,     42,     46,     44,     23,     16,     17,      5,    198,    162,    20.3,    40.4,    30.8,    52.9,    19.1,    40.4,    28.8,    51.8,"(CONTRACTS OF EUR 125,000)",099741,CME ,099 ,F10,FutOnly
EURO FX - CHICAGO MERCANTILE EXCHANGE,240709,2024-07-09,099741,CME ,00,099 ,  637266,    9478,  275000,    8436,  393029,  160108,   32060,   73785,   79258,   12892,   28012,   13554,    4302,  561994,  585610,   75272,   51656,     371,    1357,   16041,     159,    1312,   -9908,   -1544,     967,   -3009,    -599,   -2892,   -1004,    -413,   -1653,    -277,    2024,     648,  100.0,    1.5,   43.2,    1.3,   61.7,   25.1,    5.0,   11.6,   12.4,    2.0,    4.4,    2.1,    0.7,   88.2,   91.9,   11.8,    8.1,    281,      9,     16,      5,     98,     43,     41,     42,     41,     24,     18,     14,      6,    195,    162,    20.9,    37.4,    31.3,    49.7,    19.6,    37.3,    29.1,    48.8,"(CONTRACTS OF EUR 125,000)",099741,CME ,099 ,F10,FutOnly
EURO FX - CHICAGO MERCANTILE EXCHANGE,240702,2024-07-02,099741,CME ,00,099 ,  636895,    8121,  258959,    8277,  391717,  170016,   33604,   72818,   82267,   13491,   30904,   14558,    4715,  563647,  585887,   73248,   51008,  -13192,   -5080,  -19864,     -50,   -4759,   15008,   -1219,   -5911,   -8061,    1774,     353,    1562,    -156,  -15048,  -11006,    1856,   -2186,  100.0,    1.3,   40.7,    1.3,   61.5,   26.7,    5.3,   11.4,   12.9,    2.1,    4.9,    2.3,    0.7,   88.5,   92.0,   11.5,    8.0,    289,      8,     18,      5,     96,     45,     42,     42,     46,     27,     20,     14,      6,    196,    173,    21.4,    35.2,    31.7,    47.7,    20.0,    35.1,    29.4,    46.8,"(CONTRACTS OF EUR 125,000)",099741,CME ,099 ,F10,FutOnly
EURO FX - CHICAGO MERCANTILE EXCHANGE,240625,2024-06-25,099741,CME ,00,099 ,  650087,   13201,  278823,    8327,  396476,  155008,   34823,   78729,   90328,   11717,   30551,   12996,    4871,  578695,  596893,   71392,   53194,    -301,    1070,  -11026,     741,   -2753,    5704,     738,     333,    3113,   -1224,    1293,     437,      94,     292,   -1423,    -593,    1122,  100.0,    2.0,   42.9,    1.3,   61.0,   23.8,    5.4,   12.1,   13.9,    1.8,    4.7,    2.0,    0.7,   89.0,   91.8,   11.0,    8.2,    288,     10,     15,      5,    100,     45,     44,     39,     47,     23,     20,     12,      6,    198,    168,    21.2,    36.4,    31.3,    49.1,    19.9,    36.4,    29.1,    48.1,"(CONTRACTS OF EUR 125,000)",099741,CME ,099 ,F10,FutOnly
EURO FX - CHICAGO MERCANTILE EXCHANGE,240618,2024-06-18,099741,CME ,00,099 ,  650388,   12131,  289849,    7586,  399229,  149304,   34085,   78396,   87215,   12941,   29258,   12559,    4777,  578403,  598316,   71985,   52072,  -62506,   -7952,  -45317,  -22238,   -8911,   14283,     343,   -1187,    6240,   -2320,    1255,    -789,     489,  -40521,  -49309,  -21985,  -13197,  100.0,    1.9,   44.6,    1.2,   61.4,   23.0,    5.2,   12.1,   13.4,    2.0,    4.5,    1.9,    0.7,   88.9,   92.0,   11.1,    8.0,    290,     10,     14,      6,    101,     43,     47,     42,     50,     25,     19,     11,      6,    204,    170,    21.2,    36.8,    31.0,    50.6,    20.0,    36.8,    28.9,    49.6,"(CONTRACTS OF EUR 125,000)",099741,CME ,099 ,F10,FutOnly
EURO FX - CHICAGO MERCANTILE EXCHANGE,240611,2024-06-11,099741,CME ,00,099 ,  712894,   20083,  335166,   29824,  408140,  135021,   33742,   79583,   80975,   15261,   28003,   13348,    4288,  618924,  647625,   93970,   65269,   41158,    2870,  -22350,   24219,   -1184,    7597,     855,   -1019,   12716,    2299,    -602,    -113,    -541,   26897,   24682,   14261,   16476,  100.0,    2.8,   47.0,    4.2,   57.3,   18.9,    4.7,   11.2,   11.4,    2.1,    3.9,    1.9,    0.6,   86.8,   90.8,   13.2,    9.2,    290,     13,     15,     10,    101,     41,     53,     45,     45,     24,     17,     13,      8,    214,    171,    19.3,    39.4,    28.6,    53.8,    18.3,    38.6,    26.6,    51.9,"(CONTRACTS OF EUR 125,000)",099741,CME ,099 ,F10,FutOnly
EURO FX - CHICAGO MERCANTILE EXCHANGE,240604,2024-06-04,099741,CME ,00,099 ,  671736,   17213,  357516,    5605,  409324,  127424,   32887,   80602,   68259,   12962,   28605,   13461,    4829,  592027,  622943,   79709,   48793,    6872,   -1081,   20326,    2696,    3432,   -8605,   -1973,    5903,     906,   -2555,     113,    -424,     477,    7012,   10848,    -140,   -3976,  100.0,    2.6,   53.2,    0.8,   60.9,   19.0,    4.9,   12.0,   10.2,    1.9,    4.3,    2.0,    0.7,   88.1,   92.7,   11.9,    7.3,    294,     11,     16,     11,    104,     40,     49,     52,     40,     30,     18,     13,      7,    223,    168,    20.4,    40.9,    30.2,    57.6,    19.3,    40.6,    28.2,    57.3,"(CONTRACTS OF EUR 125,000)",099741,CME ,099 ,F10,FutOnly
EURO FX - CHICAGO MERCANTILE EXCHANGE,240528,2024-05-28,099741,CME ,00,099 ,  664864,   18294,  337190,    2909,  405892,  136029,   34860,   74699,   67353,   15517,   28492,   13885,    4352,  585015,  612095,   79849,   52769,   11783,     735,   17500,     -65,    4218,   -1867,     533,    -643,  -10368,    5589,    -206,   -2059,      77,   10238,    9340,    1545,    2443,  100.0,    2.8,   50.7,    0.4,   61.0,   20.5,    5.2,   11.2,   10.1,    2.3,    4.3,    2.1,    0.7,   88.0,   92.1,   12.0,    7.9,    288,     11,     15,      7,    102,     44,     52,     45,     40,     23,     18,     13,      6,    211,    165,    20.3,    40.7,    30.2,    54.9,    19.2,    40.5,    28.1,    54.6,"(CONTRACTS OF EUR 125,000)",099741,CME ,099 ,F10,FutOnly
EURO FX - CHICAGO MERCANTILE EXCHANGE,240521,2024-05-21,099741,CME ,00,099 ,  653081,   17559,  319690,    2974,  401674,  137896,   34327,   75342,   77721,    9928,   28698,   15944,    4275,  574777,  602755,   78304,   50326,   -3721,  -11376,   23328,    1103,    2829,  -20609,    1956,    -277,   -4983,    -426,     617,     908,      21,   -5553,    1298,    1832,   -5019,  100.0,    2.7,   49.0,    0.5,   61.5,   21.1,    5.3,   11.5,   11.9,    1.5,    4.4,    2.4,    0.7,   88.0,   92.3,   12.0,    7.7,    293,     11,     17,      8,    101,     43,     50,     45,     43,     23,     18,     15,      6,    211,    169,    20.5,    41.3,    30.5,    54.2,    19.4,    41.1,    28.4,    53.8,"(CONTRACTS OF EUR 125,000)",099741,CME ,099 ,F10,FutOnly
EURO FX - CHICAGO MERCANTILE EXCHANGE,240514,2024-05-14,099741,CME ,00,099 ,  656802,   28935,  296362,    1871,  398845,  158505,   32371,   75619,   82704,   10354,   28081,   15036,    4254,  580330,  601457,   76472,   55345,    1998,  -10014,   14122,     390,    5361,   -6278,   -1654,    6274,   -3442,     -89,     223,     880,     191,     682,    4120,    1316,   -2122,  100.0,    4.4,   45.1,    0.3,   60.7,   24.1,    4.9,   11.5,   12.6,    1.6,    4.3,    2.3,    0.6,   88.4,   91.6,   11.6,    8.4,    289,     10,     14,      6,    103,     43,     51,     46,     44,     23,     17,     12,      6,    209,    166,    20.3,    39.9,    30.3,    52.0,    19.2,    39.9,    28.3,    52.0,"(CONTRACTS OF EUR 125,000)",099741,CME ,099 ,F10,FutOnly
EURO FX - CHICAGO MERCANTILE EXCHANGE,240507,2024-05-07,099741,CME ,00,099 ,  654804,   38949,  282240,    1481,  393484,  164783,   34025,   69345,   86146,   10443,   27858,   14156,    4063,  579648,  597337,   75156,   57467,    2507,   -7714,    3935,     -49,    3469,   -3438,     937,    1071,   -5312,    2508,     207,    2023,     -43,     386,     561,    2121,    1946,  100.0,    5.9,   43.1,    0.2,   60.1,   25.2,    5.2,   10.6,   13.2,    1.6,    4.3,    2.2,    0.6,   88.5,   91.2,   11.5,    8.8,    279,     13,     11,      4,    100,     45,     50,     38,     44,     23,     17,     11,      5,    196,    165,    20.3,    39.3,    30.5,    50.6,    19.0,    39.3,    28.3,    50.5,"(CONTRACTS OF EUR 125,000)",099741,CME ,099 ,F10,FutOnly
EURO FX - CHICAGO MERCANTILE EXCHANGE,240430,2024-04-30,099741,CME ,00,099 ,  652297,   46663,  278305,    1530,  390015,  168221,   33088,   68274,   91458,    7935,   27651,   12133,    4106,  579262,  596776,   73035,   55521,  -13474,  -13613,   -5566,     -19,   -1991,    1563,    -569,    4756,   -7527,    -185,   -2327,     615,    -151,  -14099,  -11839,     625,   -1635,  100.0,    7.2,   42.7,    0.2,   59.8,   25.8,    5.1,   10.5,   14.0,    1.2,    4.2,    1.9,    0.6,   88.8,   91.5,   11.2,    8.5,    292,     14,     12,      7,    100,     47,     45,     41,     50,     24,     18,     10,      5,    201,    172,    20.1,    39.7,    30.7,    51.9,    18.8,    39.7,    28.4,    51.8,"(CONTRACTS OF EUR 125,000)",099741,CME ,099 ,F10,FutOnly
EURO FX - CHICAGO MERCANTILE EXCHANGE,240423,2024-04-23,099741,CME ,00,099 ,  665771,   60276,  283871,    1549,  392006,  166658,   33657,   63518,   98985,    8120,   29978,   11518,    4257,  593361,  608615,   72410,   57156,    6906,   18710,   -6356,     108,   -5896,   17090,    -273,   -6628,   -5706,    2190,     141,     123,     -62,    8290,    7114,   -1384,    -208,  100.0,    9.1,   42.6,    0.2,   58.9,   25.0,    5.1,    9.5,   14.9,    1.2,    4.5,    1.7,    0.6,   89.1,   91.4,   10.9,    8.6,    292,     13,     14,      6,     99,     46,     44,     38,     52,     23,     20,     10,      5,    196,    174,    19.6,    38.6,    31.8,    50.8,    18.5,    38.6,    29.5,    50.8,"(CONTRACTS OF EUR 125,000)",099741,CME ,099 ,F10,FutOnly
EURO FX - CHICAGO MERCANTILE EXCHANGE,240416,2024-04-16,099741,CME ,00,099 ,  658865,   41566,  290227,    1441,  397902,  149568,   33930,   70146,  104691,    5930,   29837,   11395,    4319,  585071,  601501,   73794,   57364,   15369,   16825,  -16200,     364,   -7700,   13267,    1391,    4790,   17780,    -672,    1316,   -2495,     310,   16624,   13745,   -1255,    1624,  100.0,    6.3,   44.0,    0.2,   60.4,   22.7,    5.1,   10.6,   15.9,    0.9,    4.5,    1.7,    0.7,   88.8,   91.3,   11.2,    8.7,    293,     13,     14,      7,    102,     45,     47,     37,     52,     19,     20,     10,      5,    195,    176,    19.2,    39.8,    30.5,    51.7,    17.9,    39.8,    28.3,    51.7,"(CONTRACTS OF EUR 125,000)",099741,CME ,099 ,F10,FutOnly
EURO FX - CHICAGO MERCANTILE EXCHANGE,240409,2024-04-09,099741,CME ,00,099 ,  643496,   24741,  306427,    1077,  405602,  136301,   32539,   65356,   86911,    6602,   28521,   13890,    4009,  568447,  587756,   75049,   55740,  -39272,  -12496,   -1127,    -541,    1988,  -20038,     -26,  -28941,  -16779,     875,   -1464,    -298,    -149,  -40754,  -38083,    1482,   -1189,  100.0,    3.8,   47.6,    0.2,   63.0,   21.2,    5.1,   10.2,   13.5,    1.0,    4.4,    2.2,    0.6,   88.3,   91.3,   11.7,    8.7,    289,     11,     12,.,    106,     42,     50,     38,     50,     22,     19,     11,      5,    201,    168,    19.8,    43.4,    29.8,    54.7,    18.4,    43.4,    27.6,    54.7,"(CONTRACTS OF EUR 125,000)",099741,CME ,099 ,F10,FutOnly
EURO FX - CHICAGO MERCANTILE EXCHANGE,240402,2024-04-02,099741,CME ,00,099 ,  682768,   37237,  307554,    1618,  403614,  156339,   32565,   94297,  103690,    5727,   29985,   14188,    4158,  609201,  625839,   73567,   56929,   25468,   18105,  -18107,     513,    1814,   29099,      27,   12519,   12786,   -2462,   -2208,     112,      40,   28348,   22008,   -2880,    3460,  100.0,    5.5,   45.0,    0.2,   59.1,   22.9,    4.8,   13.8,   15.2,    0.8,    4.4,    2.1,    0.6,   89.2,   91.7,   10.8,    8.3,    306,     13,     12,      6,    108,     45,     47,     40,     55,     21,     21,     12,      5,    207,    178,    18.4,    42.2,    28.2,    54.7,    17.1,    42.2,    26.0,    54.7,"(CONTRACTS OF EUR 125,000)",099741,CME ,099 ,F10,FutOnly
EURO FX - CHICAGO MERCANTILE EXCHANGE,240326,2024-03-26,099741,CME ,00,099 ,  657300,   19132,  325661,    1105,  401800,  127240,   32538,   81778,   90904,    8189,   32193,   14076,    4118,  580853,  603831,   76447,   53469,    1118,    -528,  -20652,     112,     166,   12838,    -818,   -3952,    1532,    2929,    2478,    1636,     100,     487,   -2323,     631,    3441,  100.0,    2.9,   49.5,    0.2,   61.1,   19.4,    5.0,   12.4,   13.8,    1.2,    4.9,    2.1,    0.6,   88.4,   91.9,   11.6,    8.1,    292,     12,     13,      5,    109,     39,     44,     35,     49,     25,     23,     12,      5,    204,    167,    19.1,    44.3,    29.3,    57.3,    17.8,    44.3,    27.0,    57.3,"(CONTRACTS OF EUR 125,000)",099741,CME ,099 ,F10,FutOnly
EURO FX - CHICAGO MERCANTILE EXCHANGE,240319,2024-03-19,099741,CME ,00,099 ,  656182,   19660,  346313,     993,  401634,  114402,   33356,   85730,   89372,    5260,   29715,   12440,    4018,  580366,  606154,   75816,   50028,  -61538,    -580,  -37690,  -10210,  -17010,    7103,   -6265,    4801,   12160,  -21111,   -2020,    -791,    -653,  -53048,  -57457,   -8490,   -4081,  100.0,    3.0,   52.8,    0.2,   61.2,   17.4,    5.1,   13.1,   13.6,    0.8,    4.5,    1.9,    0.6,   88.4,   92.4,   11.6,    7.6,    291,     11,     14,      4,    111,     40,     47,     39,     46,     25,     21,      9,      5,    206,    166,    19.1,    44.2,    29.2,    59.4,    17.8,    44.2,    27.0,    59.4,"(CONTRACTS OF EUR 125,000)",099741,CME ,099 ,F10,FutOnly
EURO FX - CHICAGO MERCANTILE EXCHANGE,240312,2024-03-12,099741,CME ,00,099 ,  717720,   20240,  384003,   11203,  418644,  107299,   39621,   80929,   77212,   26371,   31735,   13231,    4671,  633414,  663611,   84306,   54109,   10612,   -2667,   -1249,    7109,   -5178,  -16886,    4810,   -7659,   -1937,   12623,   -1317,    2993,     117,    7838,    7580,    2774,    3032,  100.0,    2.8,   53.5,    1.6,   58.3,   14.9,    5.5,   11.3,   10.8,    3.7,    4.4,    1.8,    0.7,   88.3,   92.5,   11.7,    7.5,    293,     10,     18,      8,    105,     40,     51,     40,     46,     27,     25,      9,      8,    214,    173,    17.3,    41.7,    27.8,    58.3,    16.1,    41.7,    25.7,    57.3,"(CONTRACTS OF EUR 125,000)",099741,CME ,099 ,F10,FutOnly
EURO FX - CHICAGO MERCANTILE EXCHANGE,240305,2024-03-05,099741,CME ,00,099 ,  707108,   22907,  385252,    4094,  423822,  124185,   34811,   88588,   79149,   13748,   33052,   10238,    4554,  625576,  656031,   81532,   51077,   -8437,    2554,     818,    1317,  -19166,  -10071,    3817,    2726,    -338,    -952,    -383,   -1270,     452,   -9635,   -6227,    1198,   -2210,  100.0,    3.2,   54.5,    0.6,   59.9,   17.6,    4.9,   12.5,   11.2,    1.9,    4.7,    1.4,    0.6,   88.5,   92.8,   11.5,    7.2,    308,     13,     18,      7,    111,     42,     51,     43,     45,     26,     26,      9,      7,    228,    171,    17.4,    42.4,    27.9,    59.2,    16.3,    42.3,    26.1,    59.0,"(CONTRACTS OF EUR 125,000)",099741,CME ,099 ,F10,FutOnly
EURO FX - CHICAGO MERCANTILE EXCHANGE,240227,2024-02-27,099741,CME ,00,099 ,  715545,   20353,  384434,    2777,  442988,  134256,   30994,   85862,   79487,   14700,   33435,   11508,    4102,  635211,  662258,   80334,   53287,   -6754,  -11285,   -3250,     905,   -1994,   -7882,    -793,   -1721,    2231,    4005,    1680,    1193,      72,   -9131,   -3519,    2377,   -3235,  100.0,    2.8,   53.7,    0.4,   61.9,   18.8,    4.3,   12.0,   11.1,    2.1,    4.7,    1.6,    0.6,   88.8,   92.6,   11.2,    7.4,    308,     11,     18,      5,    111,     43,     50,     44,     44,     27,     27,     10,      6,    227,    169,    18.4,    41.7,    29.4,    58.3,    17.4,    41.7,    27.6,    58.2,"(CONTRACTS OF EUR 125,000)",099741,CME ,099 ,F10,FutOnly
EURO FX - CHICAGO MERCANTILE EXCHANGE,240220,2024-02-20,099741,CME ,00,099 ,  722299,   31638,  387684,    1872,  444982,  142138,   31787,   87583,   77256,   10695,   31755,   10315,    4030,  644342,  665777,   77957,   56522,  -17806,    1615,   -4837,      17,  -19685,    6093,     347,    -687,  -16799,    -896,     397,    -808,     126,  -18766,  -16757,     960,   -1049,  100.0,    4.4,   53.7,    0.3,   61.6,   19.7,    4.4,   12.1,   10.7,    1.5,    4.4,    1.4,    0.6,   89.2,   92.2,   10.8,    7.8,    302,     14,     18,      5,    109,     41,     46,     45,     42,     23,     25,      8,      6,    220,    162,    18.4,    41.7,    29.5,    58.7,    17.5,    41.7,    27.8,    58.6,"(CONTRACTS OF EUR 125,000)",099741,CME ,099 ,F10,FutOnly
EURO FX - CHICAGO MERCANTILE EXCHANGE,240213,2024-02-13,099741,CME ,00,099 ,  740105,   30023,  392521,    1855,  464667,  136045,   31440,   88270,   94055,   11591,   31358,   11123,    3904,  663108,  682534,   76997,   57571,    8114,    4256,   -9304,    -655,   -2184,    4162,    2555,    8246,    8699,   -1909,   -1517,     -63,     -24,    8768,    3461,    -654,    4653,  100.0,    4.1,   53.0,    0.3,   62.8,   18.4,    4.2,   11.9,   12.7,    1.6,    4.2,    1.5,    0.5,   89.6,   92.2,   10.4,    7.8,    306,     15,     15,      4,    108,     41,     46,     39,     53,     25,     24,     11,      7,    213,    175,    19.5,    41.4,    31.6,    58.5,    19.0,    41.4,    30.0,    58.4,"(CONTRACTS OF EUR 125,000)",099741,CME ,099 ,F10,FutOnly
EURO FX - CHICAGO MERCANTILE EXCHANGE,240206,2024-02-06,099741,CME ,00,099 ,  731991,   25767,  401825,    2510,  466851,  131883,   28885,   80024,   85356,   13500,   32875,   11186,    3928,  654340,  679073,   77651,   52918,    4781,    2998,  -36518,     664,   -3294,   19735,      71,     482,   16363,    2209,    2731,     835,    -142,    5719,    3217,    -938,    1564,  100.0,    3.5,   54.9,    0.3,   63.8,   18.0,    3.9,   10.9,   11.7,    1.8,    4.5,    1.5,    0.5,   89.4,   92.8,   10.6,    7.2,    309,     14,     18,      5,    109,     43,     47,     38,     51,     25,     25,     11,      6,    216,    176,    19.6,    42.9,    31.7,    60.5,    19.0,    42.8,    30.2,    60.4,"(CONTRACTS OF EUR 125,000)",099741,CME ,099 ,F10,FutOnly
EURO FX - CHICAGO MERCANTILE EXCHANGE,240130,2024-01-30,099741,CME ,00,099 ,  727210,   22769,  438343,    1846,  470145,  112148,   28814,   79542,   68993,   11291,   30144,   10351,    4070,  648621,  675856,   78589,   51354,    1787,    2299,  -10301,    -130,   -5993,   13780,    1033,    4205,   -2776,     602,    1432,    -598,     121,    3569,    1731,   -1782,      56,  100.0,    3.1,   60.3,    0.3,   64.7,   15.4,    4.0,   10.9,    9.5,    1.6,    4.1,    1.4,    0.6,   89.2,   92.9,   10.8,    7.1,    292,     12,     16,.,    109,     40,     45,     39,     43,     21,     23,     10,      6,    208,    159,    19.8,    43.8,    32.1,    63.1,    19.2,    43.8,    30.6,    63.0,"(CONTRACTS OF EUR 125,000)",099741,CME ,099 ,F10,FutOnly
EURO FX - CHICAGO MERCANTILE EXCHANGE,240123,2024-01-23,099741,CME ,00,099 ,  725423,   20470,  448644,    1976,  476138,   98368,   27781,   75337,   71769,   10689,   28712,   10949,    3949,  645052,  674125,   80371,   51298,   -7668,    -518,  -16370,    -251,   -3326,     418,     965,   -4955,    3422,     769,     462,     845,     -70,   -6924,  -10272,    -744,    2604,  100.0,    2.8,   61.8,    0.3,   65.6,   13.6,    3.8,   10.4,    9.9,    1.5,    4.0,    1.5,    0.5,   88.9,   92.9,   11.1,    7.1,    290,     13,     16,      4,    114,     34,     44,     38,     43,     22,     21,     11,      6,    209,    157,    20.2,    43.3,    32.4,    64.2,    19.6,    43.3,    30.9,    64.1,"(CONTRACTS OF EUR 125,000)",099741,CME ,099 ,F10,FutOnly
EURO FX - CHICAGO MERCANTILE EXCHANGE,240116,2024-01-16,099741,CME ,00,099 ,  733091,   20988,  465014,    2227,  479464,   97950,   26816,   80292,   68347,    9920,   28250,   10104,    4019,  651976,  684397,   81115,   48694,   19012,    -116,    5612,    -224,   18616,    2654,    1375,     102,    4018,     913,    -605,     124,     265,   20326,   14737,   -1314,    4275,  100.0,    2.9,   63.4,    0.3,   65.4,   13.4,    3.7,   11.0,    9.3,    1.4,    3.9,    1.4,    0.5,   88.9,   93.4,   11.1,    6.6,    293,     12,     17,.,    116,     36,     44,     39,     43,     22,     20,     10,      6,    212,    156,    19.5,    43.7,    31.6,    65.4,    18.9,    43.7,    30.1,    65.2,"(CONTRACTS OF EUR 125,000)",099741,CME ,099 ,F10,FutOnly
EURO FX - CHICAGO MERCANTILE EXCHANGE,240109,2024-01-09,099741,CME ,00,099 ,  714079,   21104,  459402,    2451,  460848,   95296,   25441,   80190,   64329,    9007,   28855,    9980,    3754,  631650,  669660,   82429,   44419,   -4806,    2390,    3086,     -72,     350,    2997,    -497,   -5847,   -8997,     842,    -901,    -994,     -45,   -3780,   -3680,   -1026,   -1126,  100.0,    3.0,   64.3,    0.3,   64.5,   13.3,    3.6,   11.2,    9.0,    1.3,    4.0,    1.4,    0.5,   88.5,   93.8,   11.5,    6.2,    288,     11,     17,.,    114,     34,     45,     44,     37,     21,     21,     10,      6,    216,    147,    18.8,    44.5,    29.9,    66.0,    18.0,    44.5,    28.5,    65.8,"(CONTRACTS OF EUR 125,000)",099741,CME ,099 ,F10,FutOnly
EURO FX - CHICAGO MERCANTILE EXCHANGE,240102,2024-01-02,099741,CME ,00,099 ,  718885,   18714,  456316,    2523,  460498,   92299,   25938,   86037,   73326,    8165,   29756,   10974,    3799,  635430,  673340,   83455,   45545,   13258,     507,   22467,     295,    -352,   -2851,     640,   14457,   -2487,   -3269,    -208,    1390,       4,   12074,   16189,    1184,   -2931,  100.0,    2.6,   63.5,    0.4,   64.1,   12.8,    3.6,   12.0,   10.2,    1.1,    4.1,    1.5,    0.5,   88.4,   93.7,   11.6,    6.3,    290,     12,     13,.,    114,     32,     46,     50,     34,     21,     23,     12,      6,    221,    145,    18.6,    43.4,    29.2,    65.2,    17.8,    43.4,    27.8,    65.0,"(CONTRACTS OF EUR 125,000)",099741,CME ,099 ,F10,FutOnly
AUSTRALIAN DOLLAR - CHICAGO MERCANTILE EXCHANGE,241231,2024-12-31,232741,CME ,00,232 ,  182872,   86785,    1517,     219,   27714,   84560,   10189,   18045,   51275,    1421,   14172,    2276,       0,  158545,  151457,   24327,   31415,    5083,   -1683,     114,      -4,    1392,     -69,    1173,      97,    5723,     -70,    3013,      -7,       0,    3918,    6860,    1165,   -1777,  100.0,   47.5,    0.8,    0.1,   15.2,   46.2,    5.6,    9.9,   28.0,    0.8,    7.7,    1.2,    0.0,   86.7,   82.8,   13.3,   17.2,    111,     11,.,.,     15,     22,     11,     19,     31,     10,      8,.,      0,     68,     67,    40.2,    31.4,    56.2,    44.6,    40.2,    30.0,    55.1,    42.5,"(CONTRACTS OF AUD 100,000)",232741,CME ,232 ,F10,FutOnly
AUSTRALIAN DOLLAR - CHICAGO MERCANTILE EXCHANGE,241224,2024-12-24,232741,CME ,00,232 ,  177789,   88468,    1403,     223,   26322,   84629,    9016,   17948,   45552,    1491,   11159,    2283,       0,  154627,  144597,   23162,   33192,    5128,    1277,     191,       1,     563,   -2649,    1861,    -838,    4647,    -488,    1587,     -62,       0,    3963,    3501,    1165,    1627,  100.0,   49.8,    0.8,    0.1,   14.8,   47.6,    5.1,   10.1,   25.6,    0.8,    6.3,    1.3,    0.0,   87.0,   81.3,   13.0,   18.7,    108,     12,.,.,     15,     22,     11,     18,     28,      9,      8,.,      0,     66,     65,    41.3,    31.2,    56.9,    42.8,    41.3,    29.5,    55.8,    40.6,"(CONTRACTS OF AUD 100,000)",232741,CME ,232 ,F10,FutOnly
AUSTRALIAN DOLLAR - CHICAGO MERCANTILE EXCHANGE,241217,2024-12-17,232741,CME ,00,232 ,  172661,   87191,    1212,     222,   25759,   87278,    7155,   18786,   40905,    1979,    9572,    2345,       0,  150664,  141096,   21997,   31565,  -66365,   37630,  -35329,  -35405,  -21353,    5393,   -3095,   -8965,    8767,   -4327,  -26284,     379,      -2,  -61801,  -63619,   -4564,   -2746,  100.0,   50.5,    0.7,    0.1,   14.9,   50.5,    4.1,   10.9,   23.7,    1.1,    5.5,    1.4,    0.0,   87.3,   81.7,   12.7,   18.3,    107,     12,.,.,     14,     20,     11,     19,     28,      9,      9,.,      0,     64,     66,    41.7,    33.2,    57.6,    46.9,    41.7,    31.6,    56.5,    44.7,"(CONTRACTS OF AUD 100,000)",232741,CME ,232 ,F10,FutOnly
AUSTRALIAN DOLLAR - CHICAGO MERCANTILE EXCHANGE,241210,2024-12-10,232741,CME ,00,232 ,  239026,   49561,   36541,   35627,   47112,   81885,   10250,   27751,   32138,    6306,   35856,    1966,       2,  212465,  204715,   26561,   34311,   48779,    4759,  -15605,   35463,   -3302,   10328,    4209,    4391,    2388,    2919,    -622,    -520,       2,   47819,   39184,     960,    9595,  100.0,   20.7,   15.3,   14.9,   19.7,   34.3,    4.3,   11.6,   13.4,    2.6,   15.0,    0.8,    0.0,   88.9,   85.6,   11.1,   14.4,    104,     12,      4,      8,     14,     18,     11,     20,     26,     14,      8,.,.,     68,     70,    41.2,    33.7,    56.9,    47.8,    37.8,    31.2,    47.3,    41.4,"(CONTRACTS OF AUD 100,000)",232741,CME ,232 ,F10,FutOnly
AUSTRALIAN DOLLAR - CHICAGO MERCANTILE EXCHANGE,241203,2024-12-03,232741,CME ,00,232 ,  190247,   44802,   52146,     164,   50414,   71557,    6041,   23360,   29750,    3387,   36478,    2486,       0,  164646,  165531,   25601,   24716,    4714,    6031,   -1052,       0,   -1717,    6720,     112,   -6868,     995,     462,    4519,     505,       0,    2539,    7742,    2175,   -3028,  100.0,   23.5,   27.4,    0.1,   26.5,   37.6,    3.2,   12.3,   15.6,    1.8,   19.2,    1.3,    0.0,   86.5,   87.0,   13.5,   13.0,    102,      9,      5,.,     14,     18,     11,     20,     24,     11,      9,.,      0,     64,     61,    46.2,    47.7,    60.1,    59.2,    46.2,    47.6,    59.1,    58.4,"(CONTRACTS OF AUD 100,000)",232741,CME ,232 ,F10,FutOnly
AUSTRALIAN DOLLAR - CHICAGO MERCANTILE EXCHANGE,241126,2024-11-26,232741,CME ,00,232 ,  185533,   38771,   53198,     164,   52131,   64837,    5929,   30228,   28755,    2925,   31959,    1981,       0,  162107,  157789,   23426,   27744,    3845,    -875,    3840,       0,    3300,   -2919,     720,    -232,    1208,     -48,    1743,    1981,       0,    4608,    4782,    -763,    -937,  100.0,   20.9,   28.7,    0.1,   28.1,   34.9,    3.2,   16.3,   15.5,    1.6,   17.2,    1.1,    0.0,   87.4,   85.0,   12.6,   15.0,    105,      8,      6,.,     15,     18,     12,     26,     21,     12,      9,.,      0,     66,     64,    42.7,    48.3,    58.0,    59.7,    42.7,    48.1,    57.0,    59.2,"(CONTRACTS OF AUD 100,000)",232741,CME ,232 ,F10,FutOnly
AUSTRALIAN DOLLAR - CHICAGO MERCANTILE EXCHANGE,241119,2024-11-19,232741,CME ,00,232 ,  181688,   39646,   49358,     164,   48831,   67756,    5209,   30460,   27547,    2973,   30216,       0,       0,  157499,  153007,   24189,   28681,    9808,    2913,   -5900,       0,     131,    6015,    1589,    4089,     861,    2265,    1174,       0,       0,   12161,    4830,   -2353,    4978,  100.0,   21.8,   27.2,    0.1,   26.9,   37.3,    2.9,   16.8,   15.2,    1.6,   16.6,    0.0,    0.0,   86.7,   84.2,   13.3,   15.8,     98,      8,      6,.,     15,     17,     11,     21,     22,     10,      8,      0,      0,     59,     61,    42.2,    47.1,    55.0,    58.5,    42.2,    46.9,    54.1,    58.0,"(CONTRACTS OF AUD 100,000)",232741,CME ,232 ,F10,FutOnly
AUSTRALIAN DOLLAR - CHICAGO MERCANTILE EXCHANGE,241112,2024-11-12,232741,CME ,00,232 ,  171880,   36733,   55258,     164,   48700,   61741,    3620,   26371,   26686,     708,   29042,       0,       0,  145338,  148177,   26542,   23703,   -5536,    3328,    -820,       0,   -2380,   -4935,    1311,  -12504,     -41,     -59,    3704,       0,       0,   -6600,   -4544,    1064,    -992,  100.0,   21.4,   32.1,    0.1,   28.3,   35.9,    2.1,   15.3,   15.5,    0.4,   16.9,    0.0,    0.0,   84.6,   86.2,   15.4,   13.8,     89,      7,      8,.,     16,     13,      9,     16,     21,      8,      7,      0,      0,     52,     55,    43.4,    52.1,    55.3,    63.1,    43.4,    51.9,    55.3,    62.7,"(CONTRACTS OF AUD 100,000)",232741,CME ,232 ,F10,FutOnly
AUSTRALIAN DOLLAR - CHICAGO MERCANTILE EXCHANGE,241105,2024-11-05,232741,CME ,00,232 ,  177416,   33405,   56078,     164,   51080,   66676,    2309,   38875,   26727,     767,   25338,       0,       0,  151938,  152721,   25478,   24695,   -6561,     616,   -4201,     -36,    1539,   -6967,     524,   -6590,     323,    -597,    3149,       0,       0,   -1395,  -10954,   -5166,    4393,  100.0,   18.8,   31.6,    0.1,   28.8,   37.6,    1.3,   21.9,   15.1,    0.4,   14.3,    0.0,    0.0,   85.6,   86.1,   14.4,   13.9,     91,      7,      7,.,     17,     13,      8,     21,     19,     10,      7,      0,      0,     58,     52,    37.1,    53.9,    51.7,    64.7,    37.1,    53.8,    51.7,    64.3,"(CONTRACTS OF AUD 100,000)",232741,CME ,232 ,F10,FutOnly
AUSTRALIAN DOLLAR - CHICAGO MERCANTILE EXCHANGE,241029,2024-10-29,232741,CME ,00,232 ,  183977,   32789,   60279,     200,   49541,   73643,    1785,   45465,   26404,    1364,   22189,       0,       0,  153333,  163675,   30644,   20302,   -2973,    7350,   -1861,      43,  -14861,   -3522,     -99,    2767,    -417,     391,    1918,    -535,       0,   -2491,   -6000,    -482,    3027,  100.0,   17.8,   32.8,    0.1,   26.9,   40.0,    1.0,   24.7,   14.4,    0.7,   12.1,    0.0,    0.0,   83.3,   89.0,   16.7,   11.0,     95,      9,      7,.,     17,     13,      6,     28,     15,     10,      6,      0,      0,     68,     45,    34.7,    59.7,    48.2,    70.3,    34.7,    59.6,    48.2,    69.9,"(CONTRACTS OF AUD 100,000)",232741,CME ,232 ,F10,FutOnly
AUSTRALIAN DOLLAR - CHICAGO MERCANTILE EXCHANGE,241022,2024-10-22,232741,CME ,00,232 ,  186950,   25439,   62140,     157,   64402,   77165,    1884,   42698,   26821,     973,   20271,     535,       0,  155824,  169675,   31126,   17275,   -6339,       5,   -2371,     -49,   -8850,   -6191,    -663,    6411,    2548,   -1234,    1913,     535,       0,   -2467,   -7425,   -3872,    1086,  100.0,   13.6,   33.2,    0.1,   34.4,   41.3,    1.0,   22.8,   14.3,    0.5,   10.8,    0.3,    0.0,   83.4,   90.8,   16.6,    9.2,     96,      9,      7,.,     20,     11,      6,     28,     14,      6,      6,.,      0,     68,     41,    33.3,    63.0,    45.4,    72.5,    33.3,    62.8,    45.4,    72.2,"(CONTRACTS OF AUD 100,000)",232741,CME ,232 ,F10,FutOnly
AUSTRALIAN DOLLAR - CHICAGO MERCANTILE EXCHANGE,241015,2024-10-15,232741,CME ,00,232 ,  193289,   25434,   64511,     206,   73252,   83356,    2547,   36287,   24273,    2207,   18358,       0,       0,  158291,  177100,   34998,   16189,  -12417,    -486,  -19820,      49,  -11625,    4832,    -704,   -7452,    3111,     305,    5157,    -551,       0,  -14756,  -12778,    2339,     361,  100.0,   13.2,   33.4,    0.1,   37.9,   43.1,    1.3,   18.8,   12.6,    1.1,    9.5,    0.0,    0.0,   81.9,   91.6,   18.1,    8.4,     94,      9,      7,.,     22,     11,      8,     24,     14,      8,      7,      0,      0,     68,     44,    30.3,    65.6,    41.8,    74.9,    30.3,    65.5,    41.8,    74.5,"(CONTRACTS OF AUD 100,000)",232741,CME ,232 ,F10,FutOnly
AUSTRALIAN DOLLAR - CHICAGO MERCANTILE EXCHANGE,241008,2024-10-08,232741,CME ,00,232 ,  205706,   25920,   84331,     157,   84877,   78524,    3251,   43739,   21162,    1902,   13201,     551,       0,  173047,  189878,   32659,   15828,    4674,    -422,   16744,     -97,    7744,   -8400,     761,    1652,   -4214,     875,   -2345,       7,       0,    8168,    5676,   -3494,   -1002,  100.0,   12.6,   41.0,    0.1,   41.3,   38.2,    1.6,   21.3,   10.3,    0.9,    6.4,    0.3,    0.0,   84.1,   92.3,   15.9,    7.7,    105,      9,      5,.,     27,     10,      8,     33,     14,     10,      6,.,      0,     82,     42,    27.7,    72.4,    40.5,    80.0,    27.7,    72.2,    40.1,    79.5,"(CONTRACTS OF AUD 100,000)",232741,CME ,232 ,F10,FutOnly
AUSTRALIAN DOLLAR - CHICAGO MERCANTILE EXCHANGE,241001,2024-10-01,232741,CME ,00,232 ,  201032,   26342,   67587,     254,   77133,   86924,    2490,   42087,   25376,    1027,   15546,     544,       0,  164879,  184202,   36153,   16830,   24590,    -523,   31211,     -13,    8267,    1155,    -812,   12494,   -5589,     511,    3652,     544,       0,   23576,   27007,    1014,   -2417,  100.0,   13.1,   33.6,    0.1,   38.4,   43.2,    1.2,   20.9,   12.6,    0.5,    7.7,    0.3,    0.0,   82.0,   91.6,   18.0,    8.4,    108,     11,      6,.,     28,     10,      9,     30,     15,     11,      7,.,      0,     84,     46,    24.6,    66.5,    37.7,    74.9,    24.5,    66.4,    37.0,    74.7,"(CONTRACTS OF AUD 100,000)",232741,CME ,232 ,F10,FutOnly
AUSTRALIAN DOLLAR - CHICAGO MERCANTILE EXCHANGE,240924,2024-09-24,232741,CME ,00,232 ,  176442,   26865,   36376,     267,   68866,   85769,    3302,   29593,   30965,     516,   11894,       0,       0,  141303,  157195,   35139,   19247,    6758,  -31489,   14811,     -33,   12193,   -5047,    -901,   16076,     333,   -2249,    5569,       0,       0,    -834,    6914,    7592,    -156,  100.0,   15.2,   20.6,    0.2,   39.0,   48.6,    1.9,   16.8,   17.5,    0.3,    6.7,    0.0,    0.0,   80.1,   89.1,   19.9,   10.9,    103,     10,      6,.,     24,      9,      9,     26,     20,      9,      8,      0,      0,     77,     46,    27.1,    58.9,    38.1,    68.0,    27.1,    58.6,    38.1,    67.6,"(CONTRACTS OF AUD 100,000)",232741,CME ,232 ,F10,FutOnly
AUSTRALIAN DOLLAR - CHICAGO MERCANTILE EXCHANGE,240917,2024-09-17,232741,CME ,00,232 ,  169684,   58354,   21565,     300,   56673,   90816,    4203,   13517,   30632,    2765,    6325,       0,       0,  142137,  150281,   27547,   19403,  -60329,    1235,  -33140,  -25344,  -20495,    1611,    -383,   -2774,    5739,   -9543,    -478,       0,       0,  -57782,  -61060,   -2547,     731,  100.0,   34.4,   12.7,    0.2,   33.4,   53.5,    2.5,    8.0,   18.1,    1.6,    3.7,    0.0,    0.0,   83.8,   88.6,   16.2,   11.4,     87,     11,.,.,     20,     10,      7,     20,     19,     14,      4,      0,      0,     63,     47,    34.6,    56.6,    47.7,    65.6,    34.5,    56.3,    47.6,    65.3,"(CONTRACTS OF AUD 100,000)",232741,CME ,232 ,F10,FutOnly
AUSTRALIAN DOLLAR - CHICAGO MERCANTILE EXCHANGE,240910,2024-09-10,232741,CME ,00,232 ,  230013,   57119,   54705,   25644,   77168,   89205,    4586,   16291,   24893,   12308,    6803,       0,       0,  199919,  211341,   30094,   18672,   16475,     507,   -4401,   24515,   -3689,     683,     337,   -3044,  -11701,    5559,   -5939,       0,       0,   18246,   14992,   -1771,    1483,  100.0,   24.8,   23.8,   11.1,   33.5,   38.8,    2.0,    7.1,   10.8,    5.4,    3.0,    0.0,    0.0,   86.9,   91.9,   13.1,    8.1,     87,      7,      8,     11,     22,     10,      9,     16,     18,     15,      5,      0,      0,     66,     56,    37.5,    54.5,    51.5,    66.6,    34.3,    50.6,    45.3,    59.9,"(CONTRACTS OF AUD 100,000)",232741,CME ,232 ,F10,FutOnly
AUSTRALIAN DOLLAR - CHICAGO MERCANTILE EXCHANGE,240903,2024-09-03,232741,CME ,00,232 ,  213538,   56612,   59106,    1129,   80857,   88522,    4249,   19335,   36594,    6749,   12742,       0,       0,  181673,  196349,   31865,   17189,    8688,   -1103,   15814,     272,    4289,   -6186,     197,     903,   -1986,    2912,     814,       0,       0,    8284,   11023,     404,   -2335,  100.0,   26.5,   27.7,    0.5,   37.9,   41.5,    2.0,    9.1,   17.1,    3.2,    6.0,    0.0,    0.0,   85.1,   92.0,   14.9,    8.0,    103,      7,     10,      4,     23,     12,     10,     19,     26,     12,      6,      0,      0,     66,     63,    36.8,    54.5,    51.9,    64.7,    36.6,    54.4,    51.6,    64.4,"(CONTRACTS OF AUD 100,000)",232741,CME ,232 ,F10,FutOnly
AUSTRALIAN DOLLAR - CHICAGO MERCANTILE EXCHANGE,240827,2024-08-27,232741,CME ,00,232 ,  204850,   57715,   43292,     857,   76568,   94708,    4052,   18432,   38580,    3837,   11928,       0,       0,  173389,  185326,   31461,   19524,   17490,   -6245,   32672,    -608,   15150,   -6655,     596,    1570,   -5369,    2149,   -1245,       0,       0,   11367,   22785,    6123,   -5295,  100.0,   28.2,   21.1,    0.4,   37.4,   46.2,    2.0,    9.0,   18.8,    1.9,    5.8,    0.0,    0.0,   84.6,   90.5,   15.4,    9.5,     97,      7,      9,.,     23,     13,      9,     17,     24,     11,      4,      0,      0,     63,     57,    38.5,    51.8,    53.7,    62.0,    38.5,    51.6,    53.7,    61.8,"(CONTRACTS OF AUD 100,000)",232741,CME ,232 ,F10,FutOnly
AUSTRALIAN DOLLAR - CHICAGO MERCANTILE EXCHANGE,240820,2024-08-20,232741,CME ,00,232 ,  187360,   63960,   10620,    1465,   61418,  101363,    3456,   16862,   43949,    1688,   13173,       0,       0,  162022,  162541,   25338,   24819,    -938,   -8433,    2796,     680,    3826,   -4350,     -70,    3380,    7699,   -1584,     561,    -427,       0,   -1640,    4744,     702,   -5682,  100.0,   34.1,    5.7,    0.8,   32.8,   54.1,    1.8,    9.0,   23.5,    0.9,    7.0,    0.0,    0.0,   86.5,   86.8,   13.5,   13.2,    104,      9,      6,      4,     23,     14,      9,     16,     30,     13,      6,      0,      0,     68,     62,    39.8,    46.7,    55.3,    56.0,    39.8,    46.5,    55.3,    55.8,"(CONTRACTS OF AUD 100,000)",232741,CME ,232 ,F10,FutOnly
AUSTRALIAN DOLLAR - CHICAGO MERCANTILE EXCHANGE,240813,2024-08-13,232741,CME ,00,232 ,  188298,   72393,    7824,     785,   57592,  105713,    3526,   13482,   36250,    3272,   12612,     427,       0,  163662,  157797,   24636,   30501,   -4336,   -2986,   -3008,    -158,     892,   -5602,     242,   -5823,     438,    1007,     455,    -611,       0,   -6371,   -7692,    2035,    3356,  100.0,   38.4,    4.2,    0.4,   30.6,   56.1,    1.9,    7.2,   19.3,    1.7,    6.7,    0.2,    0.0,   86.9,   83.8,   13.1,   16.2,    100,     12,.,.,     19,     16,      9,     19,     24,     11,      6,.,      0,     64,     58,    39.6,    46.0,    56.2,    56.3,    39.5,    45.8,    56.2,    56.0,"(CONTRACTS OF AUD 100,000)",232741,CME ,232 ,F10,FutOnly
AUSTRALIAN DOLLAR - CHICAGO MERCANTILE EXCHANGE,240806,2024-08-06,232741,CME ,00,232 ,  192634,   75379,   10832,     943,   56700,  111315,    3284,   19305,   35812,    2265,   12157,    1038,       0,  170033,  165489,   22601,   27145,  -13218,    5852,   -7409,     405,   -3704,   -2217,    2189,   -9453,   -2565,   -2222,   -1617,     185,       0,   -8550,  -11634,   -4668,   -1584,  100.0,   39.1,    5.6,    0.5,   29.4,   57.8,    1.7,   10.0,   18.6,    1.2,    6.3,    0.5,    0.0,   88.3,   85.9,   11.7,   14.1,    106,     11,      7,.,     17,     19,     10,     21,     24,     13,      5,.,      0,     67,     64,    39.0,    45.2,    56.0,    55.9,    39.0,    45.0,    56.0,    55.7,"(CONTRACTS OF AUD 100,000)",232741,CME ,232 ,F10,FutOnly
AUSTRALIAN DOLLAR - CHICAGO MERCANTILE EXCHANGE,240730,2024-07-30,232741,CME ,00,232 ,  205852,   69527,   18241,     538,   60404,  113532,    1095,   28758,   38377,    4487,   13774,     853,       0,  178583,  177123,   27269,   28729,  -20406,    3636,  -37398,     373,  -10719,    9127,   -1176,   -7522,      34,     992,     685,       0,       0,  -13731,  -28048,   -6675,    7642,  100.0,   33.8,    8.9,    0.3,   29.3,   55.2,    0.5,   14.0,   18.6,    2.2,    6.7,    0.4,    0.0,   86.8,   86.0,   13.2,   14.0,    104,     10,      7,.,     19,     15,      9,     25,     20,     12,      7,.,      0,     67,     60,    35.8,    44.0,    50.3,    55.4,    35.7,    43.8,    50.2,    55.0,"(CONTRACTS OF AUD 100,000)",232741,CME ,232 ,F10,FutOnly
AUSTRALIAN DOLLAR - CHICAGO MERCANTILE EXCHANGE,240723,2024-07-23,232741,CME ,00,232 ,  226258,   65891,   55639,     165,   71123,  104405,    2271,   36280,   38343,    3495,   13089,     853,       0,  192314,  205171,   33944,   21087,   -3335,    1962,   -9491,     -43,   -8086,    4166,    -477,    1719,    1707,     530,    1280,   -3420,       0,   -3115,   -7028,    -220,    3693,  100.0,   29.1,   24.6,    0.1,   31.4,   46.1,    1.0,   16.0,   16.9,    1.5,    5.8,    0.4,    0.0,   85.0,   90.7,   15.0,    9.3,    113,     10,      7,.,     24,     14,      9,     34,     16,     13,      7,.,      0,     82,     55,    30.6,    52.1,    46.2,    63.6,    30.1,    51.8,    45.7,    63.2,"(CONTRACTS OF AUD 100,000)",232741,CME ,232 ,F10,FutOnly
AUSTRALIAN DOLLAR - CHICAGO MERCANTILE EXCHANGE,240716,2024-07-16,232741,CME ,00,232 ,  229593,   63929,   65130,     208,   79209,  100239,    2748,   34561,   36636,    2965,   11809,    4273,       0,  195429,  212199,   34164,   17394,    4576,     918,    8055,    -295,    3358,    1722,   -2550,   -2980,   -1820,    1089,    1146,    1536,       0,     686,    7737,    3890,   -3161,  100.0,   27.8,   28.4,    0.1,   34.5,   43.7,    1.2,   15.1,   16.0,    1.3,    5.1,    1.9,    0.0,   85.1,   92.4,   14.9,    7.6,    112,     10,      7,.,     25,     13,     10,     28,     20,     12,      6,.,      0,     78,     58,    29.9,    55.3,    46.5,    66.0,    29.9,    55.1,    45.8,    65.8,"(CONTRACTS OF AUD 100,000)",232741,CME ,232 ,F10,FutOnly
AUSTRALIAN DOLLAR - CHICAGO MERCANTILE EXCHANGE,240709,2024-07-09,232741,CME ,00,232 ,  225017,   63011,   57075,     503,   75851,   98517,    5298,   37541,   38456,    1876,   10663,    2737,       0,  194743,  204462,   30274,   20555,   27218,    -455,   19483,     -27,   14816,    1215,     469,    4675,    7039,    1136,    3066,    -459,       0,   23680,   28856,    3538,   -1638,  100.0,   28.0,   25.4,    0.2,   33.7,   43.8,    2.4,   16.7,   17.1,    0.8,    4.7,    1.2,    0.0,   86.5,   90.9,   13.5,    9.1,    113,      9,      7,.,     25,     13,      9,     30,     19,     14,      7,.,      0,     82,     57,    30.3,    50.5,    46.5,    61.9,    30.3,    50.3,    44.7,    61.7,"(CONTRACTS OF AUD 100,000)",232741,CME ,232 ,F10,FutOnly
AUSTRALIAN DOLLAR - CHICAGO MERCANTILE EXCHANGE,240702,2024-07-02,232741,CME ,00,232 ,  197799,   63466,   37592,     530,   61035,   97302,    4829,   32866,   31417,     740,    7597,    3196,       0,  171063,  175606,   26736,   22193,   16728,    1230,   19412,      32,    9640,   -3290,   -1104,    7717,    2859,    -367,     214,      30,       0,   17362,   17572,    -634,    -844,  100.0,   32.1,   19.0,    0.3,   30.9,   49.2,    2.4,   16.6,   15.9,    0.4,    3.8,    1.6,    0.0,   86.5,   88.8,   13.5,   11.2,     98,      9,      6,.,     23,     12,      8,     23,     18,     10,      4,.,      0,     69,     50,    34.8,    48.9,    49.2,    60.8,    34.8,    48.7,    47.2,    60.6,"(CONTRACTS OF AUD 100,000)",232741,CME ,232 ,F10,FutOnly
AUSTRALIAN DOLLAR - CHICAGO MERCANTILE EXCHANGE,240625,2024-06-25,232741,CME ,00,232 ,  181071,   62236,   18180,     498,   51395,  100592,    5933,   25149,   28558,    1107,    7383,    3166,       0,  153701,  158034,   27370,   23037,    6376,   -4057,   14256,      40,    4678,   -9462,      67,    3811,   -3546,      70,     403,    2648,       0,    5012,    4073,    1364,    2303,  100.0,   34.4,   10.0,    0.3,   28.4,   55.6,    3.3,   13.9,   15.8,    0.6,    4.1,    1.7,    0.0,   84.9,   87.3,   15.1,   12.7,     95,      7,      6,.,     21,     12,      9,     23,     18,      8,      4,.,      0,     65,     49,    38.0,    46.1,    51.3,    59.4,    38.0,    46.0,    49.5,    59.2,"(CONTRACTS OF AUD 100,000)",232741,CME ,232 ,F10,FutOnly
AUSTRALIAN DOLLAR - CHICAGO MERCANTILE EXCHANGE,240618,2024-06-18,232741,CME ,00,232 ,  174695,   66293,    3924,     458,   46717,  110054,    5866,   21338,   32104,    1037,    6980,     518,       0,  148689,  153961,   26006,   20734,  -38101,  -21648,   -1741,  -15120,    3724,   -7066,    3791,    5704,    -776,  -13005,       0,    -107,       0,  -36554,  -34024,   -1547,   -4077,  100.0,   37.9,    2.2,    0.3,   26.7,   63.0,    3.4,   12.2,   18.4,    0.6,    4.0,    0.3,    0.0,   85.1,   88.1,   14.9,   11.9,     98,      8,      5,.,     19,     17,      9,     22,     23,     10,.,.,      0,     64,     55,    39.4,    49.0,    52.5,    61.3,    39.4,    48.7,    50.8,    60.5,"(CONTRACTS OF AUD 100,000)",232741,CME ,232 ,F10,FutOnly
AUSTRALIAN DOLLAR - CHICAGO MERCANTILE EXCHANGE,240611,2024-06-11,232741,CME ,00,232 ,  212796,   87941,    5665,   15578,   42993,  117120,    2075,   15634,   32880,   14042,    6980,     625,       0,  185243,  187985,   27553,   24811,   13000,    5911,   -4921,    1449,    -659,    2811,    -814,   -2828,    3047,    9881,    -615,    -766,       0,   12325,   10687,     675,    2313,  100.0,   41.3,    2.7,    7.3,   20.2,   55.0,    1.0,    7.3,   15.5,    6.6,    3.3,    0.3,    0.0,   87.1,   88.3,   12.9,   11.7,    100,     11,      4,     11,     17,     17,     10,     18,     28,     13,.,.,      0,     66,     68,    43.6,    41.6,    56.5,    53.3,    41.2,    40.6,    51.2,    51.3,"(CONTRACTS OF AUD 100,000)",232741,CME ,232 ,F10,FutOnly
AUSTRALIAN DOLLAR - CHICAGO MERCANTILE EXCHANGE,240604,2024-06-04,232741,CME ,00,232 ,  199796,   82030,   10586,   14129,   43652,  114309,    2889,   18462,   29833,    4161,    7595,    1391,       0,  172918,  177298,   26878,   22498,    6118,    -847,   -2541,   10565,   -5550,     554,     153,    -995,   -2535,    1271,    -941,      13,       0,    3656,    7480,    2462,   -1362,  100.0,   41.1,    5.3,    7.1,   21.8,   57.2,    1.4,    9.2,   14.9,    2.1,    3.8,    0.7,    0.0,   86.5,   88.7,   13.5,   11.3,    101,     10,      5,      7,     20,     16,     10,     23,     20,     12,      5,.,      0,     70,     60,    44.0,    50.5,    57.5,    62.5,    43.9,    47.7,    53.8,    57.8,"(CONTRACTS OF AUD 100,000)",232741,CME ,232 ,F10,FutOnly
AUSTRALIAN DOLLAR - CHICAGO MERCANTILE EXCHANGE,240528,2024-05-28,232741,CME ,00,232 ,  193678,   82877,   13127,    3564,   49202,  113755,    2736,   19457,   32368,    2890,    8536,    1378,       0,  169262,  169818,   24416,   23860,   -2931,   -1524,     779,     629,    -335,      49,      87,     611,   -5987,     771,     801,     628,       0,    1040,   -3044,   -3971,     113,  100.0,   42.8,    6.8,    1.8,   25.4,   58.7,    1.4,   10.0,   16.7,    1.5,    4.4,    0.7,    0.0,   87.4,   87.7,   12.6,   12.3,    105,     10,      5,      6,     22,     15,     10,     22,     22,     11,      7,.,      0,     72,     60,    45.4,    49.0,    55.8,    60.1,    45.3,    48.7,    55.7,    59.8,"(CONTRACTS OF AUD 100,000)",232741,CME ,232 ,F10,FutOnly
AUSTRALIAN DOLLAR - CHICAGO MERCANTILE EXCHANGE,240521,2024-05-21,232741,CME ,00,232 ,  196609,   84401,   12348,    2935,   49537,  113706,    2649,   18846,   38355,    2119,    7735,     750,       0,  168222,  172862,   28387,   23747,   -5189,  -21631,    2548,    1276,    6952,   -1858,   -1751,    7553,   -3101,    -198,     104,       0,       0,   -7695,   -3084,    2506,   -2105,  100.0,   42.9,    6.3,    1.5,   25.2,   57.8,    1.3,    9.6,   19.5,    1.1,    3.9,    0.4,    0.0,   85.6,   87.9,   14.4,   12.1,    108,      8,      9,      4,     23,     14,      9,     23,     24,      9,      6,.,      0,     72,     58,    44.6,    47.8,    55.2,    58.7,    44.6,    47.5,    55.2,    58.4,"(CONTRACTS OF AUD 100,000)",232741,CME ,232 ,F10,FutOnly
AUSTRALIAN DOLLAR - CHICAGO MERCANTILE EXCHANGE,240514,2024-05-14,232741,CME ,00,232 ,  201798,  106032,    9800,    1659,   42585,  115564,    4400,   11293,   41456,    2317,    7631,     750,       0,  175917,  175946,   25881,   25852,   -7872,   -8827,   -1783,     308,   -2731,     446,   -1080,    -361,   -3345,   -1155,     -48,     750,       0,  -13894,   -5859,    6022,   -2013,  100.0,   52.5,    4.9,    0.8,   21.1,   57.3,    2.2,    5.6,   20.5,    1.1,    3.8,    0.4,    0.0,   87.2,   87.2,   12.8,   12.8,    101,     10,      6,      4,     21,     17,      8,     21,     20,     13,      5,.,      0,     66,     60,    44.0,    47.0,    61.1,    58.6,    44.0,    46.9,    61.1,    58.3,"(CONTRACTS OF AUD 100,000)",232741,CME ,232 ,F10,FutOnly
AUSTRALIAN DOLLAR - CHICAGO MERCANTILE EXCHANGE,240507,2024-05-07,232741,CME ,00,232 ,  209670,  114859,   11583,    1351,   45316,  115118,    5480,   11654,   44801,    3472,    7679,       0,       0,  189811,  181805,   19859,   27865,  -14903,  -20330,    1344,      88,    6119,  -13287,     305,   -2445,   -2509,    1063,    1051,       0,       0,  -14149,  -12996,    -754,   -1907,  100.0,   54.8,    5.5,    0.6,   21.6,   54.9,    2.6,    5.6,   21.4,    1.7,    3.7,    0.0,    0.0,   90.5,   86.7,    9.5,   13.3,    100,     10,      6,      4,     18,     18,      9,     17,     26,     12,      5,      0,      0,     64,     61,    45.9,    43.8,    63.6,    54.5,    45.9,    43.6,    63.6,    54.2,"(CONTRACTS OF AUD 100,000)",232741,CME ,232 ,F10,FutOnly
AUSTRALIAN DOLLAR - CHICAGO MERCANTILE EXCHANGE,240430,2024-04-30,232741,CME ,00,232 ,  224573,  135189,   10239,    1263,   39197,  128405,    5175,   14099,   47310,    2409,    6628,       0,       0,  203960,  194801,   20613,   29772,  -14705,  -13246,    2985,    -129,    2950,   -8658,    -387,   -7939,   -3096,    -266,     -12,       0,       0,  -19029,   -9551,    4324,   -5154,  100.0,   60.2,    4.6,    0.6,   17.5,   57.2,    2.3,    6.3,   21.1,    1.1,    3.0,    0.0,    0.0,   90.8,   86.7,    9.2,   13.3,    103,     11,      5,.,     17,     22,      8,     16,     27,     11,      5,      0,      0,     59,     66,    51.6,    41.8,    66.6,    53.3,    51.6,    41.7,    66.6,    53.1,"(CONTRACTS OF AUD 100,000)",232741,CME ,232 ,F10,FutOnly
AUSTRALIAN DOLLAR - CHICAGO MERCANTILE EXCHANGE,240423,2024-04-23,232741,CME ,00,232 ,  239278,  148435,    7254,    1392,   36247,  137063,    5562,   22038,   50406,    2675,    6640,       0,       0,  222989,  204352,   16289,   34926,    4359,    7442,    3037,     535,    5421,    3038,     269,   -7815,   -4022,     397,     -37,    -418,       0,    6212,    2836,   -1853,    1523,  100.0,   62.0,    3.0,    0.6,   15.1,   57.3,    2.3,    9.2,   21.1,    1.1,    2.8,    0.0,    0.0,   93.2,   85.4,    6.8,   14.6,    113,     12,      4,.,     16,     26,      9,     18,     32,     11,      5,      0,      0,     62,     74,    52.4,    38.0,    66.4,    48.9,    52.4,    37.8,    66.4,    48.6,"(CONTRACTS OF AUD 100,000)",232741,CME ,232 ,F10,FutOnly
AUSTRALIAN DOLLAR - CHICAGO MERCANTILE EXCHANGE,240416,2024-04-16,232741,CME ,00,232 ,  234919,  140993,    4217,     857,   30826,  134025,    5293,   29853,   54428,    2278,    6677,     418,       0,  216777,  201516,   18142,   33403,   25981,   13793,     214,     301,   -2323,   10994,      15,   17532,   11596,    -124,     212,     418,       0,   29406,   23414,   -3425,    2567,  100.0,   60.0,    1.8,    0.4,   13.1,   57.1,    2.3,   12.7,   23.2,    1.0,    2.8,    0.2,    0.0,   92.3,   85.8,    7.7,   14.2,    114,     12,      4,      4,     16,     21,      9,     19,     36,     13,      5,.,      0,     63,     77,    52.3,    39.4,    65.8,    50.0,    52.3,    39.2,    65.7,    49.8,"(CONTRACTS OF AUD 100,000)",232741,CME ,232 ,F10,FutOnly
AUSTRALIAN DOLLAR - CHICAGO MERCANTILE EXCHANGE,240409,2024-04-09,232741,CME ,00,232 ,  208938,  127200,    4003,     556,   33149,  123031,    5278,   12321,   42832,    2402,    6465,       0,       0,  187371,  178102,   21567,   30836,  -15956,   -8409,     781,    -129,    -761,  -14334,    -438,   -6997,    -499,    -351,     -17,       0,       0,  -17102,  -14970,    1146,    -986,  100.0,   60.9,    1.9,    0.3,   15.9,   58.9,    2.5,    5.9,   20.5,    1.1,    3.1,    0.0,    0.0,   89.7,   85.2,   10.3,   14.8,     99,      8,      5,.,     17,     21,      9,     17,     26,     13,      4,      0,      0,     57,     67,    54.7,    42.3,    69.4,    53.3,    54.7,    42.1,    69.4,    53.0,"(CONTRACTS OF AUD 100,000)",232741,CME ,232 ,F10,FutOnly
AUSTRALIAN DOLLAR - CHICAGO MERCANTILE EXCHANGE,240402,2024-04-02,232741,CME ,00,232 ,  224894,  135609,    3222,     685,   33910,  137365,    5716,   19318,   43331,    2753,    6482,       0,       0,  204473,  193072,   20421,   31822,    5912,   -1939,    1981,     213,     808,    4688,     677,    2494,   -4591,     996,      28,       0,       0,    3277,    3964,    2635,    1948,  100.0,   60.3,    1.4,    0.3,   15.1,   61.1,    2.5,    8.6,   19.3,    1.2,    2.9,    0.0,    0.0,   90.9,   85.9,    9.1,   14.1,    101,     12,      4,      4,     17,     22,      9,     20,     22,     12,      4,      0,      0,     63,     63,    53.5,    44.2,    67.2,    55.6,    53.5,    43.9,    67.2,    55.2,"(CONTRACTS OF AUD 100,000)",232741,CME ,232 ,F10,FutOnly
AUSTRALIAN DOLLAR - CHICAGO MERCANTILE EXCHANGE,240326,2024-03-26,232741,CME ,00,232 ,  218982,  137548,    1241,     472,   33102,  132677,    5039,   16824,   47922,    1757,    6454,       0,       0,  201196,  189108,   17786,   29874,   -1939,    2601,     699,     168,    2139,     692,    1457,   -7654,   -7349,      79,     520,       0,       0,    -690,   -4254,   -1249,    2315,  100.0,   62.8,    0.6,    0.2,   15.1,   60.6,    2.3,    7.7,   21.9,    0.8,    2.9,    0.0,    0.0,   91.9,   86.4,    8.1,   13.6,    100,     11,.,      4,     16,     20,      8,     22,     24,     14,      4,      0,      0,     63,     63,    55.4,    45.2,    70.0,    56.8,    55.4,    44.9,    70.0,    56.5,"(CONTRACTS OF AUD 100,000)",232741,CME ,232 ,F10,FutOnly
AUSTRALIAN DOLLAR - CHICAGO MERCANTILE EXCHANGE,240319,2024-03-19,232741,CME ,00,232 ,  220921,  134947,     542,     304,   30963,  131985,    3582,   24478,   55271,    1678,    5934,       0,       0,  201886,  193362,   19035,   27559,   -8802,   20527,   -1578,   -6071,    -797,    -925,   -2284,   -5542,   14898,  -12682,    -107,       0,     -23,   -6979,   -8665,   -1823,    -137,  100.0,   61.1,    0.2,    0.1,   14.0,   59.7,    1.6,   11.1,   25.0,    0.8,    2.7,    0.0,    0.0,   91.4,   87.5,    8.6,   12.5,    104,     11,.,      4,     16,     22,      8,     22,     29,     15,.,      0,      0,     62,     69,    53.7,    44.9,    68.8,    55.9,    53.7,    44.6,    68.8,    55.6,"(CONTRACTS OF AUD 100,000)",232741,CME ,232 ,F10,FutOnly
AUSTRALIAN DOLLAR - CHICAGO MERCANTILE EXCHANGE,240312,2024-03-12,232741,CME ,00,232 ,  229723,  114420,    2120,    6375,   31760,  132910,    5866,   30020,   40373,   14360,    6041,       0,      23,  208865,  202027,   20858,   27696,   -4473,   -4446,    -906,    2946,    -167,  -14770,    1537,  -13774,     564,    9159,    -889,       0,       0,   -5634,   -1470,    1161,   -3003,  100.0,   49.8,    0.9,    2.8,   13.8,   57.9,    2.6,   13.1,   17.6,    6.3,    2.6,    0.0,    0.0,   90.9,   87.9,    9.1,   12.1,    109,     10,      4,      8,     17,     22,     14,     26,     25,     15,.,      0,.,     75,     72,    45.5,    41.3,    58.7,    54.5,    45.5,    40.8,    56.8,    52.8,"(CONTRACTS OF AUD 100,000)",232741,CME ,232 ,F10,FutOnly
AUSTRALIAN DOLLAR - CHICAGO MERCANTILE EXCHANGE,240305,2024-03-05,232741,CME ,00,232 ,  234196,  118866,    3026,    3429,   31927,  147680,    4329,   43794,   39809,    5201,    6930,       0,      23,  214499,  203497,   19697,   30699,   29204,   16142,    1272,    3041,   -1011,   15259,    -542,    9822,    8460,    1431,      14,    -425,       0,   28897,   28496,     307,     708,  100.0,   50.8,    1.3,    1.5,   13.6,   63.1,    1.8,   18.7,   17.0,    2.2,    3.0,    0.0,    0.0,   91.6,   86.9,    8.4,   13.1,    110,     12,      5,      8,     15,     26,     10,     21,     26,     13,      5,      0,.,     66,     76,    45.7,    42.9,    59.6,    54.6,    45.7,    42.7,    58.9,    54.1,"(CONTRACTS OF AUD 100,000)",232741,CME ,232 ,F10,FutOnly
AUSTRALIAN DOLLAR - CHICAGO MERCANTILE EXCHANGE,240227,2024-02-27,232741,CME ,00,232 ,  204992,  102724,    1754,     388,   32938,  132421,    4871,   33972,   31349,    3770,    6916,     425,      23,  185602,  175001,   19390,   29991,    -664,    5095,    -756,     127,     151,   -1227,    -203,   -7550,     411,    1081,     597,       0,      23,    -679,    -544,      15,    -120,  100.0,   50.1,    0.9,    0.2,   16.1,   64.6,    2.4,   16.6,   15.3,    1.8,    3.4,    0.2,    0.0,   90.5,   85.4,    9.5,   14.6,    106,     12,.,      5,     15,     25,     11,     24,     22,     12,      5,.,.,     67,     68,    45.1,    44.5,    61.0,    57.6,    45.1,    44.3,    60.8,    57.3,"(CONTRACTS OF AUD 100,000)",232741,CME ,232 ,F10,FutOnly
AUSTRALIAN DOLLAR - CHICAGO MERCANTILE EXCHANGE,240220,2024-02-20,232741,CME ,00,232 ,  205656,   97629,    2510,     261,   32787,  133648,    5074,   41522,   30938,    2689,    6319,     425,       0,  186281,  175545,   19375,   30111,    6171,    2321,     756,     -56,   -1472,    3554,     493,    4050,    1349,     322,    -542,     -29,       0,    5116,    6389,    1055,    -218,  100.0,   47.5,    1.2,    0.1,   15.9,   65.0,    2.5,   20.2,   15.0,    1.3,    3.1,    0.2,    0.0,   90.6,   85.4,    9.4,   14.6,    104,     12,.,.,     16,     24,      9,     22,     22,     12,      4,.,      0,     63,     65,    42.6,    43.7,    57.4,    55.8,    42.6,    43.5,    57.4,    55.5,"(CONTRACTS OF AUD 100,000)",232741,CME ,232 ,F10,FutOnly
AUSTRALIAN DOLLAR - CHICAGO MERCANTILE EXCHANGE,240213,2024-02-13,232741,CME ,00,232 ,  199485,   95308,    1754,     317,   34259,  130094,    4581,   37472,   29589,    2367,    6861,     454,       0,  181165,  169156,   18320,   30329,   18692,   11041,      41,    -147,    2181,    7695,     -64,    7430,    9332,       8,     228,      21,       0,   20677,   16886,   -1985,    1806,  100.0,   47.8,    0.9,    0.2,   17.2,   65.2,    2.3,   18.8,   14.8,    1.2,    3.4,    0.2,    0.0,   90.8,   84.8,    9.2,   15.2,    108,     12,.,.,     15,     25,     11,     23,     25,     12,      5,.,      0,     66,     68,    44.7,    44.5,    55.9,    56.3,    44.7,    44.3,    55.9,    55.3,"(CONTRACTS OF AUD 100,000)",232741,CME ,232 ,F10,FutOnly
AUSTRALIAN DOLLAR - CHICAGO MERCANTILE EXCHANGE,240206,2024-02-06,232741,CME ,00,232 ,  180793,   84267,    1713,     464,   32078,  122399,    4645,   30042,   20257,    2359,    6633,     433,       0,  160488,  152270,   20305,   28523,   15262,   14333,      77,    -235,    1489,   12812,   -1365,    5050,     167,   -2266,    -147,       3,       0,   16859,    9193,   -1597,    6069,  100.0,   46.6,    0.9,    0.3,   17.7,   67.7,    2.6,   16.6,   11.2,    1.3,    3.7,    0.2,    0.0,   88.8,   84.2,   11.2,   15.8,    104,     12,.,.,     14,     24,     11,     20,     26,     11,      5,.,      0,     64,     64,    45.9,    48.9,    57.2,    60.8,    45.9,    48.6,    57.2,    60.0,"(CONTRACTS OF AUD 100,000)",232741,CME ,232 ,F10,FutOnly
AUSTRALIAN DOLLAR - CHICAGO MERCANTILE EXCHANGE,240130,2024-01-30,232741,CME ,00,232 ,  165531,   69934,    1636,     699,   30589,  109587,    6010,   24992,   20090,    4625,    6780,     430,       0,  143629,  143077,   21902,   22454,    3532,    9175,      36,     284,   -1953,    4790,     718,   -3057,   -2700,     131,     -16,       0,       0,    5282,    3259,   -1750,     273,  100.0,   42.2,    1.0,    0.4,   18.5,   66.2,    3.6,   15.1,   12.1,    2.8,    4.1,    0.3,    0.0,   86.8,   86.4,   13.2,   13.6,     95,     11,.,.,     14,     20,     10,     21,     21,     12,      5,.,      0,     63,     57,    41.2,    50.8,    53.3,    62.1,    41.2,    50.4,    53.3,    60.1,"(CONTRACTS OF AUD 100,000)",232741,CME ,232 ,F10,FutOnly
AUSTRALIAN DOLLAR - CHICAGO MERCANTILE EXCHANGE,240123,2024-01-23,232741,CME ,00,232 ,  161999,   60759,    1600,     415,   32542,  104797,    5292,   28049,   22790,    4494,    6796,     430,       0,  138347,  139818,   23652,   22181,   -1443,    7357,   -9646,      73,   -5146,    1218,     789,   -1524,    1718,     340,     -47,       8,       0,    1842,   -5500,   -3285,    4057,  100.0,   37.5,    1.0,    0.3,   20.1,   64.7,    3.3,   17.3,   14.1,    2.8,    4.2,    0.3,    0.0,   85.4,   86.3,   14.6,   13.7,     94,     11,.,.,     15,     19,     10,     22,     20,     11,      5,.,      0,     65,     52,    37.0,    52.7,    49.9,    64.7,    37.0,    52.3,    49.9,    62.2,"(CONTRACTS OF AUD 100,000)",232741,CME ,232 ,F10,FutOnly
AUSTRALIAN DOLLAR - CHICAGO MERCANTILE EXCHANGE,240116,2024-01-16,232741,CME ,00,232 ,  163442,   53402,   11246,     342,   37688,  103579,    4503,   29573,   21072,    4154,    6843,     422,       0,  136505,  145318,   26937,   18124,    7067,    3418,  -13115,     180,   -2482,   13371,     -66,    3800,    2353,    3228,     270,       6,       0,    8348,    5957,   -1281,    1110,  100.0,   32.7,    6.9,    0.2,   23.1,   63.4,    2.8,   18.1,   12.9,    2.5,    4.2,    0.3,    0.0,   83.5,   88.9,   16.5,   11.1,     99,      9,.,.,     19,     15,      7,     25,     21,     11,      6,.,      0,     69,     50,    36.2,    53.0,    46.1,    65.3,    36.2,    52.8,    46.1,    63.1,"(CONTRACTS OF AUD 100,000)",232741,CME ,232 ,F10,FutOnly
AUSTRALIAN DOLLAR - CHICAGO MERCANTILE EXCHANGE,240109,2024-01-09,232741,CME ,00,232 ,  156375,   49984,   24361,     162,   40170,   90208,    4569,   25773,   18719,     926,    6573,     416,       0,  128157,  139361,   28218,   17014,    -628,     511,    3813,       0,   -1702,    6440,    1220,   -1345,  -14185,     401,     -25,     -23,       0,    -940,   -2334,     312,    1706,  100.0,   32.0,   15.6,    0.1,   25.7,   57.7,    2.9,   16.5,   12.0,    0.6,    4.2,    0.3,    0.0,   82.0,   89.1,   18.0,   10.9,     93,      7,      4,.,     19,     13,      9,     27,     17,      9,      5,.,      0,     69,     43,    37.7,    55.5,    47.9,    67.4,    37.7,    55.3,    47.9,    66.8,"(CONTRACTS OF AUD 100,000)",232741,CME ,232 ,F10,FutOnly
AUSTRALIAN DOLLAR - CHICAGO MERCANTILE EXCHANGE,240102,2024-01-02,232741,CME ,00,232 ,  157003,   49473,   20548,     162,   41872,   83768,    3349,   27118,   32904,     525,    6598,     439,       0,  129097,  141695,   27906,   15308,    4268,   -8020,   14061,     -29,    5273,   -5908,    1387,    5868,    -619,    -876,      30,     -26,       0,    3633,    7990,     635,   -3722,  100.0,   31.5,   13.1,    0.1,   26.7,   53.4,    2.1,   17.3,   21.0,    0.3,    4.2,    0.3,    0.0,   82.2,   90.2,   17.8,    9.8,     94,      7,      5,.,     20,     10,      8,     27,     19,      7,      5,.,      0,     70,     40,    37.5,    52.3,    48.2,    64.9,    37.5,    52.0,    48.2,    64.5,"(CONTRACTS OF AUD 100,000)",232741,CME ,232 ,F10,FutOnly
NZ DOLLAR - CHICAGO MERCANTILE EXCHANGE,241231,2024-12-31,112741,CME ,00,112 ,   88125,   58103,    1019,      39,   10608,   49860,     211,   13477,   25256,     576,    2030,    4886,      14,   85058,   81861,    3067,    6264,    3350,     761,       0,       3,    -821,    1027,    -127,    3138,    2203,     118,     201,      82,       0,    3273,    3306,      77,      44,  100.0,   65.9,    1.2,    0.0,   12.0,   56.6,    0.2,   15.3,   28.7,    0.7,    2.3,    5.5,    0.0,   96.5,   92.9,    3.5,    7.1,    107,      7,.,.,      7,     26,      4,     15,     35,      5,      6,      9,.,     43,     75,    54.0,    31.6,    74.7,    49.1,    53.9,    31.6,    74.7,    49.1,"(CONTRACTS OF NZD 100,000)",112741,CME ,112 ,F15,FutOnly
NZ DOLLAR - CHICAGO MERCANTILE EXCHANGE,241224,2024-12-24,112741,CME ,00,112 ,   84775,   57342,    1019,      36,   11429,   48833,     338,   10339,   23053,     458,    1829,    4804,      14,   81785,   78555,    2990,    6220,    3777,    3901,     152,       1,   -1168,    3296,     -20,     937,     832,      42,      62,      38,      -1,    3754,    4340,      23,    -563,  100.0,   67.6,    1.2,    0.0,   13.5,   57.6,    0.4,   12.2,   27.2,    0.5,    2.2,    5.7,    0.0,   96.5,   92.7,    3.5,    7.3,    103,      7,.,.,     10,     24,      5,     16,     31,      6,      5,      8,.,     47,     69,    56.2,    30.8,    76.8,    49.0,    56.2,    30.8,    76.7,    48.9,"(CONTRACTS OF NZD 100,000)",112741,CME ,112 ,F15,FutOnly
NZ DOLLAR - CHICAGO MERCANTILE EXCHANGE,241217,2024-12-17,112741,CME ,00,112 ,   80998,   53441,     867,      35,   12597,   45537,     358,    9402,   22221,     416,    1767,    4766,      15,   78031,   74215,    2967,    6783,  -17098,    6642,   -9546,   -9228,     308,    4713,      12,   -5416,     858,   -3699,   -5164,     169,       0,  -16545,  -16721,    -553,    -377,  100.0,   66.0,    1.1,    0.0,   15.6,   56.2,    0.4,   11.6,   27.4,    0.5,    2.2,    5.9,    0.0,   96.3,   91.6,    3.7,    8.4,    101,      5,.,.,      8,     24,      4,     17,     33,      5,      5,      7,.,     41,     71,    57.5,    30.9,    81.5,    48.2,    57.5,    30.9,    81.4,    48.0,"(CONTRACTS OF NZD 100,000)",112741,CME ,112 ,F15,FutOnly
NZ DOLLAR - CHICAGO MERCANTILE EXCHANGE,241210,2024-12-10,112741,CME ,00,112 ,   98096,   46799,   10413,    9263,   12289,   40824,     346,   14818,   21363,    4115,    6931,    4597,      15,   94576,   90936,    3520,    7160,   17876,    6015,     -52,    9002,     594,    1940,      46,    -796,    3547,    1922,    1019,     179,       0,   17802,   16584,      74,    1292,  100.0,   47.7,   10.6,    9.4,   12.5,   41.6,    0.4,   15.1,   21.8,    4.2,    7.1,    4.7,    0.0,   96.4,   92.7,    3.6,    7.3,    104,      9,.,      8,      7,     26,.,     11,     36,     12,      5,      6,.,     48,     80,    44.8,    31.4,    67.4,    46.6,    44.5,    30.2,    61.9,    44.3,"(CONTRACTS OF NZD 100,000)",112741,CME ,112 ,F15,FutOnly
NZ DOLLAR - CHICAGO MERCANTILE EXCHANGE,241203,2024-12-03,112741,CME ,00,112 ,   80220,   40784,   10465,     261,   11695,   38884,     300,   15614,   17816,    2193,    5912,    4418,      15,   76774,   74352,    3446,    5868,    1219,     265,     771,     192,    1305,    1772,     -32,   -2359,   -1338,     937,     805,    -105,       0,    1113,    2197,     106,    -978,  100.0,   50.8,   13.0,    0.3,   14.6,   48.5,    0.4,   19.5,   22.2,    2.7,    7.4,    5.5,    0.0,   95.7,   92.7,    4.3,    7.3,    107,      9,      4,.,      7,     27,      4,     18,     28,     11,      7,      7,.,     53,     73,    46.8,    36.5,    64.0,    52.2,    46.8,    36.4,    64.0,    51.9,"(CONTRACTS OF NZD 100,000)",112741,CME ,112 ,F15,FutOnly
NZ DOLLAR - CHICAGO MERCANTILE EXCHANGE,241126,2024-11-26,112741,CME ,00,112 ,   79001,   40519,    9694,      69,   10390,   37112,     332,   17973,   19154,    1256,    5107,    4523,      15,   75661,   72155,    3340,    6846,    6155,    4344,     -73,       5,    1790,    3157,    -307,   -1584,    1742,     496,    1394,     497,       0,    6138,    5517,      17,     638,  100.0,   51.3,   12.3,    0.1,   13.2,   47.0,    0.4,   22.8,   24.2,    1.6,    6.5,    5.7,    0.0,   95.8,   91.3,    4.2,    8.7,     99,      9,.,.,      6,     24,.,     14,     29,      7,      7,      7,.,     44,     67,    45.2,    36.3,    62.3,    51.2,    45.2,    36.3,    62.3,    51.0,"(CONTRACTS OF NZD 100,000)",112741,CME ,112 ,F15,FutOnly
NZ DOLLAR - CHICAGO MERCANTILE EXCHANGE,241119,2024-11-19,112741,CME ,00,112 ,   72846,   36175,    9767,      64,    8600,   33955,     639,   19557,   17412,     760,    3713,    4026,      15,   69523,   66638,    3323,    6208,    8630,    8453,     152,      11,    -217,    4083,     477,   -1053,    1833,     502,     451,      33,       0,    8624,    7091,       6,    1539,  100.0,   49.7,   13.4,    0.1,   11.8,   46.6,    0.9,   26.8,   23.9,    1.0,    5.1,    5.5,    0.0,   95.4,   91.5,    4.6,    8.5,     98,      9,      4,.,      6,     24,      6,     18,     27,      6,      5,      5,.,     46,     67,    43.6,    38.4,    59.8,    54.4,    43.6,    38.4,    59.8,    54.3,"(CONTRACTS OF NZD 100,000)",112741,CME ,112 ,F15,FutOnly
NZ DOLLAR - CHICAGO MERCANTILE EXCHANGE,241112,2024-11-12,112741,CME ,00,112 ,   64216,   27722,    9615,      53,    8817,   29872,     162,   20610,   15579,     258,    3262,    3993,      15,   60899,   59547,    3317,    4669,    4416,    4483,    -150,      -2,   -1719,     311,     147,    1173,    4206,     175,     343,     -18,       0,    4600,    4669,    -184,    -253,  100.0,   43.2,   15.0,    0.1,   13.7,   46.5,    0.3,   32.1,   24.3,    0.4,    5.1,    6.2,    0.0,   94.8,   92.7,    5.2,    7.3,     96,      9,.,.,      8,     20,.,     18,     26,      6,      6,      6,.,     51,     57,    37.5,    43.8,    55.6,    61.6,    37.5,    43.8,    55.6,    61.4,"(CONTRACTS OF NZD 100,000)",112741,CME ,112 ,F15,FutOnly
NZ DOLLAR - CHICAGO MERCANTILE EXCHANGE,241105,2024-11-05,112741,CME ,00,112 ,   59800,   23239,    9765,      55,   10536,   29561,      15,   19437,   11373,      83,    2919,    4011,      15,   56299,   54878,    3501,    4922,    1780,   10299,    -278,       5,   -5475,    1675,    -235,   -3161,     952,    -338,     856,     189,       0,    1951,    1970,    -171,    -190,  100.0,   38.9,   16.3,    0.1,   17.6,   49.4,    0.0,   32.5,   19.0,    0.1,    4.9,    6.7,    0.0,   94.1,   91.8,    5.9,    8.2,     88,      8,.,.,      8,     18,.,     18,     21,.,      6,      6,.,     44,     51,    39.1,    48.3,    58.3,    64.7,    39.1,    48.3,    58.3,    64.7,"(CONTRACTS OF NZD 100,000)",112741,CME ,112 ,F15,FutOnly
NZ DOLLAR - CHICAGO MERCANTILE EXCHANGE,241029,2024-10-29,112741,CME ,00,112 ,   58020,   12940,   10043,      50,   16011,   27886,     250,   22598,   10421,     421,    2063,    3822,      15,   54348,   52908,    3672,    5112,    2415,    2498,   -2519,       6,   -3589,    2446,     175,    3528,     706,     411,     291,    -208,       0,    3320,    1017,    -905,    1398,  100.0,   22.3,   17.3,    0.1,   27.6,   48.1,    0.4,   38.9,   18.0,    0.7,    3.6,    6.6,    0.0,   93.7,   91.2,    6.3,    8.8,     90,      6,      4,.,     12,     15,      5,     18,     23,      5,      7,      5,.,     51,     52,    40.4,    49.0,    57.8,    64.0,    40.4,    49.0,    57.8,    64.0,"(CONTRACTS OF NZD 100,000)",112741,CME ,112 ,F15,FutOnly
NZ DOLLAR - CHICAGO MERCANTILE EXCHANGE,241022,2024-10-22,112741,CME ,00,112 ,   55605,   10442,   12562,      44,   19600,   25440,      75,   19070,    9715,      10,    1772,    4030,      15,   51028,   51891,    4577,    3714,     711,    -459,   -1246,       8,   -3158,    2048,      50,    3751,    -115,    -394,     982,    -122,       0,     780,     229,     -69,     482,  100.0,   18.8,   22.6,    0.1,   35.2,   45.8,    0.1,   34.3,   17.5,    0.0,    3.2,    7.2,    0.0,   91.8,   93.3,    8.2,    6.7,     88,      5,      5,.,     13,     11,.,     21,     21,.,      5,      7,.,     50,     46,    40.2,    50.2,    58.0,    68.4,    40.2,    50.2,    58.0,    68.4,"(CONTRACTS OF NZD 100,000)",112741,CME ,112 ,F15,FutOnly
NZ DOLLAR - CHICAGO MERCANTILE EXCHANGE,241015,2024-10-15,112741,CME ,00,112 ,   54894,   10901,   13808,      36,   22758,   23392,      25,   15319,    9830,     404,     790,    4152,      15,   50248,   51662,    4646,    3232,   -2143,    1751,   -4891,      36,   -1310,    1416,    -251,   -1867,    1302,     162,     107,      46,       0,   -1372,   -2180,    -771,      37,  100.0,   19.9,   25.2,    0.1,   41.5,   42.6,    0.0,   27.9,   17.9,    0.7,    1.4,    7.6,    0.0,   91.5,   94.1,    8.5,    5.9,     87,      7,      6,.,     13,     11,.,     19,     18,      4,      5,      8,.,     49,     45,    41.9,    50.0,    59.0,    68.1,    41.9,    50.0,    59.0,    68.1,"(CONTRACTS OF NZD 100,000)",112741,CME ,112 ,F15,FutOnly
NZ DOLLAR - CHICAGO MERCANTILE EXCHANGE,241008,2024-10-08,112741,CME ,00,112 ,   57037,    9150,   18699,       0,   24068,   21976,     276,   17186,    8528,     242,     683,    4106,      15,   51620,   53842,    5417,    3195,   -4189,    -177,   -1852,       0,    -319,    -285,     -29,   -1445,   -1364,    -155,   -1091,    -752,      15,   -3201,   -4422,    -988,     233,  100.0,   16.0,   32.8,    0.0,   42.2,   38.5,    0.5,   30.1,   15.0,    0.4,    1.2,    7.2,    0.0,   90.5,   94.4,    9.5,    5.6,     94,      6,      7,      0,     16,     12,.,     21,     20,      4,      5,      7,.,     53,     48,    40.3,    51.6,    56.9,    66.2,    40.3,    51.6,    56.9,    66.2,"(CONTRACTS OF NZD 100,000)",112741,CME ,112 ,F15,FutOnly
NZ DOLLAR - CHICAGO MERCANTILE EXCHANGE,241001,2024-10-01,112741,CME ,00,112 ,   61226,    9327,   20551,       0,   24387,   22261,     305,   18631,    9892,     397,    1774,    4858,       0,   54821,   58264,    6405,    2962,    6091,    -125,    6749,       0,    5521,      60,    -189,    -288,      -8,     384,     190,    -446,     -15,    5478,    6535,     613,    -444,  100.0,   15.2,   33.6,    0.0,   39.8,   36.4,    0.5,   30.4,   16.2,    0.6,    2.9,    7.9,    0.0,   89.5,   95.2,   10.5,    4.8,     96,      5,      6,      0,     18,     11,.,     23,     21,      5,      6,      6,      0,     57,     46,    34.5,    52.6,    51.6,    66.9,    34.5,    52.6,    51.6,    66.9,"(CONTRACTS OF NZD 100,000)",112741,CME ,112 ,F15,FutOnly
NZ DOLLAR - CHICAGO MERCANTILE EXCHANGE,240924,2024-09-24,112741,CME ,00,112 ,   55135,    9452,   13802,       0,   18866,   22201,     494,   18919,    9900,      13,    1584,    5304,      15,   49343,   51729,    5792,    3406,    5834,   -1451,     576,       0,    2186,    4316,      22,    4379,    -497,    -153,     638,    1591,       0,    5621,    5855,     213,     -21,  100.0,   17.1,   25.0,    0.0,   34.2,   40.3,    0.9,   34.3,   18.0,    0.0,    2.9,    9.6,    0.0,   89.5,   93.8,   10.5,    6.2,    101,      6,      6,      0,     18,     11,      4,     30,     17,.,      5,      8,.,     64,     45,    31.0,    49.7,    47.7,    66.7,    31.0,    49.7,    47.7,    66.7,"(CONTRACTS OF NZD 100,000)",112741,CME ,112 ,F15,FutOnly
NZ DOLLAR - CHICAGO MERCANTILE EXCHANGE,240917,2024-09-17,112741,CME ,00,112 ,   49301,   10903,   13226,       0,   16680,   17885,     472,   14540,   10397,     166,     946,    3713,      15,   43722,   45874,    5579,    3427,  -14419,   -6984,   -2999,   -3250,    1859,   -1324,    -417,      34,   -2502,   -4148,    -163,      61,       0,  -13069,  -14579,   -1350,     160,  100.0,   22.1,   26.8,    0.0,   33.8,   36.3,    1.0,   29.5,   21.1,    0.3,    1.9,    7.5,    0.0,   88.7,   93.0,   11.3,    7.0,     82,      8,      4,      0,     16,     10,.,     19,     17,      4,      4,      4,.,     51,     38,    32.3,    48.5,    48.4,    67.9,    32.3,    48.5,    48.4,    67.9,"(CONTRACTS OF NZD 100,000)",112741,CME ,112 ,F15,FutOnly
NZ DOLLAR - CHICAGO MERCANTILE EXCHANGE,240910,2024-09-10,112741,CME ,00,112 ,   63720,   17887,   16225,    3250,   14821,   19209,     889,   14506,   12899,    4314,    1109,    3652,      15,   56791,   60453,    6929,    3267,     154,    -519,   -1300,     603,     747,    -706,     -56,   -3297,    -558,    2465,    -598,     165,       0,    -655,     613,     809,    -459,  100.0,   28.1,   25.5,    5.1,   23.3,   30.1,    1.4,   22.8,   20.2,    6.8,    1.7,    5.7,    0.0,   89.1,   94.9,   10.9,    5.1,     92,      7,      7,      5,     16,     10,      5,     25,     17,     10,      6,      4,.,     65,     48,    33.8,    44.4,    48.6,    62.0,    31.6,    42.9,    44.6,    60.0,"(CONTRACTS OF NZD 100,000)",112741,CME ,112 ,F15,FutOnly
NZ DOLLAR - CHICAGO MERCANTILE EXCHANGE,240903,2024-09-03,112741,CME ,00,112 ,   63566,   18406,   17525,    2647,   14074,   19915,     945,   17803,   13457,    1849,    1707,    3487,      15,   57446,   59840,    6120,    3726,   -1542,   -9154,     173,    1325,    3553,     -82,    -614,    1506,   -1662,     273,     392,    -395,       0,   -2719,    -982,    1177,    -560,  100.0,   29.0,   27.6,    4.2,   22.1,   31.3,    1.5,   28.0,   21.2,    2.9,    2.7,    5.5,    0.0,   90.4,   94.1,    9.6,    5.9,     94,      6,      8,      4,     18,     11,      4,     23,     17,      7,      8,.,.,     61,     49,    36.2,    42.8,    51.9,    59.4,    32.0,    42.8,    47.7,    58.1,"(CONTRACTS OF NZD 100,000)",112741,CME ,112 ,F15,FutOnly
NZ DOLLAR - CHICAGO MERCANTILE EXCHANGE,240827,2024-08-27,112741,CME ,00,112 ,   65108,   27560,   17352,    1322,   10521,   19997,    1559,   16297,   15119,    1576,    1315,    3882,      15,   60165,   60822,    4943,    4286,   -1738,   -6339,     164,     838,    2376,   -1904,    -316,    -421,     134,     989,     657,   -1233,       0,   -2216,   -1328,     478,    -410,  100.0,   42.3,   26.7,    2.0,   16.2,   30.7,    2.4,   25.0,   23.2,    2.4,    2.0,    6.0,    0.0,   92.4,   93.4,    7.6,    6.6,     93,      6,      9,.,     16,     12,      6,     19,     20,      5,      5,      6,.,     53,     54,    48.3,    41.2,    64.2,    57.4,    46.2,    41.2,    62.1,    57.4,"(CONTRACTS OF NZD 100,000)",112741,CME ,112 ,F15,FutOnly
NZ DOLLAR - CHICAGO MERCANTILE EXCHANGE,240820,2024-08-20,112741,CME ,00,112 ,   66846,   33899,   17188,     484,    8145,   21901,    1875,   16718,   14985,     587,     658,    5115,      15,   62381,   62150,    4465,    4696,     250,   -3942,    1906,     322,    2516,   -3113,     727,     -82,     199,     237,     247,     703,       0,      25,     981,     225,    -731,  100.0,   50.7,   25.7,    0.7,   12.2,   32.8,    2.8,   25.0,   22.4,    0.9,    1.0,    7.7,    0.0,   93.3,   93.0,    6.7,    7.0,     96,      7,      7,.,     14,     14,      6,     19,     23,      9,      4,      8,.,     53,     61,    54.7,    39.3,    70.6,    55.4,    54.2,    39.3,    70.0,    55.4,"(CONTRACTS OF NZD 100,000)",112741,CME ,112 ,F15,FutOnly
NZ DOLLAR - CHICAGO MERCANTILE EXCHANGE,240813,2024-08-13,112741,CME ,00,112 ,   66596,   37841,   15282,     162,    5629,   25014,    1148,   16800,   14786,     350,     411,    4412,      15,   62356,   61169,    4240,    5427,   -7545,   -4205,     653,      -2,    1897,   -4471,     313,   -6247,   -3856,     213,    -143,     178,       0,   -8174,   -6972,     629,    -573,  100.0,   56.8,   22.9,    0.2,    8.5,   37.6,    1.7,   25.2,   22.2,    0.5,    0.6,    6.6,    0.0,   93.6,   91.9,    6.4,    8.1,     88,      7,      5,.,      9,     18,      4,     19,     21,      8,.,      7,.,     44,     58,    59.6,    38.9,    73.7,    54.4,    59.6,    38.9,    73.5,    54.4,"(CONTRACTS OF NZD 100,000)",112741,CME ,112 ,F15,FutOnly
NZ DOLLAR - CHICAGO MERCANTILE EXCHANGE,240806,2024-08-06,112741,CME ,00,112 ,   74141,   42046,   14629,     164,    3732,   29485,     835,   23047,   18642,     137,     554,    4234,      15,   70530,   68141,    3611,    6000,   -2182,    8755,     260,      -5,   -2498,   -4310,     179,   -7758,    1933,    -129,    -787,      -4,      -3,   -2246,   -2079,      64,    -103,  100.0,   56.7,   19.7,    0.2,    5.0,   39.8,    1.1,   31.1,   25.1,    0.2,    0.7,    5.7,    0.0,   95.1,   91.9,    4.9,    8.1,     98,      9,      4,.,      8,     21,      4,     19,     24,      7,      4,      9,.,     47,     64,    56.4,    33.5,    71.9,    49.6,    56.4,    33.5,    71.8,    49.6,"(CONTRACTS OF NZD 100,000)",112741,CME ,112 ,F15,FutOnly
NZ DOLLAR - CHICAGO MERCANTILE EXCHANGE,240730,2024-07-30,112741,CME ,00,112 ,   76323,   33291,   14369,     169,    6230,   33795,     656,   30805,   16709,     266,    1341,    4238,      18,   72776,   70220,    3547,    6103,   12734,   16044,   -3780,      11,   -4104,    9088,     267,    2131,    6161,    -479,    -742,     532,     -74,   13054,   11726,    -320,    1008,  100.0,   43.6,   18.8,    0.2,    8.2,   44.3,    0.9,   40.4,   21.9,    0.3,    1.8,    5.6,    0.0,   95.4,   92.0,    4.6,    8.0,    109,      9,      5,.,      9,     22,      4,     22,     27,      5,      7,      8,.,     53,     68,    43.9,    34.2,    58.5,    50.9,    43.9,    34.2,    58.4,    50.9,"(CONTRACTS OF NZD 100,000)",112741,CME ,112 ,F15,FutOnly
NZ DOLLAR - CHICAGO MERCANTILE EXCHANGE,240723,2024-07-23,112741,CME ,00,112 ,   63589,   17247,   18149,     158,   10334,   24707,     389,   28674,   10548,     745,    2083,    3706,      92,   59722,   58494,    3867,    5095,    2636,    8000,   -2320,      21,   -9996,    4323,   -1084,    6304,     754,    -381,     526,    1308,      27,    3417,    2648,    -781,     -12,  100.0,   27.1,   28.5,    0.2,   16.3,   38.9,    0.6,   45.1,   16.6,    1.2,    3.3,    5.8,    0.1,   93.9,   92.0,    6.1,    8.0,    105,      7,      6,.,     14,     15,      5,     27,     19,      7,     11,      6,.,     64,     56,    29.7,    40.9,    47.4,    58.2,    29.7,    40.9,    47.4,    58.2,"(CONTRACTS OF NZD 100,000)",112741,CME ,112 ,F15,FutOnly
NZ DOLLAR - CHICAGO MERCANTILE EXCHANGE,240716,2024-07-16,112741,CME ,00,112 ,   60953,    9247,   20469,     137,   20330,   20384,    1473,   22370,    9794,    1126,    1557,    2398,      65,   56305,   55846,    4648,    5107,    1440,    7180,   -7645,     137,   -8137,    3188,    -434,    2050,    2145,     228,      -7,    2023,      25,    1042,    -333,     398,    1773,  100.0,   15.2,   33.6,    0.2,   33.4,   33.4,    2.4,   36.7,   16.1,    1.8,    2.6,    3.9,    0.1,   92.4,   91.6,    7.6,    8.4,     97,      6,      6,.,     10,     18,      8,     26,     20,     13,      7,      4,.,     62,     59,    34.3,    44.1,    51.4,    59.3,    34.2,    42.2,    51.4,    57.4,"(CONTRACTS OF NZD 100,000)",112741,CME ,112 ,F15,FutOnly
NZ DOLLAR - CHICAGO MERCANTILE EXCHANGE,240709,2024-07-09,112741,CME ,00,112 ,   59513,    2067,   28114,       0,   28467,   17196,    1907,   20320,    7649,     898,    1564,     375,      40,   55263,   56179,    4250,    3334,   -2978,     466,   -1269,       0,    -359,     101,     -20,   -3505,    -585,     -78,     123,    -254,       0,   -3373,   -2105,     395,    -873,  100.0,    3.5,   47.2,    0.0,   47.8,   28.9,    3.2,   34.1,   12.9,    1.5,    2.6,    0.6,    0.1,   92.9,   94.4,    7.1,    5.6,     93,      4,      6,      0,     15,     15,      5,     21,     22,     10,      6,.,.,     58,     52,    45.4,    48.6,    61.1,    66.9,    45.4,    45.9,    61.1,    64.2,"(CONTRACTS OF NZD 100,000)",112741,CME ,112 ,F15,FutOnly
NZ DOLLAR - CHICAGO MERCANTILE EXCHANGE,240702,2024-07-02,112741,CME ,00,112 ,   62491,    1601,   29383,       0,   28826,   17095,    1927,   23825,    8234,     976,    1441,     629,      40,   58636,   58284,    3855,    4207,    1996,    -363,    1691,     -11,   -1670,   -2449,     436,    3819,     791,     513,     -43,     433,       0,    2681,    1404,    -685,     592,  100.0,    2.6,   47.0,    0.0,   46.1,   27.4,    3.1,   38.1,   13.2,    1.6,    2.3,    1.0,    0.1,   93.8,   93.3,    6.2,    6.7,     92,.,     10,      0,     17,     11,      6,     25,     17,     12,      6,      4,.,     57,     55,    43.0,    44.3,    59.2,    63.7,    43.0,    42.1,    59.2,    61.1,"(CONTRACTS OF NZD 100,000)",112741,CME ,112 ,F15,FutOnly
NZ DOLLAR - CHICAGO MERCANTILE EXCHANGE,240625,2024-06-25,112741,CME ,00,112 ,   60495,    1964,   27692,      11,   30496,   19544,    1491,   20006,    7443,     463,    1484,     196,      40,   55955,   56880,    4540,    3615,    2059,   -1674,    4052,      -1,    1286,   -2145,     135,    2139,    -609,     -59,     603,    -200,      25,    2454,    1198,    -395,     861,  100.0,    3.2,   45.8,    0.0,   50.4,   32.3,    2.5,   33.1,   12.3,    0.8,    2.5,    0.3,    0.1,   92.5,   94.0,    7.5,    6.0,     86,.,      9,.,     16,     12,      7,     19,     18,      4,      7,.,.,     53,     47,    43.2,    44.9,    60.2,    63.6,    43.1,    42.9,    60.1,    61.6,"(CONTRACTS OF NZD 100,000)",112741,CME ,112 ,F15,FutOnly
NZ DOLLAR - CHICAGO MERCANTILE EXCHANGE,240618,2024-06-18,112741,CME ,00,112 ,   58436,    3638,   23640,      12,   29210,   21689,    1356,   17867,    8052,     522,     881,     396,      15,   53501,   55682,    4935,    2754,   -7349,   -1873,   11461,  -10923,    5849,   -3284,     694,    1372,   -1779,   -2628,    -197,     208,     -62,   -7768,   -6313,     419,   -1036,  100.0,    6.2,   40.5,    0.0,   50.0,   37.1,    2.3,   30.6,   13.8,    0.9,    1.5,    0.7,    0.0,   91.6,   95.3,    8.4,    4.7,     88,.,      9,.,     14,     13,      5,     19,     23,      5,      4,.,.,     49,     51,    42.7,    48.6,    59.9,    63.8,    42.7,    46.6,    59.9,    61.5,"(CONTRACTS OF NZD 100,000)",112741,CME ,112 ,F15,FutOnly
NZ DOLLAR - CHICAGO MERCANTILE EXCHANGE,240611,2024-06-11,112741,CME ,00,112 ,   65785,    5511,   12179,   10935,   23361,   24973,     662,   16495,    9831,    3150,    1078,     188,      77,   61269,   61995,    4516,    3790,   11027,   -1837,    2448,    7757,    3853,    1592,    -332,      38,   -1947,    1307,    -279,     -50,      62,   10569,   10837,     458,     190,  100.0,    8.4,   18.5,   16.6,   35.5,   38.0,    1.0,   25.1,   14.9,    4.8,    1.6,    0.3,    0.1,   93.1,   94.2,    6.9,    5.8,     91,      7,      8,      6,     14,     14,      5,     22,     18,     12,      5,.,.,     63,     53,    32.3,    40.0,    51.9,    56.5,    30.0,    31.6,    44.3,    45.0,"(CONTRACTS OF NZD 100,000)",112741,CME ,112 ,F15,FutOnly
NZ DOLLAR - CHICAGO MERCANTILE EXCHANGE,240604,2024-06-04,112741,CME ,00,112 ,   54758,    7348,    9731,    3178,   19508,   23381,     994,   16457,   11778,    1843,    1357,     238,      15,   50700,   51158,    4058,    3600,   -2767,   -6377,     910,    1178,    5080,     954,     139,   -3039,   -5382,    -144,      25,     -68,       0,   -3138,   -2413,     371,    -354,  100.0,   13.4,   17.8,    5.8,   35.6,   42.7,    1.8,   30.1,   21.5,    3.4,    2.5,    0.4,    0.0,   92.6,   93.4,    7.4,    6.6,     97,      8,      6,.,     18,     12,      4,     20,     25,      8,      5,.,.,     59,     54,    31.3,    37.1,    48.6,    52.8,    29.8,    36.2,    45.3,    49.4,"(CONTRACTS OF NZD 100,000)",112741,CME ,112 ,F15,FutOnly
NZ DOLLAR - CHICAGO MERCANTILE EXCHANGE,240528,2024-05-28,112741,CME ,00,112 ,   57525,   13725,    8821,    2000,   14428,   22427,     855,   19496,   17160,    1987,    1332,     306,      15,   53838,   53571,    3687,    3954,    8420,    -988,      79,    2000,    4132,    1113,    -221,    1232,    4151,    1775,      61,     201,       0,    7991,    9098,     429,    -678,  100.0,   23.9,   15.3,    3.5,   25.1,   39.0,    1.5,   33.9,   29.8,    3.5,    2.3,    0.5,    0.0,   93.6,   93.1,    6.4,    6.9,     97,      8,      5,.,     18,     14,.,     19,     25,     10,      6,.,.,     60,     52,    33.9,    36.4,    52.9,    51.9,    33.4,    35.6,    50.8,    49.8,"(CONTRACTS OF NZD 100,000)",112741,CME ,112 ,F15,FutOnly
NZ DOLLAR - CHICAGO MERCANTILE EXCHANGE,240521,2024-05-21,112741,CME ,00,112 ,   49105,   14713,    8742,       0,   10296,   21314,    1076,   18264,   13009,     212,    1271,     105,      15,   45847,   44473,    3258,    4632,   -6535,   -7961,    1883,     -34,    3697,   -7241,    -346,   -1938,    -228,      19,     453,    -575,       0,   -6110,   -6522,    -425,     -13,  100.0,   30.0,   17.8,    0.0,   21.0,   43.4,    2.2,   37.2,   26.5,    0.4,    2.6,    0.2,    0.0,   93.4,   90.6,    6.6,    9.4,     92,      8,      5,      0,     13,     16,      5,     17,     27,      8,      5,.,.,     51,     55,    34.7,    40.0,    56.0,    55.0,    34.7,    40.0,    56.0,    55.0,"(CONTRACTS OF NZD 100,000)",112741,CME ,112 ,F15,FutOnly
NZ DOLLAR - CHICAGO MERCANTILE EXCHANGE,240514,2024-05-14,112741,CME ,00,112 ,   55640,   22674,    6859,      34,    6599,   28555,    1422,   20202,   13237,     193,     818,     680,      15,   51957,   50995,    3683,    4645,    -182,    -841,      98,       1,     598,    -395,     -47,    -797,     935,      87,     282,     243,     -24,    -741,     898,     559,   -1080,  100.0,   40.8,   12.3,    0.1,   11.9,   51.3,    2.6,   36.3,   23.8,    0.3,    1.5,    1.2,    0.0,   93.4,   91.7,    6.6,    8.3,     97,     10,      5,.,      9,     22,      7,     18,     25,      7,      4,      4,.,     50,     63,    39.2,    35.7,    59.9,    49.5,    39.2,    35.7,    59.9,    49.4,"(CONTRACTS OF NZD 100,000)",112741,CME ,112 ,F15,FutOnly
NZ DOLLAR - CHICAGO MERCANTILE EXCHANGE,240507,2024-05-07,112741,CME ,00,112 ,   55822,   23515,    6761,      33,    6001,   28950,    1469,   20999,   12302,     106,     536,     437,      39,   52698,   50097,    3124,    5725,   -2989,    -500,    -647,      -4,   -1478,   -3061,     492,    -616,    -239,     -25,    -729,      79,       0,   -2860,   -3405,    -129,     416,  100.0,   42.1,   12.1,    0.1,   10.8,   51.9,    2.6,   37.6,   22.0,    0.2,    1.0,    0.8,    0.1,   94.4,   89.7,    5.6,   10.3,     91,     11,      4,.,      8,     20,      6,     18,     24,      5,.,.,.,     48,     57,    39.7,    35.2,    59.5,    49.7,    39.7,    35.1,    59.5,    49.6,"(CONTRACTS OF NZD 100,000)",112741,CME ,112 ,F15,FutOnly
NZ DOLLAR - CHICAGO MERCANTILE EXCHANGE,240430,2024-04-30,112741,CME ,00,112 ,   58811,   24015,    7408,      37,    7479,   32011,     977,   21615,   12541,     131,    1265,     358,      39,   55558,   53502,    3253,    5309,     241,   -3270,     685,       3,     852,    -244,      72,    2247,     143,      69,     448,      -8,       0,     421,     720,    -180,    -479,  100.0,   40.8,   12.6,    0.1,   12.7,   54.4,    1.7,   36.8,   21.3,    0.2,    2.2,    0.6,    0.1,   94.5,   91.0,    5.5,    9.0,    103,     10,      5,.,     11,     21,      4,     22,     25,      6,      6,.,.,     55,     61,    39.7,    33.9,    57.5,    48.7,    39.7,    33.9,    57.5,    48.7,"(CONTRACTS OF NZD 100,000)",112741,CME ,112 ,F15,FutOnly
NZ DOLLAR - CHICAGO MERCANTILE EXCHANGE,240423,2024-04-23,112741,CME ,00,112 ,   58570,   27285,    6723,      34,    6627,   32255,     905,   19368,   12398,      62,     817,     366,      39,   55137,   52782,    3433,    5788,   -4287,   -3574,    -163,       0,     109,   -1180,    -238,    -291,   -2100,    -267,    -187,     -11,       0,   -4448,   -3959,     161,    -328,  100.0,   46.6,   11.5,    0.1,   11.3,   55.1,    1.5,   33.1,   21.2,    0.1,    1.4,    0.6,    0.1,   94.1,   90.1,    5.9,    9.9,     96,     11,.,.,      6,     22,      4,     23,     23,      5,      5,.,.,     52,     56,    38.0,    33.6,    52.7,    48.0,    38.0,    33.6,    52.7,    48.0,"(CONTRACTS OF NZD 100,000)",112741,CME ,112 ,F15,FutOnly
NZ DOLLAR - CHICAGO MERCANTILE EXCHANGE,240416,2024-04-16,112741,CME ,00,112 ,   62857,   30859,    6886,      34,    6518,   33435,    1143,   19659,   14498,     329,    1004,     377,      39,   59585,   56741,    3272,    6116,    6597,    4142,      25,      -2,    -394,    1093,     -57,    1895,    4848,     244,     359,    -116,       0,    6187,    6035,     410,     562,  100.0,   49.1,   11.0,    0.1,   10.4,   53.2,    1.8,   31.3,   23.1,    0.5,    1.6,    0.6,    0.1,   94.8,   90.3,    5.2,    9.7,     99,     12,      4,.,      7,     21,      4,     22,     24,      5,      6,.,.,     51,     60,    40.8,    31.1,    55.6,    46.4,    40.8,    31.1,    55.5,    46.4,"(CONTRACTS OF NZD 100,000)",112741,CME ,112 ,F15,FutOnly
NZ DOLLAR - CHICAGO MERCANTILE EXCHANGE,240409,2024-04-09,112741,CME ,00,112 ,   56260,   26717,    6861,      36,    6912,   32342,    1200,   17764,    9650,      85,     645,     493,      39,   53398,   50706,    2862,    5554,   -5472,    -708,     -51,      -1,     304,   -2081,      35,   -4351,   -2561,     -38,    -180,     233,     -12,   -4951,   -4476,    -521,    -996,  100.0,   47.5,   12.2,    0.1,   12.3,   57.5,    2.1,   31.6,   17.2,    0.2,    1.1,    0.9,    0.1,   94.9,   90.1,    5.1,    9.9,     96,     12,      4,.,      7,     22,      5,     21,     23,      4,      4,.,.,     50,     58,    40.0,    33.0,    58.9,    49.0,    40.0,    32.9,    58.9,    49.0,"(CONTRACTS OF NZD 100,000)",112741,CME ,112 ,F15,FutOnly
NZ DOLLAR - CHICAGO MERCANTILE EXCHANGE,240402,2024-04-02,112741,CME ,00,112 ,   61732,   27425,    6912,      37,    6608,   34423,    1165,   22115,   12211,     123,     825,     260,      51,   58349,   55182,    3383,    6550,    8316,    4398,     112,       9,   -1779,    5060,      -5,    6085,    2128,     -52,      65,       9,     -21,    8700,    7240,    -384,    1076,  100.0,   44.4,   11.2,    0.1,   10.7,   55.8,    1.9,   35.8,   19.8,    0.2,    1.3,    0.4,    0.1,   94.5,   89.4,    5.5,   10.6,    103,     12,      4,.,      9,     23,      6,     21,     28,.,      4,.,.,     49,     65,    36.8,    31.6,    56.5,    45.6,    36.8,    31.6,    56.4,    45.6,"(CONTRACTS OF NZD 100,000)",112741,CME ,112 ,F15,FutOnly
NZ DOLLAR - CHICAGO MERCANTILE EXCHANGE,240326,2024-03-26,112741,CME ,00,112 ,   53416,   23027,    6800,      28,    8387,   29363,    1170,   16030,   10083,     175,     760,     251,      72,   49649,   47942,    3767,    5474,    3115,    6983,     143,      17,   -5342,    3706,     189,    2505,   -2059,    -596,    -202,     251,      72,    3626,    1723,    -511,    1392,  100.0,   43.1,   12.7,    0.1,   15.7,   55.0,    2.2,   30.0,   18.9,    0.3,    1.4,    0.5,    0.1,   92.9,   89.8,    7.1,   10.2,     99,     12,.,.,      9,     21,      6,     23,     25,      4,      4,.,.,     54,     57,    35.5,    37.7,    51.5,    51.4,    35.5,    37.7,    51.5,    51.4,"(CONTRACTS OF NZD 100,000)",112741,CME ,112 ,F15,FutOnly
NZ DOLLAR - CHICAGO MERCANTILE EXCHANGE,240319,2024-03-19,112741,CME ,00,112 ,   50301,   16044,    6657,      11,   13729,   25657,     981,   13525,   12142,     771,     962,       0,       0,   46023,   46219,    4278,    4082,   -2410,   11081,     322,   -7654,   -2529,    4774,   -2068,    1356,    3235,   -2263,      99,       0,     -10,   -1988,   -3664,    -422,    1254,  100.0,   31.9,   13.2,    0.0,   27.3,   51.0,    2.0,   26.9,   24.1,    1.5,    1.9,    0.0,    0.0,   91.5,   91.9,    8.5,    8.1,     93,     11,.,.,     13,     21,      7,     14,     26,      8,      5,      0,      0,     54,     55,    27.8,    39.5,    45.1,    54.2,    27.8,    39.5,    45.1,    54.1,"(CONTRACTS OF NZD 100,000)",112741,CME ,112 ,F15,FutOnly
NZ DOLLAR - CHICAGO MERCANTILE EXCHANGE,240312,2024-03-12,112741,CME ,00,112 ,   52711,    4963,    6335,    7665,   16258,   20883,    3049,   12169,    8907,    3034,     863,       0,      10,   48011,   49883,    4700,    2828,    2588,    -431,   -1924,    5226,    -401,    -531,     379,   -4770,   -1470,    2256,     -49,    -412,     -41,    2169,    3483,     419,    -895,  100.0,    9.4,   12.0,   14.5,   30.8,   39.6,    5.8,   23.1,   16.9,    5.8,    1.6,    0.0,    0.0,   91.1,   94.6,    8.9,    5.4,     89,      6,      7,      5,     15,     16,      7,     19,     21,     14,      4,      0,.,     60,     56,    32.9,    37.4,    53.2,    55.5,    30.8,    30.5,    46.5,    44.0,"(CONTRACTS OF NZD 100,000)",112741,CME ,112 ,F15,FutOnly
NZ DOLLAR - CHICAGO MERCANTILE EXCHANGE,240305,2024-03-05,112741,CME ,00,112 ,   50123,    5394,    8259,    2439,   16659,   21414,    2670,   16939,   10377,     778,     912,     412,      51,   45842,   46400,    4281,    3723,    1660,     637,   -5002,    2431,   -2841,    4110,     202,    1801,   -1935,     320,    -202,     412,      51,    2399,     589,    -739,    1071,  100.0,   10.8,   16.5,    4.9,   33.2,   42.7,    5.3,   33.8,   20.7,    1.6,    1.8,    0.8,    0.1,   91.5,   92.6,    8.5,    7.4,     93,      6,      7,.,     14,     18,      8,     16,     24,      7,      5,.,.,     52,     61,    35.2,    37.1,    53.9,    56.2,    35.2,    34.0,    52.4,    50.0,"(CONTRACTS OF NZD 100,000)",112741,CME ,112 ,F15,FutOnly
NZ DOLLAR - CHICAGO MERCANTILE EXCHANGE,240227,2024-02-27,112741,CME ,00,112 ,   48463,    4757,   13261,       8,   19500,   17304,    2468,   15138,   12312,     458,    1114,       0,       0,   43443,   45811,    5020,    2652,    7513,     181,    5860,       0,    8670,     -92,    -143,   -1467,    3711,    -439,     271,    -629,       0,    7073,    8268,     440,    -755,  100.0,    9.8,   27.4,    0.0,   40.2,   35.7,    5.1,   31.2,   25.4,    0.9,    2.3,    0.0,    0.0,   89.6,   94.5,   10.4,    5.5,     89,      5,      7,.,     16,     14,      5,     18,     23,.,      6,      0,      0,     49,     49,    36.2,    43.5,    53.9,    60.0,    36.2,    40.3,    53.8,    56.7,"(CONTRACTS OF NZD 100,000)",112741,CME ,112 ,F15,FutOnly
NZ DOLLAR - CHICAGO MERCANTILE EXCHANGE,240220,2024-02-20,112741,CME ,00,112 ,   40950,    4576,    7401,       8,   10830,   17396,    2611,   16605,    8601,     897,     843,     629,       0,   36370,   37543,    4580,    3407,    -877,    -650,    2195,       0,   -1526,   -2726,     608,     817,   -1155,     119,      -6,     396,       0,    -638,    -563,    -239,    -314,  100.0,   11.2,   18.1,    0.0,   26.4,   42.5,    6.4,   40.5,   21.0,    2.2,    2.1,    1.5,    0.0,   88.8,   91.7,   11.2,    8.3,     83,      5,      7,.,     12,     14,      6,     21,     18,      7,      4,.,      0,     44,     53,    34.4,    42.8,    53.6,    58.5,    34.4,    38.9,    52.8,    54.6,"(CONTRACTS OF NZD 100,000)",112741,CME ,112 ,F15,FutOnly
NZ DOLLAR - CHICAGO MERCANTILE EXCHANGE,240213,2024-02-13,112741,CME ,00,112 ,   41827,    5226,    5206,       8,   12356,   20122,    2003,   15788,    9756,     778,     849,     233,       0,   37008,   38106,    4819,    3721,    2522,   -1242,    3449,       0,    1640,     940,    -120,    1391,   -1135,      28,     333,    -174,       0,    2030,    2988,     492,    -466,  100.0,   12.5,   12.4,    0.0,   29.5,   48.1,    4.8,   37.7,   23.3,    1.9,    2.0,    0.6,    0.0,   88.5,   91.1,   11.5,    8.9,     86,      7,      5,.,     12,     18,      6,     14,     24,      7,      4,.,      0,     44,     56,    37.0,    39.7,    57.7,    55.4,    37.0,    37.1,    57.7,    52.7,"(CONTRACTS OF NZD 100,000)",112741,CME ,112 ,F15,FutOnly
NZ DOLLAR - CHICAGO MERCANTILE EXCHANGE,240206,2024-02-06,112741,CME ,00,112 ,   39305,    6468,    1757,       8,   10716,   19182,    2123,   14397,   10891,     750,     516,     407,       0,   34978,   35118,    4327,    4187,    2326,    -496,    -112,     -13,    1442,    -688,     819,     554,     965,     165,     116,     262,       0,    2587,    1398,    -261,     928,  100.0,   16.5,    4.5,    0.0,   27.3,   48.8,    5.4,   36.6,   27.7,    1.9,    1.3,    1.0,    0.0,   89.0,   89.3,   11.0,   10.7,     85,      7,      5,.,     10,     20,      6,     18,     19,      7,.,.,      0,     44,     55,    33.8,    37.9,    48.7,    53.6,    33.8,    34.8,    48.7,    50.5,"(CONTRACTS OF NZD 100,000)",112741,CME ,112 ,F15,FutOnly
NZ DOLLAR - CHICAGO MERCANTILE EXCHANGE,240130,2024-01-30,112741,CME ,00,112 ,   36979,    6964,    1869,      21,    9274,   19870,    1304,   13843,    9926,     585,     400,     145,       0,   32391,   33720,    4588,    3259,     346,     489,   -1076,     -48,   -2642,    -463,     -24,    2604,    2056,    -130,     139,     -15,       0,     388,     300,     -42,      46,  100.0,   18.8,    5.1,    0.1,   25.1,   53.7,    3.5,   37.4,   26.8,    1.6,    1.1,    0.4,    0.0,   87.6,   91.2,   12.4,    8.8,     78,      7,      5,.,     11,     15,      4,     19,     17,      6,.,.,      0,     46,     44,    34.1,    44.0,    51.1,    62.5,    34.1,    40.7,    50.6,    59.1,"(CONTRACTS OF NZD 100,000)",112741,CME ,112 ,F15,FutOnly
NZ DOLLAR - CHICAGO MERCANTILE EXCHANGE,240123,2024-01-23,112741,CME ,00,112 ,   36633,    6475,    2945,      69,   11916,   20333,    1328,   11239,    7870,     715,     261,     160,       0,   32003,   33420,    4630,    3213,   -1833,     390,   -2069,       8,   -1700,    1523,     365,     954,   -1518,    -194,    -192,      50,       0,    -369,   -1835,   -1464,       2,  100.0,   17.7,    8.0,    0.2,   32.5,   55.5,    3.6,   30.7,   21.5,    2.0,    0.7,    0.4,    0.0,   87.4,   91.2,   12.6,    8.8,     81,      7,      5,.,     13,     18,      6,     19,     16,      7,.,.,      0,     48,     47,    29.6,    44.2,    46.7,    57.2,    29.6,    40.7,    46.7,    53.7,"(CONTRACTS OF NZD 100,000)",112741,CME ,112 ,F15,FutOnly
NZ DOLLAR - CHICAGO MERCANTILE EXCHANGE,240116,2024-01-16,112741,CME ,00,112 ,   38466,    6085,    5014,      61,   13616,   18810,     963,   10285,    9388,     909,     453,     110,       0,   32372,   35255,    6094,    3211,     -73,     118,   -1691,       0,     480,     426,     -73,   -1428,     913,     226,    -326,     110,       0,   -1003,     -89,     930,      16,  100.0,   15.8,   13.0,    0.2,   35.4,   48.9,    2.5,   26.7,   24.4,    2.4,    1.2,    0.3,    0.0,   84.2,   91.7,   15.8,    8.3,     77,      6,      5,.,     14,     14,      5,     18,     17,      7,.,.,      0,     47,     43,    30.0,    39.7,    45.6,    54.4,    30.0,    37.2,    45.6,    51.9,"(CONTRACTS OF NZD 100,000)",112741,CME ,112 ,F15,FutOnly
NZ DOLLAR - CHICAGO MERCANTILE EXCHANGE,240109,2024-01-09,112741,CME ,00,112 ,   38539,    5967,    6705,      61,   13136,   18384,    1036,   11713,    8475,     683,     779,       0,       0,   33375,   35344,    5164,    3195,    -676,     510,    -144,      61,   -1094,     312,      30,     117,   -1425,     271,     -86,    -312,       0,    -191,   -1207,    -485,     531,  100.0,   15.5,   17.4,    0.2,   34.1,   47.7,    2.7,   30.4,   22.0,    1.8,    2.0,    0.0,    0.0,   86.6,   91.7,   13.4,    8.3,     73,      6,      5,.,     14,     13,      4,     15,     17,      6,.,      0,      0,     44,     40,    32.0,    39.8,    48.7,    54.5,    32.0,    37.8,    48.7,    52.5,"(CONTRACTS OF NZD 100,000)",112741,CME ,112 ,F15,FutOnly
NZ DOLLAR - CHICAGO MERCANTILE EXCHANGE,240102,2024-01-02,112741,CME ,00,112 ,   39215,    5457,    6849,       0,   14230,   18072,    1006,   11596,    9900,     412,     865,     312,       0,   33566,   36551,    5649,    2664,    4304,    -120,    3228,       0,    2232,     472,     -50,    2106,     994,    -332,      -2,     -18,       0,    3834,    4294,     470,      10,  100.0,   13.9,   17.5,    0.0,   36.3,   46.1,    2.6,   29.6,   25.2,    1.1,    2.2,    0.8,    0.0,   85.6,   93.2,   14.4,    6.8,     79,      5,      5,      0,     17,     14,      4,     18,     15,.,.,.,      0,     48,     38,    34.3,    38.7,    49.4,    53.9,    34.3,    36.3,    49.4,    51.5,"(CONTRACTS OF NZD 100,000)",112741,CME ,112 ,F15,FutOnly
