CANADIAN DOLLAR - CHICAGO MERCANTILE EXCHANGE,251230,2025-12-30,090741,CME ,00,090 ,  211171,   74959,   44514,      22,   71770,   60787,    5208,   14314,   72992,    1263,   13453,     626,       0,  180989,  185412,   30182,   25759,   14033,   -1469,   21570,       0,   11034,   -6312,      -5,     490,    1449,     469,     832,       0,       0,   11351,   17171,    2682,   -3138,  100.0,   35.5,   21.1,    0.0,   34.0,   28.8,    2.5,    6.8,   34.6,    0.6,    6.4,    0.3,    0.0,   85.7,   87.8,   14.3,   12.2,    122,      9,      8,.,     21,     18,      5,     17,     36,     10,     12,.,      0,     69,     69,    48.1,    32.8,    59.4,    44.6,    48.1,    32.8,    57.6,    44.6,"(CONTRACTS OF CAD 100,000)",090741,CME ,090 ,F10,FutOnly
CANADIAN DOLLAR - CHICAGO MERCANTILE EXCHANGE,251223,2025-12-23,090741,CME ,00,090 ,  197138,   76428,   22944,      22,   60736,   67099,    5213,   13824,   71543,     794,   12621,     626,       0,  169638,  168241,   27500,   28897,  -47289,  -34043,   10912,  -28541,   15081,   -5408,     -40,    2751,  -16548,   -5054,     521,    -445,       0,  -49325,  -45124,    2036,   -2165,  100.0,   38.8,   11.6,    0.0,   30.8,   34.0,    2.6,    7.0,   36.3,    0.4,    6.4,    0.3,    0.0,   86.1,   85.3,   13.9,   14.7,    118,      8,      7,.,     20,     18,      6,     16,     36,      9,     12,.,      0,     65,     69,    50.4,    27.0,    60.7,    42.0,    50.4,    27.0,    59.3,    42.0,"(CONTRACTS OF CAD 100,000)",090741,CME ,090 ,F10,FutOnly
CANADIAN DOLLAR - CHICAGO MERCANTILE EXCHANGE,251216,2025-12-16,090741,CME ,00,090 ,  244427,  110471,   12032,   28563,   45655,   72507,    5253,   11073,   88091,    5848,   12100,    1071,       0,  218963,  213365,   25464,   31062,   -7441,  -43999,    5665,   24368,   12943,  -36240,    -398,   -1486,    1142,    1165,     597,      13,      -1,   -6811,   -4286,    -630,   -3155,  100.0,   45.2,    4.9,   11.7,   18.7,   29.7,    2.1,    4.5,   36.0,    2.4,    5.0,    0.4,    0.0,   89.6,   87.3,   10.4,   12.7,    114,      8,      8,      9,     17,     20,      7,     12,     37,      7,     10,.,      0,     60,     77,    54.9,    25.7,    66.0,    38.3,    47.0,    21.7,    56.1,    32.8,"(CONTRACTS OF CAD 100,000)",090741,CME ,090 ,F10,FutOnly
CANADIAN DOLLAR - CHICAGO MERCANTILE EXCHANGE,251209,2025-12-09,090741,CME ,00,090 ,  251868,  154470,    6367,    4195,   32712,  108747,    5651,   12559,   86949,    4683,   11503,    1058,       1,  225774,  217651,   26094,   34217,  -23129,  -25104,   -2052,     963,    -218,  -19295,      21,   -2341,   -3675,    2377,     136,   -1525,       0,  -24166,  -23186,    1037,      57,  100.0,   61.3,    2.5,    1.7,   13.0,   43.2,    2.2,    5.0,   34.5,    1.9,    4.6,    0.4,    0.0,   89.6,   86.4,   10.4,   13.6,    121,      9,      7,      4,     16,     24,      9,     16,     37,     14,     10,.,.,     66,     83,    57.3,    27.5,    68.0,    42.6,    57.3,    27.5,    66.5,    42.5,"(CONTRACTS OF CAD 100,000)",090741,CME ,090 ,F10,FutOnly
CANADIAN DOLLAR - CHICAGO MERCANTILE EXCHANGE,251202,2025-12-02,090741,CME ,00,090 ,  274997,  179574,    8419,    3232,   32930,  128042,    5630,   14900,   90624,    2306,   11367,    2583,       1,  249940,  240837,   25057,   34160,   -5115,     671,    -927,    2782,   -3118,   -2025,      42,   -5420,   -2175,   -1087,   -1067,     136,       0,   -7197,   -3254,    2082,   -1861,  100.0,   65.3,    3.1,    1.2,   12.0,   46.6,    2.0,    5.4,   33.0,    0.8,    4.1,    0.9,    0.0,   90.9,   87.6,    9.1,   12.4,    127,     10,      7,      4,     18,     31,     11,     13,     35,      7,      9,      4,.,     59,     91,    58.3,    33.1,    70.5,    47.8,    57.3,    33.1,    69.4,    47.7,"(CONTRACTS OF CAD 100,000)",090741,CME ,090 ,F10,FutOnly
CANADIAN DOLLAR - CHICAGO MERCANTILE EXCHANGE,251125,2025-11-25,090741,CME ,00,090 ,  280112,  178903,    9346,     450,   36048,  130067,    5588,   20320,   92799,    3393,   12434,    2447,       1,  257137,  244091,   22975,   36021,    1712,     171,    -520,    -170,     765,     671,     938,   -1038,    -927,    1155,     -98,     101,     -21,    1702,    1227,      10,     485,  100.0,   63.9,    3.3,    0.2,   12.9,   46.4,    2.0,    7.3,   33.1,    1.2,    4.4,    0.9,    0.0,   91.8,   87.1,    8.2,   12.9,    144,      9,      9,      4,     20,     29,      9,     17,     47,     10,     10,.,.,     67,    101,    57.3,    30.2,    68.1,    43.9,    57.2,    30.0,    68.0,    43.7,"(CONTRACTS OF CAD 100,000)",090741,CME ,090 ,F10,FutOnly
CANADIAN DOLLAR - CHICAGO MERCANTILE EXCHANGE,251118,2025-11-18,090741,CME ,00,090 ,  278400,  178732,    9866,     620,   35283,  129396,    4650,   21358,   93726,    2238,   12532,    2346,      22,  255435,  242864,   22965,   35536,  -11205,  -13102,    -644,     211,     -79,   -6885,     246,    2574,    2848,   -1863,     324,   -1930,      11,  -11678,   -8006,     473,   -3199,  100.0,   64.2,    3.5,    0.2,   12.7,   46.5,    1.7,    7.7,   33.7,    0.8,    4.5,    0.8,    0.0,   91.8,   87.2,    8.2,   12.8,    139,     10,      8,      5,     18,     28,      7,     17,     44,      9,     10,      4,.,     68,     94,    57.7,    30.5,    68.5,    43.4,    57.7,    30.5,    68.4,    43.3,"(CONTRACTS OF CAD 100,000)",090741,CME ,090 ,F10,FutOnly
CANADIAN DOLLAR - CHICAGO MERCANTILE EXCHANGE,251110,2025-11-10,090741,CME ,00,090 ,  289605,  191834,   10510,     409,   35362,  136281,    4404,   18784,   90878,    4101,   12208,    4276,      11,  267113,  250870,   22492,   38735,   -3359,    4844,     825,     196,    -271,    1356,    -150,   -6304,   -7155,    -969,    -809,      72,       6,   -3457,   -5819,      98,    2460,  100.0,   66.2,    3.6,    0.1,   12.2,   47.1,    1.5,    6.5,   31.4,    1.4,    4.2,    1.5,    0.0,   92.2,   86.6,    7.8,   13.4,    135,      9,      8,      4,     16,     31,      6,     15,     40,     10,     10,      6,.,     62,     95,    56.8,    30.4,    69.9,    43.1,    56.8,    30.4,    69.9,    43.1,"(CONTRACTS OF CAD 100,000)",090741,CME ,090 ,F10,FutOnly
CANADIAN DOLLAR - CHICAGO MERCANTILE EXCHANGE,251104,2025-11-04,090741,CME ,00,090 ,  292964,  186990,    9685,     213,   35633,  134925,    4554,   25088,   98033,    5070,   13017,    4204,       5,  270570,  256689,   22394,   36275,   14214,   12222,     801,     -21,     131,   -2270,    -424,    -762,   13175,    1186,     521,    -108,     -48,   12805,   12291,    1409,    1923,  100.0,   63.8,    3.3,    0.1,   12.2,   46.1,    1.6,    8.6,   33.5,    1.7,    4.4,    1.4,    0.0,   92.4,   87.6,    7.6,   12.4,    149,      9,      9,      4,     17,     33,      9,     22,     40,     12,     12,      7,.,     72,    104,    54.2,    30.2,    67.5,    42.7,    54.2,    30.2,    67.5,    42.7,"(CONTRACTS OF CAD 100,000)",090741,CME ,090 ,F10,FutOnly
CANADIAN DOLLAR - CHICAGO MERCANTILE EXCHANGE,251028,2025-10-28,090741,CME ,00,090 ,  278750,  174768,    8884,     234,   35502,  137195,    4978,   25850,   84858,    3884,   12496,    4312,      53,  257765,  244398,   20985,   34352,    6331,    9056,    1737,      91,   -2677,    1272,     633,     419,    4582,    -647,     670,    -244,      48,    7593,    7472,   -1262,   -1141,  100.0,   62.7,    3.2,    0.1,   12.7,   49.2,    1.8,    9.3,   30.4,    1.4,    4.5,    1.5,    0.0,   92.5,   87.7,    7.5,   12.3,    143,     10,      9,.,     17,     33,     10,     22,     33,      9,     12,      7,.,     74,     94,    53.2,    33.1,    66.5,    47.3,    53.2,    33.0,    66.5,    47.1,"(CONTRACTS OF CAD 100,000)",090741,CME ,090 ,F10,FutOnly
CANADIAN DOLLAR - CHICAGO MERCANTILE EXCHANGE,251021,2025-10-21,090741,CME ,00,090 ,  272419,  165712,    7147,     143,   38179,  135923,    4345,   25431,   80276,    4531,   11826,    4556,       5,  250172,  236926,   22247,   35493,    2495,    1599,    1265,      -6,    2473,    -218,     333,   -1619,    3439,   -1512,      89,    -203,       0,    1357,    3098,    1138,    -603,  100.0,   60.8,    2.6,    0.1,   14.0,   49.9,    1.6,    9.3,   29.5,    1.7,    4.3,    1.7,    0.0,   91.8,   87.0,    8.2,   13.0,    135,     11,      6,.,     17,     32,      9,     18,     33,     10,     12,      6,.,     70,     88,    52.0,    31.6,    64.7,    46.5,    52.0,    31.6,    64.7,    46.4,"(CONTRACTS OF CAD 100,000)",090741,CME ,090 ,F10,FutOnly
CANADIAN DOLLAR - CHICAGO MERCANTILE EXCHANGE,251014,2025-10-14,090741,CME ,00,090 ,  269924,  164113,    5882,     149,   35706,  136141,    4012,   27050,   76837,    6043,   11737,    4759,       5,  248815,  233828,   21109,   36096,    8288,   10334,     143,    -155,    1660,   10248,    -653,   -5363,   -3318,    2123,     593,     361,       0,    8539,    8749,    -251,    -461,  100.0,   60.8,    2.2,    0.1,   13.2,   50.4,    1.5,   10.0,   28.5,    2.2,    4.3,    1.8,    0.0,   92.2,   86.6,    7.8,   13.4,    138,     10,      6,      4,     17,     32,      9,     22,     33,     10,     12,      6,.,     73,     90,    52.3,    30.9,    64.7,    44.6,    52.3,    30.7,    64.7,    44.5,"(CONTRACTS OF CAD 100,000)",090741,CME ,090 ,F10,FutOnly
CANADIAN DOLLAR - CHICAGO MERCANTILE EXCHANGE,251007,2025-10-07,090741,CME ,00,090 ,  261636,  153779,    5739,     304,   34046,  125893,    4665,   32413,   80155,    3920,   11144,    4398,       5,  240276,  225079,   21360,   36557,   21445,   21929,   -1054,     150,    -453,   19536,   -1495,     609,    2763,    -305,     708,     725,     -12,   21131,   20308,     314,    1137,  100.0,   58.8,    2.2,    0.1,   13.0,   48.1,    1.8,   12.4,   30.6,    1.5,    4.3,    1.7,    0.0,   91.8,   86.0,    8.2,   14.0,    134,     10,      5,      4,     15,     32,      8,     20,     33,      9,     12,      7,.,     67,     90,    49.6,    33.9,    62.9,    47.2,    49.6,    33.9,    62.9,    47.2,"(CONTRACTS OF CAD 100,000)",090741,CME ,090 ,F10,FutOnly
CANADIAN DOLLAR - CHICAGO MERCANTILE EXCHANGE,250930,2025-09-30,090741,CME ,00,090 ,  240191,  131850,    6793,     154,   34499,  106357,    6160,   31804,   77392,    4225,   10436,    3673,      17,  219145,  204771,   21046,   35420,   28005,   13081,     241,       0,   -2125,    8458,     489,   14515,   11347,    1594,    1297,    1723,      12,   28863,   23864,    -858,    4141,  100.0,   54.9,    2.8,    0.1,   14.4,   44.3,    2.6,   13.2,   32.2,    1.8,    4.3,    1.5,    0.0,   91.2,   85.3,    8.8,   14.7,    128,      8,      6,.,     17,     27,     10,     21,     31,      9,     12,      6,.,     68,     84,    50.9,    33.9,    61.5,    46.9,    50.8,    33.7,    61.2,    46.7,"(CONTRACTS OF CAD 100,000)",090741,CME ,090 ,F10,FutOnly
CANADIAN DOLLAR - CHICAGO MERCANTILE EXCHANGE,250923,2025-09-23,090741,CME ,00,090 ,  212186,  118769,    6552,     154,   36624,   97899,    5671,   17289,   66045,    2631,    9139,    1950,       5,  190282,  180907,   21904,   31279,  -54661,    1400,   -3538,  -54232,     -19,    3106,    -632,     511,    1023,   -1366,     384,    -686,       0,  -53954,  -56325,    -707,    1664,  100.0,   56.0,    3.1,    0.1,   17.3,   46.1,    2.7,    8.1,   31.1,    1.2,    4.3,    0.9,    0.0,   89.7,   85.3,   10.3,   14.7,    118,      9,      5,.,     19,     22,     10,     21,     28,     10,     10,      4,.,     71,     71,    56.6,    34.4,    65.0,    49.0,    56.5,    34.4,    64.2,    49.0,"(CONTRACTS OF CAD 100,000)",090741,CME ,090 ,F10,FutOnly
CANADIAN DOLLAR - CHICAGO MERCANTILE EXCHANGE,250916,2025-09-16,090741,CME ,00,090 ,  266847,  117369,   10090,   54386,   36643,   94793,    6303,   16778,   65022,    3997,    8755,    2636,       5,  244236,  237232,   22611,   29615,   17543,   -8406,   -4979,   32816,    3943,   -2626,   -4233,      -7,     890,   -3177,    -766,     599,     -22,   20148,   19268,   -2605,   -1725,  100.0,   44.0,    3.8,   20.4,   13.7,   35.5,    2.4,    6.3,   24.4,    1.5,    3.3,    1.0,    0.0,   91.5,   88.9,    8.5,   11.1,    120,      9,      7,      6,     18,     25,     12,     20,     28,     11,      9,      4,.,     74,     77,    53.8,    39.4,    67.1,    53.6,    41.3,    25.1,    49.7,    37.2,"(CONTRACTS OF CAD 100,000)",090741,CME ,090 ,F10,FutOnly
CANADIAN DOLLAR - CHICAGO MERCANTILE EXCHANGE,250909,2025-09-09,090741,CME ,00,090 ,  249304,  125775,   15069,   21570,   32700,   97419,   10536,   16785,   64132,    7174,    9521,    2037,      27,  224088,  217964,   25216,   31340,   23982,     317,   -1905,   19251,   -1014,   -1327,      27,    2239,    5557,     308,     107,    -418,      17,   21252,   21510,    2730,    2472,  100.0,   50.5,    6.0,    8.7,   13.1,   39.1,    4.2,    6.7,   25.7,    2.9,    3.8,    0.8,    0.0,   89.9,   87.4,   10.1,   12.6,    112,      8,      8,      5,     14,     25,     11,     20,     25,     14,      9,.,.,     72,     73,    51.0,    36.6,    64.2,    52.2,    47.8,    28.1,    56.6,    42.2,"(CONTRACTS OF CAD 100,000)",090741,CME ,090 ,F10,FutOnly
CANADIAN DOLLAR - CHICAGO MERCANTILE EXCHANGE,250902,2025-09-02,090741,CME ,00,090 ,  225322,  125458,   16974,    2319,   33714,   98746,   10509,   14546,   58575,    6866,    9414,    2455,      10,  202836,  196454,   22486,   28868,   -1858,    3065,   -1037,    1704,     532,   -5697,    -575,   -4975,    2911,    1325,      45,    -347,       0,    1121,   -1716,   -2979,    -142,  100.0,   55.7,    7.5,    1.0,   15.0,   43.8,    4.7,    6.5,   26.0,    3.0,    4.2,    1.1,    0.0,   90.0,   87.2,   10.0,   12.8,    110,      8,      8,      6,     17,     25,     10,     17,     22,     10,     10,.,.,     68,     70,    53.1,    32.1,    64.7,    50.6,    53.1,    29.8,    62.7,    47.6,"(CONTRACTS OF CAD 100,000)",090741,CME ,090 ,F10,FutOnly
CANADIAN DOLLAR - CHICAGO MERCANTILE EXCHANGE,250826,2025-08-26,090741,CME ,00,090 ,  227180,  122393,   18011,     615,   33182,  104443,   11084,   19521,   55664,    5541,    9369,    2802,      10,  201715,  198170,   25465,   29010,    6321,    2252,      28,     352,     644,    4611,    -750,    1506,    3737,    -567,    1139,    1359,     -26,    4550,    8744,    1771,   -2423,  100.0,   53.9,    7.9,    0.3,   14.6,   46.0,    4.9,    8.6,   24.5,    2.4,    4.1,    1.2,    0.0,   88.8,   87.2,   11.2,   12.8,    108,      9,      7,      5,     14,     24,     10,     19,     20,     10,     11,      4,.,     66,     69,    50.5,    34.3,    62.5,    51.5,    50.5,    31.5,    60.7,    48.6,"(CONTRACTS OF CAD 100,000)",090741,CME ,090 ,F10,FutOnly
CANADIAN DOLLAR - CHICAGO MERCANTILE EXCHANGE,250819,2025-08-19,090741,CME ,00,090 ,  220859,  120141,   17983,     263,   32538,   99832,   11834,   18015,   51927,    6108,    8230,    1443,      36,  197165,  189426,   23694,   31433,    -250,    2767,    -991,    -515,     284,   -3263,    -203,   -2271,     881,    -218,    -438,    -530,       2,    -592,   -4837,     342,    4587,  100.0,   54.4,    8.1,    0.1,   14.7,   45.2,    5.4,    8.2,   23.5,    2.8,    3.7,    0.7,    0.0,   89.3,   85.8,   10.7,   14.2,    108,      8,      7,      4,     15,     26,     11,     18,     23,     12,      9,.,.,     65,     73,    52.7,    34.1,    63.4,    51.2,    52.7,    31.1,    61.0,    48.2,"(CONTRACTS OF CAD 100,000)",090741,CME ,090 ,F10,FutOnly
CANADIAN DOLLAR - CHICAGO MERCANTILE EXCHANGE,250812,2025-08-12,090741,CME ,00,090 ,  221109,  117374,   18974,     778,   32254,  103095,   12037,   20286,   51046,    6326,    8668,    1973,      34,  197757,  194263,   23352,   26846,    6260,    5183,    -528,     628,     -37,    7185,    -310,   -1533,    -665,    1061,     134,    -282,       0,    5126,    7089,    1134,    -829,  100.0,   53.1,    8.6,    0.4,   14.6,   46.6,    5.4,    9.2,   23.1,    2.9,    3.9,    0.9,    0.0,   89.4,   87.9,   10.6,   12.1,    100,      8,      7,.,     14,     24,     11,     18,     17,     10,     10,.,.,     64,     62,    51.4,    31.9,    62.6,    50.3,    51.4,    28.5,    59.9,    46.8,"(CONTRACTS OF CAD 100,000)",090741,CME ,090 ,F10,FutOnly
CANADIAN DOLLAR - CHICAGO MERCANTILE EXCHANGE,250805,2025-08-05,090741,CME ,00,090 ,  214849,  112191,   19502,     150,   32291,   95910,   12347,   21819,   51711,    5265,    8534,    2255,      34,  192631,  187174,   22218,   27675,   12997,   16359,     -35,    -463,   -4209,    7611,    -968,    4264,    4071,      20,    -400,    -235,       0,   14603,   10001,   -1606,    2996,  100.0,   52.2,    9.1,    0.1,   15.0,   44.6,    5.7,   10.2,   24.1,    2.5,    4.0,    1.0,    0.0,   89.7,   87.1,   10.3,   12.9,    107,      8,      7,.,     15,     25,     10,     20,     19,      9,     10,.,.,     65,     66,    51.2,    29.7,    61.7,    47.8,    51.2,    26.3,    59.2,    44.3,"(CONTRACTS OF CAD 100,000)",090741,CME ,090 ,F10,FutOnly
CANADIAN DOLLAR - CHICAGO MERCANTILE EXCHANGE,250729,2025-07-29,090741,CME ,00,090 ,  201852,   95832,   19537,     613,   36500,   88299,   13315,   17555,   47640,    5245,    8934,    2490,      34,  178028,  177173,   23824,   24679,     957,    1410,   -2760,     420,    1144,    5309,     223,   -1945,   -2485,    -123,    -339,     518,     -10,     780,    1092,     177,    -135,  100.0,   47.5,    9.7,    0.3,   18.1,   43.7,    6.6,    8.7,   23.6,    2.6,    4.4,    1.2,    0.0,   88.2,   87.8,   11.8,   12.2,    111,      7,      7,.,     20,     25,     10,     19,     19,     10,     11,.,.,     69,     67,    52.1,    32.2,    59.9,    50.4,    50.4,    28.5,    56.6,    46.6,"(CONTRACTS OF CAD 100,000)",090741,CME ,090 ,F10,FutOnly
CANADIAN DOLLAR - CHICAGO MERCANTILE EXCHANGE,250722,2025-07-22,090741,CME ,00,090 ,  200895,   94422,   22297,     193,   35356,   82990,   13092,   19500,   50125,    5368,    9273,    1972,      44,  177248,  176081,   23647,   24814,   -1825,     422,   -2599,     192,    -902,   -4019,     795,     704,    5609,     641,     480,    -782,      32,    2364,    -131,   -4189,   -1694,  100.0,   47.0,   11.1,    0.1,   17.6,   41.3,    6.5,    9.7,   25.0,    2.7,    4.6,    1.0,    0.0,   88.2,   87.6,   11.8,   12.4,    111,      8,      8,.,     18,     24,     10,     18,     21,     11,     12,.,.,     72,     66,    51.1,    32.6,    59.0,    50.2,    49.5,    28.8,    56.0,    46.4,"(CONTRACTS OF CAD 100,000)",090741,CME ,090 ,F10,FutOnly
CANADIAN DOLLAR - CHICAGO MERCANTILE EXCHANGE,250715,2025-07-15,090741,CME ,00,090 ,  202720,   94000,   24896,       1,   36258,   87009,   12297,   18796,   44516,    4727,    8793,    2754,      12,  174884,  176212,   27836,   26508,    1394,    4008,   -2883,       1,   -2610,    5532,    -303,    1068,   -1991,     630,    -607,    -385,       2,    2189,     603,    -795,     791,  100.0,   46.4,   12.3,    0.0,   17.9,   42.9,    6.1,    9.3,   22.0,    2.3,    4.3,    1.4,    0.0,   86.3,   86.9,   13.7,   13.1,    105,      6,     10,.,     20,     22,      7,     19,     16,      8,     10,.,.,     63,     59,    50.1,    33.1,    58.4,    49.4,    48.8,    29.5,    55.1,    45.8,"(CONTRACTS OF CAD 100,000)",090741,CME ,090 ,F10,FutOnly
CANADIAN DOLLAR - CHICAGO MERCANTILE EXCHANGE,250708,2025-07-08,090741,CME ,00,090 ,  201326,   89992,   27779,       0,   38868,   81477,   12600,   17728,   46507,    4097,    9400,    3139,      10,  172695,  175609,   28631,   25717,   -2159,    1090,   -4787,       0,   -3560,    3662,   -1042,    1549,    -791,     -66,   -1584,    -157,       0,   -3613,   -3181,    1454,    1022,  100.0,   44.7,   13.8,    0.0,   19.3,   40.5,    6.3,    8.8,   23.1,    2.0,    4.7,    1.6,    0.0,   85.8,   87.2,   14.2,   12.8,    104,      6,     10,      0,     19,     22,      9,     18,     16,      7,     10,.,.,     62,     59,    48.7,    31.4,    57.1,    49.9,    47.4,    29.0,    53.7,    46.3,"(CONTRACTS OF CAD 100,000)",090741,CME ,090 ,F10,FutOnly
CANADIAN DOLLAR - CHICAGO MERCANTILE EXCHANGE,250701,2025-07-01,090741,CME ,00,090 ,  203485,   88902,   32566,       0,   42428,   77815,   13642,   16179,   47298,    4163,   10984,    3296,      10,  176308,  178790,   27177,   24695,    2291,    6522,   -3692,       0,   -4254,    5356,     755,     443,    -155,     -73,    -812,     135,     -15,    2566,    2311,    -275,     -20,  100.0,   43.7,   16.0,    0.0,   20.9,   38.2,    6.7,    8.0,   23.2,    2.0,    5.4,    1.6,    0.0,   86.6,   87.9,   13.4,   12.1,    105,      6,      9,      0,     20,     20,     11,     16,     20,      7,     11,.,.,     63,     61,    49.5,    28.6,    57.6,    49.5,    47.8,    28.6,    54.4,    47.2,"(CONTRACTS OF CAD 100,000)",090741,CME ,090 ,F10,FutOnly
CANADIAN DOLLAR - CHICAGO MERCANTILE EXCHANGE,250624,2025-06-24,090741,CME ,00,090 ,  201194,   82380,   36258,       0,   46682,   72459,   12887,   15736,   47453,    4236,   11796,    3161,      25,  173742,  176479,   27452,   24715,  -93607,  -79929,  -64654,   -8904,   -1297,   -7351,     754,   -3574,   -8822,     124,    1238,   -4476,   -1358,  -92946,  -94687,    -661,    1080,  100.0,   40.9,   18.0,    0.0,   23.2,   36.0,    6.4,    7.8,   23.6,    2.1,    5.9,    1.6,    0.0,   86.4,   87.7,   13.6,   12.3,    106,      5,     11,      0,     21,     21,      9,     17,     15,      7,     13,.,.,     64,     60,    48.7,    26.5,    56.9,    48.3,    47.3,    26.4,    53.5,    46.1,"(CONTRACTS OF CAD 100,000)",090741,CME ,090 ,F10,FutOnly
CANADIAN DOLLAR - CHICAGO MERCANTILE EXCHANGE,250617,2025-06-17,090741,CME ,00,090 ,  294801,  162309,  100912,    8904,   47979,   79810,   12133,   19310,   56275,    4112,   10558,    7637,    1383,  266688,  271166,   28113,   23635,    6324,    3337,   36797,   -4980,    7391,  -17371,    6544,    2685,     -52,  -12452,    1821,   -1598,    1354,    5700,    8242,     624,   -1918,  100.0,   55.1,   34.2,    3.0,   16.3,   27.1,    4.1,    6.6,   19.1,    1.4,    3.6,    2.6,    0.5,   90.5,   92.0,    9.5,    8.0,    116,      8,      9,      6,     22,     21,     10,     23,     16,     11,     12,      5,.,     80,     66,    60.8,    36.6,    67.3,    52.1,    57.9,    35.9,    62.8,    50.2,"(CONTRACTS OF CAD 100,000)",090741,CME ,090 ,F10,FutOnly
CANADIAN DOLLAR - CHICAGO MERCANTILE EXCHANGE,250610,2025-06-10,090741,CME ,00,090 ,  288477,  158972,   64115,   13884,   40588,   97181,    5589,   16625,   56327,   16564,    8737,    9235,      29,  260988,  262924,   27489,   25553,   18436,   -5132,   14423,   11598,    2431,   -6171,     400,    1073,   -6522,    5891,   -1227,    -470,    -120,   14914,   19029,    3522,    -593,  100.0,   55.1,   22.2,    4.8,   14.1,   33.7,    1.9,    5.8,   19.5,    5.7,    3.0,    3.2,    0.0,   90.5,   91.1,    9.5,    8.9,    112,      8,     11,      9,     20,     22,     10,     19,     19,     13,      8,      5,.,     74,     71,    63.4,    31.8,    69.9,    48.5,    58.4,    31.3,    62.1,    47.8,"(CONTRACTS OF CAD 100,000)",090741,CME ,090 ,F10,FutOnly
CANADIAN DOLLAR - CHICAGO MERCANTILE EXCHANGE,250603,2025-06-03,090741,CME ,00,090 ,  270041,  164104,   49692,    2286,   38157,  103352,    5189,   15552,   62849,   10673,    9964,    9705,     149,  246074,  243895,   23967,   26146,    6809,    1242,   -1893,    1919,    1232,   -2031,    -358,   -1126,     466,    6085,   -1057,    2674,      86,    8023,    6948,   -1214,    -139,  100.0,   60.8,   18.4,    0.8,   14.1,   38.3,    1.9,    5.8,   23.3,    4.0,    3.7,    3.6,    0.1,   91.1,   90.3,    8.9,    9.7,    122,     10,      9,      4,     20,     25,      9,     21,     22,     14,     11,      4,.,     78,     74,    64.4,    31.7,    69.9,    49.9,    63.6,    31.6,    67.4,    49.5,"(CONTRACTS OF CAD 100,000)",090741,CME ,090 ,F10,FutOnly
CANADIAN DOLLAR - CHICAGO MERCANTILE EXCHANGE,250527,2025-05-27,090741,CME ,00,090 ,  263232,  162862,   51585,     367,   36925,  105383,    5547,   16678,   62383,    4588,   11021,    7031,      63,  238051,  236947,   25181,   26285,   -3516,   -4926,    8726,     367,    2750,  -11060,    -424,   -2968,    2523,    -476,    -806,    1878,      -1,   -6484,    1533,    2968,   -5049,  100.0,   61.9,   19.6,    0.1,   14.0,   40.0,    2.1,    6.3,   23.7,    1.7,    4.2,    2.7,    0.0,   90.4,   90.0,    9.6,   10.0,    113,     10,      7,.,     18,     22,      9,     20,     21,     11,     12,.,.,     75,     60,    65.5,    33.5,    70.6,    52.8,    65.5,    33.5,    69.4,    52.6,"(CONTRACTS OF CAD 100,000)",090741,CME ,090 ,F10,FutOnly
CANADIAN DOLLAR - CHICAGO MERCANTILE EXCHANGE,250520,2025-05-20,090741,CME ,00,090 ,  266748,  167788,   42859,       0,   34175,  116443,    5971,   19646,   59860,    5064,   11827,    5153,      64,  244535,  235414,   22213,   31334,    3945,    4433,  -16714,       0,   -1863,   12341,     552,   -1468,    3402,      38,    1331,    4022,     -15,    3008,    3626,     937,     319,  100.0,   62.9,   16.1,    0.0,   12.8,   43.7,    2.2,    7.4,   22.4,    1.9,    4.4,    1.9,    0.0,   91.7,   88.3,    8.3,   11.7,    117,      9,      6,      0,     17,     27,     10,     18,     23,     10,     13,      4,.,     70,     69,    67.3,    28.8,    72.9,    46.0,    66.5,    28.8,    71.1,    45.9,"(CONTRACTS OF CAD 100,000)",090741,CME ,090 ,F10,FutOnly
CANADIAN DOLLAR - CHICAGO MERCANTILE EXCHANGE,250513,2025-05-13,090741,CME ,00,090 ,  262803,  163355,   59573,       0,   36038,  104102,    5419,   21114,   56458,    5026,   10496,    1131,      79,  241527,  231788,   21276,   31015,    7702,    5726,  -16450,     -72,   -3088,    9920,     371,    8283,   11484,     606,   -1431,     621,      79,   10474,    6559,   -2772,    1143,  100.0,   62.2,   22.7,    0.0,   13.7,   39.6,    2.1,    8.0,   21.5,    1.9,    4.0,    0.4,    0.0,   91.9,   88.2,    8.1,   11.8,    116,      9,      7,      0,     19,     23,      8,     22,     22,     14,     11,.,.,     73,     66,    67.2,    31.5,    72.7,    49.0,    66.3,    31.5,    71.3,    48.9,"(CONTRACTS OF CAD 100,000)",090741,CME ,090 ,F10,FutOnly
CANADIAN DOLLAR - CHICAGO MERCANTILE EXCHANGE,250506,2025-05-06,090741,CME ,00,090 ,  255101,  157629,   76023,      72,   39126,   94182,    5048,   12831,   44974,    4420,   11927,     510,       0,  231053,  225229,   24048,   29872,    5844,    1185,     868,      48,    1367,    2183,     101,    1367,    1296,    2262,   -1841,      24,       0,    4489,    6782,    1355,    -938,  100.0,   61.8,   29.8,    0.0,   15.3,   36.9,    2.0,    5.0,   17.6,    1.7,    4.7,    0.2,    0.0,   90.6,   88.3,    9.4,   11.7,    112,      7,     10,.,     19,     23,      7,     14,     24,     13,     13,.,      0,     68,     66,    66.9,    35.3,    72.2,    52.9,    66.7,    35.3,    71.1,    52.9,"(CONTRACTS OF CAD 100,000)",090741,CME ,090 ,F10,FutOnly
CANADIAN DOLLAR - CHICAGO MERCANTILE EXCHANGE,250429,2025-04-29,090741,CME ,00,090 ,  249257,  156444,   75155,      24,   37759,   91999,    4947,   11464,   43678,    2158,   13768,     486,       0,  226564,  218447,   22693,   30810,    -386,     333,    7611,    -159,    1719,   -1262,    -386,      15,   -6890,     245,    -848,    -351,    -177,     742,   -1369,   -1128,     983,  100.0,   62.8,   30.2,    0.0,   15.1,   36.9,    2.0,    4.6,   17.5,    0.9,    5.5,    0.2,    0.0,   90.9,   87.6,    9.1,   12.4,    101,      9,      7,.,     17,     19,      6,     15,     18,      9,     15,.,      0,     67,     50,    67.6,    36.2,    73.0,    55.2,    67.6,    36.2,    71.9,    55.2,"(CONTRACTS OF CAD 100,000)",090741,CME ,090 ,F10,FutOnly
CANADIAN DOLLAR - CHICAGO MERCANTILE EXCHANGE,250422,2025-04-22,090741,CME ,00,090 ,  249643,  156111,   67544,     183,   36040,   93261,    5333,   11449,   50568,    1913,   14616,     837,     177,  225822,  219816,   23821,   29827,     159,   -2511,   26471,    -233,    1342,  -14817,     510,    -931,  -13061,     409,     775,     359,    -347,    -986,    -709,    1145,     868,  100.0,   62.5,   27.1,    0.1,   14.4,   37.4,    2.1,    4.6,   20.3,    0.8,    5.9,    0.3,    0.1,   90.5,   88.1,    9.5,   11.9,    109,      8,      8,.,     16,     23,      7,     15,     21,     10,     16,.,.,     68,     61,    67.9,    31.8,    72.4,    50.2,    67.9,    31.7,    71.8,    50.1,"(CONTRACTS OF CAD 100,000)",090741,CME ,090 ,F10,FutOnly
CANADIAN DOLLAR - CHICAGO MERCANTILE EXCHANGE,250415,2025-04-15,090741,CME ,00,090 ,  249484,  158622,   41073,     416,   34698,  108078,    4823,   12380,   63629,    1504,   13841,     478,     524,  226808,  220525,   22676,   28959,   -8779,  -15461,   22704,     192,    1655,  -20571,      70,    3026,   -8559,    -938,     384,     -34,     146,  -10926,   -6990,    2147,   -1789,  100.0,   63.6,   16.5,    0.2,   13.9,   43.3,    1.9,    5.0,   25.5,    0.6,    5.5,    0.2,    0.2,   90.9,   88.4,    9.1,   11.6,    112,      7,      9,.,     14,     27,      7,     12,     26,      9,     16,.,.,     65,     66,    69.3,    28.0,    74.1,    45.5,    69.3,    28.0,    73.6,    45.4,"(CONTRACTS OF CAD 100,000)",090741,CME ,090 ,F10,FutOnly
CANADIAN DOLLAR - CHICAGO MERCANTILE EXCHANGE,250408,2025-04-08,090741,CME ,00,090 ,  258263,  174083,   18369,     224,   33043,  128649,    4753,    9354,   72188,    2442,   13457,     512,     378,  237734,  227515,   20529,   30748,  -20067,   -2208,    8509,    -194,    1453,  -25135,     333,   -9768,    3645,    -277,   -6200,    -659,     157,  -16704,  -13621,   -3363,   -6446,  100.0,   67.4,    7.1,    0.1,   12.8,   49.8,    1.8,    3.6,   28.0,    0.9,    5.2,    0.2,    0.1,   92.1,   88.1,    7.9,   11.9,    114,      6,     10,.,     14,     29,     10,     15,     27,      7,     12,.,.,     60,     74,    72.2,    27.5,    77.7,    43.6,    72.2,    27.5,    77.3,    43.6,"(CONTRACTS OF CAD 100,000)",090741,CME ,090 ,F10,FutOnly
CANADIAN DOLLAR - CHICAGO MERCANTILE EXCHANGE,250401,2025-04-01,090741,CME ,00,090 ,  278330,  176291,    9860,     418,   31590,  153784,    4420,   19122,   68543,    2719,   19657,    1171,     221,  254438,  241136,   23892,   37194,   -2796,   -2300,    3962,     122,    -613,   -7641,    -271,    1245,     544,    -689,     217,    -956,     218,   -2071,   -4711,    -725,    1915,  100.0,   63.3,    3.5,    0.2,   11.3,   55.3,    1.6,    6.9,   24.6,    1.0,    7.1,    0.4,    0.1,   91.4,   86.6,    8.6,   13.4,    122,      7,      9,.,     15,     31,     11,     16,     26,      7,     15,.,      4,     66,     81,    66.1,    28.4,    73.0,    45.1,    66.0,    28.4,    72.8,    45.0,"(CONTRACTS OF CAD 100,000)",090741,CME ,090 ,F10,FutOnly
CANADIAN DOLLAR - CHICAGO MERCANTILE EXCHANGE,250325,2025-03-25,090741,CME ,00,090 ,  281126,  178591,    5898,     296,   32203,  161425,    4691,   17877,   67999,    3408,   19440,    2127,       3,  256509,  245847,   24617,   35279,  -66806,  -33358,  -14903,  -34604,    1083,   -8299,    -378,    7054,   -6346,   -2326,   -4491,    -249,     -69,  -67089,  -67174,     283,     368,  100.0,   63.5,    2.1,    0.1,   11.5,   57.4,    1.7,    6.4,   24.2,    1.2,    6.9,    0.8,    0.0,   91.2,   87.5,    8.8,   12.5,    123,     10,      4,.,     14,     31,     10,     14,     31,     11,     15,      4,.,     68,     80,    66.3,    29.5,    73.2,    46.7,    66.3,    29.4,    72.7,    46.6,"(CONTRACTS OF CAD 100,000)",090741,CME ,090 ,F10,FutOnly
CANADIAN DOLLAR - CHICAGO MERCANTILE EXCHANGE,250318,2025-03-18,090741,CME ,00,090 ,  347932,  211949,   20801,   34900,   31120,  169724,    5069,   10823,   74345,    5734,   23931,    2376,      72,  323598,  313021,   24334,   34911,    8010,   -8896,    3831,   27068,     609,   -7879,   -3260,    3877,    3938,   -7932,      71,   -1068,   -1011,   10526,   13687,   -2516,   -5677,  100.0,   60.9,    6.0,   10.0,    8.9,   48.8,    1.5,    3.1,   21.4,    1.6,    6.9,    0.7,    0.0,   93.0,   90.0,    7.0,   10.0,    126,     10,      9,      8,     12,     33,     10,     10,     33,     12,     15,      4,.,     67,     91,    70.8,    28.8,    77.2,    46.7,    61.1,    24.8,    67.2,    39.2,"(CONTRACTS OF CAD 100,000)",090741,CME ,090 ,F10,FutOnly
CANADIAN DOLLAR - CHICAGO MERCANTILE EXCHANGE,250311,2025-03-11,090741,CME ,00,090 ,  339922,  220845,   16970,    7832,   30511,  177603,    8329,    6946,   70407,   13666,   23860,    3444,    1083,  313072,  299334,   26850,   40588,    -296,   -4007,    -649,    5364,   -1058,   -1119,    4255,   -3655,   -4774,   -8176,    4418,    -288,     119,   -2740,   -5268,    2444,    4972,  100.0,   65.0,    5.0,    2.3,    9.0,   52.2,    2.5,    2.0,   20.7,    4.0,    7.0,    1.0,    0.3,   92.1,   88.1,    7.9,   11.9,    127,     10,      6,      6,     10,     33,     11,     10,     36,     15,     16,      6,.,     66,     94,    62.9,    25.5,    72.8,    42.4,    62.6,    24.8,    70.7,    41.4,"(CONTRACTS OF CAD 100,000)",090741,CME ,090 ,F10,FutOnly
CANADIAN DOLLAR - CHICAGO MERCANTILE EXCHANGE,250304,2025-03-04,090741,CME ,00,090 ,  340218,  224852,   17619,    2468,   31569,  178722,    4074,   10601,   75181,   21842,   19442,    3732,     964,  315812,  304602,   24406,   35616,   20725,   11808,   -1475,    1857,   -4580,    4217,    -784,    1900,    -397,   12416,    1435,    1923,      35,   24087,   17792,   -3362,    2933,  100.0,   66.1,    5.2,    0.7,    9.3,   52.5,    1.2,    3.1,   22.1,    6.4,    5.7,    1.1,    0.3,   92.8,   89.5,    7.2,   10.5,    142,     14,      7,      4,     11,     35,      9,     12,     42,     11,     14,      7,.,     68,    100,    63.8,    25.2,    75.9,    40.7,    63.5,    25.2,    70.8,    39.7,"(CONTRACTS OF CAD 100,000)",090741,CME ,090 ,F10,FutOnly
CANADIAN DOLLAR - CHICAGO MERCANTILE EXCHANGE,250225,2025-02-25,090741,CME ,00,090 ,  319493,  213044,   19094,     611,   36149,  174505,    4858,    8701,   75578,    9426,   18007,    1809,     929,  291725,  286810,   27768,   32683,   -3702,   -4571,    3359,     -44,   -1704,    1191,      92,    1733,   -9484,    1188,   -1576,     470,      57,   -4825,   -3171,    1123,    -531,  100.0,   66.7,    6.0,    0.2,   11.3,   54.6,    1.5,    2.7,   23.7,    3.0,    5.6,    0.6,    0.3,   91.3,   89.8,    8.7,   10.2,    133,     11,      9,      4,     13,     32,      9,      9,     41,      8,     13,      5,.,     62,     94,    64.1,    26.6,    74.4,    41.0,    63.9,    26.5,    72.7,    40.6,"(CONTRACTS OF CAD 100,000)",090741,CME ,090 ,F10,FutOnly
CANADIAN DOLLAR - CHICAGO MERCANTILE EXCHANGE,250218,2025-02-18,090741,CME ,00,090 ,  323195,  217615,   15735,     655,   37853,  173314,    4766,    6968,   85062,    8238,   19583,    1339,     872,  296550,  289981,   26645,   33214,   -3654,  -10916,    2229,      77,    2982,    -440,     215,    1285,   -2268,     275,     132,    -844,     726,   -5224,     -30,    1570,   -3624,  100.0,   67.3,    4.9,    0.2,   11.7,   53.6,    1.5,    2.2,   26.3,    2.5,    6.1,    0.4,    0.3,   91.8,   89.7,    8.2,   10.3,    133,     11,      8,.,     13,     33,      9,      8,     42,     12,     15,.,.,     65,     95,    64.7,    27.4,    74.7,    40.7,    64.5,    27.4,    73.2,    40.5,"(CONTRACTS OF CAD 100,000)",090741,CME ,090 ,F10,FutOnly
CANADIAN DOLLAR - CHICAGO MERCANTILE EXCHANGE,250211,2025-02-11,090741,CME ,00,090 ,  326849,  228531,   13506,     578,   34871,  173754,    4551,    5683,   87330,    7963,   19451,    2183,     146,  301774,  290011,   25075,   36838,  -20135,  -18037,   -2144,      49,     251,  -10978,     573,     383,   -8788,     378,   -3246,    -104,     146,  -19503,  -20868,    -632,     733,  100.0,   69.9,    4.1,    0.2,   10.7,   53.2,    1.4,    1.7,   26.7,    2.4,    6.0,    0.7,    0.0,   92.3,   88.7,    7.7,   11.3,    129,     10,      7,.,     12,     32,     10,      8,     42,      9,     14,      4,.,     59,     95,    66.0,    28.3,    77.3,    41.9,    65.8,    28.3,    75.9,    41.7,"(CONTRACTS OF CAD 100,000)",090741,CME ,090 ,F10,FutOnly
CANADIAN DOLLAR - CHICAGO MERCANTILE EXCHANGE,250204,2025-02-04,090741,CME ,00,090 ,  346984,  246568,   15650,     529,   34620,  184732,    3978,    5300,   96118,    7585,   22697,    2287,       0,  321277,  310879,   25707,   36105,   15875,   17728,    2783,    -212,    1372,   11780,    -186,    -569,    6303,     419,   -1917,     719,       0,   16635,   21606,    -760,   -5731,  100.0,   71.1,    4.5,    0.2,   10.0,   53.2,    1.1,    1.5,   27.7,    2.2,    6.5,    0.7,    0.0,   92.6,   89.6,    7.4,   10.4,    143,     12,      7,.,     11,     41,      8,      7,     47,      8,     14,      4,      0,     57,    105,    66.5,    27.0,    77.3,    40.3,    66.4,    27.0,    76.5,    40.3,"(CONTRACTS OF CAD 100,000)",090741,CME ,090 ,F10,FutOnly
CANADIAN DOLLAR - CHICAGO MERCANTILE EXCHANGE,250128,2025-01-28,090741,CME ,00,090 ,  331109,  228840,   12867,     741,   33248,  172952,    4164,    5869,   89815,    7166,   24614,    1568,       0,  304642,  289273,   26467,   41836,    -526,   -2959,   -3528,      17,     -55,    6771,    -107,    2519,   -5907,     988,    -150,   -1059,       0,     253,   -2825,    -779,    2299,  100.0,   69.1,    3.9,    0.2,   10.0,   52.2,    1.3,    1.8,   27.1,    2.2,    7.4,    0.5,    0.0,   92.0,   87.4,    8.0,   12.6,    130,     11,      4,.,     11,     37,      8,     10,     40,     10,     14,.,      0,     59,     91,    65.2,    25.8,    76.4,    40.2,    65.0,    25.8,    75.4,    40.2,"(CONTRACTS OF CAD 100,000)",090741,CME ,090 ,F10,FutOnly
CANADIAN DOLLAR - CHICAGO MERCANTILE EXCHANGE,250121,2025-01-21,090741,CME ,00,090 ,  331635,  231799,   16395,     724,   33303,  166181,    4271,    3350,   95722,    6178,   24764,    2627,       0,  304389,  292098,   27246,   39537,  -18728,  -16374,    1408,     343,    3203,  -18967,    -212,   -3526,     790,    -420,   -1455,     654,       0,  -18441,  -16404,    -287,   -2324,  100.0,   69.9,    4.9,    0.2,   10.0,   50.1,    1.3,    1.0,   28.9,    1.9,    7.5,    0.8,    0.0,   91.8,   88.1,    8.2,   11.9,    137,     10,      7,.,     12,     39,      8,      7,     43,      8,     14,      5,      0,     56,    100,    64.9,    22.8,    76.1,    36.7,    64.6,    22.7,    75.5,    36.6,"(CONTRACTS OF CAD 100,000)",090741,CME ,090 ,F10,FutOnly
CANADIAN DOLLAR - CHICAGO MERCANTILE EXCHANGE,250114,2025-01-14,090741,CME ,00,090 ,  350363,  248173,   14987,     381,   30100,  185148,    4483,    6876,   94932,    6598,   26219,    1973,       0,  322830,  308502,   27533,   41861,   -6847,  -12186,    1918,     -64,    1722,   -3525,    -368,    1326,   -5197,      68,    2928,     144,       0,   -6574,   -7024,    -273,     177,  100.0,   70.8,    4.3,    0.1,    8.6,   52.8,    1.3,    2.0,   27.1,    1.9,    7.5,    0.6,    0.0,   92.1,   88.1,    7.9,   11.9,    134,     10,      7,.,     12,     39,      8,     11,     40,     11,     12,.,      0,     59,     97,    66.1,    26.6,    76.4,    40.2,    66.0,    26.5,    76.0,    40.1,"(CONTRACTS OF CAD 100,000)",090741,CME ,090 ,F10,FutOnly
CANADIAN DOLLAR - CHICAGO MERCANTILE EXCHANGE,250107,2025-01-07,090741,CME ,00,090 ,  357210,  260359,   13069,     445,   28378,  188673,    4851,    5550,  100129,    6530,   23291,    1829,       0,  329404,  315526,   27806,   41684,    3524,    6056,    3075,     125,    1530,    -404,   -1900,   -4132,    5590,    1174,    -249,   -5522,       0,    2604,    2138,     920,    1386,  100.0,   72.9,    3.7,    0.1,    7.9,   52.8,    1.4,    1.6,   28.0,    1.8,    6.5,    0.5,    0.0,   92.2,   88.3,    7.8,   11.7,    132,     11,      5,.,     11,     39,      7,      9,     43,     14,     10,.,      0,     55,    100,    67.0,    28.1,    77.6,    42.1,    66.9,    27.9,    77.2,    41.8,"(CONTRACTS OF CAD 100,000)",090741,CME ,090 ,F10,FutOnly
SWISS FRANC - CHICAGO MERCANTILE EXCHANGE,251230,2025-12-30,092741,CME ,00,092 ,   89124,   57783,    6126,       0,    5232,   54417,    1057,    7179,   12012,      97,    1000,     468,       0,   72348,   74177,   16776,   14947,     819,    -378,    1114,       0,     133,    -530,     -30,    -224,     729,      36,       0,    -586,       0,    -463,     733,    1282,      86,  100.0,   64.8,    6.9,    0.0,    5.9,   61.1,    1.2,    8.1,   13.5,    0.1,    1.1,    0.5,    0.0,   81.2,   83.2,   18.8,   16.8,     41,      6,.,      0,.,     11,.,      8,      9,.,.,.,      0,     20,     25,    65.4,    55.0,    73.4,    70.0,    65.4,    55.0,    73.3,    68.9,"(CONTRACTS OF CHF 125,000)",092741,CME ,092 ,F10,FutOnly
SWISS FRANC - CHICAGO MERCANTILE EXCHANGE,251223,2025-12-23,092741,CME ,00,092 ,   88305,   58161,    5012,       0,    5099,   54947,    1087,    7403,   11283,      61,    1000,    1054,       0,   72811,   73444,   15494,   14861,  -15131,    2452,    -403,       0,    -649,    3785,      63,     418,     -51,      15,    -400,     586,       0,    1899,    3995,  -17030,  -19126,  100.0,   65.9,    5.7,    0.0,    5.8,   62.2,    1.2,    8.4,   12.8,    0.1,    1.1,    1.2,    0.0,   82.5,   83.2,   17.5,   16.8,     42,      6,.,      0,.,     12,.,      9,      8,.,.,.,      0,     22,     25,    66.4,    55.4,    74.5,    71.4,    66.4,    55.3,    74.5,    70.2,"(CONTRACTS OF CHF 125,000)",092741,CME ,092 ,F10,FutOnly
SWISS FRANC - CHICAGO MERCANTILE EXCHANGE,251216,2025-12-16,092741,CME ,00,092 ,  103436,   55709,    5415,       0,    5748,   51162,    1024,    6985,   11334,      46,    1400,     468,       0,   70912,   69449,   32524,   33987,   11041,      18,    3242,   -1073,     698,   -2242,   -2428,    -238,    1893,   -3631,     400,     468,       0,   -6254,   -3771,   17295,   14812,  100.0,   53.9,    5.2,    0.0,    5.6,   49.5,    1.0,    6.8,   11.0,    0.0,    1.4,    0.5,    0.0,   68.6,   67.1,   31.4,   32.9,     44,      6,.,      0,      4,     12,.,      9,      8,.,.,.,      0,     24,     25,    54.2,    43.5,    60.9,    55.7,    54.2,    43.5,    60.8,    55.4,"(CONTRACTS OF CHF 125,000)",092741,CME ,092 ,F10,FutOnly
SWISS FRANC - CHICAGO MERCANTILE EXCHANGE,251209,2025-12-09,092741,CME ,00,092 ,   92395,   55691,    2173,    1073,    5050,   53404,    3452,    7223,    9441,    3677,    1000,       0,       0,   77166,   73220,   15229,   19175,   15120,    5799,     377,    1073,      33,    4061,    2372,    1921,     900,    2950,       0,    -468,       0,   14148,   11265,     972,    3855,  100.0,   60.3,    2.4,    1.2,    5.5,   57.8,    3.7,    7.8,   10.2,    4.0,    1.1,    0.0,    0.0,   83.5,   79.2,   16.5,   20.8,     48,      7,.,.,.,     12,      4,     12,      9,      6,.,      0,      0,     31,     29,    54.1,    51.3,    66.8,    63.8,    54.1,    48.7,    64.3,    59.3,"(CONTRACTS OF CHF 125,000)",092741,CME ,092 ,F10,FutOnly
SWISS FRANC - CHICAGO MERCANTILE EXCHANGE,251202,2025-12-02,092741,CME ,00,092 ,   77275,   49892,    1796,       0,    5017,   49343,    1080,    5302,    8541,     727,    1000,     468,       0,   63018,   61955,   14257,   15320,    -234,    -390,      49,     -23,     543,     199,       8,   -1617,    1019,     617,       0,     -40,       0,    -862,    1829,     628,   -2063,  100.0,   64.6,    2.3,    0.0,    6.5,   63.9,    1.4,    6.9,   11.1,    0.9,    1.3,    0.6,    0.0,   81.6,   80.2,   18.4,   19.8,     46,      9,.,      0,.,     12,.,      9,      9,      4,.,.,      0,     25,     27,    58.2,    52.5,    69.1,    66.1,    58.2,    52.5,    69.1,    64.7,"(CONTRACTS OF CHF 125,000)",092741,CME ,092 ,F10,FutOnly
SWISS FRANC - CHICAGO MERCANTILE EXCHANGE,251125,2025-11-25,092741,CME ,00,092 ,   77509,   50282,    1747,      23,    4474,   49144,    1072,    6919,    7522,     110,    1000,     508,       0,   63880,   60126,   13629,   17383,    1180,    3006,    -710,      -1,   -1053,    2701,     102,     100,   -1008,    -339,       0,       0,       0,    1815,     745,    -635,     435,  100.0,   64.9,    2.3,    0.0,    5.8,   63.4,    1.4,    8.9,    9.7,    0.1,    1.3,    0.7,    0.0,   82.4,   77.6,   17.6,   22.4,     46,      9,.,.,.,     11,.,     12,      8,.,.,.,      0,     27,     25,    58.3,    53.2,    69.2,    65.4,    58.3,    53.1,    69.1,    63.9,"(CONTRACTS OF CHF 125,000)",092741,CME ,092 ,F10,FutOnly
SWISS FRANC - CHICAGO MERCANTILE EXCHANGE,251118,2025-11-18,092741,CME ,00,092 ,   76329,   47276,    2457,      24,    5527,   46443,     970,    6819,    8530,     449,    1000,     508,       0,   62065,   59381,   14264,   16948,   -6511,   -8695,    1229,       1,      38,   -3973,     -41,     769,   -1071,     370,    -400,       0,       0,   -7958,   -3485,    1447,   -3026,  100.0,   61.9,    3.2,    0.0,    7.2,   60.8,    1.3,    8.9,   11.2,    0.6,    1.3,    0.7,    0.0,   81.3,   77.8,   18.7,   22.2,     47,      8,.,.,.,     11,.,     10,     10,      6,.,.,      0,     26,     30,    57.1,    50.5,    66.7,    63.4,    57.1,    50.5,    66.7,    62.2,"(CONTRACTS OF CHF 125,000)",092741,CME ,092 ,F10,FutOnly
SWISS FRANC - CHICAGO MERCANTILE EXCHANGE,251110,2025-11-10,092741,CME ,00,092 ,   82840,   55971,    1228,      23,    5489,   50416,    1011,    6050,    9601,      79,    1400,     508,       0,   70023,   62866,   12817,   19974,    1462,    2603,      -3,       3,     -48,    2143,     -12,   -1088,    -466,     -46,       0,       0,       0,    1412,    1619,      50,    -157,  100.0,   67.6,    1.5,    0.0,    6.6,   60.9,    1.2,    7.3,   11.6,    0.1,    1.7,    0.6,    0.0,   84.5,   75.9,   15.5,   24.1,     47,     10,.,.,.,     13,.,      9,      8,.,.,.,      0,     27,     25,    59.2,    48.1,    70.4,    61.1,    59.1,    47.8,    70.4,    59.9,"(CONTRACTS OF CHF 125,000)",092741,CME ,092 ,F10,FutOnly
SWISS FRANC - CHICAGO MERCANTILE EXCHANGE,251104,2025-11-04,092741,CME ,00,092 ,   81378,   53368,    1231,      20,    5537,   48273,    1023,    7138,   10067,     125,    1400,     508,       0,   68611,   61247,   12767,   20131,    6456,    8134,   -1458,      20,    -338,    4586,     -17,    -571,     738,      73,     400,       0,       0,    7701,    3942,   -1245,    2514,  100.0,   65.6,    1.5,    0.0,    6.8,   59.3,    1.3,    8.8,   12.4,    0.2,    1.7,    0.6,    0.0,   84.3,   75.3,   15.7,   24.7,     53,     10,.,.,.,     13,.,     13,     10,.,.,.,      0,     30,     29,    57.2,    46.2,    68.5,    58.5,    57.2,    45.4,    68.4,    57.3,"(CONTRACTS OF CHF 125,000)",092741,CME ,092 ,F10,FutOnly
SWISS FRANC - CHICAGO MERCANTILE EXCHANGE,251028,2025-10-28,092741,CME ,00,092 ,   74922,   45234,    2689,       0,    5875,   43687,    1040,    7709,    9329,      52,    1000,     508,       0,   60910,   57305,   14012,   17617,     888,      44,    -382,       0,      82,     163,      46,    1538,     980,    -396,       0,       0,       0,    1314,     411,    -426,     477,  100.0,   60.4,    3.6,    0.0,    7.8,   58.3,    1.4,   10.3,   12.5,    0.1,    1.3,    0.7,    0.0,   81.3,   76.5,   18.7,   23.5,     45,      8,.,      0,      4,     12,.,      9,      8,.,.,.,      0,     25,     25,    57.4,    45.2,    68.7,    58.5,    57.4,    44.3,    68.7,    57.1,"(CONTRACTS OF CHF 125,000)",092741,CME ,092 ,F10,FutOnly
SWISS FRANC - CHICAGO MERCANTILE EXCHANGE,251021,2025-10-21,092741,CME ,00,092 ,   74034,   45190,    3071,       0,    5793,   43524,     994,    6171,    8349,     448,    1000,     508,       0,   59596,   56894,   14438,   17140,     862,    -340,    1835,       0,      23,   -1636,      19,    1089,     926,     393,   -1569,       0,       0,    -385,    1537,    1247,    -675,  100.0,   61.0,    4.1,    0.0,    7.8,   58.8,    1.3,    8.3,   11.3,    0.6,    1.4,    0.7,    0.0,   80.5,   76.8,   19.5,   23.2,     46,      8,.,      0,      4,     12,.,     10,      7,.,.,.,      0,     25,     25,    57.9,    45.5,    68.0,    58.8,    57.9,    44.7,    68.0,    57.4,"(CONTRACTS OF CHF 125,000)",092741,CME ,092 ,F10,FutOnly
SWISS FRANC - CHICAGO MERCANTILE EXCHANGE,251014,2025-10-14,092741,CME ,00,092 ,   73172,   45530,    1236,       0,    5770,   45160,     975,    5082,    7423,      55,    2569,     508,       0,   59981,   55357,   13191,   17815,    1126,     847,    -939,       0,     177,     889,     -15,    -801,    1003,     -72,    1569,      40,       0,    1705,     906,    -579,     220,  100.0,   62.2,    1.7,    0.0,    7.9,   61.7,    1.3,    6.9,   10.1,    0.1,    3.5,    0.7,    0.0,   82.0,   75.7,   18.0,   24.3,     46,      9,.,      0,      4,     12,.,      9,      8,.,.,.,      0,     26,     24,    58.1,    48.4,    68.2,    61.9,    58.1,    47.5,    68.2,    60.6,"(CONTRACTS OF CHF 125,000)",092741,CME ,092 ,F10,FutOnly
SWISS FRANC - CHICAGO MERCANTILE EXCHANGE,251007,2025-10-07,092741,CME ,00,092 ,   72046,   44683,    2175,       0,    5593,   44271,     990,    5883,    6420,     127,    1000,     468,       0,   58276,   54451,   13770,   17595,      96,    1047,    -581,       0,     150,    1271,      34,   -1458,    -886,      75,       0,      40,       0,    -152,     -47,     248,     143,  100.0,   62.0,    3.0,    0.0,    7.8,   61.4,    1.4,    8.2,    8.9,    0.2,    1.4,    0.6,    0.0,   80.9,   75.6,   19.1,   24.4,     43,      8,.,      0,      4,     11,.,     10,      6,.,.,.,      0,     24,     23,    58.4,    48.9,    67.3,    62.5,    58.4,    47.8,    67.3,    61.2,"(CONTRACTS OF CHF 125,000)",092741,CME ,092 ,F10,FutOnly
SWISS FRANC - CHICAGO MERCANTILE EXCHANGE,250930,2025-09-30,092741,CME ,00,092 ,   71950,   43636,    2756,       0,    5443,   43000,     956,    7341,    7306,      52,    1000,     428,       0,   58428,   54498,   13522,   17452,     -80,     768,     119,       0,      15,    1117,     -56,     -94,    -836,      15,       0,       0,       0,     648,     359,    -728,    -439,  100.0,   60.6,    3.8,    0.0,    7.6,   59.8,    1.3,   10.2,   10.2,    0.1,    1.4,    0.6,    0.0,   81.2,   75.7,   18.8,   24.3,     42,      6,.,      0,      4,     12,.,     10,      6,.,.,.,      0,     22,     24,    57.9,    46.5,    67.8,    60.2,    57.9,    45.4,    67.8,    58.9,"(CONTRACTS OF CHF 125,000)",092741,CME ,092 ,F10,FutOnly
SWISS FRANC - CHICAGO MERCANTILE EXCHANGE,250923,2025-09-23,092741,CME ,00,092 ,   72030,   42868,    2637,       0,    5428,   41883,    1012,    7435,    8142,      37,    1000,     428,       0,   57780,   54139,   14250,   17891,     300,     569,    -304,       0,     376,    1508,     -43,    1153,    -549,    -399,       0,     -40,       0,    1656,     173,   -1356,     127,  100.0,   59.5,    3.7,    0.0,    7.5,   58.1,    1.4,   10.3,   11.3,    0.1,    1.4,    0.6,    0.0,   80.2,   75.2,   19.8,   24.8,     44,      6,.,      0,      4,     12,.,     10,      7,.,.,.,      0,     24,     24,    57.1,    41.6,    67.0,    57.0,    57.1,    40.6,    67.0,    55.6,"(CONTRACTS OF CHF 125,000)",092741,CME ,092 ,F10,FutOnly
SWISS FRANC - CHICAGO MERCANTILE EXCHANGE,250916,2025-09-16,092741,CME ,00,092 ,   71730,   42299,    2941,       0,    5052,   40375,    1055,    6282,    8691,     436,    1000,     468,       0,   56124,   53966,   15606,   17764,  -33370,   -9084,   -4651,  -20394,     362,   -6622,      41,    -125,    1776,   -2444,       0,     468,       0,  -31644,  -31826,   -1726,   -1544,  100.0,   59.0,    4.1,    0.0,    7.0,   56.3,    1.5,    8.8,   12.1,    0.6,    1.4,    0.7,    0.0,   78.2,   75.2,   21.8,   24.8,     46,      6,.,      0,.,     13,.,     11,      9,.,.,.,      0,     24,     26,    56.1,    39.8,    66.5,    54.1,    56.1,    38.8,    66.5,    52.6,"(CONTRACTS OF CHF 125,000)",092741,CME ,092 ,F10,FutOnly
SWISS FRANC - CHICAGO MERCANTILE EXCHANGE,250909,2025-09-09,092741,CME ,00,092 ,  105100,   51383,    7592,   20394,    4690,   46997,    1014,    6407,    6915,    2880,    1000,       0,       0,   87768,   85792,   17332,   19308,   24194,    -328,     812,   19805,   -1231,     749,      -3,    -705,    1218,    2772,       0,    -448,       0,   20310,   24905,    3884,    -711,  100.0,   48.9,    7.2,   19.4,    4.5,   44.7,    1.0,    6.1,    6.6,    2.7,    1.0,    0.0,    0.0,   83.5,   81.6,   16.5,   18.4,     45,      9,      4,      5,.,     12,.,     10,      7,      6,.,      0,      0,     28,     29,    57.6,    48.8,    71.3,    61.2,    44.3,    34.0,    52.0,    44.7,"(CONTRACTS OF CHF 125,000)",092741,CME ,092 ,F10,FutOnly
SWISS FRANC - CHICAGO MERCANTILE EXCHANGE,250902,2025-09-02,092741,CME ,00,092 ,   80906,   51711,    6780,     589,    5921,   46248,    1017,    7112,    5697,     108,    1000,     448,       0,   67458,   60887,   13448,   20019,    1973,      32,      66,      -8,    -561,     260,      41,    1928,     576,     104,       0,       0,       0,    1536,    1039,     437,     934,  100.0,   63.9,    8.4,    0.7,    7.3,   57.2,    1.3,    8.8,    7.0,    0.1,    1.2,    0.6,    0.0,   83.4,   75.3,   16.6,   24.7,     48,      9,.,.,      4,     13,.,     10,      7,.,.,.,      0,     26,     27,    56.8,    46.0,    67.8,    59.5,    56.8,    44.8,    67.1,    58.2,"(CONTRACTS OF CHF 125,000)",092741,CME ,092 ,F10,FutOnly
SWISS FRANC - CHICAGO MERCANTILE EXCHANGE,250826,2025-08-26,092741,CME ,00,092 ,   78933,   51679,    6714,     597,    6482,   45988,     976,    5184,    5121,       4,    1000,     448,       0,   65922,   59848,   13011,   19085,   -1106,    -450,      60,       8,    -725,      82,       1,     271,     124,       2,       0,       0,       0,    -893,     277,    -213,   -1383,  100.0,   65.5,    8.5,    0.8,    8.2,   58.3,    1.2,    6.6,    6.5,    0.0,    1.3,    0.6,    0.0,   83.5,   75.8,   16.5,   24.2,     46,      9,      4,.,      4,     13,.,      8,      6,.,.,.,      0,     24,     27,    58.4,    47.0,    69.5,    60.2,    58.4,    45.8,    68.8,    58.9,"(CONTRACTS OF CHF 125,000)",092741,CME ,092 ,F10,FutOnly
SWISS FRANC - CHICAGO MERCANTILE EXCHANGE,250819,2025-08-19,092741,CME ,00,092 ,   80039,   52129,    6654,     589,    7207,   45906,     975,    4913,    4997,       2,    1000,     448,       0,   66815,   59571,   13224,   20468,    -376,     632,    -509,       0,    -995,     624,    -102,     471,   -1590,    -520,       0,    -480,       0,    -514,   -2577,     138,    2201,  100.0,   65.1,    8.3,    0.7,    9.0,   57.4,    1.2,    6.1,    6.2,    0.0,    1.2,    0.6,    0.0,   83.5,   74.4,   16.5,   25.6,     45,      9,.,.,      4,     13,.,      8,      6,.,.,.,      0,     24,     24,    58.1,    46.6,    70.1,    59.1,    58.1,    45.3,    69.4,    57.9,"(CONTRACTS OF CHF 125,000)",092741,CME ,092 ,F10,FutOnly
SWISS FRANC - CHICAGO MERCANTILE EXCHANGE,250812,2025-08-12,092741,CME ,00,092 ,   80415,   51497,    7163,     589,    8202,   45282,    1077,    4442,    6587,     522,    1000,     928,       0,   67329,   62148,   13086,   18267,     578,     277,    -220,       0,       4,    2198,      34,    -844,   -2414,      83,       0,     428,       0,    -446,     109,    1024,     469,  100.0,   64.0,    8.9,    0.7,   10.2,   56.3,    1.3,    5.5,    8.2,    0.6,    1.2,    1.2,    0.0,   83.7,   77.3,   16.3,   22.7,     45,      8,      4,.,      4,     12,.,      5,      9,      4,.,.,      0,     24,     28,    57.8,    45.0,    70.4,    57.5,    57.8,    43.7,    70.3,    56.1,"(CONTRACTS OF CHF 125,000)",092741,CME ,092 ,F10,FutOnly
SWISS FRANC - CHICAGO MERCANTILE EXCHANGE,250805,2025-08-05,092741,CME ,00,092 ,   79837,   51220,    7383,     589,    8198,   43084,    1043,    5286,    9001,     439,    1000,     500,       0,   67775,   62039,   12062,   17798,    2932,    3191,    -190,     589,    1315,    2167,      48,   -1567,    -114,     315,       0,    -404,       0,    3891,    2411,    -959,     521,  100.0,   64.2,    9.2,    0.7,   10.3,   54.0,    1.3,    6.6,   11.3,    0.5,    1.3,    0.6,    0.0,   84.9,   77.7,   15.1,   22.3,     48,     10,.,.,      4,     12,.,      8,      9,      4,.,.,      0,     25,     29,    58.2,    43.8,    71.5,    56.2,    58.2,    42.5,    71.5,    54.9,"(CONTRACTS OF CHF 125,000)",092741,CME ,092 ,F10,FutOnly
SWISS FRANC - CHICAGO MERCANTILE EXCHANGE,250729,2025-07-29,092741,CME ,00,092 ,   76905,   48029,    7573,       0,    6883,   40917,     995,    6853,    9115,     124,    1000,     904,       0,   63884,   59628,   13021,   17277,    1224,    3076,      91,       0,    -239,      27,      11,     891,    -528,      19,    -250,      -2,       0,    3508,    -382,   -2284,    1606,  100.0,   62.5,    9.8,    0.0,    8.9,   53.2,    1.3,    8.9,   11.9,    0.2,    1.3,    1.2,    0.0,   83.1,   77.5,   16.9,   22.5,     47,      8,      5,      0,.,     10,.,     11,      7,.,.,.,      0,     25,     27,    56.0,    44.6,    69.0,    57.3,    56.0,    43.3,    69.0,    56.0,"(CONTRACTS OF CHF 125,000)",092741,CME ,092 ,F10,FutOnly
SWISS FRANC - CHICAGO MERCANTILE EXCHANGE,250722,2025-07-22,092741,CME ,00,092 ,   75681,   44953,    7482,       0,    7122,   40890,     984,    5962,    9643,     105,    1250,     906,       0,   60376,   60010,   15305,   15671,    1426,    1237,    -934,       0,     673,     419,      10,   -1167,    1271,      45,       0,       0,       0,     798,     811,     628,     615,  100.0,   59.4,    9.9,    0.0,    9.4,   54.0,    1.3,    7.9,   12.7,    0.1,    1.7,    1.2,    0.0,   79.8,   79.3,   20.2,   20.7,     45,      8,      4,      0,.,     12,.,      9,      6,.,.,.,      0,     22,     27,    54.2,    44.8,    67.3,    58.0,    54.2,    43.5,    67.3,    56.7,"(CONTRACTS OF CHF 125,000)",092741,CME ,092 ,F10,FutOnly
SWISS FRANC - CHICAGO MERCANTILE EXCHANGE,250715,2025-07-15,092741,CME ,00,092 ,   74255,   43716,    8416,       0,    6449,   40471,     974,    7129,    8372,      60,    1250,     906,       0,   59578,   59199,   14677,   15056,    1494,    2767,    2701,       0,     -38,   -3290,     -61,     257,    1837,      32,       0,     -60,       0,    2957,    1159,   -1463,     335,  100.0,   58.9,   11.3,    0.0,    8.7,   54.5,    1.3,    9.6,   11.3,    0.1,    1.7,    1.2,    0.0,   80.2,   79.7,   19.8,   20.3,     51,      8,      5,      0,      4,     13,.,     11,      7,.,.,.,      0,     25,     29,    53.3,    45.6,    64.4,    58.9,    53.3,    44.3,    64.4,    57.6,"(CONTRACTS OF CHF 125,000)",092741,CME ,092 ,F10,FutOnly
SWISS FRANC - CHICAGO MERCANTILE EXCHANGE,250708,2025-07-08,092741,CME ,00,092 ,   72761,   40949,    5715,       0,    6487,   43761,    1035,    6872,    6535,      28,    1250,     966,       0,   56621,   58040,   16140,   14721,     215,    -384,     150,       0,    -115,     327,     130,    1522,     115,    -530,       0,    -270,       0,     623,     -78,    -408,     293,  100.0,   56.3,    7.9,    0.0,    8.9,   60.1,    1.4,    9.4,    9.0,    0.0,    1.7,    1.3,    0.0,   77.8,   79.8,   22.2,   20.2,     49,      7,      4,      0,      4,     15,.,     10,      6,.,.,.,      0,     24,     30,    52.4,    44.8,    63.5,    56.5,    52.4,    43.4,    63.5,    55.1,"(CONTRACTS OF CHF 125,000)",092741,CME ,092 ,F10,FutOnly
SWISS FRANC - CHICAGO MERCANTILE EXCHANGE,250701,2025-07-01,092741,CME ,00,092 ,   72546,   41333,    5565,       0,    6602,   43434,     905,    5350,    6420,     558,    1250,    1236,       0,   55998,   58118,   16548,   14428,    3058,    2850,    1873,       0,     303,     348,      70,   -1314,     979,     453,    -403,     180,       0,    1959,    3903,    1099,    -845,  100.0,   57.0,    7.7,    0.0,    9.1,   59.9,    1.2,    7.4,    8.8,    0.8,    1.7,    1.7,    0.0,   77.2,   80.1,   22.8,   19.9,     48,      8,      4,      0,      4,     15,.,      7,      7,.,.,.,      0,     23,     29,    52.6,    44.1,    63.9,    55.5,    52.6,    42.8,    63.9,    54.2,"(CONTRACTS OF CHF 125,000)",092741,CME ,092 ,F10,FutOnly
SWISS FRANC - CHICAGO MERCANTILE EXCHANGE,250624,2025-06-24,092741,CME ,00,092 ,   69488,   38483,    3692,       0,    6299,   43086,     835,    6664,    5441,     105,    1653,    1056,       0,   54039,   54215,   15449,   15273,    2105,     123,    -327,       0,     211,    1141,      55,    1742,     701,      84,     153,       0,       0,    2368,    1654,    -263,     451,  100.0,   55.4,    5.3,    0.0,    9.1,   62.0,    1.2,    9.6,    7.8,    0.2,    2.4,    1.5,    0.0,   77.8,   78.0,   22.2,   22.0,     44,      6,.,      0,.,     14,.,      8,      6,.,.,.,      0,     22,     26,    52.6,    45.6,    64.7,    56.4,    52.6,    44.4,    64.7,    55.2,"(CONTRACTS OF CHF 125,000)",092741,CME ,092 ,F10,FutOnly
SWISS FRANC - CHICAGO MERCANTILE EXCHANGE,250617,2025-06-17,092741,CME ,00,092 ,   67383,   38360,    4019,       0,    6088,   41945,     780,    4922,    4740,      21,    1500,    1056,       0,   51671,   52561,   15712,   14822,  -19545,   -4588,   -7048,   -4516,     133,    -789,      17,   -3738,     568,   -6257,     500,    -960,      -2,  -18451,  -18987,   -1094,    -558,  100.0,   56.9,    6.0,    0.0,    9.0,   62.2,    1.2,    7.3,    7.0,    0.0,    2.2,    1.6,    0.0,   76.7,   78.0,   23.3,   22.0,     44,      7,.,      0,.,     14,.,      7,      7,.,.,.,      0,     21,     26,    51.9,    45.3,    64.3,    57.1,    51.9,    44.2,    64.3,    55.9,"(CONTRACTS OF CHF 125,000)",092741,CME ,092 ,F10,FutOnly
SWISS FRANC - CHICAGO MERCANTILE EXCHANGE,250610,2025-06-10,092741,CME ,00,092 ,   86928,   42948,   11067,    4516,    5955,   42734,     763,    8660,    4172,    6278,    1000,    2016,       2,   70122,   71548,   16806,   15380,    5606,    -321,    1663,    2964,   -1424,    4164,      44,    2803,   -3303,     143,       0,    -222,       0,    4209,    5453,    1397,     153,  100.0,   49.4,   12.7,    5.2,    6.9,   49.2,    0.9,   10.0,    4.8,    7.2,    1.2,    2.3,    0.0,   80.7,   82.3,   19.3,   17.7,     50,      9,      4,      4,.,     14,.,     11,      6,      6,.,.,.,     29,     34,    48.8,    41.1,    62.6,    56.6,    45.0,    39.4,    54.1,    49.9,"(CONTRACTS OF CHF 125,000)",092741,CME ,092 ,F10,FutOnly
SWISS FRANC - CHICAGO MERCANTILE EXCHANGE,250603,2025-06-03,092741,CME ,00,092 ,   81322,   43269,    9404,    1552,    7379,   38570,     719,    5857,    7475,    6135,    1000,    2238,       2,   65913,   66095,   15409,   15227,    7541,   -1253,   -2245,    1380,    -381,    1786,     -30,    1392,      42,    5141,       0,     328,       0,    6249,    6402,    1292,    1139,  100.0,   53.2,   11.6,    1.9,    9.1,   47.4,    0.9,    7.2,    9.2,    7.5,    1.2,    2.8,    0.0,   81.1,   81.3,   18.9,   18.7,     47,      9,      4,.,.,     12,.,      9,      6,      4,.,.,.,     25,     30,    50.6,    38.8,    65.6,    52.2,    48.8,    37.9,    60.6,    48.5,"(CONTRACTS OF CHF 125,000)",092741,CME ,092 ,F10,FutOnly
SWISS FRANC - CHICAGO MERCANTILE EXCHANGE,250527,2025-05-27,092741,CME ,00,092 ,   73781,   44522,   11649,     172,    7760,   36784,     749,    4465,    7433,     994,    1000,    1910,       2,   59664,   59693,   14117,   14088,     648,     442,     284,     172,    -672,    1399,      26,    -856,    -914,     977,       0,    -295,       0,      89,    1649,     559,   -1001,  100.0,   60.3,   15.8,    0.2,   10.5,   49.9,    1.0,    6.1,   10.1,    1.3,    1.4,    2.6,    0.0,   80.9,   80.9,   19.1,   19.1,     45,      8,      6,.,.,     13,.,      7,      5,      4,.,.,.,     23,     30,    54.7,    39.8,    68.7,    53.1,    54.7,    38.8,    68.7,    52.1,"(CONTRACTS OF CHF 125,000)",092741,CME ,092 ,F10,FutOnly
SWISS FRANC - CHICAGO MERCANTILE EXCHANGE,250520,2025-05-20,092741,CME ,00,092 ,   73133,   44080,   11365,       0,    8432,   35385,     723,    5321,    8347,      17,    1000,    2205,       2,   59575,   58044,   13558,   15089,      45,    1311,   -1445,       0,    -134,    1809,      12,    -135,   -1514,      -9,       0,     591,       2,    1047,    -554,   -1002,     599,  100.0,   60.3,   15.5,    0.0,   11.5,   48.4,    1.0,    7.3,   11.4,    0.0,    1.4,    3.0,    0.0,   81.5,   79.4,   18.5,   20.6,     48,      8,      6,      0,.,     13,.,      8,      6,.,.,      4,.,     23,     29,    56.1,    38.4,    70.2,    52.2,    56.1,    37.4,    70.2,    51.2,"(CONTRACTS OF CHF 125,000)",092741,CME ,092 ,F10,FutOnly
SWISS FRANC - CHICAGO MERCANTILE EXCHANGE,250513,2025-05-13,092741,CME ,00,092 ,   73088,   42769,   12810,       0,    8566,   33576,     711,    5456,    9861,      26,    1000,    1614,       0,   58528,   58598,   14560,   14490,    2510,   -2245,     402,       0,    1336,    1083,     111,    1470,     154,     -88,       0,    -150,       0,     584,    1512,    1926,     998,  100.0,   58.5,   17.5,    0.0,   11.7,   45.9,    1.0,    7.5,   13.5,    0.0,    1.4,    2.2,    0.0,   80.1,   80.2,   19.9,   19.8,     45,      7,      6,      0,.,     12,.,      8,      6,.,.,.,      0,     21,     28,    55.4,    37.9,    69.6,    55.4,    55.4,    36.9,    69.6,    54.4,"(CONTRACTS OF CHF 125,000)",092741,CME ,092 ,F10,FutOnly
SWISS FRANC - CHICAGO MERCANTILE EXCHANGE,250506,2025-05-06,092741,CME ,00,092 ,   70578,   45014,   12408,       0,    7230,   32493,     600,    3986,    9707,     114,    1000,    1764,       0,   57944,   57086,   12634,   13492,   -1371,      78,    -408,       0,   -1774,     995,    -185,     349,   -1812,      89,       0,     -30,       0,   -1443,   -1351,      72,     -20,  100.0,   63.8,   17.6,    0.0,   10.2,   46.0,    0.9,    5.6,   13.8,    0.2,    1.4,    2.5,    0.0,   82.1,   80.9,   17.9,   19.1,     46,      8,      6,      0,.,     12,.,      6,      8,.,.,.,      0,     19,     30,    57.0,    38.0,    71.5,    55.1,    57.0,    37.5,    71.5,    54.3,"(CONTRACTS OF CHF 125,000)",092741,CME ,092 ,F10,FutOnly
SWISS FRANC - CHICAGO MERCANTILE EXCHANGE,250429,2025-04-29,092741,CME ,00,092 ,   71949,   44936,   12816,       0,    9004,   31498,     785,    3637,   11519,      25,    1000,    1794,       0,   59387,   58437,   12562,   13512,    -942,    -236,    2583,       0,    -842,   -2067,     164,     606,    -610,       2,       0,     -60,       0,    -306,      12,    -636,    -954,  100.0,   62.5,   17.8,    0.0,   12.5,   43.8,    1.1,    5.1,   16.0,    0.0,    1.4,    2.5,    0.0,   82.5,   81.2,   17.5,   18.8,     50,      8,      7,      0,.,     13,.,      6,      9,.,.,.,      0,     22,     33,    58.4,    36.3,    72.3,    55.4,    58.4,    36.1,    72.3,    54.5,"(CONTRACTS OF CHF 125,000)",092741,CME ,092 ,F10,FutOnly
SWISS FRANC - CHICAGO MERCANTILE EXCHANGE,250422,2025-04-22,092741,CME ,00,092 ,   72891,   45172,   10233,       0,    9846,   33565,     621,    3031,   12129,      23,    1000,    1854,       0,   59693,   58425,   13198,   14466,    -588,   -1203,    4956,       0,    -626,    -737,     103,     365,   -4413,      -6,       0,     618,       0,   -1367,     521,     779,   -1109,  100.0,   62.0,   14.0,    0.0,   13.5,   46.0,    0.9,    4.2,   16.6,    0.0,    1.4,    2.5,    0.0,   81.9,   80.2,   18.1,   19.8,     51,      8,      6,      0,.,     13,.,      4,     13,.,.,.,      0,     20,     36,    59.0,    36.4,    72.8,    51.4,    59.0,    35.8,    72.8,    50.7,"(CONTRACTS OF CHF 125,000)",092741,CME ,092 ,F10,FutOnly
SWISS FRANC - CHICAGO MERCANTILE EXCHANGE,250415,2025-04-15,092741,CME ,00,092 ,   73479,   46375,    5277,       0,   10472,   34302,     518,    2666,   16542,      29,    1000,    1236,       0,   61060,   57904,   12419,   15575,   -2954,   -7537,     580,       0,    1513,   -1616,     337,     878,     547,     -64,     486,     196,    -327,   -4714,    -347,    1760,   -2607,  100.0,   63.1,    7.2,    0.0,   14.3,   46.7,    0.7,    3.6,   22.5,    0.0,    1.4,    1.7,    0.0,   83.1,   78.8,   16.9,   21.2,     51,      9,      5,      0,.,     13,.,      4,     14,.,.,.,      0,     21,     35,    59.7,    37.7,    73.7,    49.9,    59.7,    37.2,    73.7,    49.4,"(CONTRACTS OF CHF 125,000)",092741,CME ,092 ,F10,FutOnly
SWISS FRANC - CHICAGO MERCANTILE EXCHANGE,250408,2025-04-08,092741,CME ,00,092 ,   76433,   53912,    4697,       0,    8959,   35918,     181,    1788,   15995,      93,     514,    1040,     327,   65774,   58251,   10659,   18182,  -12815,  -13712,    3914,       0,     282,   -9193,     -16,    -785,   -9480,      93,     514,     540,     327,  -13297,  -13815,     482,    1000,  100.0,   70.5,    6.1,    0.0,   11.7,   47.0,    0.2,    2.3,   20.9,    0.1,    0.7,    1.4,    0.4,   86.1,   76.2,   13.9,   23.8,     51,      9,      4,      0,.,     15,.,      4,     13,.,.,.,.,     21,     35,    62.1,    33.5,    77.6,    46.9,    62.1,    33.5,    77.6,    46.9,"(CONTRACTS OF CHF 125,000)",092741,CME ,092 ,F10,FutOnly
SWISS FRANC - CHICAGO MERCANTILE EXCHANGE,250401,2025-04-01,092741,CME ,00,092 ,   89248,   67624,     783,       0,    8677,   45111,     197,    2573,   25475,       0,       0,     500,       0,   79071,   72066,   10177,   17182,    3517,    4345,      24,      -1,     165,    4739,      -3,    -599,    1153,     -48,       0,    -501,       0,    3859,    5363,    -342,   -1846,  100.0,   75.8,    0.9,    0.0,    9.7,   50.5,    0.2,    2.9,   28.5,    0.0,    0.0,    0.6,    0.0,   88.6,   80.7,   11.4,   19.3,     56,     10,.,      0,.,     20,      4,      5,     15,      0,      0,.,      0,     22,     38,    62.6,    32.8,    78.8,    50.6,    62.6,    32.8,    78.8,    50.5,"(CONTRACTS OF CHF 125,000)",092741,CME ,092 ,F10,FutOnly
SWISS FRANC - CHICAGO MERCANTILE EXCHANGE,250325,2025-03-25,092741,CME ,00,092 ,   85731,   63279,     759,       1,    8512,   40372,     200,    3172,   24322,      48,       0,    1001,       0,   75212,   66703,   10519,   19028,    5674,    6650,     164,      -1,    -358,    1547,       9,    -529,    3692,      -1,       0,     501,       0,    5770,    5911,     -96,    -237,  100.0,   73.8,    0.9,    0.0,    9.9,   47.1,    0.2,    3.7,   28.4,    0.1,    0.0,    1.2,    0.0,   87.7,   77.8,   12.3,   22.2,     58,     11,.,.,.,     20,      4,      6,     14,.,      0,.,      0,     25,     39,    60.8,    31.8,    76.9,    47.8,    60.8,    31.8,    76.9,    47.7,"(CONTRACTS OF CHF 125,000)",092741,CME ,092 ,F10,FutOnly
SWISS FRANC - CHICAGO MERCANTILE EXCHANGE,250318,2025-03-18,092741,CME ,00,092 ,   80057,   56629,     595,       2,    8870,   38825,     191,    3701,   20630,      49,       0,     500,       0,   69442,   60792,   10615,   19265,  -20436,   -6050,   -3525,   -8913,     307,   -3042,     140,    -169,      19,   -3019,       0,   -2730,    -115,  -17819,  -21185,   -2617,     749,  100.0,   70.7,    0.7,    0.0,   11.1,   48.5,    0.2,    4.6,   25.8,    0.1,    0.0,    0.6,    0.0,   86.7,   75.9,   13.3,   24.1,     55,     10,.,.,.,     19,.,      7,     13,.,      0,.,      0,     25,     36,    61.7,    31.1,    75.1,    46.8,    61.7,    31.0,    75.1,    46.7,"(CONTRACTS OF CHF 125,000)",092741,CME ,092 ,F10,FutOnly
SWISS FRANC - CHICAGO MERCANTILE EXCHANGE,250311,2025-03-11,092741,CME ,00,092 ,  100493,   62679,    4120,    8915,    8563,   41867,      51,    3870,   20611,    3068,       0,    3230,     115,   87261,   81977,   13232,   18516,    3472,   -5256,     285,    8496,   -2368,   -4876,      38,    -618,    1027,    2197,    -400,     -66,     115,    2204,    7216,    1268,   -3744,  100.0,   62.4,    4.1,    8.9,    8.5,   41.7,    0.1,    3.9,   20.5,    3.1,    0.0,    3.2,    0.1,   86.8,   81.6,   13.2,   18.4,     61,     12,.,.,.,     20,.,      6,     17,      7,      0,.,.,     31,     44,    50.7,    27.6,    66.5,    42.7,    46.9,    24.4,    61.6,    37.0,"(CONTRACTS OF CHF 125,000)",092741,CME ,092 ,F10,FutOnly
SWISS FRANC - CHICAGO MERCANTILE EXCHANGE,250304,2025-03-04,092741,CME ,00,092 ,   97021,   67935,    3835,     419,   10931,   46743,      13,    4488,   19584,     871,     400,    3296,       0,   85057,   74761,   11964,   22260,    -157,   -4590,     420,     376,    2037,    -975,     -27,    -490,   -1495,     808,       0,      20,       0,   -1886,    -873,    1729,     716,  100.0,   70.0,    4.0,    0.4,   11.3,   48.2,    0.0,    4.6,   20.2,    0.9,    0.4,    3.4,    0.0,   87.7,   77.1,   12.3,   22.9,     64,     13,.,.,.,     20,.,      7,     16,      6,.,.,      0,     30,     45,    52.6,    25.8,    70.4,    38.3,    52.6,    25.7,    70.4,    38.2,"(CONTRACTS OF CHF 125,000)",092741,CME ,092 ,F10,FutOnly
SWISS FRANC - CHICAGO MERCANTILE EXCHANGE,250225,2025-02-25,092741,CME ,00,092 ,   97178,   72525,    3415,      43,    8894,   47718,      40,    4978,   21079,      63,     400,    3276,       0,   86943,   75634,   10235,   21544,    -700,    -303,     550,      17,      22,    -206,      28,   -1852,      89,     -40,       0,    -729,       0,   -2128,    -291,    1428,    -409,  100.0,   74.6,    3.5,    0.0,    9.2,   49.1,    0.0,    5.1,   21.7,    0.1,    0.4,    3.4,    0.0,   89.5,   77.8,   10.5,   22.2,     65,     13,.,.,.,     21,.,      9,     15,.,.,.,      0,     28,     43,    54.1,    25.9,    71.7,    38.2,    54.1,    25.8,    71.7,    38.1,"(CONTRACTS OF CHF 125,000)",092741,CME ,092 ,F10,FutOnly
SWISS FRANC - CHICAGO MERCANTILE EXCHANGE,250218,2025-02-18,092741,CME ,00,092 ,   97878,   72828,    2865,      26,    8872,   47924,      12,    6830,   20990,     103,     400,    4005,       0,   89071,   75925,    8807,   21953,    -281,    -169,     454,    -429,     155,    1788,    -159,    1322,     524,      51,       0,     408,       0,     771,    2637,   -1052,   -2918,  100.0,   74.4,    2.9,    0.0,    9.1,   49.0,    0.0,    7.0,   21.4,    0.1,    0.4,    4.1,    0.0,   91.0,   77.6,    9.0,   22.4,     67,     13,.,.,.,     20,.,     11,     15,.,.,.,      0,     29,     42,    52.8,    25.4,    71.2,    37.6,    52.8,    25.3,    71.1,    37.5,"(CONTRACTS OF CHF 125,000)",092741,CME ,092 ,F10,FutOnly
SWISS FRANC - CHICAGO MERCANTILE EXCHANGE,250211,2025-02-11,092741,CME ,00,092 ,   98159,   72997,    2411,     455,    8717,   46136,     171,    5508,   20466,      52,     400,    3597,       0,   88300,   73288,    9859,   24871,     228,    -208,    -430,     417,    -786,   -4130,    -138,    -347,     978,    -145,       0,     274,       0,   -1207,   -3174,    1435,    3402,  100.0,   74.4,    2.5,    0.5,    8.9,   47.0,    0.2,    5.6,   20.8,    0.1,    0.4,    3.7,    0.0,   90.0,   74.7,   10.0,   25.3,     68,     13,.,.,.,     21,.,      9,     17,.,.,.,      0,     28,     45,    54.0,    22.9,    72.1,    35.9,    54.0,    22.7,    72.0,    35.7,"(CONTRACTS OF CHF 125,000)",092741,CME ,092 ,F10,FutOnly
SWISS FRANC - CHICAGO MERCANTILE EXCHANGE,250204,2025-02-04,092741,CME ,00,092 ,   97931,   73205,    2841,      38,    9503,   50266,     309,    5855,   19488,     197,     400,    3323,       0,   89507,   76462,    8424,   21469,     667,    -681,     147,    -298,     551,     763,      22,    1054,    -482,      86,       0,     -99,       0,     734,     139,     -67,     528,  100.0,   74.8,    2.9,    0.0,    9.7,   51.3,    0.3,    6.0,   19.9,    0.2,    0.4,    3.4,    0.0,   91.4,   78.1,    8.6,   21.9,     67,     13,.,.,.,     20,.,     11,     15,      4,.,.,      0,     32,     44,    55.6,    25.9,    74.4,    39.1,    55.6,    25.5,    74.4,    38.7,"(CONTRACTS OF CHF 125,000)",092741,CME ,092 ,F10,FutOnly
SWISS FRANC - CHICAGO MERCANTILE EXCHANGE,250128,2025-01-28,092741,CME ,00,092 ,   97264,   73886,    2694,     336,    8952,   49503,     287,    4801,   19970,     111,     400,    3422,       0,   88773,   76323,    8491,   20941,     908,    3384,     498,    -120,    -963,    1997,     -85,   -1557,    1683,      13,       0,     157,       0,     672,    4143,     236,   -3235,  100.0,   76.0,    2.8,    0.3,    9.2,   50.9,    0.3,    4.9,   20.5,    0.1,    0.4,    3.5,    0.0,   91.3,   78.5,    8.7,   21.5,     68,     13,.,.,.,     20,.,      8,     18,.,.,.,      0,     27,     48,    55.5,    26.8,    75.2,    39.4,    55.5,    26.5,    75.2,    39.2,"(CONTRACTS OF CHF 125,000)",092741,CME ,092 ,F10,FutOnly
SWISS FRANC - CHICAGO MERCANTILE EXCHANGE,250121,2025-01-21,092741,CME ,00,092 ,   96356,   70502,    2196,     456,    9915,   47506,     372,    6358,   18287,      98,     400,    3265,       0,   88101,   72180,    8255,   24176,    2311,     209,     113,      85,    2774,    -392,     -66,   -1629,    1969,      -1,       0,    1385,       0,    1372,    3093,     939,    -782,  100.0,   73.2,    2.3,    0.5,   10.3,   49.3,    0.4,    6.6,   19.0,    0.1,    0.4,    3.4,    0.0,   91.4,   74.9,    8.6,   25.1,     62,     12,.,.,.,     17,.,     10,     15,.,.,.,      0,     26,     42,    57.3,    28.8,    75.8,    41.3,    57.3,    28.4,    75.8,    40.9,"(CONTRACTS OF CHF 125,000)",092741,CME ,092 ,F10,FutOnly
SWISS FRANC - CHICAGO MERCANTILE EXCHANGE,250114,2025-01-14,092741,CME ,00,092 ,   94045,   70293,    2083,     371,    7141,   47898,     438,    7987,   16318,      99,     400,    1880,       0,   86729,   69087,    7316,   24958,    2801,    4730,     -29,    -126,   -2301,    2394,       0,     524,    -953,       9,       0,     455,       0,    2836,    1750,     -35,    1051,  100.0,   74.7,    2.2,    0.4,    7.6,   50.9,    0.5,    8.5,   17.4,    0.1,    0.4,    2.0,    0.0,   92.2,   73.5,    7.8,   26.5,     62,     11,.,.,.,     17,.,     12,     15,.,.,.,      0,     27,     41,    58.6,    30.2,    75.4,    42.8,    58.6,    29.8,    75.4,    42.3,"(CONTRACTS OF CHF 125,000)",092741,CME ,092 ,F10,FutOnly
SWISS FRANC - CHICAGO MERCANTILE EXCHANGE,250107,2025-01-07,092741,CME ,00,092 ,   91244,   65563,    2112,     497,    9442,   45504,     438,    7463,   17271,      90,     400,    1425,       0,   83893,   67337,    7351,   23907,    2115,    6413,      88,    -135,     451,     536,       0,   -2432,    1609,   -1022,       0,     925,       0,    3275,    2001,   -1160,     114,  100.0,   71.9,    2.3,    0.5,   10.3,   49.9,    0.5,    8.2,   18.9,    0.1,    0.4,    1.6,    0.0,   91.9,   73.8,    8.1,   26.2,     62,     11,.,.,.,     17,.,     10,     16,.,.,.,      0,     26,     42,    57.9,    30.4,    74.7,    43.9,    57.9,    29.9,    74.7,    43.4,"(CONTRACTS OF CHF 125,000)",092741,CME ,092 ,F10,FutOnly
BRITISH POUND - CHICAGO MERCANTILE EXCHANGE,251230,2025-12-30,096742,CME ,00,096 ,  196003,   60835,    9396,     784,   43246,  120227,    4532,   56342,   30651,    2302,    1554,     427,       0,  169595,  168319,   26408,   27684,   -2129,   -7774,    4074,     425,    1980,    -833,     307,    3447,   -3409,      80,     998,       0,       0,    -537,     644,   -1592,   -2773,  100.0,   31.0,    4.8,    0.4,   22.1,   61.3,    2.3,   28.7,   15.6,    1.2,    0.8,    0.2,    0.0,   86.5,   85.9,   13.5,   14.1,    107,      8,      5,.,     13,     30,      8,     25,     22,      7,.,.,      0,     59,     66,    37.1,    39.5,    55.6,    48.5,    36.4,    39.5,    54.9,    48.2,"(CONTRACTS OF GBP 62,500)",096742,CME ,096 ,F10,FutOnly
BRITISH POUND - CHICAGO MERCANTILE EXCHANGE,251223,2025-12-23,096742,CME ,00,096 ,  198132,   68609,    5322,     359,   41266,  121060,    4225,   52895,   34060,    2222,     556,     427,       0,  170132,  167675,   28000,   30457,  -83899,   -5465,    1623,     355,    2223,    -624,       0,    1886,   -2401,   -1114,       0,    -500,       0,   -2115,   -2661,  -81784,  -81238,  100.0,   34.6,    2.7,    0.2,   20.8,   61.1,    2.1,   26.7,   17.2,    1.1,    0.3,    0.2,    0.0,   85.9,   84.6,   14.1,   15.4,    105,      8,      4,.,     12,     32,      8,     22,     25,      7,.,.,      0,     53,     69,    37.1,    38.9,    56.1,    47.7,    36.4,    38.9,    55.3,    47.4,"(CONTRACTS OF GBP 62,500)",096742,CME ,096 ,F10,FutOnly
BRITISH POUND - CHICAGO MERCANTILE EXCHANGE,251216,2025-12-16,096742,CME ,00,096 ,  282031,   74074,    3699,       4,   39043,  121684,    4225,   51009,   36461,    3336,     556,     927,       0,  172247,  170336,  109784,  111695,  -50374,  -81595,  -44117,  -23330,    5233,  -17744,   -1321,   -3220,  -11300,  -29813,      65,     500,       0, -133981, -127125,   83607,   76751,  100.0,   26.3,    1.3,    0.0,   13.8,   43.1,    1.5,   18.1,   12.9,    1.2,    0.2,    0.3,    0.0,   61.1,   60.4,   38.9,   39.6,    104,      9,.,.,     12,     32,      9,     24,     21,      7,.,.,      0,     56,     65,    28.5,    27.7,    42.1,    34.9,    28.0,    27.7,    41.6,    34.7,"(CONTRACTS OF GBP 62,500)",096742,CME ,096 ,F10,FutOnly
BRITISH POUND - CHICAGO MERCANTILE EXCHANGE,251209,2025-12-09,096742,CME ,00,096 ,  332405,  155669,   47816,   23334,   33810,  139428,    5546,   54229,   47761,   33149,     491,     427,       0,  306228,  297461,   26177,   34944,   32637,  -11157,    -523,    9157,    5828,   -3107,    3060,    1911,     308,   24378,    -677,    -505,       0,   32500,   32768,     137,    -131,  100.0,   46.8,   14.4,    7.0,   10.2,   41.9,    1.7,   16.3,   14.4,   10.0,    0.1,    0.1,    0.0,   92.1,   89.5,    7.9,   10.5,    113,     12,      4,      7,      9,     33,     11,     27,     23,     14,.,.,      0,     67,     78,    49.1,    42.0,    64.6,    53.7,    46.9,    39.5,    59.2,    46.9,"(CONTRACTS OF GBP 62,500)",096742,CME ,096 ,F10,FutOnly
BRITISH POUND - CHICAGO MERCANTILE EXCHANGE,251202,2025-12-02,096742,CME ,00,096 ,  299768,  166826,   48339,   14177,   27982,  142535,    2486,   52318,   47453,    8771,    1168,     932,       0,  273728,  264693,   26040,   35075,  -15782,  -15681,    -722,   -6119,    6588,    -296,     -42,     980,   -5214,   -1786,     500,   -1637,       0,  -15560,  -15816,    -222,      34,  100.0,   55.7,   16.1,    4.7,    9.3,   47.5,    0.8,   17.5,   15.8,    2.9,    0.4,    0.3,    0.0,   91.3,   88.3,    8.7,   11.7,    105,     10,      4,      4,      7,     34,      5,     21,     24,     11,.,.,      0,     54,     71,    58.7,    44.2,    70.6,    55.8,    55.3,    42.4,    67.2,    52.6,"(CONTRACTS OF GBP 62,500)",096742,CME ,096 ,F10,FutOnly
BRITISH POUND - CHICAGO MERCANTILE EXCHANGE,251125,2025-11-25,096742,CME ,00,096 ,  315550,  182507,   49061,   20296,   21394,  142831,    2528,   51338,   52667,   10557,     668,    2569,       0,  289288,  280509,   26262,   35041,   36209,   13088,    1940,   20254,   -1575,    3569,      20,   -6291,    3763,    7584,    -537,     473,       0,   32543,   37603,    3666,   -1394,  100.0,   57.8,   15.5,    6.4,    6.8,   45.3,    0.8,   16.3,   16.7,    3.3,    0.2,    0.8,    0.0,   91.7,   88.9,    8.3,   11.1,    110,     11,      4,      6,      7,     35,      6,     19,     28,     10,.,      5,      0,     52,     80,    59.3,    43.5,    71.3,    54.8,    55.7,    40.0,    66.5,    50.0,"(CONTRACTS OF GBP 62,500)",096742,CME ,096 ,F10,FutOnly
BRITISH POUND - CHICAGO MERCANTILE EXCHANGE,251118,2025-11-18,096742,CME ,00,096 ,  279341,  169419,   47121,      42,   22969,  139262,    2508,   57629,   48904,    2973,    1205,    2096,       0,  256745,  242906,   22596,   36435,    6729,    6511,     192,    -297,    2322,     265,     247,    2002,    5831,     379,   -2075,      32,       0,    9089,    6649,   -2360,      80,  100.0,   60.6,   16.9,    0.0,    8.2,   49.9,    0.9,   20.6,   17.5,    1.1,    0.4,    0.8,    0.0,   91.9,   87.0,    8.1,   13.0,    109,     13,.,.,      8,     32,      8,     21,     27,      9,.,      4,      0,     53,     75,    59.5,    45.2,    72.9,    55.2,    59.0,    45.2,    72.4,    55.2,"(CONTRACTS OF GBP 62,500)",096742,CME ,096 ,F10,FutOnly
BRITISH POUND - CHICAGO MERCANTILE EXCHANGE,251110,2025-11-10,096742,CME ,00,096 ,  272612,  162908,   46929,     339,   20647,  138997,    2261,   55627,   43073,    2594,    3280,    2064,       0,  247656,  236257,   24956,   36355,    1695,   16346,     328,       1,     315,    2991,   -1001,  -11933,    1436,   -1225,    -398,     -16,       0,    2105,    2514,    -410,    -819,  100.0,   59.8,   17.2,    0.1,    7.6,   51.0,    0.8,   20.4,   15.8,    1.0,    1.2,    0.8,    0.0,   90.8,   86.7,    9.2,   13.3,    109,     11,      4,.,     10,     34,      9,     19,     26,      9,.,.,      0,     54,     76,    59.7,    45.8,    73.0,    55.5,    59.4,    45.7,    72.7,    55.2,"(CONTRACTS OF GBP 62,500)",096742,CME ,096 ,F10,FutOnly
BRITISH POUND - CHICAGO MERCANTILE EXCHANGE,251104,2025-11-04,096742,CME ,00,096 ,  270917,  146562,   46601,     338,   20332,  136006,    3262,   67560,   41637,    3819,    3678,    2080,       0,  245551,  233743,   25366,   37174,   22799,   45607,   -7055,     274,  -12066,   22495,    -885,  -13342,    1128,    2157,    1503,     164,       0,   23248,   18278,    -449,    4521,  100.0,   54.1,   17.2,    0.1,    7.5,   50.2,    1.2,   24.9,   15.4,    1.4,    1.4,    0.8,    0.0,   90.6,   86.3,    9.4,   13.7,    117,     12,.,.,     10,     35,      7,     24,     26,      8,.,      4,      0,     61,     74,    52.0,    44.8,    64.7,    54.7,    51.8,    44.7,    64.5,    54.7,"(CONTRACTS OF GBP 62,500)",096742,CME ,096 ,F10,FutOnly
BRITISH POUND - CHICAGO MERCANTILE EXCHANGE,251028,2025-10-28,096742,CME ,00,096 ,  248118,  100955,   53656,      64,   32398,  113511,    4147,   80902,   40509,    1662,    2175,    1916,       0,  222303,  215465,   25815,   32653,   14634,   12840,   -6690,    -190,   -7791,    4865,     758,   11450,   10714,    -623,     887,     489,       0,   17331,    9323,   -2697,    5311,  100.0,   40.7,   21.6,    0.0,   13.1,   45.7,    1.7,   32.6,   16.3,    0.7,    0.9,    0.8,    0.0,   89.6,   86.8,   10.4,   13.2,    121,      9,      5,.,     13,     32,      8,     32,     23,      7,      4,.,      0,     68,     70,    46.5,    47.2,    60.0,    56.9,    46.4,    47.2,    59.9,    56.9,"(CONTRACTS OF GBP 62,500)",096742,CME ,096 ,F10,FutOnly
BRITISH POUND - CHICAGO MERCANTILE EXCHANGE,251021,2025-10-21,096742,CME ,00,096 ,  233484,   88115,   60346,     254,   40189,  108646,    3389,   69452,   29795,    2285,    1288,    1427,       0,  204972,  206142,   28512,   27342,   -4036,    1274,    -674,     125,   -5071,    3949,    -291,   -2895,   -3458,     292,     178,       0,       0,   -6388,     -57,    2352,   -3979,  100.0,   37.7,   25.8,    0.1,   17.2,   46.5,    1.5,   29.7,   12.8,    1.0,    0.6,    0.6,    0.0,   87.8,   88.3,   12.2,   11.7,    103,      6,      5,.,     15,     29,      8,     28,     16,      7,.,.,      0,     61,     59,    47.6,    50.2,    63.5,    61.8,    47.6,    50.2,    63.5,    61.8,"(CONTRACTS OF GBP 62,500)",096742,CME ,096 ,F10,FutOnly
BRITISH POUND - CHICAGO MERCANTILE EXCHANGE,251014,2025-10-14,096742,CME ,00,096 ,  237520,   86841,   61020,     129,   45260,  104697,    3680,   72347,   33253,    1993,    1110,    1427,       0,  211360,  206199,   26160,   31321,  -10030,    5970,   -8517,     115,  -10189,    3182,    -799,   -1640,   -5872,   -1665,     284,    -476,       0,   -7924,  -14032,   -2106,    4002,  100.0,   36.6,   25.7,    0.1,   19.1,   44.1,    1.5,   30.5,   14.0,    0.8,    0.5,    0.6,    0.0,   89.0,   86.8,   11.0,   13.2,    110,      7,      6,.,     14,     29,      7,     31,     19,      7,.,.,      0,     63,     63,    46.6,    47.8,    61.9,    59.8,    46.5,    47.8,    61.8,    59.4,"(CONTRACTS OF GBP 62,500)",096742,CME ,096 ,F10,FutOnly
BRITISH POUND - CHICAGO MERCANTILE EXCHANGE,251007,2025-10-07,096742,CME ,00,096 ,  247550,   80871,   69537,      14,   55449,  101515,    4479,   73987,   39125,    3658,     826,    1903,       0,  219284,  220231,   28266,   27319,   21124,   -1055,    9611,       0,   13306,    2405,    -624,   12708,    9957,    1767,   -2785,       0,       0,   23317,   23116,   -2193,   -1992,  100.0,   32.7,   28.1,    0.0,   22.4,   41.0,    1.8,   29.9,   15.8,    1.5,    0.3,    0.8,    0.0,   88.6,   89.0,   11.4,   11.0,    116,      6,      9,.,     15,     28,      8,     32,     22,     11,.,.,      0,     69,     67,    46.6,    46.0,    60.5,    59.1,    46.5,    46.0,    60.4,    58.3,"(CONTRACTS OF GBP 62,500)",096742,CME ,096 ,F10,FutOnly
BRITISH POUND - CHICAGO MERCANTILE EXCHANGE,250930,2025-09-30,096742,CME ,00,096 ,  226426,   81926,   59926,      14,   42143,   99110,    5103,   61279,   29168,    1891,    3611,    1903,       0,  195967,  197115,   30459,   29311,   -6740,    3854,   -8355,      -1,   -6588,    5470,    -361,    -103,   -4552,   -1106,    -104,     476,     -15,   -4424,   -8444,   -2316,    1704,  100.0,   36.2,   26.5,    0.0,   18.6,   43.8,    2.3,   27.1,   12.9,    0.8,    1.6,    0.8,    0.0,   86.5,   87.1,   13.5,   12.9,    104,      8,      6,.,     12,     33,     10,     25,     15,     10,.,.,      0,     64,     61,    47.2,    47.0,    61.2,    58.4,    47.1,    47.0,    61.1,    57.9,"(CONTRACTS OF GBP 62,500)",096742,CME ,096 ,F10,FutOnly
BRITISH POUND - CHICAGO MERCANTILE EXCHANGE,250923,2025-09-23,096742,CME ,00,096 ,  233166,   78072,   68281,      15,   48731,   93640,    5464,   61382,   33720,    2997,    3715,    1427,      15,  200391,  205559,   32775,   27607,   -1365,    -227,     775,       1,    -349,    1562,    1235,    1102,   -4947,   -1053,    2395,    -980,      15,    3119,   -3392,   -4484,    2027,  100.0,   33.5,   29.3,    0.0,   20.9,   40.2,    2.3,   26.3,   14.5,    1.3,    1.6,    0.6,    0.0,   85.9,   88.2,   14.1,   11.8,    106,      5,      8,.,     13,     27,     10,     29,     18,      8,      4,.,.,     62,     64,    48.9,    46.4,    62.9,    58.5,    48.8,    46.4,    62.8,    57.9,"(CONTRACTS OF GBP 62,500)",096742,CME ,096 ,F10,FutOnly
BRITISH POUND - CHICAGO MERCANTILE EXCHANGE,250916,2025-09-16,096742,CME ,00,096 ,  234531,   78299,   67506,      14,   49080,   92078,    4229,   60280,   38667,    4050,    1320,    2407,       0,  197272,  208951,   37259,   25580,  -88348,    1797,   42338,  -77222,    9306,  -18003,    -260,    2611,   -2047,  -28617,     417,    -299,       0,  -91968,  -84110,    3620,   -4238,  100.0,   33.4,   28.8,    0.0,   20.9,   39.3,    1.8,   25.7,   16.5,    1.7,    0.6,    1.0,    0.0,   84.1,   89.1,   15.9,   10.9,    111,      5,      8,.,     15,     27,      7,     26,     24,     10,.,.,      0,     62,     67,    48.2,    45.1,    61.8,    57.4,    48.0,    45.1,    61.6,    56.8,"(CONTRACTS OF GBP 62,500)",096742,CME ,096 ,F10,FutOnly
BRITISH POUND - CHICAGO MERCANTILE EXCHANGE,250909,2025-09-09,096742,CME ,00,096 ,  322879,   76502,   25168,   77236,   39774,  110081,    4489,   57669,   40714,   32667,     903,    2706,       0,  289240,  293061,   33639,   29818,   96442,   -2178,    5006,   68111,    5772,   -5311,    -633,   -7559,   -2835,   31146,    -391,    1269,       0,   94268,   96753,    2174,    -311,  100.0,   23.7,    7.8,   23.9,   12.3,   34.1,    1.4,   17.9,   12.6,   10.1,    0.3,    0.8,    0.0,   89.6,   90.8,   10.4,    9.2,    110,      6,      8,      9,     15,     24,      7,     25,     26,     11,.,      4,      0,     65,     72,    43.8,    48.9,    61.9,    59.9,    27.4,    27.5,    40.6,    34.0,"(CONTRACTS OF GBP 62,500)",096742,CME ,096 ,F10,FutOnly
BRITISH POUND - CHICAGO MERCANTILE EXCHANGE,250902,2025-09-02,096742,CME ,00,096 ,  226437,   78680,   20162,    9125,   34002,  115392,    5122,   65228,   43549,    1521,    1294,    1437,       0,  194972,  196308,   31465,   30129,    6531,   11032,   -1310,     498,   -4986,    1666,     982,    1101,    3076,   -1748,     350,      10,       0,    7229,    3174,    -698,    3357,  100.0,   34.7,    8.9,    4.0,   15.0,   51.0,    2.3,   28.8,   19.2,    0.7,    0.6,    0.6,    0.0,   86.1,   86.7,   13.9,   13.3,    113,      7,      6,.,     14,     28,     10,     31,     23,     11,.,.,      0,     66,     71,    39.0,    41.8,    57.6,    53.3,    39.0,    41.6,    57.4,    50.2,"(CONTRACTS OF GBP 62,500)",096742,CME ,096 ,F10,FutOnly
BRITISH POUND - CHICAGO MERCANTILE EXCHANGE,250826,2025-08-26,096742,CME ,00,096 ,  219906,   67648,   21472,    8627,   38988,  113726,    4140,   64127,   40473,    3269,     944,    1427,       0,  187743,  193134,   32163,   26772,      75,    6979,    1228,     -96,   -6622,     975,    -331,    -116,   -1316,    1152,    -352,       0,       0,     614,    1612,    -539,   -1537,  100.0,   30.8,    9.8,    3.9,   17.7,   51.7,    1.9,   29.2,   18.4,    1.5,    0.4,    0.6,    0.0,   85.4,   87.8,   14.6,   12.2,    101,      7,      5,.,     13,     24,      6,     27,     21,     10,.,.,      0,     59,     61,    38.2,    42.7,    56.8,    54.2,    38.1,    42.1,    56.7,    51.3,"(CONTRACTS OF GBP 62,500)",096742,CME ,096 ,F10,FutOnly
BRITISH POUND - CHICAGO MERCANTILE EXCHANGE,250819,2025-08-19,096742,CME ,00,096 ,  219831,   60669,   20244,    8723,   45610,  112751,    4471,   64243,   41789,    2117,    1296,    1427,       0,  187129,  191522,   32702,   28309,    3749,   -1474,     225,    -154,    1929,   -2900,    1050,    1039,    5954,   -1104,     114,    -854,     -32,    1368,    2185,    2381,    1564,  100.0,   27.6,    9.2,    4.0,   20.7,   51.3,    2.0,   29.2,   19.0,    1.0,    0.6,    0.6,    0.0,   85.1,   87.1,   14.9,   12.9,    104,      6,      6,.,     16,     24,      5,     26,     22,      9,.,.,      0,     61,     59,    37.9,    42.1,    56.6,    52.7,    37.8,    41.2,    56.4,    49.9,"(CONTRACTS OF GBP 62,500)",096742,CME ,096 ,F10,FutOnly
BRITISH POUND - CHICAGO MERCANTILE EXCHANGE,250812,2025-08-12,096742,CME ,00,096 ,  216082,   62143,   20019,    8877,   43681,  115651,    3421,   63204,   35835,    3221,    1182,    2281,      32,  185761,  189337,   30321,   26745,    9828,   -1632,    -136,     625,   11377,      22,    -900,   -1700,   10903,     329,     682,     854,      32,    8813,   11729,    1015,   -1901,  100.0,   28.8,    9.3,    4.1,   20.2,   53.5,    1.6,   29.3,   16.6,    1.5,    0.5,    1.1,    0.0,   86.0,   87.6,   14.0,   12.4,    109,      7,      6,.,     15,     25,      4,     25,     25,     12,.,      4,.,     64,     65,    39.2,    43.0,    57.9,    51.6,    39.0,    40.3,    57.7,    48.7,"(CONTRACTS OF GBP 62,500)",096742,CME ,096 ,F10,FutOnly
BRITISH POUND - CHICAGO MERCANTILE EXCHANGE,250805,2025-08-05,096742,CME ,00,096 ,  206254,   63775,   20155,    8252,   32304,  115629,    4321,   64904,   24932,    2892,     500,    1427,       0,  176948,  177608,   29306,   28646,   -1625,   19163,   -3617,    1628,  -13186,    4543,   -1746,   -8167,    -438,     788,    -115,    -837,       0,   -1635,     321,      10,   -1946,  100.0,   30.9,    9.8,    4.0,   15.7,   56.1,    2.1,   31.5,   12.1,    1.4,    0.2,    0.7,    0.0,   85.8,   86.1,   14.2,   13.9,    102,      6,      6,.,     12,     27,      8,     24,     24,      7,.,.,      0,     56,     64,    41.3,    44.5,    59.2,    53.8,    41.1,    41.7,    59.1,    50.9,"(CONTRACTS OF GBP 62,500)",096742,CME ,096 ,F10,FutOnly
BRITISH POUND - CHICAGO MERCANTILE EXCHANGE,250729,2025-07-29,096742,CME ,00,096 ,  207879,   44612,   23772,    6624,   45490,  111086,    6067,   73071,   25370,    2104,     615,    2264,       0,  178583,  177287,   29296,   30592,   12412,   13587,   -4946,    3692,   -3229,    4114,     782,     707,    4523,     504,    -748,     161,       0,   15295,    8830,   -2883,    3582,  100.0,   21.5,   11.4,    3.2,   21.9,   53.4,    2.9,   35.2,   12.2,    1.0,    0.3,    1.1,    0.0,   85.9,   85.3,   14.1,   14.7,    106,      5,      7,.,     17,     25,      7,     30,     18,      7,.,.,      0,     62,     60,    35.6,    44.6,    51.5,    54.5,    35.5,    42.6,    51.4,    52.3,"(CONTRACTS OF GBP 62,500)",096742,CME ,096 ,F10,FutOnly
BRITISH POUND - CHICAGO MERCANTILE EXCHANGE,250722,2025-07-22,096742,CME ,00,096 ,  195467,   31025,   28718,    2932,   48719,  106972,    5285,   72364,   20847,    1600,    1363,    2103,       0,  163288,  168457,   32179,   27010,    8192,   20405,   -9160,       7,   -8906,   22186,    -932,    -150,   -4144,    -469,     529,    -125,       0,   10484,    7363,   -2292,     829,  100.0,   15.9,   14.7,    1.5,   24.9,   54.7,    2.7,   37.0,   10.7,    0.8,    0.7,    1.1,    0.0,   83.5,   86.2,   16.5,   13.8,    115,      6,      6,.,     20,     26,      7,     33,     18,      7,.,      4,      0,     69,     61,    30.7,    45.1,    48.9,    55.5,    30.6,    45.1,    48.7,    54.8,"(CONTRACTS OF GBP 62,500)",096742,CME ,096 ,F10,FutOnly
BRITISH POUND - CHICAGO MERCANTILE EXCHANGE,250715,2025-07-15,096742,CME ,00,096 ,  187275,   10620,   37878,    2925,   57625,   84786,    6217,   72514,   24991,    2069,     834,    2228,       0,  152804,  161094,   34471,   26181,   -4282,    1791,   -1963,     -37,   -8986,    5021,    1709,    3220,   -7654,     442,    -257,   -1694,       0,   -2118,   -4176,   -2164,    -106,  100.0,    5.7,   20.2,    1.6,   30.8,   45.3,    3.3,   38.7,   13.3,    1.1,    0.4,    1.2,    0.0,   81.6,   86.0,   18.4,   14.0,    116,      5,      7,.,     17,     25,      8,     34,     23,      8,.,      4,      0,     68,     65,    29.9,    40.4,    49.8,    51.5,    29.8,    40.4,    49.6,    50.8,"(CONTRACTS OF GBP 62,500)",096742,CME ,096 ,F10,FutOnly
BRITISH POUND - CHICAGO MERCANTILE EXCHANGE,250708,2025-07-08,096742,CME ,00,096 ,  191557,    8829,   39841,    2962,   66611,   79765,    4508,   69294,   32645,    1627,    1091,    3922,       0,  154922,  165270,   36635,   26287,    2868,    1940,    1167,    1897,   -5020,    1248,     252,    4592,   -1951,     715,       0,   -1176,       0,    4376,    2152,   -1508,     716,  100.0,    4.6,   20.8,    1.5,   34.8,   41.6,    2.4,   36.2,   17.0,    0.8,    0.6,    2.0,    0.0,   80.9,   86.3,   19.1,   13.7,    119,      4,      9,.,     20,     27,      4,     31,     21,      8,.,      5,      0,     66,     67,    31.2,    37.5,    48.4,    49.6,    31.1,    37.5,    48.3,    49.4,"(CONTRACTS OF GBP 62,500)",096742,CME ,096 ,F10,FutOnly
BRITISH POUND - CHICAGO MERCANTILE EXCHANGE,250701,2025-07-01,096742,CME ,00,096 ,  188689,    6889,   38674,    1065,   71631,   78517,    4256,   64702,   34596,     912,    1091,    5098,       0,  150546,  163118,   38143,   25571,    8791,   -2472,   -3925,      26,    6690,     274,     335,    1201,   12779,    -317,    1091,     314,       0,    6554,    9486,    2237,    -695,  100.0,    3.7,   20.5,    0.6,   38.0,   41.6,    2.3,   34.3,   18.3,    0.5,    0.6,    2.7,    0.0,   79.8,   86.4,   20.2,   13.6,    112,      6,      5,.,     21,     23,.,     30,     21,     12,.,      4,      0,     71,     58,    32.7,    38.8,    48.4,    51.2,    32.6,    38.8,    48.2,    51.1,"(CONTRACTS OF GBP 62,500)",096742,CME ,096 ,F10,FutOnly
BRITISH POUND - CHICAGO MERCANTILE EXCHANGE,250624,2025-06-24,096742,CME ,00,096 ,  179898,    9361,   42599,    1039,   64941,   78243,    3921,   63501,   21817,    1229,       0,    4784,       0,  143992,  153632,   35906,   26266,    2872,    4291,     777,     895,    -824,    5045,    -504,   -1148,   -6984,    -227,   -1680,    2235,       0,     803,    1237,    2069,    1635,  100.0,    5.2,   23.7,    0.6,   36.1,   43.5,    2.2,   35.3,   12.1,    0.7,    0.0,    2.7,    0.0,   80.0,   85.4,   20.0,   14.6,    108,      6,      7,.,     19,     25,      4,     31,     16,      8,      0,      4,      0,     64,     57,    31.8,    39.8,    48.3,    51.1,    31.5,    39.8,    48.0,    51.1,"(CONTRACTS OF GBP 62,500)",096742,CME ,096 ,F10,FutOnly
BRITISH POUND - CHICAGO MERCANTILE EXCHANGE,250617,2025-06-17,096742,CME ,00,096 ,  177026,    5070,   41822,     144,   65765,   73198,    4425,   64649,   28801,    1456,    1680,    2549,       0,  143189,  152395,   33837,   24631,  -36914,  -10722,  -26266,  -10913,   -6224,    5519,   -2270,   -1037,    4645,   -4095,     709,    -894,       0,  -34552,  -34274,   -2362,   -2640,  100.0,    2.9,   23.6,    0.1,   37.1,   41.3,    2.5,   36.5,   16.3,    0.8,    0.9,    1.4,    0.0,   80.9,   86.1,   19.1,   13.9,    111,      6,      5,.,     20,     25,      5,     31,     18,      8,.,.,      0,     65,     60,    34.6,    41.2,    50.7,    52.7,    34.4,    41.2,    50.5,    52.7,"(CONTRACTS OF GBP 62,500)",096742,CME ,096 ,F10,FutOnly
BRITISH POUND - CHICAGO MERCANTILE EXCHANGE,250610,2025-06-10,096742,CME ,00,096 ,  213940,   15792,   68088,   11057,   71989,   67679,    6695,   65686,   24156,    5551,     971,    3443,       0,  177741,  186669,   36199,   27271,  -19661,    7246,    6050,   -8073,    2897,     -34,     512,   -7412,   -9543,  -12636,   -1431,       5,       0,  -18897,  -23719,    -764,    4058,  100.0,    7.4,   31.8,    5.2,   33.6,   31.6,    3.1,   30.7,   11.3,    2.6,    0.5,    1.6,    0.0,   83.1,   87.3,   16.9,   12.7,    116,      5,      9,      5,     20,     24,      7,     32,     20,     13,.,      4,      0,     73,     68,    29.8,    41.0,    45.9,    50.5,    29.6,    38.6,    45.7,    47.4,"(CONTRACTS OF GBP 62,500)",096742,CME ,096 ,F10,FutOnly
BRITISH POUND - CHICAGO MERCANTILE EXCHANGE,250603,2025-06-03,096742,CME ,00,096 ,  233601,    8546,   62038,   19130,   69092,   67713,    6183,   73098,   33699,   18187,    2402,    3438,       0,  196638,  210388,   36963,   23213,   30611,    -864,    6607,   17435,   -1052,   -3871,     395,    1363,     698,   11792,    1302,    -423,       0,   30371,   32633,     240,   -2022,  100.0,    3.7,   26.6,    8.2,   29.6,   29.0,    2.6,   31.3,   14.4,    7.8,    1.0,    1.5,    0.0,   84.2,   90.1,   15.8,    9.9,    113,      6,      9,      8,     17,     24,      6,     31,     20,     13,.,      4,      0,     72,     68,    25.9,    38.0,    41.4,    50.3,    24.8,    35.1,    39.7,    42.7,"(CONTRACTS OF GBP 62,500)",096742,CME ,096 ,F10,FutOnly
BRITISH POUND - CHICAGO MERCANTILE EXCHANGE,250527,2025-05-27,096742,CME ,00,096 ,  202990,    9410,   55431,    1695,   70144,   71584,    5788,   71735,   33001,    6395,    1100,    3861,       0,  166267,  177755,   36723,   25235,    7664,   -1335,   12284,     910,    8085,    3325,     -62,    6936,     398,  -11525,    1100,     443,       0,    4109,    5773,    3555,    1891,  100.0,    4.6,   27.3,    0.8,   34.6,   35.3,    2.9,   35.3,   16.3,    3.2,    0.5,    1.9,    0.0,   81.9,   87.6,   18.1,   12.4,    114,      5,      7,.,     17,     28,      7,     31,     19,     13,.,      5,      0,     66,     70,    29.0,    37.6,    47.6,    46.7,    27.8,    37.6,    45.6,    46.3,"(CONTRACTS OF GBP 62,500)",096742,CME ,096 ,F10,FutOnly
BRITISH POUND - CHICAGO MERCANTILE EXCHANGE,250520,2025-05-20,096742,CME ,00,096 ,  195326,   10745,   43147,     785,   62059,   68259,    5850,   64799,   32603,   17920,       0,    3418,       0,  162158,  171982,   33168,   23344,     465,   -1463,    2249,     624,    1843,    2297,    1109,    -508,    -318,    -923,    -620,       5,       0,      62,    5043,     403,   -4578,  100.0,    5.5,   22.1,    0.4,   31.8,   34.9,    3.0,   33.2,   16.7,    9.2,    0.0,    1.7,    0.0,   83.0,   88.0,   17.0,   12.0,    110,      5,      6,.,     16,     27,      7,     27,     24,     13,      0,      4,      0,     62,     69,    27.4,    33.4,    45.9,    44.6,    26.2,    33.4,    43.9,    42.5,"(CONTRACTS OF GBP 62,500)",096742,CME ,096 ,F10,FutOnly
BRITISH POUND - CHICAGO MERCANTILE EXCHANGE,250513,2025-05-13,096742,CME ,00,096 ,  194861,   12208,   40898,     161,   60216,   65962,    4741,   65307,   32921,   18843,     620,    3413,       0,  162096,  166939,   32765,   27922,   -5353,   -1642,   -4031,     -14,   -4500,    -672,     935,    -922,   -2777,    -501,     219,     -23,       0,   -6425,   -7083,    1072,    1730,  100.0,    6.3,   21.0,    0.1,   30.9,   33.9,    2.4,   33.5,   16.9,    9.7,    0.3,    1.8,    0.0,   83.2,   85.7,   16.8,   14.3,    108,      5,      7,.,     19,     26,      7,     26,     19,     12,.,      4,      0,     62,     66,    25.9,    31.4,    44.4,    43.6,    24.0,    31.4,    42.4,    40.3,"(CONTRACTS OF GBP 62,500)",096742,CME ,096 ,F10,FutOnly
BRITISH POUND - CHICAGO MERCANTILE EXCHANGE,250506,2025-05-06,096742,CME ,00,096 ,  200214,   13850,   44929,     175,   64716,   66634,    3806,   66229,   35698,   19344,     401,    3436,       0,  168521,  174022,   31693,   26192,    7902,    3061,    4820,      13,    -790,     182,     429,    3458,     475,    1512,       0,     -11,       0,    7683,    7420,     219,     482,  100.0,    6.9,   22.4,    0.1,   32.3,   33.3,    1.9,   33.1,   17.8,    9.7,    0.2,    1.7,    0.0,   84.2,   86.9,   15.8,   13.1,    121,      8,      8,.,     18,     28,      5,     33,     20,     12,.,      4,      0,     71,     69,    23.9,    31.4,    41.3,    43.3,    22.2,    31.4,    39.3,    40.9,"(CONTRACTS OF GBP 62,500)",096742,CME ,096 ,F10,FutOnly
BRITISH POUND - CHICAGO MERCANTILE EXCHANGE,250429,2025-04-29,096742,CME ,00,096 ,  192312,   10789,   40109,     162,   65506,   66452,    3377,   62771,   35223,   17832,     401,    3447,       0,  160838,  166602,   31474,   25710,   12757,     205,    5763,      82,    2325,   -1841,      80,   -4717,   -2498,   12630,       0,   -2796,       0,   10605,   11420,    2152,    1337,  100.0,    5.6,   20.9,    0.1,   34.1,   34.6,    1.8,   32.6,   18.3,    9.3,    0.2,    1.8,    0.0,   83.6,   86.6,   16.4,   13.4,    112,      7,      7,.,     17,     28,      7,     29,     18,     12,.,      4,      0,     65,     68,    24.8,    32.7,    43.6,    43.9,    23.0,    32.7,    41.5,    42.2,"(CONTRACTS OF GBP 62,500)",096742,CME ,096 ,F10,FutOnly
BRITISH POUND - CHICAGO MERCANTILE EXCHANGE,250422,2025-04-22,096742,CME ,00,096 ,  179555,   10584,   34346,      80,   63181,   68293,    3297,   67488,   37721,    5202,     401,    6243,       0,  150233,  155182,   29322,   24373,    2549,   -6074,   10380,    -192,    8929,   -3559,     674,   -2955,    1336,    1133,     401,   -5887,       0,    1916,    3885,     633,   -1336,  100.0,    5.9,   19.1,    0.0,   35.2,   38.0,    1.8,   37.6,   21.0,    2.9,    0.2,    3.5,    0.0,   83.7,   86.4,   16.3,   13.6,    113,      6,      7,.,     17,     28,      9,     30,     19,     13,.,      5,      0,     67,     70,    26.3,    32.3,    46.9,    42.3,    24.6,    32.3,    44.8,    42.3,"(CONTRACTS OF GBP 62,500)",096742,CME ,096 ,F10,FutOnly
BRITISH POUND - CHICAGO MERCANTILE EXCHANGE,250415,2025-04-15,096742,CME ,00,096 ,  177006,   16658,   23966,     272,   54252,   71852,    2623,   70443,   36385,    4069,       0,   12130,       0,  148317,  151297,   28689,   25709,      96,   -4780,   -2746,       0,    4691,    3458,    -750,   -2112,    8238,   -1511,       0,   -6656,       0,   -4462,      33,    4558,      63,  100.0,    9.4,   13.5,    0.2,   30.6,   40.6,    1.5,   39.8,   20.6,    2.3,    0.0,    6.9,    0.0,   83.8,   85.5,   16.2,   14.5,    108,      8,      5,.,     16,     28,     10,     29,     17,      7,      0,      5,      0,     63,     64,    26.5,    34.0,    45.9,    44.5,    24.4,    34.0,    43.6,    44.4,"(CONTRACTS OF GBP 62,500)",096742,CME ,096 ,F10,FutOnly
BRITISH POUND - CHICAGO MERCANTILE EXCHANGE,250408,2025-04-08,096742,CME ,00,096 ,  176910,   21438,   26712,     272,   49561,   68394,    3373,   72555,   28147,    5580,       0,   18786,       0,  152779,  151264,   24131,   25646,  -10250,    9312,   -8838,      70,   -9932,   -6014,     481,   -3929,     -87,     490,    -582,    4129,     -43,   -4133,   -9812,   -6117,    -438,  100.0,   12.1,   15.1,    0.2,   28.0,   38.7,    1.9,   41.0,   15.9,    3.2,    0.0,   10.6,    0.0,   86.4,   85.5,   13.6,   14.5,    109,     11,      5,.,     12,     29,     11,     27,     20,     11,      0,      5,      0,     62,     71,    30.0,    34.7,    49.8,    46.7,    27.9,    34.7,    47.5,    46.5,"(CONTRACTS OF GBP 62,500)",096742,CME ,096 ,F10,FutOnly
BRITISH POUND - CHICAGO MERCANTILE EXCHANGE,250401,2025-04-01,096742,CME ,00,096 ,  187160,   12126,   35550,     202,   59493,   74408,    2892,   76484,   28234,    5090,     582,   14657,      43,  156912,  161076,   30248,   26084,   -4052,    1416,  -10428,     114,   -7918,    1607,     -93,    5107,   -2437,     260,   -1003,    6625,      43,   -2074,   -4309,   -1978,     257,  100.0,    6.5,   19.0,    0.1,   31.8,   39.8,    1.5,   40.9,   15.1,    2.7,    0.3,    7.8,    0.0,   83.8,   86.1,   16.2,   13.9,    112,      6,      8,.,     15,     26,      9,     31,     20,      9,.,      5,.,     64,     68,    31.4,    35.0,    49.1,    48.2,    29.4,    34.9,    47.1,    47.8,"(CONTRACTS OF GBP 62,500)",096742,CME ,096 ,F10,FutOnly
BRITISH POUND - CHICAGO MERCANTILE EXCHANGE,250325,2025-03-25,096742,CME ,00,096 ,  191212,   10710,   45978,      88,   67411,   72801,    2985,   71377,   30671,    4830,    1585,    8032,       0,  158986,  165385,   32226,   25827,   10371,    2000,   13418,      -9,    7042,    -696,    -442,    4109,   -4641,   -1574,     422,    2549,       0,   11548,    8605,   -1177,    1766,  100.0,    5.6,   24.0,    0.0,   35.3,   38.1,    1.6,   37.3,   16.0,    2.5,    0.8,    4.2,    0.0,   83.1,   86.5,   16.9,   13.5,    117,      7,      9,.,     18,     25,      8,     26,     24,      9,.,      5,      0,     66,     69,    33.4,    34.6,    53.0,    47.2,    32.2,    34.6,    51.0,    47.0,"(CONTRACTS OF GBP 62,500)",096742,CME ,096 ,F10,FutOnly
BRITISH POUND - CHICAGO MERCANTILE EXCHANGE,250318,2025-03-18,096742,CME ,00,096 ,  180841,    8710,   32560,      97,   60369,   73497,    3427,   67268,   35312,    6404,    1163,    5483,       0,  147438,  156780,   33403,   24061,  -67616,  -28909,  -19251,  -17552,    9362,   -2962,     789,    6194,    2171,  -19653,  -10179,    2684,       0,  -59948,  -53774,   -7668,  -13842,  100.0,    4.8,   18.0,    0.1,   33.4,   40.6,    1.9,   37.2,   19.5,    3.5,    0.6,    3.0,    0.0,   81.5,   86.7,   18.5,   13.3,    120,      5,      8,.,     17,     27,      9,     28,     27,     12,.,      6,      0,     67,     75,    32.6,    32.4,    51.1,    43.2,    31.0,    32.2,    49.1,    43.0,"(CONTRACTS OF GBP 62,500)",096742,CME ,096 ,F10,FutOnly
BRITISH POUND - CHICAGO MERCANTILE EXCHANGE,250311,2025-03-11,096742,CME ,00,096 ,  248457,   37619,   51811,   17649,   51007,   76459,    2638,   61074,   33141,   26057,   11342,    2799,       0,  207386,  210554,   41071,   37903,   47823,   -5273,   18510,   14850,    9629,   -9558,    1245,   -1167,    4650,   12543,    2631,     250,       0,   34458,   42490,   13365,    5333,  100.0,   15.1,   20.9,    7.1,   20.5,   30.8,    1.1,   24.6,   13.3,   10.5,    4.6,    1.1,    0.0,   83.5,   84.7,   16.5,   15.3,    115,      7,      9,      7,     13,     28,      7,     24,     26,     19,.,      4,      0,     65,     83,    27.3,    30.0,    44.0,    43.3,    25.5,    29.5,    41.5,    39.0,"(CONTRACTS OF GBP 62,500)",096742,CME ,096 ,F10,FutOnly
BRITISH POUND - CHICAGO MERCANTILE EXCHANGE,250304,2025-03-04,096742,CME ,00,096 ,  200634,   42892,   33301,    2799,   41378,   86017,    1393,   62241,   28491,   13514,    8711,    2549,       0,  172928,  168064,   27706,   32570,     166,  -13815,    6805,     510,   -1807,   -4466,    -595,    1598,     -84,    4067,    7494,   -3000,       0,   -2548,    3237,    2714,   -3071,  100.0,   21.4,   16.6,    1.4,   20.6,   42.9,    0.7,   31.0,   14.2,    6.7,    4.3,    1.3,    0.0,   86.2,   83.8,   13.8,   16.2,    116,      8,      9,      4,     11,     31,      6,     23,     28,     17,.,.,      0,     59,     84,    31.1,    31.2,    48.8,    41.3,    29.7,    31.1,    46.7,    41.1,"(CONTRACTS OF GBP 62,500)",096742,CME ,096 ,F10,FutOnly
BRITISH POUND - CHICAGO MERCANTILE EXCHANGE,250225,2025-02-25,096742,CME ,00,096 ,  200468,   56707,   26496,    2289,   43185,   90483,    1988,   60643,   28575,    9447,    1217,    5549,       0,  175476,  164827,   24992,   35641,   -2902,   -1938,    1914,    -105,    2759,   -6419,     744,   -2900,    -164,    -166,   -2159,       0,       0,   -3765,   -4196,     863,    1294,  100.0,   28.3,   13.2,    1.1,   21.5,   45.1,    1.0,   30.3,   14.3,    4.7,    0.6,    2.8,    0.0,   87.5,   82.2,   12.5,   17.8,    115,      9,      7,.,     10,     32,      6,     25,     26,     14,.,      4,      0,     54,     84,    30.1,    30.2,    49.8,    40.5,    28.9,    30.0,    47.5,    40.4,"(CONTRACTS OF GBP 62,500)",096742,CME ,096 ,F10,FutOnly
BRITISH POUND - CHICAGO MERCANTILE EXCHANGE,250218,2025-02-18,096742,CME ,00,096 ,  203370,   58645,   24582,    2394,   40426,   96902,    1244,   63543,   28739,    9613,    3376,    5549,       0,  179241,  169023,   24129,   34347,   -4768,  -14924,    -604,    2394,    8215,   -3374,    -107,    5003,    1821,   -3643,   -1359,    2186,    -160,   -4581,   -1487,    -187,   -3281,  100.0,   28.8,   12.1,    1.2,   19.9,   47.6,    0.6,   31.2,   14.1,    4.7,    1.7,    2.7,    0.0,   88.1,   83.1,   11.9,   16.9,    117,     11,      6,.,      9,     33,      6,     27,     25,     13,.,      4,      0,     57,     82,    29.1,    28.9,    48.7,    40.9,    27.9,    28.8,    46.6,    40.7,"(CONTRACTS OF GBP 62,500)",096742,CME ,096 ,F10,FutOnly
BRITISH POUND - CHICAGO MERCANTILE EXCHANGE,250211,2025-02-11,096742,CME ,00,096 ,  208138,   73569,   25186,       0,   32211,  100276,    1351,   58540,   26918,   13256,    4735,    3363,     160,  183822,  170510,   24316,   37628,    3494,   -4923,    3259,       0,   -2410,     579,    -215,    2370,   -6353,    4784,    2541,     487,     -18,    2129,    2523,    1365,     971,  100.0,   35.3,   12.1,    0.0,   15.5,   48.2,    0.6,   28.1,   12.9,    6.4,    2.3,    1.6,    0.1,   88.3,   81.9,   11.7,   18.1,    109,     11,      5,      0,      7,     34,      6,     21,     25,     14,.,      5,.,     54,     76,    32.4,    27.9,    52.1,    41.3,    31.3,    27.7,    50.2,    41.1,"(CONTRACTS OF GBP 62,500)",096742,CME ,096 ,F10,FutOnly
BRITISH POUND - CHICAGO MERCANTILE EXCHANGE,250204,2025-02-04,096742,CME ,00,096 ,  204644,   78492,   21927,       0,   34621,   99697,    1566,   56170,   33271,    8472,    2194,    2876,     178,  181693,  167987,   22951,   36657,   -2177,  -10342,    2661,       0,    1077,   -3457,     421,    3743,     772,    -468,    1363,    -159,     159,   -4047,     -71,    1870,   -2106,  100.0,   38.4,   10.7,    0.0,   16.9,   48.7,    0.8,   27.4,   16.3,    4.1,    1.1,    1.4,    0.1,   88.8,   82.1,   11.2,   17.9,    109,     11,      5,      0,      7,     32,      8,     20,     29,     15,.,      4,.,     55,     78,    34.2,    26.7,    54.7,    40.2,    33.1,    26.6,    52.8,    40.0,"(CONTRACTS OF GBP 62,500)",096742,CME ,096 ,F10,FutOnly
BRITISH POUND - CHICAGO MERCANTILE EXCHANGE,250128,2025-01-28,096742,CME ,00,096 ,  206821,   88834,   19266,       0,   33544,  103154,    1145,   52427,   32499,    8940,     831,    3035,      19,  185740,  168058,   21081,   38763,   -5867,   16375,   -1419,       0,   -9810,   -4531,    -287,  -11231,    1889,    2189,   -2300,     -95,      19,   -5045,   -2235,    -822,   -3632,  100.0,   43.0,    9.3,    0.0,   16.2,   49.9,    0.6,   25.3,   15.7,    4.3,    0.4,    1.5,    0.0,   89.8,   81.3,   10.2,   18.7,    109,     11,      5,      0,      7,     33,      6,     19,     29,     13,.,      4,.,     50,     79,    37.9,    25.6,    57.5,    38.9,    36.8,    25.5,    55.6,    38.7,"(CONTRACTS OF GBP 62,500)",096742,CME ,096 ,F10,FutOnly
BRITISH POUND - CHICAGO MERCANTILE EXCHANGE,250121,2025-01-21,096742,CME ,00,096 ,  212688,   72459,   20685,       0,   43354,  107685,    1432,   63658,   30610,    6751,    3131,    3130,       0,  190785,  170293,   21903,   42395,   11862,   19369,    5953,       0,   -4612,    4490,      48,   -4133,   -2307,    -819,    2098,    -483,    -175,   11776,    6707,      86,    5155,  100.0,   34.1,    9.7,    0.0,   20.4,   50.6,    0.7,   29.9,   14.4,    3.2,    1.5,    1.5,    0.0,   89.7,   80.1,   10.3,   19.9,    105,     10,      6,      0,      7,     38,      7,     20,     19,     10,.,      4,      0,     47,     75,    33.4,    24.8,    53.2,    38.4,    32.8,    24.6,    51.4,    38.3,"(CONTRACTS OF GBP 62,500)",096742,CME ,096 ,F10,FutOnly
BRITISH POUND - CHICAGO MERCANTILE EXCHANGE,250114,2025-01-14,096742,CME ,00,096 ,  200826,   53090,   14732,       0,   47966,  103195,    1384,   67791,   32917,    7570,    1033,    3613,     175,  179009,  163586,   21817,   37240,   12056,   10852,   -3945,     -17,    8339,    5486,     190,   -5143,    7296,     403,    1033,    -396,     -90,   15567,    8927,   -3511,    3129,  100.0,   26.4,    7.3,    0.0,   23.9,   51.4,    0.7,   33.8,   16.4,    3.8,    0.5,    1.8,    0.1,   89.1,   81.5,   10.9,   18.5,    112,     10,      5,      0,      8,     38,      8,     23,     22,     12,.,      5,.,     51,     82,    31.8,    24.3,    50.9,    36.6,    30.8,    24.1,    49.0,    36.4,"(CONTRACTS OF GBP 62,500)",096742,CME ,096 ,F10,FutOnly
BRITISH POUND - CHICAGO MERCANTILE EXCHANGE,250107,2025-01-07,096742,CME ,00,096 ,  188770,   42238,   18677,      17,   39627,   97709,    1194,   72934,   25621,    7167,       0,    4009,     265,  163442,  154659,   25328,   34111,    -109,    5504,   -2709,    -400,    2552,    5708,    -268,   -5823,   -4028,     266,   -2412,   -1350,       0,    -581,   -2781,     472,    2672,  100.0,   22.4,    9.9,    0.0,   21.0,   51.8,    0.6,   38.6,   13.6,    3.8,    0.0,    2.1,    0.1,   86.6,   81.9,   13.4,   18.1,    106,      8,      7,.,      7,     34,      6,     21,     23,     12,      0,      6,.,     49,     78,    36.6,    25.9,    56.8,    36.6,    35.5,    25.7,    54.9,    36.3,"(CONTRACTS OF GBP 62,500)",096742,CME ,096 ,F10,FutOnly
JAPANESE YEN - CHICAGO MERCANTILE EXCHANGE,251230,2025-12-30,097741,CME ,00,097 ,  286132,    6813,   71916,    1451,  102560,   49109,    7721,   33087,  107234,    3442,   82582,    1791,    7130,  244786,  249794,   41346,   36338,    1048,   -1979,    9366,     -15,     552,   -4551,     338,    -741,   -4750,     510,    1999,      93,       7,     671,     998,     377,      50,  100.0,    2.4,   25.1,    0.5,   35.8,   17.2,    2.7,   11.6,   37.5,    1.2,   28.9,    0.6,    2.5,   85.5,   87.3,   14.4,   12.7,    150,      6,     16,.,     27,     21,     13,     23,     38,     12,     15,.,.,     85,     95,    34.8,    34.7,    49.9,    46.3,    34.7,    34.4,    49.1,    45.7,"(CONTRACTS OF JPY 12,500,000)",097741,CME ,097 ,F10,FutOnly
JAPANESE YEN - CHICAGO MERCANTILE EXCHANGE,251223,2025-12-23,097741,CME ,00,097 ,  285084,    8792,   62550,    1466,  102008,   53660,    7383,   33828,  111984,    2932,   80583,    1698,    7123,  244115,  248796,   40969,   36288,  -94595,     952,   -2041,     -10,   -6972,    3425,    -447,   -6275,  -10759,     763,    6094,     169,    -228,   -6123,   -9128,  -88472,  -85467,  100.0,    3.1,   21.9,    0.5,   35.8,   18.8,    2.6,   11.9,   39.3,    1.0,   28.3,    0.6,    2.5,   85.6,   87.3,   14.4,   12.7,    155,      6,     16,      4,     27,     20,     12,     25,     43,     12,     14,.,.,     88,     97,    35.0,    33.8,    50.0,    45.5,    35.0,    33.4,    49.4,    44.9,"(CONTRACTS OF JPY 12,500,000)",097741,CME ,097 ,F10,FutOnly
JAPANESE YEN - CHICAGO MERCANTILE EXCHANGE,251216,2025-12-16,097741,CME ,00,097 ,  379679,    7840,   64591,    1476,  108980,   50235,    7830,   40103,  122743,    2169,   74489,    1529,    7351,  250238,  257924,  129441,  121755,  -85737,  -26693,  -38958,  -79966,  -26921,   -9135,     408,   -3210,   -9264,  -29248,   -6796,     812,     -14, -172440, -165365,   86703,   79628,  100.0,    2.1,   17.0,    0.4,   28.7,   13.2,    2.1,   10.6,   32.3,    0.6,   19.6,    0.4,    1.9,   65.9,   67.9,   34.1,   32.1,    147,      7,     14,      4,     30,     18,     13,     27,     38,      9,      9,.,.,     85,     90,    27.6,    27.8,    40.0,    37.7,    27.6,    27.8,    39.4,    37.5,"(CONTRACTS OF JPY 12,500,000)",097741,CME ,097 ,F10,FutOnly
JAPANESE YEN - CHICAGO MERCANTILE EXCHANGE,251209,2025-12-09,097741,CME ,00,097 ,  465416,   34533,  103549,   81442,  135901,   59370,    7422,   43313,  132007,   31417,   81285,     717,    7365,  422678,  423289,   42738,   42127,   70557,   15017,   -7483,   58945,    4212,    -343,     458,   -8419,   18800,    -645,     996,    -262,     -39,   70525,   69431,      32,    1126,  100.0,    7.4,   22.2,   17.5,   29.2,   12.8,    1.6,    9.3,   28.4,    6.8,   17.5,    0.2,    1.6,   90.8,   90.9,    9.2,    9.1,    153,     13,      9,     12,     28,     19,     11,     25,     44,     15,     12,.,.,     94,    100,    33.1,    39.2,    52.5,    56.1,    29.4,    33.3,    39.5,    43.0,"(CONTRACTS OF JPY 12,500,000)",097741,CME ,097 ,F10,FutOnly
JAPANESE YEN - CHICAGO MERCANTILE EXCHANGE,251202,2025-12-02,097741,CME ,00,097 ,  394859,   19516,  111032,   22497,  131689,   59713,    6964,   51732,  113207,   32062,   80289,     979,    7404,  352153,  353858,   42706,   41001,   50439,    2152,    7179,   18783,     721,   -1146,     409,    3191,   11072,   14753,   10454,     151,     -23,   50440,   51178,      -1,    -739,  100.0,    4.9,   28.1,    5.7,   33.4,   15.1,    1.8,   13.1,   28.7,    8.1,   20.3,    0.2,    1.9,   89.2,   89.6,   10.8,   10.4,    151,     10,     11,      7,     28,     22,     10,     29,     38,     13,      9,.,.,     89,     94,    37.1,    38.4,    54.0,    56.7,    36.5,    38.0,    45.8,    49.4,"(CONTRACTS OF JPY 12,500,000)",097741,CME ,097 ,F10,FutOnly
JAPANESE YEN - CHICAGO MERCANTILE EXCHANGE,251125,2025-11-25,097741,CME ,00,097 ,  344420,   17364,  103853,    3714,  130968,   60859,    6555,   48541,  102135,   17309,   69835,     828,    7427,  301713,  302680,   42707,   41740,   14964,  -10553,     118,    2635,    3841,    3476,     512,    4161,   -5381,   13930,   -2044,   -1211,     928,   13410,   15007,    1554,     -43,  100.0,    5.0,   30.2,    1.1,   38.0,   17.7,    1.9,   14.1,   29.7,    5.0,   20.3,    0.2,    2.2,   87.6,   87.9,   12.4,   12.1,    150,      9,     10,      6,     27,     22,     10,     29,     41,     13,      9,.,.,     90,     92,    40.5,    43.4,    51.9,    54.6,    40.5,    43.3,    50.4,    54.4,"(CONTRACTS OF JPY 12,500,000)",097741,CME ,097 ,F10,FutOnly
JAPANESE YEN - CHICAGO MERCANTILE EXCHANGE,251118,2025-11-18,097741,CME ,00,097 ,  329456,   27917,  103735,    1079,  127127,   57383,    6043,   44380,  107516,    3379,   71879,    2039,    6499,  288303,  287673,   41153,   41783,   16611,   14089,   -5100,     251,     243,    7639,     429,    3335,    8857,     319,   -5283,     811,     897,   14280,   14103,    2331,    2508,  100.0,    8.5,   31.5,    0.3,   38.6,   17.4,    1.8,   13.5,   32.6,    1.0,   21.8,    0.6,    2.0,   87.5,   87.3,   12.5,   12.7,    147,      9,     10,      4,     24,     22,     10,     26,     42,     13,      8,      5,.,     83,     93,    42.7,    46.1,    53.8,    57.0,    42.7,    46.1,    53.5,    56.6,"(CONTRACTS OF JPY 12,500,000)",097741,CME ,097 ,F10,FutOnly
JAPANESE YEN - CHICAGO MERCANTILE EXCHANGE,251110,2025-11-10,097741,CME ,00,097 ,  312845,   13828,  108835,     828,  126884,   49744,    5614,   41045,   98659,    3060,   77162,    1228,    5602,  274023,  273570,   38822,   39275,   -1345,   -1434,    -321,    -361,    -329,     521,      87,    1302,    2300,    -748,       0,       0,       8,   -1475,    1486,     130,   -2831,  100.0,    4.4,   34.8,    0.3,   40.6,   15.9,    1.8,   13.1,   31.5,    1.0,   24.7,    0.4,    1.8,   87.6,   87.4,   12.4,   12.6,    143,      8,     12,      4,     25,     19,     11,     28,     38,     13,      9,.,.,     84,     89,    46.4,    46.9,    57.3,    57.4,    46.4,    46.9,    56.9,    57.2,"(CONTRACTS OF JPY 12,500,000)",097741,CME ,097 ,F10,FutOnly
JAPANESE YEN - CHICAGO MERCANTILE EXCHANGE,251104,2025-11-04,097741,CME ,00,097 ,  314190,   15262,  109156,    1189,  127213,   49223,    5527,   39743,   96359,    3808,   77162,    1228,    5594,  275498,  272084,   38692,   42106,   -7699,    5531,  -22828,     957,   -1943,    5366,     500,   -2712,    3779,     649,  -10647,       0,     223,   -7442,  -11354,    -257,    3655,  100.0,    4.9,   34.7,    0.4,   40.5,   15.7,    1.8,   12.6,   30.7,    1.2,   24.6,    0.4,    1.8,   87.7,   86.6,   12.3,   13.4,    144,     10,     12,      4,     24,     19,     11,     27,     39,     12,      9,.,.,     83,     90,    45.8,    45.6,    57.0,    55.9,    45.8,    45.4,    56.6,    55.7,"(CONTRACTS OF JPY 12,500,000)",097741,CME ,097 ,F10,FutOnly
JAPANESE YEN - CHICAGO MERCANTILE EXCHANGE,251028,2025-10-28,097741,CME ,00,097 ,  321889,    9731,  131984,     232,  129156,   43857,    5027,   42455,   92580,    3159,   87809,    1228,    5371,  282940,  283438,   38949,   38451,   14320,    2501,    5501,     -26,    8143,    4453,     587,     684,    4394,    -295,    -889,    -891,     227,   10932,   13950,    3388,     370,  100.0,    3.0,   41.0,    0.1,   40.1,   13.6,    1.6,   13.2,   28.8,    1.0,   27.3,    0.4,    1.7,   87.9,   88.1,   12.1,   11.9,    144,      8,     12,.,     28,     19,     13,     29,     36,     10,      8,.,.,     84,     88,    47.8,    45.5,    57.5,    59.7,    47.8,    45.5,    57.2,    59.5,"(CONTRACTS OF JPY 12,500,000)",097741,CME ,097 ,F10,FutOnly
JAPANESE YEN - CHICAGO MERCANTILE EXCHANGE,251021,2025-10-21,097741,CME ,00,097 ,  307569,    7230,  126483,     258,  121013,   39404,    4440,   41771,   88186,    3454,   88698,    2119,    5144,  272008,  269488,   35561,   38081,    2566,  -12458,   19651,    -188,    4595,   -9957,    -474,   -1618,   -7304,    1210,   13320,    -525,     263,    4650,    2676,   -2084,    -110,  100.0,    2.4,   41.1,    0.1,   39.3,   12.8,    1.4,   13.6,   28.7,    1.1,   28.8,    0.7,    1.7,   88.4,   87.6,   11.6,   12.4,    146,      8,     13,.,     26,     18,     12,     30,     35,     12,     10,      5,.,     87,     88,    49.1,    47.1,    58.8,    59.9,    49.1,    46.9,    58.7,    59.6,"(CONTRACTS OF JPY 12,500,000)",097741,CME ,097 ,F10,FutOnly
JAPANESE YEN - CHICAGO MERCANTILE EXCHANGE,251014,2025-10-14,097741,CME ,00,097 ,  305003,   19688,  106832,     446,  116418,   49361,    4914,   43389,   95490,    2244,   75378,    2644,    4881,  267358,  266812,   37645,   38191,    -131,   -4218,   -3665,     -68,   -1390,    1189,     379,    7078,    3547,   -1675,     388,     574,     202,     696,     483,    -827,    -614,  100.0,    6.5,   35.0,    0.1,   38.2,   16.2,    1.6,   14.2,   31.3,    0.7,   24.7,    0.9,    1.6,   87.7,   87.5,   12.3,   12.5,    151,      9,     11,.,     28,     19,     12,     30,     38,     10,     10,      5,.,     88,     89,    43.7,    47.6,    54.1,    57.0,    43.7,    47.5,    54.0,    56.8,"(CONTRACTS OF JPY 12,500,000)",097741,CME ,097 ,F10,FutOnly
JAPANESE YEN - CHICAGO MERCANTILE EXCHANGE,251007,2025-10-07,097741,CME ,00,097 ,  305134,   23906,  110497,     514,  117808,   48172,    4535,   36311,   91943,    3919,   74990,    2070,    4679,  266662,  266329,   38472,   38805,    -577,   10157,   -4549,     511,    8205,    6767,    -340,   -7663,   -2563,    1309,  -14088,   -2657,     473,   -1436,   -1049,     859,     472,  100.0,    7.8,   36.2,    0.2,   38.6,   15.8,    1.5,   11.9,   30.1,    1.3,   24.6,    0.7,    1.5,   87.4,   87.3,   12.6,   12.7,    154,     10,     12,      4,     30,     20,     11,     27,     39,     11,     11,      4,.,     91,     91,    44.0,    46.7,    54.8,    57.2,    44.0,    46.6,    54.8,    56.8,"(CONTRACTS OF JPY 12,500,000)",097741,CME ,097 ,F10,FutOnly
JAPANESE YEN - CHICAGO MERCANTILE EXCHANGE,250930,2025-09-30,097741,CME ,00,097 ,  305711,   13749,  115046,       3,  109603,   41405,    4875,   43974,   94506,    2610,   89078,    4727,    4206,  268098,  267378,   37613,   38333,   -4182,    6916,  -21042,     -44,    -695,    8941,     313,    1836,    -602,    1207,  -12901,    3400,     194,   -3174,   -7633,   -1008,    3451,  100.0,    4.5,   37.6,    0.0,   35.9,   13.5,    1.6,   14.4,   30.9,    0.9,   29.1,    1.5,    1.4,   87.7,   87.5,   12.3,   12.5,    148,      8,     11,.,     30,     21,     14,     26,     37,      8,     10,      4,.,     85,     87,    45.7,    48.0,    55.6,    60.1,    45.7,    48.0,    55.6,    59.8,"(CONTRACTS OF JPY 12,500,000)",097741,CME ,097 ,F10,FutOnly
JAPANESE YEN - CHICAGO MERCANTILE EXCHANGE,250923,2025-09-23,097741,CME ,00,097 ,  309893,    6833,  136088,      47,  110298,   32464,    4562,   42138,   95108,    1403,  101979,    1327,    4012,  271272,  275011,   38621,   34882,   10273,   -2000,    5125,       0,    8173,     439,      57,    2496,    4676,      -8,    3202,   -1557,     255,   12175,    8987,   -1902,    1286,  100.0,    2.2,   43.9,    0.0,   35.6,   10.5,    1.5,   13.6,   30.7,    0.5,   32.9,    0.4,    1.3,   87.5,   88.7,   12.5,   11.3,    149,      7,     13,.,     33,     19,     14,     28,     33,      7,     12,.,.,     92,     82,    46.9,    46.4,    57.0,    64.7,    46.9,    46.4,    57.0,    64.6,"(CONTRACTS OF JPY 12,500,000)",097741,CME ,097 ,F10,FutOnly
JAPANESE YEN - CHICAGO MERCANTILE EXCHANGE,250916,2025-09-16,097741,CME ,00,097 ,  299620,    8833,  130963,      47,  102125,   32025,    4505,   39642,   90432,    1411,   98777,    2884,    3757,  259097,  266024,   40523,   33596, -111179,  -44868,  -74009,  -21214,  -16090,    -337,    -460,   -1831,    7297,  -23784,      77,    2465,       5, -108165, -110037,   -3014,   -1142,  100.0,    2.9,   43.7,    0.0,   34.1,   10.7,    1.5,   13.2,   30.2,    0.5,   33.0,    1.0,    1.3,   86.5,   88.8,   13.5,   11.2,    138,      8,     11,.,     34,     17,     13,     20,     33,     11,     11,.,.,     86,     79,    45.9,    46.9,    56.3,    63.4,    45.9,    46.9,    56.3,    63.4,"(CONTRACTS OF JPY 12,500,000)",097741,CME ,097 ,F10,FutOnly
JAPANESE YEN - CHICAGO MERCANTILE EXCHANGE,250909,2025-09-09,097741,CME ,00,097 ,  410799,   53701,  204972,   21261,  118215,   32362,    4965,   41473,   83135,   25195,   98700,     419,    3752,  367262,  376061,   43537,   34738,   -3450,  -14488,   16568,   13004,    8996,    -876,     187,    4003,  -10778,  -16600,    -185,    -787,   -1032,   -6115,    -314,    2665,   -3136,  100.0,   13.1,   49.9,    5.2,   28.8,    7.9,    1.2,   10.1,   20.2,    6.1,   24.0,    0.1,    0.9,   89.4,   91.5,   10.6,    8.5,    141,     10,     12,      9,     32,     17,     15,     23,     34,     14,     11,.,.,     95,     85,    44.5,    46.7,    57.5,    60.2,    40.6,    46.6,    52.4,    58.3,"(CONTRACTS OF JPY 12,500,000)",097741,CME ,097 ,F10,FutOnly
JAPANESE YEN - CHICAGO MERCANTILE EXCHANGE,250902,2025-09-02,097741,CME ,00,097 ,  414249,   68189,  188404,    8257,  109219,   33238,    4778,   37470,   93913,   41795,   98885,    1206,    4784,  373377,  376375,   40872,   37874,   56883,   11371,   -3089,    6109,     587,    -209,    -195,    -157,   14898,   34450,    2130,    -337,    1000,   55295,   52627,    1588,    4256,  100.0,   16.5,   45.5,    2.0,   26.4,    8.0,    1.2,    9.0,   22.7,   10.1,   23.9,    0.3,    1.2,   90.1,   90.9,    9.9,    9.1,    147,     11,     12,      6,     29,     19,     11,     22,     39,     14,     12,.,.,     89,     91,    43.7,    45.2,    58.5,    58.0,    42.2,    44.6,    53.5,    55.6,"(CONTRACTS OF JPY 12,500,000)",097741,CME ,097 ,F10,FutOnly
JAPANESE YEN - CHICAGO MERCANTILE EXCHANGE,250826,2025-08-26,097741,CME ,00,097 ,  357366,   56818,  191493,    2148,  108632,   33447,    4973,   37627,   79015,    7345,   96755,    1543,    3784,  318082,  323748,   39284,   33618,    8384,   -5036,    5627,    1847,    2258,   -3360,     663,    3631,    1665,    2657,    -310,     -24,       4,    5714,    9079,    2670,    -695,  100.0,   15.9,   53.6,    0.6,   30.4,    9.4,    1.4,   10.5,   22.1,    2.1,   27.1,    0.4,    1.1,   89.0,   90.6,   11.0,    9.4,    141,      8,     13,      5,     33,     18,     12,     20,     33,      9,     12,.,.,     83,     85,    46.3,    50.6,    58.5,    62.6,    45.7,    50.6,    58.0,    62.5,"(CONTRACTS OF JPY 12,500,000)",097741,CME ,097 ,F10,FutOnly
JAPANESE YEN - CHICAGO MERCANTILE EXCHANGE,250819,2025-08-19,097741,CME ,00,097 ,  348982,   61854,  185866,     301,  106374,   36807,    4310,   33996,   77350,    4688,   97065,    1567,    3780,  312368,  314669,   36614,   34313,   -2181,   -5542,    -413,      -3,    5110,   -4760,    -174,   -4079,    3869,    -191,     983,     416,     273,   -3623,    -983,    1442,   -1198,  100.0,   17.7,   53.3,    0.1,   30.5,   10.5,    1.2,    9.7,   22.2,    1.3,   27.8,    0.4,    1.1,   89.5,   90.2,   10.5,    9.8,    145,     10,     11,      5,     32,     19,     10,     22,     34,     14,     13,.,.,     89,     86,    47.8,    52.9,    59.8,    65.8,    47.8,    52.8,    59.8,    65.7,"(CONTRACTS OF JPY 12,500,000)",097741,CME ,097 ,F10,FutOnly
JAPANESE YEN - CHICAGO MERCANTILE EXCHANGE,250812,2025-08-12,097741,CME ,00,097 ,  351163,   67396,  186279,     304,  101264,   41567,    4484,   38075,   73481,    4879,   96082,    1151,    3507,  315991,  315652,   35172,   35511,   13785,   12168,   -4564,      90,    1465,    -102,     198,    -366,   13390,    1785,     631,    -500,       4,   15975,   10301,   -2190,    3484,  100.0,   19.2,   53.0,    0.1,   28.8,   11.8,    1.3,   10.8,   20.9,    1.4,   27.4,    0.3,    1.0,   90.0,   89.9,   10.0,   10.1,    136,     10,     11,      4,     29,     18,     10,     25,     29,     11,     11,.,.,     84,     78,    48.1,    52.8,    59.9,    65.5,    48.1,    52.7,    59.9,    65.4,"(CONTRACTS OF JPY 12,500,000)",097741,CME ,097 ,F10,FutOnly
JAPANESE YEN - CHICAGO MERCANTILE EXCHANGE,250805,2025-08-05,097741,CME ,00,097 ,  337378,   55228,  190843,     214,   99799,   41669,    4286,   38441,   60091,    3094,   95451,    1651,    3503,  300016,  305351,   37362,   32027,    8263,    9155,    3882,      27,   -3683,    9738,     -65,    1441,    2213,    -297,    3277,   -3613,    1352,   11207,   13237,   -2944,   -4974,  100.0,   16.4,   56.6,    0.1,   29.6,   12.4,    1.3,   11.4,   17.8,    0.9,   28.3,    0.5,    1.0,   88.9,   90.5,   11.1,    9.5,    134,     10,     11,      4,     30,     17,     10,     24,     28,     11,     10,.,.,     82,     78,    46.0,    54.5,    58.0,    67.7,    46.0,    54.4,    58.0,    67.6,"(CONTRACTS OF JPY 12,500,000)",097741,CME ,097 ,F10,FutOnly
JAPANESE YEN - CHICAGO MERCANTILE EXCHANGE,250729,2025-07-29,097741,CME ,00,097 ,  329115,   46073,  186961,     187,  103482,   31931,    4351,   37000,   57878,    3391,   92174,    5264,    2151,  288809,  292114,   40306,   37001,   16075,   17650,   -5376,     -43,    2608,    1415,     384,       5,   14822,     117,   -3427,   -1435,    2151,   19445,   12035,   -3370,    4040,  100.0,   14.0,   56.8,    0.1,   31.4,    9.7,    1.3,   11.2,   17.6,    1.0,   28.0,    1.6,    0.7,   87.8,   88.8,   12.2,   11.2,    132,      9,     10,.,     32,     13,      9,     22,     29,      9,     11,      6,.,     81,     73,    43.6,    55.2,    55.7,    67.6,    43.6,    55.1,    55.7,    67.5,"(CONTRACTS OF JPY 12,500,000)",097741,CME ,097 ,F10,FutOnly
JAPANESE YEN - CHICAGO MERCANTILE EXCHANGE,250722,2025-07-22,097741,CME ,00,097 ,  313040,   28423,  192337,     230,  100874,   30516,    3967,   36995,   43056,    3274,   95601,    6699,       0,  269364,  280079,   43676,   32961,   -8310,   -8032,    -553,      61,     818,   -1162,    -346,   -5397,   -2695,    -385,    4622,    -128,     -44,   -8703,   -5252,     393,   -3058,  100.0,    9.1,   61.4,    0.1,   32.2,    9.7,    1.3,   11.8,   13.8,    1.0,   30.5,    2.1,    0.0,   86.0,   89.5,   14.0,   10.5,    123,      9,     11,      4,     30,     13,      9,     24,     20,     10,     11,      5,      0,     84,     62,    42.9,    58.2,    54.8,    71.6,    42.9,    58.2,    54.8,    71.5,"(CONTRACTS OF JPY 12,500,000)",097741,CME ,097 ,F10,FutOnly
JAPANESE YEN - CHICAGO MERCANTILE EXCHANGE,250715,2025-07-15,097741,CME ,00,097 ,  321350,   36455,  192890,     169,  100056,   31678,    4313,   42392,   45751,    3659,   90979,    6827,      44,  278067,  285331,   43283,   36019,   12729,   26932,  -10490,     -40,  -12857,    6519,    -655,    -213,   13528,   -1215,   -1655,   -2611,      44,   10341,    5080,    2388,    7649,  100.0,   11.3,   60.0,    0.1,   31.1,    9.9,    1.3,   13.2,   14.2,    1.1,   28.3,    2.1,    0.0,   86.5,   88.8,   13.5,   11.2,    129,      8,     12,.,     30,     10,     10,     29,     24,      8,     11,      5,.,     85,     66,    41.3,    57.3,    53.9,    69.5,    41.3,    57.2,    53.9,    69.4,"(CONTRACTS OF JPY 12,500,000)",097741,CME ,097 ,F10,FutOnly
JAPANESE YEN - CHICAGO MERCANTILE EXCHANGE,250708,2025-07-08,097741,CME ,00,097 ,  308621,    9523,  203380,     209,  112913,   25159,    4968,   42605,   32223,    4874,   92634,    9438,       0,  267726,  280251,   40895,   28370,   -5630,    3550,  -22567,      16,   -6481,    -180,     449,    -461,    5803,    1357,     422,    2980,      -9,   -1157,  -12151,   -4473,    6521,  100.0,    3.1,   65.9,    0.1,   36.6,    8.2,    1.6,   13.8,   10.4,    1.6,   30.0,    3.1,    0.0,   86.7,   90.8,   13.3,    9.2,    133,      6,     11,.,     32,     10,     11,     32,     24,     11,     12,      6,      0,     89,     69,    41.7,    60.8,    52.9,    73.1,    41.7,    60.8,    52.9,    73.0,"(CONTRACTS OF JPY 12,500,000)",097741,CME ,097 ,F10,FutOnly
JAPANESE YEN - CHICAGO MERCANTILE EXCHANGE,250701,2025-07-01,097741,CME ,00,097 ,  314251,    5973,  225947,     193,  119394,   25339,    4519,   43066,   26420,    3517,   92212,    6458,       9,  268883,  292402,   45368,   21849,    -516,     467,    4134,      74,    3001,     707,    -172,   -5673,   -2561,    -698,   -2271,    1330,    -150,   -5422,    2664,    4906,   -3180,  100.0,    1.9,   71.9,    0.1,   38.0,    8.1,    1.4,   13.7,    8.4,    1.1,   29.3,    2.1,    0.0,   85.6,   93.0,   14.4,    7.0,    133,      7,     12,.,     37,      8,     10,     29,     22,      8,     13,      5,.,     95,     60,    40.6,    63.8,    52.9,    78.0,    40.6,    63.7,    52.9,    78.0,"(CONTRACTS OF JPY 12,500,000)",097741,CME ,097 ,F10,FutOnly
JAPANESE YEN - CHICAGO MERCANTILE EXCHANGE,250624,2025-06-24,097741,CME ,00,097 ,  314767,    5506,  221813,     119,  116393,   24632,    4691,   48739,   28981,    4215,   94483,    5128,     159,  274305,  289738,   40462,   25029,   -2756,   -1738,   -2626,       0,   -3068,   -1734,     160,    3026,    1051,     485,    1159,     825,       9,      33,   -1830,   -2789,    -926,  100.0,    1.7,   70.5,    0.0,   37.0,    7.8,    1.5,   15.5,    9.2,    1.3,   30.0,    1.6,    0.1,   87.1,   92.0,   12.9,    8.0,    129,      7,     10,.,     34,      9,     11,     30,     21,     12,     13,      5,.,     94,     62,    40.5,    62.1,    52.7,    77.5,    40.5,    62.1,    52.7,    77.4,"(CONTRACTS OF JPY 12,500,000)",097741,CME ,097 ,F10,FutOnly
JAPANESE YEN - CHICAGO MERCANTILE EXCHANGE,250617,2025-06-17,097741,CME ,00,097 ,  317523,    7244,  224439,     119,  119461,   26366,    4531,   45713,   27930,    3730,   93324,    4303,     150,  274272,  291568,   43251,   25955,  -70740,   -4242,  -19590,  -36771,  -11726,    5131,    -779,     982,    3818,  -11446,    3966,   -7565,     149,  -59867,  -67053,  -10873,   -3687,  100.0,    2.3,   70.7,    0.0,   37.6,    8.3,    1.4,   14.4,    8.8,    1.2,   29.4,    1.4,    0.0,   86.4,   91.8,   13.6,    8.2,    122,      7,      9,.,     36,      9,     12,     28,     18,     10,     12,.,.,     91,     56,    39.9,    62.3,    52.2,    76.8,    39.9,    62.3,    52.2,    76.8,"(CONTRACTS OF JPY 12,500,000)",097741,CME ,097 ,F10,FutOnly
JAPANESE YEN - CHICAGO MERCANTILE EXCHANGE,250610,2025-06-10,097741,CME ,00,097 ,  388263,   11486,  244029,   36890,  131187,   21235,    5310,   44731,   24112,   15176,   89358,   11868,       1,  334139,  358621,   54124,   29642,   22255,   -1771,   -6115,   36493,     464,      68,     629,   -4766,     765,  -16911,   -1510,   -2178,       0,   12628,   12751,    9627,    9504,  100.0,    3.0,   62.9,    9.5,   33.8,    5.5,    1.4,   11.5,    6.2,    3.9,   23.0,    3.1,    0.0,   86.1,   92.4,   13.9,    7.6,    133,      8,     12,      7,     37,      8,     13,     29,     22,     19,     10,      6,.,    100,     73,    37.5,    58.1,    48.9,    70.6,    34.7,    51.3,    44.3,    62.5,"(CONTRACTS OF JPY 12,500,000)",097741,CME ,097 ,F10,FutOnly
JAPANESE YEN - CHICAGO MERCANTILE EXCHANGE,250603,2025-06-03,097741,CME ,00,097 ,  366008,   13257,  250144,     397,  130723,   21167,    4681,   49497,   23347,   32087,   90868,   14046,       1,  321511,  345870,   44497,   20138,  -11003,    1363,   -6368,   -1257,    2744,    7350,     -94,     251,   -1824,   -9719,   -6854,    3019,       0,  -13566,   -8893,    2563,   -2110,  100.0,    3.6,   68.3,    0.1,   35.7,    5.8,    1.3,   13.5,    6.4,    8.8,   24.8,    3.8,    0.0,   87.8,   94.5,   12.2,    5.5,    133,      9,     11,      5,     38,      9,     11,     29,     19,     15,     12,      6,.,     99,     66,    37.8,    56.3,    49.7,    69.9,    36.6,    56.3,    46.1,    67.1,"(CONTRACTS OF JPY 12,500,000)",097741,CME ,097 ,F10,FutOnly
JAPANESE YEN - CHICAGO MERCANTILE EXCHANGE,250527,2025-05-27,097741,CME ,00,097 ,  377011,   11894,  256512,    1654,  127979,   13817,    4775,   49246,   25171,   41806,   97722,   11027,       1,  335077,  354763,   41934,   22248,   10146,    1393,   -3204,    -748,    3749,     509,      -9,   -6669,    7753,   10084,   -1091,   -1681,       0,    6709,   12704,    3437,   -2558,  100.0,    3.2,   68.0,    0.4,   33.9,    3.7,    1.3,   13.1,    6.7,   11.1,   25.9,    2.9,    0.0,   88.9,   94.1,   11.1,    5.9,    133,      7,     11,      4,     40,     10,     11,     28,     20,     14,     11,      6,.,     97,     66,    39.2,    57.4,    50.9,    70.7,    36.3,    54.8,    45.5,    65.7,"(CONTRACTS OF JPY 12,500,000)",097741,CME ,097 ,F10,FutOnly
JAPANESE YEN - CHICAGO MERCANTILE EXCHANGE,250520,2025-05-20,097741,CME ,00,097 ,  366865,   10501,  259716,    2402,  124230,   13308,    4784,   55915,   17418,   31722,   98813,   12708,       1,  328368,  342059,   38497,   24806,    7344,   -1011,    1817,     -99,     134,   -1447,    -261,     900,   -2554,    7624,    1575,    4850,       0,    8862,    9930,   -1518,   -2586,  100.0,    2.9,   70.8,    0.7,   33.9,    3.6,    1.3,   15.2,    4.7,    8.6,   26.9,    3.5,    0.0,   89.5,   93.2,   10.5,    6.8,    132,      7,     12,.,     39,     10,     13,     30,     13,     13,     13,      7,.,    100,     61,    37.5,    57.3,    47.7,    68.9,    37.5,    56.7,    46.9,    68.2,"(CONTRACTS OF JPY 12,500,000)",097741,CME ,097 ,F10,FutOnly
JAPANESE YEN - CHICAGO MERCANTILE EXCHANGE,250513,2025-05-13,097741,CME ,00,097 ,  359521,   11512,  257899,    2501,  124096,   14755,    5045,   55015,   19972,   24098,   97238,    7858,       1,  319506,  332129,   40015,   27392,  -16025,   -3983,  -19779,    -158,  -10060,    6274,   -1438,     657,   -9736,    4046,    -669,   -1944,       0,  -11605,  -22735,   -4420,    6710,  100.0,    3.2,   71.7,    0.7,   34.5,    4.1,    1.4,   15.3,    5.6,    6.7,   27.0,    2.2,    0.0,   88.9,   92.4,   11.1,    7.6,    133,      8,     10,.,     38,     12,     13,     30,     18,     15,     11,      5,.,     99,     66,    38.3,    57.0,    48.6,    69.9,    38.3,    56.3,    47.3,    69.3,"(CONTRACTS OF JPY 12,500,000)",097741,CME ,097 ,F10,FutOnly
JAPANESE YEN - CHICAGO MERCANTILE EXCHANGE,250506,2025-05-06,097741,CME ,00,097 ,  375546,   15495,  277678,    2659,  134156,    8481,    6483,   54358,   29708,   20052,   97907,    9802,       1,  331111,  354864,   44435,   20682,    9300,    4737,       6,    -122,   -3652,   -2052,     453,    4120,    -919,    6779,   -3062,    6176,       0,    9253,   10321,      47,   -1021,  100.0,    4.1,   73.9,    0.7,   35.7,    2.3,    1.7,   14.5,    7.9,    5.3,   26.1,    2.6,    0.0,   88.2,   94.5,   11.8,    5.5,    142,      8,     11,.,     41,      9,     10,     33,     21,     14,     13,      5,.,    109,     61,    33.2,    59.7,    45.4,    71.7,    33.2,    59.1,    44.6,    71.0,"(CONTRACTS OF JPY 12,500,000)",097741,CME ,097 ,F10,FutOnly
JAPANESE YEN - CHICAGO MERCANTILE EXCHANGE,250429,2025-04-29,097741,CME ,00,097 ,  366246,   10758,  277672,    2781,  137808,   10533,    6030,   50238,   30627,   13273,  100969,    3626,       1,  321858,  344543,   44388,   21703,   15020,    2284,    8624,    -171,    2509,   -4783,    -153,    -564,    -732,   10299,    1070,    1767,       1,   15275,   14852,    -255,     168,  100.0,    2.9,   75.8,    0.8,   37.6,    2.9,    1.6,   13.7,    8.4,    3.6,   27.6,    1.0,    0.0,   87.9,   94.1,   12.1,    5.9,    133,      5,     11,.,     43,      7,     10,     29,     18,     13,     15,      4,.,    105,     55,    33.4,    60.0,    45.3,    73.0,    33.4,    59.3,    45.3,    72.3,"(CONTRACTS OF JPY 12,500,000)",097741,CME ,097 ,F10,FutOnly
JAPANESE YEN - CHICAGO MERCANTILE EXCHANGE,250422,2025-04-22,097741,CME ,00,097 ,  351226,    8474,  269048,    2952,  135299,   15316,    6183,   50802,   31359,    2974,   99899,    1859,       0,  306583,  329691,   44643,   21535,   12377,     884,   13707,     265,    5241,     166,     393,    -320,   -1663,    1737,    1732,     -55,       0,    9932,   14550,    2445,   -2173,  100.0,    2.4,   76.6,    0.8,   38.5,    4.4,    1.8,   14.5,    8.9,    0.8,   28.4,    0.5,    0.0,   87.3,   93.9,   12.7,    6.1,    136,      5,     11,.,     43,      9,     13,     31,     19,     10,     15,.,      0,    105,     57,    34.4,    61.0,    46.4,    73.9,    34.4,    60.4,    46.4,    73.2,"(CONTRACTS OF JPY 12,500,000)",097741,CME ,097 ,F10,FutOnly
JAPANESE YEN - CHICAGO MERCANTILE EXCHANGE,250415,2025-04-15,097741,CME ,00,097 ,  338849,    7590,  255341,    2687,  130058,   15150,    5790,   51122,   33022,    1237,   98167,    1914,       0,  296651,  315141,   42198,   23708,   18091,    1958,   21546,     138,   14331,    2353,    -489,   -1314,    -181,   -2790,    3705,   -1150,     -46,   15493,   19381,    2598,   -1290,  100.0,    2.2,   75.4,    0.8,   38.4,    4.5,    1.7,   15.1,    9.7,    0.4,   29.0,    0.6,    0.0,   87.5,   93.0,   12.5,    7.0,    135,      4,     12,.,     44,      9,     14,     33,     17,     11,     13,.,      0,    105,     58,    35.4,    59.8,    47.6,    72.2,    35.4,    59.4,    47.6,    71.5,"(CONTRACTS OF JPY 12,500,000)",097741,CME ,097 ,F10,FutOnly
JAPANESE YEN - CHICAGO MERCANTILE EXCHANGE,250408,2025-04-08,097741,CME ,00,097 ,  320758,    5632,  233795,    2549,  115727,   12797,    6279,   52436,   33203,    4027,   94462,    3064,      46,  281158,  295760,   39600,   24998,    9596,     690,   33032,     -58,   16042,  -10239,    -780,    3508,   -4462,     420,   -1648,   -1910,     -76,   18098,   15927,   -8502,   -6331,  100.0,    1.8,   72.9,    0.8,   36.1,    4.0,    2.0,   16.3,   10.4,    1.3,   29.4,    1.0,    0.0,   87.7,   92.2,   12.3,    7.8,    131,      4,     12,.,     40,     12,     16,     29,     22,     13,      9,.,.,     94,     70,    36.3,    58.9,    46.5,    71.4,    36.3,    58.8,    46.5,    70.6,"(CONTRACTS OF JPY 12,500,000)",097741,CME ,097 ,F10,FutOnly
JAPANESE YEN - CHICAGO MERCANTILE EXCHANGE,250401,2025-04-01,097741,CME ,00,097 ,  311162,    4942,  200763,    2607,   99685,   23036,    7059,   48928,   37665,    3607,   96110,    4974,     122,  263060,  279833,   48102,   31329,    7384,    -393,   10401,    -186,     231,    3449,    -449,    7146,   -3808,    -672,   -1488,    1863,      58,    4247,   10656,    3137,   -3272,  100.0,    1.6,   64.5,    0.8,   32.0,    7.4,    2.3,   15.7,   12.1,    1.2,   30.9,    1.6,    0.0,   84.5,   89.9,   15.5,   10.1,    127,.,     13,.,     31,     18,     13,     25,     22,     11,     10,      5,.,     80,     75,    39.2,    49.3,    49.0,    63.7,    39.2,    49.3,    48.8,    62.9,"(CONTRACTS OF JPY 12,500,000)",097741,CME ,097 ,F10,FutOnly
JAPANESE YEN - CHICAGO MERCANTILE EXCHANGE,250325,2025-03-25,097741,CME ,00,097 ,  303778,    5335,  190362,    2793,   99454,   19587,    7508,   41782,   41473,    4279,   97598,    3111,      64,  258813,  269177,   44965,   34601,    7211,    3544,    9445,     324,    -993,    -663,     451,    1434,   -4708,     264,    3214,    -323,      64,    8302,    4854,   -1091,    2357,  100.0,    1.8,   62.7,    0.9,   32.7,    6.4,    2.5,   13.8,   13.7,    1.4,   32.1,    1.0,    0.0,   85.2,   88.6,   14.8,   11.4,    125,      5,     12,.,     31,     13,     14,     25,     25,     13,     11,.,.,     84,     72,    40.1,    47.4,    49.2,    62.0,    40.1,    47.4,    49.2,    61.1,"(CONTRACTS OF JPY 12,500,000)",097741,CME ,097 ,F10,FutOnly
JAPANESE YEN - CHICAGO MERCANTILE EXCHANGE,250318,2025-03-18,097741,CME ,00,097 ,  296567,    1791,  180917,    2469,  100447,   20250,    7057,   40348,   46181,    4015,   94384,    3434,       0,  250511,  264323,   46056,   32244, -149611,  -11325,  -21400,  -84415,  -11378,   -7036,     774,   -5707,     543,  -26325,    1917,    -155,    -163, -136622, -138177,  -12989,  -11434,  100.0,    0.6,   61.0,    0.8,   33.9,    6.8,    2.4,   13.6,   15.6,    1.4,   31.8,    1.2,    0.0,   84.5,   89.1,   15.5,   10.9,    122,.,     12,.,     30,     15,     12,     27,     22,     15,     10,.,      0,     80,     70,    44.4,    45.5,    52.6,    60.7,    44.3,    45.5,    52.2,    59.8,"(CONTRACTS OF JPY 12,500,000)",097741,CME ,097 ,F10,FutOnly
JAPANESE YEN - CHICAGO MERCANTILE EXCHANGE,250311,2025-03-11,097741,CME ,00,097 ,  446178,   13116,  202317,   86884,  111825,   27286,    6283,   46055,   45638,   30340,   92467,    3589,     163,  387133,  402500,   59045,   43678,   91763,    3549,    5985,   71389,   -4167,   -4937,     -50,   -1523,     610,    8718,    -307,   -1007,     163,   77772,   80871,   13991,   10892,  100.0,    2.9,   45.3,   19.5,   25.1,    6.1,    1.4,   10.3,   10.2,    6.8,   20.7,    0.8,    0.0,   86.8,   90.2,   13.2,    9.8,    138,      9,     11,     11,     32,     15,     13,     27,     28,     16,     12,      4,.,     98,     81,    36.2,    48.1,    48.3,    62.8,    31.2,    39.9,    37.4,    47.4,"(CONTRACTS OF JPY 12,500,000)",097741,CME ,097 ,F10,FutOnly
JAPANESE YEN - CHICAGO MERCANTILE EXCHANGE,250304,2025-03-04,097741,CME ,00,097 ,  354415,    9567,  196332,   15495,  115992,   32223,    6333,   47578,   45028,   21622,   92774,    4596,       0,  309361,  321629,   45054,   32786,   25229,    -889,   30681,   14065,    6596,   -5411,      61,     -20,  -14290,    3872,    2227,   -3763,       0,   25912,   25215,    -683,      14,  100.0,    2.7,   55.4,    4.4,   32.7,    9.1,    1.8,   13.4,   12.7,    6.1,   26.2,    1.3,    0.0,   87.3,   90.7,   12.7,    9.3,    131,      7,     10,      5,     28,     14,     11,     27,     30,     15,     12,.,      0,     86,     76,    42.4,    50.0,    50.9,    60.6,    41.0,    48.4,    48.6,    57.4,"(CONTRACTS OF JPY 12,500,000)",097741,CME ,097 ,F10,FutOnly
JAPANESE YEN - CHICAGO MERCANTILE EXCHANGE,250225,2025-02-25,097741,CME ,00,097 ,  329186,   10456,  165651,    1430,  109396,   37634,    6272,   47598,   59318,   17750,   90547,    8359,       0,  283449,  296414,   45737,   32772,   48023,   -2855,   55235,    1398,   21506,  -11332,     -32,    3624,   -8506,   13285,    9683,     -98,    -338,   46271,   49612,    1752,   -1589,  100.0,    3.2,   50.3,    0.4,   33.2,   11.4,    1.9,   14.5,   18.0,    5.4,   27.5,    2.5,    0.0,   86.1,   90.0,   13.9,   10.0,    137,      7,     11,.,     26,     19,     10,     28,     31,     14,     12,.,      0,     84,     80,    43.6,    44.6,    52.7,    56.3,    43.3,    44.6,    52.2,    55.7,"(CONTRACTS OF JPY 12,500,000)",097741,CME ,097 ,F10,FutOnly
JAPANESE YEN - CHICAGO MERCANTILE EXCHANGE,250218,2025-02-18,097741,CME ,00,097 ,  281163,   13311,  110416,      32,   87890,   48966,    6304,   43974,   67824,    4465,   80864,    8457,     338,  237178,  246802,   43985,   34361,    7849,    3419,    9848,      32,    1637,      27,     164,    8451,    1282,    -464,     434,   -1131,       0,   13673,    9758,   -5824,   -1909,  100.0,    4.7,   39.3,    0.0,   31.3,   17.4,    2.2,   15.6,   24.1,    1.6,   28.8,    3.0,    0.1,   84.4,   87.8,   15.6,   12.2,    138,      9,     11,.,     23,     21,      8,     24,     35,      9,     11,.,.,     73,     85,    42.1,    37.2,    51.9,    49.1,    41.8,    37.2,    51.6,    49.1,"(CONTRACTS OF JPY 12,500,000)",097741,CME ,097 ,F10,FutOnly
JAPANESE YEN - CHICAGO MERCANTILE EXCHANGE,250211,2025-02-11,097741,CME ,00,097 ,  273314,    9892,  100568,       0,   86253,   48939,    6140,   35523,   66542,    4929,   80430,    9588,     338,  223505,  237044,   49809,   36270,   41403,    1221,   39373,      -6,   23511,    -108,    -841,    2473,    4404,   -1041,   15554,     714,       0,   40871,   42495,     532,   -1092,  100.0,    3.6,   36.8,    0.0,   31.6,   17.9,    2.2,   13.0,   24.3,    1.8,   29.4,    3.5,    0.1,   81.8,   86.7,   18.2,   13.3,    130,      8,     12,      0,     24,     20,      7,     23,     31,     11,      9,.,.,     68,     81,    42.9,    32.7,    52.7,    44.8,    42.6,    32.7,    52.4,    44.7,"(CONTRACTS OF JPY 12,500,000)",097741,CME ,097 ,F10,FutOnly
JAPANESE YEN - CHICAGO MERCANTILE EXCHANGE,250204,2025-02-04,097741,CME ,00,097 ,  231911,    8671,   61195,       6,   62742,   49047,    6981,   33050,   62138,    5970,   64876,    8874,     338,  182634,  194549,   49277,   37362,   15123,   -2758,   22556,    -112,    4453,  -11055,    1198,    8127,    3040,   -1105,     216,    -284,       0,   10019,   14238,    5104,     885,  100.0,    3.7,   26.4,    0.0,   27.1,   21.1,    3.0,   14.3,   26.8,    2.6,   28.0,    3.8,    0.1,   78.8,   83.9,   21.2,   16.1,    132,      7,     12,.,     23,     24,      9,     23,     31,     10,      9,.,.,     70,     83,    38.3,    21.3,    46.8,    34.4,    38.3,    21.3,    46.8,    34.4,"(CONTRACTS OF JPY 12,500,000)",097741,CME ,097 ,F10,FutOnly
JAPANESE YEN - CHICAGO MERCANTILE EXCHANGE,250128,2025-01-28,097741,CME ,00,097 ,  216788,   11429,   38639,     118,   58289,   60102,    5783,   24923,   59098,    7075,   64660,    9158,     338,  172615,  180311,   44173,   36477,    5168,   -6363,   14374,     112,    8093,   -3301,     387,   -2668,   -8129,     317,    4759,    2729,       0,    4637,    6489,     531,   -1321,  100.0,    5.3,   17.8,    0.1,   26.9,   27.7,    2.7,   11.5,   27.3,    3.3,   29.8,    4.2,    0.2,   79.6,   83.2,   20.4,   16.8,    131,      8,     11,.,     21,     24,      8,     20,     35,     10,      9,.,.,     65,     86,    39.1,    16.6,    49.3,    30.1,    39.1,    16.6,    49.2,    30.1,"(CONTRACTS OF JPY 12,500,000)",097741,CME ,097 ,F10,FutOnly
JAPANESE YEN - CHICAGO MERCANTILE EXCHANGE,250121,2025-01-21,097741,CME ,00,097 ,  211620,   17792,   24265,       6,   50196,   63403,    5396,   27591,   67227,    6758,   59901,    6429,     338,  167978,  173822,   43642,   37798,  -12332,  -21505,    8828,       0,   -1856,   -8758,     -28,    2461,  -10284,    2228,    2994,    -236,       0,  -15706,   -8250,    3374,   -4082,  100.0,    8.4,   11.5,    0.0,   23.7,   30.0,    2.5,   13.0,   31.8,    3.2,   28.3,    3.0,    0.2,   79.4,   82.1,   20.6,   17.9,    124,      8,      9,.,     17,     24,      6,     21,     33,     13,      9,.,.,     61,     84,    38.1,    18.2,    49.8,    31.0,    38.0,    18.1,    49.7,    30.9,"(CONTRACTS OF JPY 12,500,000)",097741,CME ,097 ,F10,FutOnly
JAPANESE YEN - CHICAGO MERCANTILE EXCHANGE,250114,2025-01-14,097741,CME ,00,097 ,  223952,   39297,   15437,       6,   52052,   72161,    5424,   25130,   77511,    4530,   56907,    6665,     338,  183684,  182072,   40268,   41880,   11496,   13281,   -1233,       0,   -1030,    9500,    -993,    1073,     292,    -795,    -260,    2988,   -1056,   10220,    8703,    1276,    2793,  100.0,   17.5,    6.9,    0.0,   23.2,   32.2,    2.4,   11.2,   34.6,    2.0,   25.4,    3.0,    0.2,   82.0,   81.3,   18.0,   18.7,    132,     12,      6,.,     17,     26,      8,     21,     38,     11,      8,      4,.,     65,     88,    42.7,    20.5,    53.0,    33.3,    42.7,    20.5,    52.9,    33.3,"(CONTRACTS OF JPY 12,500,000)",097741,CME ,097 ,F10,FutOnly
JAPANESE YEN - CHICAGO MERCANTILE EXCHANGE,250107,2025-01-07,097741,CME ,00,097 ,  212456,   26016,   16670,       6,   53082,   62661,    6417,   24057,   77219,    5325,   57167,    3677,    1394,  173464,  173369,   38992,   39087,    5485,    7422,   -1242,      -7,    -645,     404,      59,   -7614,    3230,    1483,     682,   -1483,     335,    1715,    2779,    3770,    2706,  100.0,   12.2,    7.8,    0.0,   25.0,   29.5,    3.0,   11.3,   36.3,    2.5,   26.9,    1.7,    0.7,   81.6,   81.6,   18.4,   18.4,    128,      9,      6,.,     18,     25,     10,     20,     38,     11,      8,      4,.,     64,     88,    40.3,    22.3,    51.1,    36.3,    40.3,    22.3,    50.8,    36.3,"(CONTRACTS OF JPY 12,500,000)",097741,CME ,097 ,F10,FutOnly
EURO FX - CHICAGO MERCANTILE EXCHANGE,251230,2025-12-30,099741,CME ,00,099 ,  869169,   40071,  547387,    3825,  537338,  145894,   32969,  121459,   68797,   13267,   24055,   15006,    3513,  776497,  830658,   92672,   38511,    2218,    -373,    2745,    -476,     489,    -558,     349,     636,    4081,    -300,    1464,     522,       0,    1789,    6363,     429,   -4145,  100.0,    4.6,   63.0,    0.4,   61.8,   16.8,    3.8,   14.0,    7.9,    1.5,    2.8,    1.7,    0.4,   89.3,   95.6,   10.7,    4.4,    317,     15,     13,      7,    124,     35,     41,     57,     33,     22,     27,     13,.,    249,    141,    16.5,    54.4,    26.3,    69.8,    15.8,    54.4,    25.4,    69.7,"(CONTRACTS OF EUR 125,000)",099741,CME ,099 ,F10,FutOnly
EURO FX - CHICAGO MERCANTILE EXCHANGE,251223,2025-12-23,099741,CME ,00,099 ,  866951,   40444,  544642,    4301,  536849,  146452,   32620,  120823,   64716,   13567,   22591,   14484,    3513,  774708,  824295,   92243,   42656, -120035,    3608,   23952,     -25,   19082,    3479,     226,    3886,    -920,     200,    1692,     190,     -26,   28643,   27076, -148678, -147111,  100.0,    4.7,   62.8,    0.5,   61.9,   16.9,    3.8,   13.9,    7.5,    1.6,    2.6,    1.7,    0.4,   89.4,   95.1,   10.6,    4.9,    320,     15,     14,      8,    125,     36,     42,     59,     32,     23,     27,     12,.,    251,    145,    16.6,    54.5,    26.5,    69.8,    15.9,    54.5,    25.5,    69.7,"(CONTRACTS OF EUR 125,000)",099741,CME ,099 ,F10,FutOnly
EURO FX - CHICAGO MERCANTILE EXCHANGE,251216,2025-12-16,099741,CME ,00,099 ,  986986,   36836,  520690,    4326,  517767,  142973,   32394,  116937,   65636,   13367,   20899,   14294,    3539,  746065,  797219,  240921,  189767,   44192,  -37371,  -27922,  -29738,    -104,   -1222,    -503,   14168,    4472,  -44118,    -403,    1307,      -1,  -98070,  -97725,  142262,  141917,  100.0,    3.7,   52.8,    0.4,   52.5,   14.5,    3.3,   11.8,    6.7,    1.4,    2.1,    1.4,    0.4,   75.6,   80.8,   24.4,   19.2,    312,     16,     13,      8,    123,     33,     39,     62,     28,     23,     25,     12,.,    251,    134,    13.5,    45.7,    21.9,    58.9,    12.9,    45.7,    21.1,    58.8,"(CONTRACTS OF EUR 125,000)",099741,CME ,099 ,F10,FutOnly
EURO FX - CHICAGO MERCANTILE EXCHANGE,251209,2025-12-09,099741,CME ,00,099 ,  942794,   74207,  548612,   34064,  517871,  144195,   32897,  102769,   61164,   57485,   21302,   12987,    3540,  844135,  894944,   98659,   47850,   91610,    3398,   42876,   24078,    9004,   -2919,    -293,   11994,  -10339,   35908,    1064,    -648,     141,   85294,   88804,    6316,    2806,  100.0,    7.9,   58.2,    3.6,   54.9,   15.3,    3.5,   10.9,    6.5,    6.1,    2.3,    1.4,    0.4,   89.5,   94.9,   10.5,    5.1,    305,     16,     13,      8,    114,     39,     44,     52,     34,     28,     25,     10,.,    236,    152,    17.0,    54.2,    27.9,    69.8,    16.4,    52.7,    26.1,    68.0,"(CONTRACTS OF EUR 125,000)",099741,CME ,099 ,F10,FutOnly
EURO FX - CHICAGO MERCANTILE EXCHANGE,251202,2025-12-02,099741,CME ,00,099 ,  851184,   70809,  505736,    9986,  508867,  147114,   33190,   90775,   71503,   21577,   20238,   13635,    3399,  758841,  806140,   92343,   45044,   20595,   -2255,   21726,    5575,    8548,   -3443,     119,    -166,   -4714,    4388,    2542,    -506,     -22,   18729,   23123,    1866,   -2528,  100.0,    8.3,   59.4,    1.2,   59.8,   17.3,    3.9,   10.7,    8.4,    2.5,    2.4,    1.6,    0.4,   89.2,   94.7,   10.8,    5.3,    302,     14,     13,     11,    114,     41,     44,     48,     38,     26,     22,     12,.,    233,    152,    18.1,    56.4,    29.4,    70.7,    17.4,    55.7,    28.4,    69.9,"(CONTRACTS OF EUR 125,000)",099741,CME ,099 ,F10,FutOnly
EURO FX - CHICAGO MERCANTILE EXCHANGE,251125,2025-11-25,099741,CME ,00,099 ,  830589,   73064,  484010,    4411,  500319,  150557,   33071,   90941,   76217,   17189,   17696,   14141,    3421,  740112,  783017,   90477,   47572,    3574,   -2409,   -5186,    2514,   -2047,    5142,    -538,    3380,    1077,    1405,     657,     310,    -119,    2843,    4605,     731,   -1031,  100.0,    8.8,   58.3,    0.5,   60.2,   18.1,    4.0,   10.9,    9.2,    2.1,    2.1,    1.7,    0.4,   89.1,   94.3,   10.9,    5.7,    294,     14,     13,      9,    113,     41,     40,     47,     36,     23,     18,     12,.,    219,    150,    18.2,    57.0,    29.7,    69.9,    17.6,    56.8,    28.7,    69.6,"(CONTRACTS OF EUR 125,000)",099741,CME ,099 ,F10,FutOnly
EURO FX - CHICAGO MERCANTILE EXCHANGE,251118,2025-11-18,099741,CME ,00,099 ,  827015,   75473,  489196,    1897,  502366,  145415,   33609,   87561,   75140,   15784,   17039,   13831,    3540,  737269,  778412,   89746,   48603,   -4260,     156,   22125,    -361,   -5498,   -5085,     872,    3350,  -14732,   -2912,    -304,   -1245,      63,   -4634,   -1275,     374,   -2985,  100.0,    9.1,   59.2,    0.2,   60.7,   17.6,    4.1,   10.6,    9.1,    1.9,    2.1,    1.7,    0.4,   89.1,   94.1,   10.9,    5.9,    289,     15,     12,     10,    115,     38,     40,     45,     35,     19,     17,     12,.,    213,    148,    18.3,    57.2,    29.7,    70.7,    17.5,    57.2,    28.7,    70.7,"(CONTRACTS OF EUR 125,000)",099741,CME ,099 ,F10,FutOnly
EURO FX - CHICAGO MERCANTILE EXCHANGE,251110,2025-11-10,099741,CME ,00,099 ,  831275,   75317,  467071,    2258,  507864,  150500,   32737,   84211,   89872,   18696,   17343,   15076,    3477,  741903,  779687,   89372,   51588,   -3901,     -12,    -699,     710,    5295,   -1049,    -762,  -14662,   -3819,    4242,    -569,   -1414,    -223,   -5981,   -3014,    2080,    -887,  100.0,    9.1,   56.2,    0.3,   61.1,   18.1,    3.9,   10.1,   10.8,    2.2,    2.1,    1.8,    0.4,   89.2,   93.8,   10.8,    6.2,    295,     15,     13,      8,    114,     41,     39,     40,     40,     22,     19,     13,.,    214,    153,    18.1,    56.0,    29.9,    67.5,    17.4,    55.9,    28.8,    67.4,"(CONTRACTS OF EUR 125,000)",099741,CME ,099 ,F10,FutOnly
EURO FX - CHICAGO MERCANTILE EXCHANGE,251104,2025-11-04,099741,CME ,00,099 ,  835176,   75329,  467770,    1548,  502569,  151549,   33499,   98873,   93691,   14454,   17912,   16490,    3700,  747884,  782701,   87292,   52475,   -8541,    1185,  -38684,      68,    2765,   16316,    4278,   -9393,    2768,     -69,   -2424,    2287,     -66,   -3656,  -13102,   -4885,    4561,  100.0,    9.0,   56.0,    0.2,   60.2,   18.1,    4.0,   11.8,   11.2,    1.7,    2.1,    2.0,    0.4,   89.5,   93.7,   10.5,    6.3,    312,     15,     13,      9,    111,     41,     41,     44,     52,     27,     20,     15,.,    219,    173,    17.6,    56.2,    29.4,    67.4,    16.9,    56.1,    28.3,    67.3,"(CONTRACTS OF EUR 125,000)",099741,CME ,099 ,F10,FutOnly
EURO FX - CHICAGO MERCANTILE EXCHANGE,251028,2025-10-28,099741,CME ,00,099 ,  843717,   74144,  506454,    1480,  499804,  135233,   29221,  108266,   90923,   14523,   20336,   14203,    3766,  751540,  795803,   92177,   47914,    7830,    3583,   -7821,     -90,   -1086,    5856,     366,    6212,   11333,   -1200,    -330,   -1207,     -34,    7421,    7203,     409,     627,  100.0,    8.8,   60.0,    0.2,   59.2,   16.0,    3.5,   12.8,   10.8,    1.7,    2.4,    1.7,    0.4,   89.1,   94.3,   10.9,    5.7,    301,     15,     12,      8,    113,     39,     41,     52,     39,     23,     18,     12,.,    224,    152,    17.4,    57.1,    28.5,    69.8,    16.6,    57.0,    27.3,    69.7,"(CONTRACTS OF EUR 125,000)",099741,CME ,099 ,F10,FutOnly
EURO FX - CHICAGO MERCANTILE EXCHANGE,251021,2025-10-21,099741,CME ,00,099 ,  835887,   70561,  514275,    1570,  500890,  129377,   28855,  102054,   79590,   15723,   20666,   15410,    3800,  744119,  788600,   91768,   47287,   -5192,   -3337,    1720,    -227,    1547,    1155,   -3713,   -1026,   -1212,    1563,     374,    -429,      43,   -4776,   -1100,    -416,   -4092,  100.0,    8.4,   61.5,    0.2,   59.9,   15.5,    3.5,   12.2,    9.5,    1.9,    2.5,    1.8,    0.5,   89.0,   94.3,   11.0,    5.7,    288,     14,     11,      7,    113,     36,     41,     48,     35,     23,     19,     12,.,    216,    146,    17.4,    57.5,    28.5,    71.1,    16.7,    57.4,    27.3,    71.0,"(CONTRACTS OF EUR 125,000)",099741,CME ,099 ,F10,FutOnly
EURO FX - CHICAGO MERCANTILE EXCHANGE,251014,2025-10-14,099741,CME ,00,099 ,  841079,   73898,  512555,    1797,  499343,  128222,   32568,  103080,   80802,   14160,   20292,   15839,    3757,  748895,  789700,   92184,   51379,  -14207,    3488,  -24141,     512,  -14221,    1522,    4389,   -4343,   -5236,    1843,   -2916,    1199,      94,  -11154,  -19818,   -3053,    5611,  100.0,    8.8,   60.9,    0.2,   59.4,   15.2,    3.9,   12.3,    9.6,    1.7,    2.4,    1.9,    0.4,   89.0,   93.9,   11.0,    6.1,    292,     15,     11,      7,    116,     35,     42,     47,     36,     20,     19,     13,.,    220,    144,    17.1,    57.4,    27.8,    70.7,    16.4,    57.3,    26.7,    70.6,"(CONTRACTS OF EUR 125,000)",099741,CME ,099 ,F10,FutOnly
EURO FX - CHICAGO MERCANTILE EXCHANGE,251007,2025-10-07,099741,CME ,00,099 ,  855286,   70410,  536696,    1285,  513564,  126700,   28179,  107423,   86038,   12317,   23208,   14640,    3663,  760049,  809518,   95237,   45768,    9511,     571,    4763,     317,    3668,    2281,    -695,    2416,    3308,    1732,     505,   -3490,      29,    8543,    8245,     968,    1266,  100.0,    8.2,   62.8,    0.2,   60.0,   14.8,    3.3,   12.6,   10.1,    1.4,    2.7,    1.7,    0.4,   88.9,   94.6,   11.1,    5.4,    306,     15,     13,      7,    119,     32,     39,     55,     36,     22,     24,     12,.,    233,    144,    17.1,    57.3,    27.7,    71.3,    16.4,    57.2,    26.7,    71.2,"(CONTRACTS OF EUR 125,000)",099741,CME ,099 ,F10,FutOnly
EURO FX - CHICAGO MERCANTILE EXCHANGE,250930,2025-09-30,099741,CME ,00,099 ,  845775,   69839,  531933,     968,  509896,  124419,   28874,  105007,   82730,   10585,   22703,   18130,    3634,  751506,  801273,   94269,   44502,  -13440,   -1492,   -8452,    -391,   -7002,    2139,    -603,   -1651,   -4125,   -1292,     -79,   -1451,    -128,  -12638,  -14303,    -802,     863,  100.0,    8.3,   62.9,    0.1,   60.3,   14.7,    3.4,   12.4,    9.8,    1.3,    2.7,    2.1,    0.4,   88.9,   94.7,   11.1,    5.3,    307,     17,     12,      6,    121,     31,     39,     49,     37,     18,     24,     16,.,    231,    142,    17.3,    58.2,    27.8,    71.5,    16.6,    58.2,    26.8,    71.4,"(CONTRACTS OF EUR 125,000)",099741,CME ,099 ,F10,FutOnly
EURO FX - CHICAGO MERCANTILE EXCHANGE,250923,2025-09-23,099741,CME ,00,099 ,  859215,   71331,  540385,    1359,  516898,  122280,   29477,  106658,   86855,   11877,   22782,   19581,    3762,  764144,  815576,   95071,   43639,    3767,   -1587,    2303,      88,    4900,     -19,    -548,   -1381,    5053,   -1092,    2936,    -658,       0,    3316,    5127,     451,   -1360,  100.0,    8.3,   62.9,    0.2,   60.2,   14.2,    3.4,   12.4,   10.1,    1.4,    2.7,    2.3,    0.4,   88.9,   94.9,   11.1,    5.1,    308,     17,     11,      5,    123,     27,     42,     51,     39,     19,     23,     17,      4,    233,    145,    17.1,    57.9,    27.2,    71.0,    16.5,    57.9,    26.2,    70.9,"(CONTRACTS OF EUR 125,000)",099741,CME ,099 ,F10,FutOnly
EURO FX - CHICAGO MERCANTILE EXCHANGE,250916,2025-09-16,099741,CME ,00,099 ,  855448,   72918,  538082,    1271,  511998,  122299,   30025,  108039,   81802,   12969,   19846,   20239,    3762,  760828,  810449,   94620,   44999,  -22656,   25541,   24266,  -19396,    5078,   -1370,     685,    4077,   10452,  -34429,    1806,   -1195,    -221,  -16859,  -21208,   -5797,   -1448,  100.0,    8.5,   62.9,    0.1,   59.9,   14.3,    3.5,   12.6,    9.6,    1.5,    2.3,    2.4,    0.4,   88.9,   94.7,   11.1,    5.3,    310,     16,     12,      4,    122,     29,     41,     57,     35,     23,     20,     19,      4,    237,    145,    17.5,    58.7,    27.3,    71.1,    16.8,    58.6,    26.4,    71.1,"(CONTRACTS OF EUR 125,000)",099741,CME ,099 ,F10,FutOnly
EURO FX - CHICAGO MERCANTILE EXCHANGE,250909,2025-09-09,099741,CME ,00,099 ,  878104,   47377,  513816,   20667,  506920,  123669,   29340,  103962,   71350,   47398,   18040,   21434,    3983,  777687,  831657,  100417,   46447,   32284,     592,    7151,   14922,     293,   -3158,    1306,   -3049,   -5988,   14430,   -1209,     915,     -55,   27230,   29523,    5054,    2761,  100.0,    5.4,   58.5,    2.4,   57.7,   14.1,    3.3,   11.8,    8.1,    5.4,    2.1,    2.4,    0.5,   88.6,   94.7,   11.4,    5.3,    299,     13,     16,     14,    121,     30,     44,     50,     32,     26,     17,     19,.,    232,    154,    16.1,    52.2,    27.7,    67.8,    14.6,    52.2,    24.1,    65.3,"(CONTRACTS OF EUR 125,000)",099741,CME ,099 ,F10,FutOnly
EURO FX - CHICAGO MERCANTILE EXCHANGE,250902,2025-09-02,099741,CME ,00,099 ,  845820,   46785,  506665,    5745,  506627,  126827,   28034,  107011,   77338,   32968,   19249,   20519,    4038,  750457,  802134,   95363,   43686,    3605,    -267,   -1154,   -5010,     234,   -2752,      47,   -2018,    2516,   11312,    -954,    -105,      -6,    3338,    4848,     267,   -1243,  100.0,    5.5,   59.9,    0.7,   59.9,   15.0,    3.3,   12.7,    9.1,    3.9,    2.3,    2.4,    0.5,   88.7,   94.8,   11.3,    5.2,    317,     14,     15,     11,    123,     35,     42,     55,     37,     23,     19,     19,      5,    243,    155,    16.1,    53.6,    26.9,    67.5,    15.4,    53.5,    25.1,    67.0,"(CONTRACTS OF EUR 125,000)",099741,CME ,099 ,F10,FutOnly
EURO FX - CHICAGO MERCANTILE EXCHANGE,250826,2025-08-26,099741,CME ,00,099 ,  842215,   47052,  507819,   10755,  506393,  129579,   27987,  109029,   74822,   21656,   20203,   20624,    4044,  747119,  797286,   95096,   44929,   16996,   -4414,    6775,    8133,    5210,    -374,     -84,    4992,    4011,     807,    1470,    -673,     -72,   16042,   18523,     954,   -1527,  100.0,    5.6,   60.3,    1.3,   60.1,   15.4,    3.3,   12.9,    8.9,    2.6,    2.4,    2.4,    0.5,   88.7,   94.7,   11.3,    5.3,    313,     12,     17,     10,    122,     35,     41,     55,     32,     23,     21,     19,      6,    240,    153,    16.3,    54.9,    26.5,    68.6,    15.6,    54.0,    25.5,    67.6,"(CONTRACTS OF EUR 125,000)",099741,CME ,099 ,F10,FutOnly
EURO FX - CHICAGO MERCANTILE EXCHANGE,250819,2025-08-19,099741,CME ,00,099 ,  825219,   51466,  501044,    2622,  501183,  129953,   28071,  104037,   70811,   20849,   18733,   21297,    4116,  731077,  778763,   94142,   46456,     247,     841,   -3757,     916,    2002,   -1790,    2734,    3173,    4885,     -72,   -4786,   -2054,   -2610,    2198,   -1748,   -1951,    1995,  100.0,    6.2,   60.7,    0.3,   60.7,   15.7,    3.4,   12.6,    8.6,    2.5,    2.3,    2.6,    0.5,   88.6,   94.4,   11.4,    5.6,    307,     14,     14,      9,    122,     35,     39,     55,     31,     23,     19,     17,      6,    239,    145,    16.6,    55.1,    27.0,    69.0,    15.9,    55.1,    26.0,    68.9,"(CONTRACTS OF EUR 125,000)",099741,CME ,099 ,F10,FutOnly
EURO FX - CHICAGO MERCANTILE EXCHANGE,250812,2025-08-12,099741,CME ,00,099 ,  824972,   50625,  504801,    1706,  499181,  131743,   25337,  100864,   65926,   20921,   23519,   23351,    6726,  728879,  780511,   96093,   44461,    6612,    1454,   15886,    -788,   18146,   -1867,   -1090,   -5234,   -5964,    -124,   -9614,     743,     -16,    2734,    6780,    3878,    -168,  100.0,    6.1,   61.2,    0.2,   60.5,   16.0,    3.1,   12.2,    8.0,    2.5,    2.9,    2.8,    0.8,   88.4,   94.6,   11.6,    5.4,    304,     13,     16,      9,    122,     34,     36,     55,     26,     22,     20,     18,      7,    236,    142,    16.2,    55.0,    27.4,    68.6,    15.5,    55.0,    26.4,    68.5,"(CONTRACTS OF EUR 125,000)",099741,CME ,099 ,F10,FutOnly
EURO FX - CHICAGO MERCANTILE EXCHANGE,250805,2025-08-05,099741,CME ,00,099 ,  818360,   49171,  488915,    2494,  481035,  133610,   26427,  106098,   71890,   21045,   33133,   22608,    6742,  726145,  773731,   92215,   44629,  -10217,    1187,  -10423,    -782,    -503,    9457,    2335,   -4002,   -7348,   -3003,     290,     453,     -33,   -4511,   -9344,   -5706,    -873,  100.0,    6.0,   59.7,    0.3,   58.8,   16.3,    3.2,   13.0,    8.8,    2.6,    4.0,    2.8,    0.8,   88.7,   94.5,   11.3,    5.5,    308,     12,     17,      8,    118,     35,     38,     56,     30,     24,     22,     18,      7,    231,    154,    15.8,    54.6,    27.1,    67.8,    15.1,    54.6,    26.0,    67.8,"(CONTRACTS OF EUR 125,000)",099741,CME ,099 ,F10,FutOnly
EURO FX - CHICAGO MERCANTILE EXCHANGE,250729,2025-07-29,099741,CME ,00,099 ,  828577,   47984,  499338,    3276,  481538,  124153,   24092,  110100,   79238,   24048,   32843,   22155,    6775,  730656,  783075,   97921,   45502,  -14870,     712,  -22733,      13,  -15530,    1413,   -3442,    7790,    5337,     262,   -6775,    2401,     395,  -16575,  -16354,    1705,    1484,  100.0,    5.8,   60.3,    0.4,   58.1,   15.0,    2.9,   13.3,    9.6,    2.9,    4.0,    2.7,    0.8,   88.2,   94.5,   11.8,    5.5,    308,     10,     18,      7,    122,     32,     39,     52,     34,     24,     22,     18,      8,    232,    154,    15.5,    54.1,    26.5,    67.1,    14.7,    54.0,    25.3,    67.1,"(CONTRACTS OF EUR 125,000)",099741,CME ,099 ,F10,FutOnly
EURO FX - CHICAGO MERCANTILE EXCHANGE,250722,2025-07-22,099741,CME ,00,099 ,  843447,   47272,  522071,    3263,  497068,  122740,   27534,  102310,   73901,   23786,   39618,   19754,    6380,  747231,  799429,   96216,   44018,   23007,    4808,    6075,     730,   19461,    5849,    1275,   -4120,    5995,     419,    1774,     208,      52,   24399,   20603,   -1392,    2404,  100.0,    5.6,   61.9,    0.4,   58.9,   14.6,    3.3,   12.1,    8.8,    2.8,    4.7,    2.3,    0.8,   88.6,   94.8,   11.4,    5.2,    312,     10,     18,      7,    119,     34,     33,     52,     36,     21,     28,     15,      7,    235,    145,    15.1,    54.3,    25.6,    68.0,    14.4,    54.3,    24.2,    67.9,"(CONTRACTS OF EUR 125,000)",099741,CME ,099 ,F10,FutOnly
EURO FX - CHICAGO MERCANTILE EXCHANGE,250715,2025-07-15,099741,CME ,00,099 ,  820440,   42464,  515996,    2533,  477607,  116891,   26259,  106430,   67906,   23367,   37844,   19546,    6328,  722832,  778826,   97608,   41614,   14593,    1264,   19748,    -269,   13123,    1930,   -2113,    1197,   -8204,    4181,    -827,     450,    -204,   16352,   15519,   -1759,    -926,  100.0,    5.2,   62.9,    0.3,   58.2,   14.2,    3.2,   13.0,    8.3,    2.8,    4.6,    2.4,    0.8,   88.1,   94.9,   11.9,    5.1,    307,     11,     18,      8,    119,     30,     35,     52,     36,     25,     26,     15,      6,    235,    146,    15.4,    54.1,    24.8,    68.3,    14.4,    54.1,    23.3,    68.3,"(CONTRACTS OF EUR 125,000)",099741,CME ,099 ,F10,FutOnly
EURO FX - CHICAGO MERCANTILE EXCHANGE,250708,2025-07-08,099741,CME ,00,099 ,  805847,   41200,  496248,    2802,  464484,  114961,   28372,  105233,   76110,   19186,   38671,   19096,    6532,  706480,  763307,   99367,   42540,   26816,    7072,   27890,     835,    2959,   -1227,     -35,   13610,    -292,    -888,    -205,     765,      61,   23409,   27109,    3407,    -293,  100.0,    5.1,   61.6,    0.3,   57.6,   14.3,    3.5,   13.1,    9.4,    2.4,    4.8,    2.4,    0.8,   87.7,   94.7,   12.3,    5.3,    303,     11,     16,      6,    120,     29,     38,     47,     37,     20,     29,     14,      6,    232,    141,    15.8,    54.4,    24.4,    67.1,    14.8,    54.4,    23.2,    67.0,"(CONTRACTS OF EUR 125,000)",099741,CME ,099 ,F10,FutOnly
EURO FX - CHICAGO MERCANTILE EXCHANGE,250701,2025-07-01,099741,CME ,00,099 ,  779031,   34128,  468358,    1967,  461525,  116188,   28407,   91623,   76402,   20074,   38876,   18331,    6471,  683071,  736198,   95960,   42833,   16424,    2651,    9382,   -1022,    3362,   -4244,    2704,    2985,    8857,     757,    3771,   -1265,     126,   15334,   15295,    1090,    1129,  100.0,    4.4,   60.1,    0.3,   59.2,   14.9,    3.6,   11.8,    9.8,    2.6,    5.0,    2.4,    0.8,   87.7,   94.5,   12.3,    5.5,    316,     10,     17,      5,    122,     30,     38,     51,     42,     25,     31,     13,      6,    238,    152,    15.8,    55.8,    25.3,    66.3,    14.8,    55.8,    24.0,    66.3,"(CONTRACTS OF EUR 125,000)",099741,CME ,099 ,F10,FutOnly
EURO FX - CHICAGO MERCANTILE EXCHANGE,250624,2025-06-24,099741,CME ,00,099 ,  762607,   31477,  458976,    2989,  458163,  120432,   25703,   88638,   67545,   19317,   35105,   19596,    6345,  667737,  720903,   94870,   41704,    6746,    2731,    5766,     142,    1501,   -3152,     304,     519,   -5145,    3775,     410,    1390,     309,    9691,    3389,   -2945,    3357,  100.0,    4.1,   60.2,    0.4,   60.1,   15.8,    3.4,   11.6,    8.9,    2.5,    4.6,    2.6,    0.8,   87.6,   94.5,   12.4,    5.5,    306,     11,     16,      5,    122,     29,     36,     53,     31,     25,     30,     14,      6,    240,    138,    15.5,    57.1,    25.2,    67.3,    14.8,    57.0,    23.9,    67.2,"(CONTRACTS OF EUR 125,000)",099741,CME ,099 ,F10,FutOnly
EURO FX - CHICAGO MERCANTILE EXCHANGE,250617,2025-06-17,099741,CME ,00,099 ,  755861,   28746,  453210,    2847,  456662,  123584,   25399,   88119,   72690,   15542,   34695,   18206,    6036,  658046,  717514,   97815,   38347,  -54656,   -3934,   13851,  -37223,   15140,    2406,   -2456,    3258,    -195,  -24433,    -132,    -493,    -202,  -49982,  -48745,   -4674,   -5911,  100.0,    3.8,   60.0,    0.4,   60.4,   16.4,    3.4,   11.7,    9.6,    2.1,    4.6,    2.4,    0.8,   87.1,   94.9,   12.9,    5.1,    304,     12,     15,      5,    121,     30,     37,     51,     35,     22,     26,     14,      5,    231,    142,    16.1,    57.4,    25.6,    68.2,    15.1,    57.4,    24.3,    68.2,"(CONTRACTS OF EUR 125,000)",099741,CME ,099 ,F10,FutOnly
EURO FX - CHICAGO MERCANTILE EXCHANGE,250610,2025-06-10,099741,CME ,00,099 ,  810517,   32680,  439359,   40070,  441522,  121178,   27855,   84861,   72885,   39975,   34827,   18699,    6238,  708028,  766259,  102489,   44258,   29233,  -15823,    1139,   25852,   -2989,   -3262,    -306,   10748,   -3139,    9808,    -173,    -265,     252,   27369,   30079,    1864,    -846,  100.0,    4.0,   54.2,    4.9,   54.5,   15.0,    3.4,   10.5,    9.0,    4.9,    4.3,    2.3,    0.8,   87.4,   94.5,   12.6,    5.5,    301,     14,     15,     11,    116,     25,     38,     49,     38,     28,     28,     14,      5,    237,    146,    15.2,    47.4,    24.5,    63.0,    14.2,    46.1,    22.5,    60.4,"(CONTRACTS OF EUR 125,000)",099741,CME ,099 ,F10,FutOnly
EURO FX - CHICAGO MERCANTILE EXCHANGE,250603,2025-06-03,099741,CME ,00,099 ,  781284,   48503,  438220,   14218,  444511,  124440,   28161,   74113,   76024,   30167,   35000,   18964,    5986,  680659,  736180,  100625,   45104,   20813,   -1323,   13695,    5214,    3355,   -2733,    1441,   -2443,   -1436,    5558,    3433,   -3410,     231,   15466,   18560,    5347,    2253,  100.0,    6.2,   56.1,    1.8,   56.9,   15.9,    3.6,    9.5,    9.7,    3.9,    4.5,    2.4,    0.8,   87.1,   94.2,   12.9,    5.8,    304,     15,     17,     13,    118,     26,     34,     42,     45,     26,     28,     13,      6,    230,    153,    15.8,    47.4,    25.3,    62.3,    14.8,    46.8,    23.7,    61.7,"(CONTRACTS OF EUR 125,000)",099741,CME ,099 ,F10,FutOnly
EURO FX - CHICAGO MERCANTILE EXCHANGE,250527,2025-05-27,099741,CME ,00,099 ,  760471,   49826,  424525,    9004,  441156,  127173,   26720,   76556,   77460,   24609,   31567,   22374,    5755,  665193,  717620,   95278,   42851,    1222,    2596,    3034,    2120,    5598,    1951,    -300,   -7318,     519,   -3321,     633,   -3945,       8,      16,      66,    1206,    1156,  100.0,    6.6,   55.8,    1.2,   58.0,   16.7,    3.5,   10.1,   10.2,    3.2,    4.2,    2.9,    0.8,   87.5,   94.4,   12.5,    5.6,    305,     15,     16,      9,    118,     28,     37,     46,     45,     29,     23,     14,      6,    228,    158,    16.1,    44.9,    25.6,    61.0,    15.2,    44.8,    24.4,    60.9,"(CONTRACTS OF EUR 125,000)",099741,CME ,099 ,F10,FutOnly
EURO FX - CHICAGO MERCANTILE EXCHANGE,250520,2025-05-20,099741,CME ,00,099 ,  759249,   47230,  421491,    6884,  435558,  125222,   27020,   83874,   76941,   27930,   30934,   26319,    5747,  665177,  717554,   94072,   41695,    8343,   12980,   -2080,    -500,    3515,    4256,    1253,   -2466,   10754,   -5530,    -529,    3439,      77,    8800,   11669,    -457,   -3326,  100.0,    6.2,   55.5,    0.9,   57.4,   16.5,    3.6,   11.0,   10.1,    3.7,    4.1,    3.5,    0.8,   87.6,   94.5,   12.4,    5.5,    299,     13,     16,      9,    117,     27,     35,     47,     42,     26,     22,     15,      5,    223,    151,    16.1,    43.9,    25.5,    60.3,    15.2,    43.8,    24.3,    60.2,"(CONTRACTS OF EUR 125,000)",099741,CME ,099 ,F10,FutOnly
EURO FX - CHICAGO MERCANTILE EXCHANGE,250513,2025-05-13,099741,CME ,00,099 ,  750906,   34250,  423571,    7384,  432043,  120966,   25767,   86340,   66187,   33460,   31463,   22880,    5670,  656377,  705885,   94529,   45021,   13893,    1093,    8386,     197,    4726,     579,     724,   13255,   -1153,   -1527,   -2242,    2908,     178,   16404,   10292,   -2511,    3601,  100.0,    4.6,   56.4,    1.0,   57.5,   16.1,    3.4,   11.5,    8.8,    4.5,    4.2,    3.0,    0.8,   87.4,   94.0,   12.6,    6.0,    299,     12,     17,      7,    116,     28,     36,     49,     40,     30,     23,     14,      5,    225,    152,    16.1,    43.9,    25.6,    61.2,    15.2,    43.9,    24.2,    61.1,"(CONTRACTS OF EUR 125,000)",099741,CME ,099 ,F10,FutOnly
EURO FX - CHICAGO MERCANTILE EXCHANGE,250506,2025-05-06,099741,CME ,00,099 ,  737013,   33157,  415185,    7187,  427317,  120387,   25043,   73085,   67340,   34987,   33705,   19972,    5492,  639973,  695593,   97040,   41420,    6801,    -393,    4883,    -189,    5339,      85,     393,   -6808,    4762,    5174,    3664,   -8022,     -43,    7137,    7043,    -336,    -242,  100.0,    4.5,   56.3,    1.0,   58.0,   16.3,    3.4,    9.9,    9.1,    4.7,    4.6,    2.7,    0.7,   86.8,   94.4,   13.2,    5.6,    306,     12,     17,      6,    118,     30,     39,     48,     41,     30,     27,     13,      5,    232,    154,    16.4,    42.2,    25.9,    60.8,    15.5,    42.1,    24.3,    60.7,"(CONTRACTS OF EUR 125,000)",099741,CME ,099 ,F10,FutOnly
EURO FX - CHICAGO MERCANTILE EXCHANGE,250429,2025-04-29,099741,CME ,00,099 ,  730212,   33550,  410302,    7376,  421978,  120302,   24650,   79893,   62578,   29813,   30041,   27994,    5535,  632836,  688550,   97376,   41662,   10980,    -311,    6938,     250,    2446,   -2953,    2049,   -1376,   -3981,    9633,   -2794,     762,      60,    9957,   12758,    1023,   -1778,  100.0,    4.6,   56.2,    1.0,   57.8,   16.5,    3.4,   10.9,    8.6,    4.1,    4.1,    3.8,    0.8,   86.7,   94.3,   13.3,    5.7,    308,     12,     17,      6,    116,     30,     41,     51,     45,     29,     22,     15,      5,    230,    159,    16.5,    42.1,    26.1,    60.9,    15.7,    42.1,    24.8,    60.8,"(CONTRACTS OF EUR 125,000)",099741,CME ,099 ,F10,FutOnly
EURO FX - CHICAGO MERCANTILE EXCHANGE,250422,2025-04-22,099741,CME ,00,099 ,  719232,   33861,  403364,    7126,  419532,  123255,   22601,   81269,   66559,   20180,   32835,   27232,    5475,  622879,  675792,   96353,   43440,   11110,    4690,    9615,    -683,     363,   -6144,     674,     515,    7611,    1502,     667,    -569,    -100,    7628,   11906,    3482,    -796,  100.0,    4.7,   56.1,    1.0,   58.3,   17.1,    3.1,   11.3,    9.3,    2.8,    4.6,    3.8,    0.8,   86.6,   94.0,   13.4,    6.0,    307,     14,     17,      5,    116,     31,     40,     48,     43,     28,     24,     14,      5,    229,    156,    16.7,    41.8,    26.1,    60.9,    15.8,    41.8,    24.9,    60.9,"(CONTRACTS OF EUR 125,000)",099741,CME ,099 ,F10,FutOnly
EURO FX - CHICAGO MERCANTILE EXCHANGE,250415,2025-04-15,099741,CME ,00,099 ,  708122,   29171,  393749,    7809,  419169,  129399,   21927,   80754,   58948,   18678,   32168,   27801,    5575,  615251,  663886,   92871,   44236,   10346,   -2690,   21774,    -595,    6574,     -39,   -1130,   -5101,    6171,   -1944,    4022,   -6902,    -993,   -1857,   16342,   12203,   -5996,  100.0,    4.1,   55.6,    1.1,   59.2,   18.3,    3.1,   11.4,    8.3,    2.6,    4.5,    3.9,    0.8,   86.9,   93.8,   13.1,    6.2,    298,     14,     16,      6,    118,     32,     42,     45,     37,     23,     21,     15,      5,    222,    152,    17.3,    41.7,    27.0,    60.8,    16.4,    41.7,    25.8,    60.7,"(CONTRACTS OF EUR 125,000)",099741,CME ,099 ,F10,FutOnly
EURO FX - CHICAGO MERCANTILE EXCHANGE,250408,2025-04-08,099741,CME ,00,099 ,  697776,   31861,  371975,    8404,  412595,  129438,   23057,   85855,   52777,   20622,   28146,   34703,    6568,  617108,  647544,   80668,   50232,   26949,    7643,   31382,    4306,   28457,    1518,   -6384,   -5460,   -5648,   -1270,   -1322,    1465,     443,   26413,   25812,     536,    1137,  100.0,    4.6,   53.3,    1.2,   59.1,   18.6,    3.3,   12.3,    7.6,    3.0,    4.0,    5.0,    0.9,   88.4,   92.8,   11.6,    7.2,    300,     12,     16,      7,    116,     36,     40,     49,     37,     24,     17,     17,      5,    219,    157,    17.2,    39.9,    26.8,    58.8,    16.0,    39.9,    25.2,    58.8,"(CONTRACTS OF EUR 125,000)",099741,CME ,099 ,F10,FutOnly
EURO FX - CHICAGO MERCANTILE EXCHANGE,250401,2025-04-01,099741,CME ,00,099 ,  670827,   24218,  340593,    4098,  384138,  127920,   29441,   91315,   58425,   21892,   29468,   33238,    6125,  590695,  621732,   80132,   49095,   -2048,    2083,  -10871,     116,   -5376,    1929,   -1543,    1672,   -4842,    2902,    -244,    8165,     -47,    -437,   -4191,   -1611,    2143,  100.0,    3.6,   50.8,    0.6,   57.3,   19.1,    4.4,   13.6,    8.7,    3.3,    4.4,    5.0,    0.9,   88.1,   92.7,   11.9,    7.3,    303,      9,     19,      7,    111,     36,     42,     52,     41,     26,     19,     16,      6,    222,    162,    18.0,    40.9,    27.7,    55.6,    16.4,    40.9,    25.9,    55.6,"(CONTRACTS OF EUR 125,000)",099741,CME ,099 ,F10,FutOnly
EURO FX - CHICAGO MERCANTILE EXCHANGE,250325,2025-03-25,099741,CME ,00,099 ,  672875,   22135,  351464,    3982,  389514,  125991,   30984,   89643,   63267,   18990,   29712,   25073,    6172,  591132,  625923,   81743,   46952,   20255,    5476,   21926,     451,    9490,    4455,    -864,    2593,   -9924,    3957,     -37,    2921,     -31,   21035,   22891,    -780,   -2636,  100.0,    3.3,   52.2,    0.6,   57.9,   18.7,    4.6,   13.3,    9.4,    2.8,    4.4,    3.7,    0.9,   87.9,   93.0,   12.1,    7.0,    303,     10,     19,      6,    113,     35,     44,     48,     44,     24,     18,     16,      7,    223,    161,    18.2,    42.2,    27.9,    57.0,    16.7,    42.2,    26.2,    56.9,"(CONTRACTS OF EUR 125,000)",099741,CME ,099 ,F10,FutOnly
EURO FX - CHICAGO MERCANTILE EXCHANGE,250318,2025-03-18,099741,CME ,00,099 ,  652620,   16659,  329538,    3531,  380024,  121536,   31848,   87050,   73191,   15033,   29749,   22152,    6203,  570097,  603032,   82523,   49588,  -77140,  -11711,   37875,  -23803,    4915,  -14342,  -15637,   -3043,  -22821,  -12245,    2555,   -9818,    -528,  -59497,  -61319,  -17643,  -15821,  100.0,    2.6,   50.5,    0.5,   58.2,   18.6,    4.9,   13.3,   11.2,    2.3,    4.6,    3.4,    1.0,   87.4,   92.4,   12.6,    7.6,    298,      9,     19,      5,    110,     35,     47,     48,     45,     26,     17,     15,      6,    219,    163,    17.9,    43.2,    27.7,    55.4,    16.6,    43.2,    25.9,    55.4,"(CONTRACTS OF EUR 125,000)",099741,CME ,099 ,F10,FutOnly
EURO FX - CHICAGO MERCANTILE EXCHANGE,250311,2025-03-11,099741,CME ,00,099 ,  729760,   28370,  291663,   27334,  375109,  135878,   47485,   90093,   96012,   27278,   27194,   31970,    6731,  629594,  664351,  100166,   65409,   45941,    5585,   35706,    9991,    9081,  -18426,    2268,   -4080,   -6383,    7070,   -1241,    3840,     422,   29096,   34488,   16845,   11453,  100.0,    3.9,   40.0,    3.7,   51.4,   18.6,    6.5,   12.3,   13.2,    3.7,    3.7,    4.4,    0.9,   86.3,   91.0,   13.7,    9.0,    301,     13,     18,     11,    106,     37,     47,     47,     51,     33,     16,     13,      8,    226,    174,    16.1,    38.0,    25.6,    48.9,    14.8,    36.1,    23.4,    46.9,"(CONTRACTS OF EUR 125,000)",099741,CME ,099 ,F10,FutOnly
EURO FX - CHICAGO MERCANTILE EXCHANGE,250304,2025-03-04,099741,CME ,00,099 ,  683819,   22785,  255957,   17343,  366028,  154304,   45217,   94173,  102395,   20208,   28435,   28130,    6309,  600498,  629863,   83321,   53956,   25135,    2399,   25228,    2539,    9674,  -10873,    2081,     411,    3337,    3026,     242,   -1666,      76,   20448,   23748,    4687,    1387,  100.0,    3.3,   37.4,    2.5,   53.5,   22.6,    6.6,   13.8,   15.0,    3.0,    4.2,    4.1,    0.9,   87.8,   92.1,   12.2,    7.9,    306,     13,     17,     11,    105,     43,     50,     48,     50,     30,     16,     13,      6,    225,    178,    17.1,    33.6,    26.9,    45.4,    15.3,    33.3,    24.2,    44.4,"(CONTRACTS OF EUR 125,000)",099741,CME ,099 ,F10,FutOnly
EURO FX - CHICAGO MERCANTILE EXCHANGE,250225,2025-02-25,099741,CME ,00,099 ,  658684,   20386,  230729,   14804,  356354,  165177,   43136,   93762,   99058,   17182,   28193,   29796,    6233,  580050,  606115,   78634,   52569,   20660,     410,   30469,     502,    9908,   -8736,    7341,    4338,   -1593,   -3420,   -1169,   -5813,    -187,   17723,   18563,    2937,    2097,  100.0,    3.1,   35.0,    2.2,   54.1,   25.1,    6.5,   14.2,   15.0,    2.6,    4.3,    4.5,    0.9,   88.1,   92.0,   11.9,    8.0,    309,     14,     17,     12,    103,     42,     51,     47,     52,     31,     18,     16,      5,    222,    186,    17.5,    30.6,    27.3,    43.6,    15.7,    30.5,    24.5,    42.9,"(CONTRACTS OF EUR 125,000)",099741,CME ,099 ,F10,FutOnly
EURO FX - CHICAGO MERCANTILE EXCHANGE,250218,2025-02-18,099741,CME ,00,099 ,  638024,   19976,  200260,   14302,  346446,  173913,   35795,   89424,  100651,   20602,   29362,   35609,    6420,  562327,  587552,   75697,   50472,   15151,    3592,   22186,     158,    8264,   -4024,     198,     782,   -8818,    2458,     364,    4432,    -119,   15697,   16471,    -546,   -1320,  100.0,    3.1,   31.4,    2.2,   54.3,   27.3,    5.6,   14.0,   15.8,    3.2,    4.6,    5.6,    1.0,   88.1,   92.1,   11.9,    7.9,    309,     13,     16,      9,    100,     46,     51,     45,     54,     29,     19,     16,      7,    219,    186,    18.1,    29.6,    27.8,    40.6,    16.2,    29.5,    25.0,    39.9,"(CONTRACTS OF EUR 125,000)",099741,CME ,099 ,F10,FutOnly
EURO FX - CHICAGO MERCANTILE EXCHANGE,250211,2025-02-11,099741,CME ,00,099 ,  622873,   16384,  178074,   14144,  338182,  177937,   35597,   88642,  109469,   18144,   28998,   31177,    6539,  546630,  571081,   76243,   51792,    6250,     511,     156,    1124,   -1014,    2491,     -78,    6548,    5198,   -2896,     117,     625,      32,    4344,    6652,    1906,    -402,  100.0,    2.6,   28.6,    2.3,   54.3,   28.6,    5.7,   14.2,   17.6,    2.9,    4.7,    5.0,    1.0,   87.8,   91.7,   12.2,    8.3,    298,      9,     19,      7,     94,     50,     49,     44,     48,     25,     19,     15,      5,    203,    181,    18.5,    28.9,    28.3,    39.4,    16.5,    28.0,    25.6,    38.6,"(CONTRACTS OF EUR 125,000)",099741,CME ,099 ,F10,FutOnly
EURO FX - CHICAGO MERCANTILE EXCHANGE,250204,2025-02-04,099741,CME ,00,099 ,  616623,   15873,  177918,   13020,  339196,  175446,   35675,   82094,  104271,   21040,   28881,   30552,    6507,  542286,  564429,   74337,   52194,   -2285,    -490,   -5304,     407,   -8387,    2259,     708,    9562,   -2557,   -3321,     850,    4271,      31,    -640,   -3506,   -1645,    1221,  100.0,    2.6,   28.9,    2.1,   55.0,   28.5,    5.8,   13.3,   16.9,    3.4,    4.7,    5.0,    1.1,   87.9,   91.5,   12.1,    8.5,    299,     11,     18,      7,     97,     48,     46,     39,     47,     22,     19,     19,      5,    201,    178,    18.6,    28.2,    27.7,    38.8,    16.6,    27.4,    25.0,    38.0,"(CONTRACTS OF EUR 125,000)",099741,CME ,099 ,F10,FutOnly
EURO FX - CHICAGO MERCANTILE EXCHANGE,250128,2025-01-28,099741,CME ,00,099 ,  618908,   16363,  183222,   12613,  347583,  173187,   34967,   72532,  106828,   24361,   28031,   26281,    6476,  542926,  567935,   75982,   50973,    9416,   -5810,   16748,    2635,    7310,   -6208,    -738,      28,    -910,    6673,    -911,   -2195,    -193,    8994,   15812,     422,   -6396,  100.0,    2.6,   29.6,    2.0,   56.2,   28.0,    5.6,   11.7,   17.3,    3.9,    4.5,    4.2,    1.0,   87.7,   91.8,   12.3,    8.2,    300,     10,     17,      7,     98,     46,     47,     42,     51,     19,     19,     16,      5,    200,    178,    18.6,    28.6,    27.3,    39.6,    16.7,    28.0,    24.7,    38.8,"(CONTRACTS OF EUR 125,000)",099741,CME ,099 ,F10,FutOnly
EURO FX - CHICAGO MERCANTILE EXCHANGE,250121,2025-01-21,099741,CME ,00,099 ,  609492,   22173,  166474,    9978,  340273,  179395,   35705,   72504,  107738,   17688,   28942,   28476,    6669,  533932,  552123,   75560,   57369,    5267,  -11227,    2448,    1506,    7331,    4329,     953,    4141,    -424,    -981,     867,     890,    -201,    2389,    8520,    2878,   -3253,  100.0,    3.6,   27.3,    1.6,   55.8,   29.4,    5.9,   11.9,   17.7,    2.9,    4.7,    4.7,    1.1,   87.6,   90.6,   12.4,    9.4,    298,     11,     16,      8,     94,     51,     50,     46,     47,     18,     17,     16,      5,    199,    180,    18.3,    28.8,    27.4,    39.5,    16.3,    28.5,    25.2,    39.2,"(CONTRACTS OF EUR 125,000)",099741,CME ,099 ,F10,FutOnly
EURO FX - CHICAGO MERCANTILE EXCHANGE,250114,2025-01-14,099741,CME ,00,099 ,  604225,   33400,  164026,    8472,  332942,  175066,   34752,   68363,  108162,   18669,   28075,   27586,    6870,  531543,  543603,   72682,   60622,    1038,    3479,    5213,    1595,    -718,   -7331,     198,   -1132,   -2921,    2507,   -1034,   -1426,     110,    5005,   -2055,   -3967,    3093,  100.0,    5.5,   27.1,    1.4,   55.1,   29.0,    5.8,   11.3,   17.9,    3.1,    4.6,    4.6,    1.1,   88.0,   90.0,   12.0,   10.0,    287,     10,     16,      6,     92,     50,     50,     42,     45,     22,     16,     15,      5,    191,    179,    18.6,    29.4,    28.1,    39.7,    16.6,    29.1,    26.1,    39.4,"(CONTRACTS OF EUR 125,000)",099741,CME ,099 ,F10,FutOnly
EURO FX - CHICAGO MERCANTILE EXCHANGE,250107,2025-01-07,099741,CME ,00,099 ,  603187,   29921,  158813,    6877,  333660,  182397,   34554,   69495,  111083,   16162,   29109,   29012,    6760,  526538,  545658,   76649,   57529,   -5972,     -76,   -4103,     -37,   -3295,    -697,     438,  -11301,  -11553,    3244,    2083,    4381,    -198,   -9142,   -8525,    3170,    2553,  100.0,    5.0,   26.3,    1.1,   55.3,   30.2,    5.7,   11.5,   18.4,    2.7,    4.8,    4.8,    1.1,   87.3,   90.5,   12.7,    9.5,    284,     11,     15,      7,     91,     50,     45,     44,     42,     21,     18,     13,      5,    189,    173,    18.7,    29.2,    27.9,    39.9,    16.7,    28.9,    25.8,    39.6,"(CONTRACTS OF EUR 125,000)",099741,CME ,099 ,F10,FutOnly
AUSTRALIAN DOLLAR - CHICAGO MERCANTILE EXCHANGE,251230,2025-12-30,232741,CME ,00,232 ,  223804,   40385,   71381,     162,   61893,   94645,    5800,   66902,   33231,    2107,    8623,     600,       0,  185872,  207926,   37932,   15878,    6641,   -1556,    3583,       5,    6287,   -1300,     524,     -53,    7758,    -728,    1135,       0,       0,    5614,    9842,    1027,   -3201,  100.0,   18.0,   31.9,    0.1,   27.7,   42.3,    2.6,   29.9,   14.8,    0.9,    3.9,    0.3,    0.0,   83.1,   92.9,   16.9,    7.1,    110,      6,      8,.,     25,     11,     10,     33,     16,     10,     10,.,      0,     84,     48,    34.6,    60.0,    44.9,    71.4,    34.6,    59.9,    44.8,    69.9,"(CONTRACTS OF AUD 100,000)",232741,CME ,232 ,F10,FutOnly
AUSTRALIAN DOLLAR - CHICAGO MERCANTILE EXCHANGE,251223,2025-12-23,232741,CME ,00,232 ,  217163,   41941,   67798,     157,   55606,   95945,    5276,   66955,   25473,    2835,    7488,     600,       0,  180258,  198084,   36905,   19079,  -76633,     -15,      74,     -17,    2887,    2363,     646,    2041,      36,   -1591,      58,       0,       0,    4009,    1511,  -80642,  -78144,  100.0,   19.3,   31.2,    0.1,   25.6,   44.2,    2.4,   30.8,   11.7,    1.3,    3.4,    0.3,    0.0,   83.0,   91.2,   17.0,    8.8,    109,      7,      7,.,     25,     11,      9,     35,     14,      9,      9,.,      0,     84,     45,    35.0,    62.1,    44.6,    73.3,    35.0,    61.9,    44.6,    71.8,"(CONTRACTS OF AUD 100,000)",232741,CME ,232 ,F10,FutOnly
AUSTRALIAN DOLLAR - CHICAGO MERCANTILE EXCHANGE,251216,2025-12-16,232741,CME ,00,232 ,  293796,   41956,   67724,     174,   52719,   93582,    4630,   64914,   25437,    4426,    7430,     600,       0,  176249,  196573,  117547,   97223,   -2866,   -8619,   37093,  -76729,    5423,  -15700,      86,    7351,  -13563,  -14416,    1212,       0,       0,  -85692,  -83229,   82826,   80363,  100.0,   14.3,   23.1,    0.1,   17.9,   31.9,    1.6,   22.1,    8.7,    1.5,    2.5,    0.2,    0.0,   60.0,   66.9,   40.0,   33.1,    111,      7,      8,.,     24,     12,      9,     35,     15,      9,      9,.,      0,     82,     49,    25.2,    44.3,    32.6,    52.6,    25.2,    44.2,    32.6,    51.7,"(CONTRACTS OF AUD 100,000)",232741,CME ,232 ,F10,FutOnly
AUSTRALIAN DOLLAR - CHICAGO MERCANTILE EXCHANGE,251209,2025-12-09,232741,CME ,00,232 ,  296662,   50575,   30631,   76903,   47296,  109282,    4544,   57563,   39000,   18842,    6218,     600,       0,  261941,  279802,   34721,   16860,   94088,  -20865,   24125,   66347,    7535,    1443,   -1001,   26104,  -10128,   14257,   -2083,       0,       0,   90294,   95043,    3794,    -955,  100.0,   17.0,   10.3,   25.9,   15.9,   36.8,    1.5,   19.4,   13.1,    6.4,    2.1,    0.2,    0.0,   88.3,   94.3,   11.7,    5.7,    113,     10,      8,     10,     20,     14,     13,     31,     20,     11,      8,.,      0,     83,     64,    42.3,    55.5,    57.1,    69.1,    24.3,    35.9,    32.6,    43.9,"(CONTRACTS OF AUD 100,000)",232741,CME ,232 ,F10,FutOnly
AUSTRALIAN DOLLAR - CHICAGO MERCANTILE EXCHANGE,251202,2025-12-02,232741,CME ,00,232 ,  202574,   71440,    6506,   10556,   39761,  107839,    5545,   31459,   49128,    4585,    8301,     600,       0,  171647,  184759,   30927,   17815,    9896,   -6233,    1583,    8336,    2861,    1885,    1469,    -676,    -565,    -711,    2463,       0,       0,    7509,   11997,    2387,   -2101,  100.0,   35.3,    3.2,    5.2,   19.6,   53.2,    2.7,   15.5,   24.3,    2.3,    4.1,    0.3,    0.0,   84.7,   91.2,   15.3,    8.8,    105,     12,      5,      7,     16,     13,     11,     27,     23,      9,      8,.,      0,     73,     59,    36.3,    55.2,    49.4,    65.0,    33.7,    53.9,    44.5,    62.8,"(CONTRACTS OF AUD 100,000)",232741,CME ,232 ,F10,FutOnly
AUSTRALIAN DOLLAR - CHICAGO MERCANTILE EXCHANGE,251125,2025-11-25,232741,CME ,00,232 ,  192678,   77673,    4923,    2220,   36900,  105954,    4076,   32135,   49693,    5296,    5838,     600,       0,  164138,  172762,   28540,   19916,   13337,   13531,    -601,    -615,   -2443,    6501,    -649,   -1122,    4009,    4289,     290,     -80,       0,   13281,   12854,      56,     483,  100.0,   40.3,    2.6,    1.2,   19.2,   55.0,    2.1,   16.7,   25.8,    2.7,    3.0,    0.3,    0.0,   85.2,   89.7,   14.8,   10.3,    101,     14,.,.,     13,     15,     12,     28,     21,      9,      7,.,      0,     70,     55,    37.3,    56.2,    49.1,    65.6,    37.3,    55.0,    49.0,    64.3,"(CONTRACTS OF AUD 100,000)",232741,CME ,232 ,F10,FutOnly
AUSTRALIAN DOLLAR - CHICAGO MERCANTILE EXCHANGE,251118,2025-11-18,232741,CME ,00,232 ,  179341,   64142,    5524,    2835,   39343,   99453,    4725,   33257,   45684,    1007,    5548,     680,       0,  150857,  159908,   28484,   19433,    -126,   -3645,    3084,     625,    1113,   -1292,    1102,    2144,    -960,   -1900,      52,       0,       0,    -509,     659,     383,    -785,  100.0,   35.8,    3.1,    1.6,   21.9,   55.5,    2.6,   18.5,   25.5,    0.6,    3.1,    0.4,    0.0,   84.1,   89.2,   15.9,   10.8,     98,     14,.,      4,     18,     11,     12,     23,     21,      5,      6,.,      0,     68,     51,    37.5,    56.7,    48.2,    66.9,    37.5,    55.2,    48.2,    65.4,"(CONTRACTS OF AUD 100,000)",232741,CME ,232 ,F10,FutOnly
AUSTRALIAN DOLLAR - CHICAGO MERCANTILE EXCHANGE,251110,2025-11-10,232741,CME ,00,232 ,  179467,   67787,    2440,    2210,   38230,  100745,    3623,   31113,   46644,    2907,    5496,     680,       0,  151366,  159249,   28101,   20218,   -1334,    3762,   -3087,    1652,   -1358,     466,     839,   -9690,   -1647,    1679,    1528,     -80,       0,   -1588,    -178,     254,   -1156,  100.0,   37.8,    1.4,    1.2,   21.3,   56.1,    2.0,   17.3,   26.0,    1.6,    3.1,    0.4,    0.0,   84.3,   88.7,   15.7,   11.3,     95,     14,.,      4,     15,     11,     10,     24,     21,      7,      6,.,      0,     67,     49,    38.5,    59.1,    48.7,    69.3,    38.5,    57.8,    48.4,    67.9,"(CONTRACTS OF AUD 100,000)",232741,CME ,232 ,F10,FutOnly
AUSTRALIAN DOLLAR - CHICAGO MERCANTILE EXCHANGE,251104,2025-11-04,232741,CME ,00,232 ,  180801,   64025,    5527,     558,   39588,  100279,    2784,   40803,   48291,    1228,    3968,     760,       0,  152954,  159427,   27847,   21374,    7365,   -2621,     279,     -59,     398,     835,    -644,   10756,    5810,    -980,    -810,       0,     -14,    6026,    5227,    1339,    2138,  100.0,   35.4,    3.1,    0.3,   21.9,   55.5,    1.5,   22.6,   26.7,    0.7,    2.2,    0.4,    0.0,   84.6,   88.2,   15.4,   11.8,     95,     11,      5,.,     16,     11,      9,     23,     22,      7,      5,.,      0,     62,     52,    36.5,    57.2,    46.4,    67.5,    36.5,    56.7,    46.4,    66.8,"(CONTRACTS OF AUD 100,000)",232741,CME ,232 ,F10,FutOnly
AUSTRALIAN DOLLAR - CHICAGO MERCANTILE EXCHANGE,251028,2025-10-28,232741,CME ,00,232 ,  173436,   66646,    5248,     617,   39190,   99444,    3428,   30047,   42481,    2208,    4778,     760,      14,  146928,  154200,   26508,   19236,    -442,    9304,     736,    -173,   -2593,   -7591,    1518,   -9956,    2824,     866,    -513,       0,      14,   -1533,   -1806,    1091,    1364,  100.0,   38.4,    3.0,    0.4,   22.6,   57.3,    2.0,   17.3,   24.5,    1.3,    2.8,    0.4,    0.0,   84.7,   88.9,   15.3,   11.1,     95,     14,.,.,     16,     10,      9,     24,     19,     10,      7,.,.,     70,     48,    37.8,    56.0,    46.9,    67.1,    37.8,    55.3,    46.8,    66.2,"(CONTRACTS OF AUD 100,000)",232741,CME ,232 ,F10,FutOnly
AUSTRALIAN DOLLAR - CHICAGO MERCANTILE EXCHANGE,251021,2025-10-21,232741,CME ,00,232 ,  173878,   57342,    4512,     790,   41783,  107035,    1910,   40003,   39657,    1342,    5291,     760,       0,  148461,  156006,   25417,   17872,    3876,    7010,   -5148,     625,   -4231,     885,     107,    3506,    8583,   -1517,    -410,       0,       0,    5090,    3535,   -1214,     341,  100.0,   33.0,    2.6,    0.5,   24.0,   61.6,    1.1,   23.0,   22.8,    0.8,    3.0,    0.4,    0.0,   85.4,   89.7,   14.6,   10.3,    101,     12,      4,.,     17,     12,      8,     26,     21,     10,      7,.,      0,     71,     50,    36.5,    55.2,    45.1,    67.9,    36.4,    55.0,    45.0,    67.6,"(CONTRACTS OF AUD 100,000)",232741,CME ,232 ,F10,FutOnly
AUSTRALIAN DOLLAR - CHICAGO MERCANTILE EXCHANGE,251014,2025-10-14,232741,CME ,00,232 ,  170002,   50332,    9660,     165,   46014,  106150,    1803,   36497,   31074,    2859,    5701,     760,       0,  143371,  152471,   26631,   17531,    -968,    1213,   -4723,     -10,    -443,    6517,    -185,    1263,   -7197,    1748,    -532,       0,       0,    3054,   -3850,   -4022,    2882,  100.0,   29.6,    5.7,    0.1,   27.1,   62.4,    1.1,   21.5,   18.3,    1.7,    3.4,    0.4,    0.0,   84.3,   89.7,   15.7,   10.3,    106,     10,      7,.,     19,     14,      8,     25,     22,     10,      7,.,      0,     70,     56,    35.4,    51.7,    45.1,    64.2,    35.2,    51.5,    44.8,    63.8,"(CONTRACTS OF AUD 100,000)",232741,CME ,232 ,F10,FutOnly
AUSTRALIAN DOLLAR - CHICAGO MERCANTILE EXCHANGE,251007,2025-10-07,232741,CME ,00,232 ,  170970,   49119,   14383,     175,   46457,   99633,    1988,   35234,   38271,    1111,    6233,     760,       0,  140317,  156321,   30653,   14649,    2994,   -7732,    6605,     -49,    4282,    5863,    -363,    1550,   -7059,     170,    2019,       0,       0,    -123,    5167,    3117,   -2173,  100.0,   28.7,    8.4,    0.1,   27.2,   58.3,    1.2,   20.6,   22.4,    0.6,    3.6,    0.4,    0.0,   82.1,   91.4,   17.9,    8.6,    106,      9,      8,.,     18,     14,      7,     23,     23,      9,      9,.,      0,     70,     54,    36.3,    48.2,    45.7,    60.5,    36.2,    48.0,    45.6,    60.1,"(CONTRACTS OF AUD 100,000)",232741,CME ,232 ,F10,FutOnly
AUSTRALIAN DOLLAR - CHICAGO MERCANTILE EXCHANGE,250930,2025-09-30,232741,CME ,00,232 ,  167976,   56851,    7778,     224,   42175,   93770,    2351,   33684,   45330,     941,    4214,     760,       0,  140440,  151154,   27536,   16822,    7122,    8714,    -124,      81,      67,    2863,      50,   -1692,    4408,      53,      20,       0,       0,    7293,    7331,    -171,    -209,  100.0,   33.8,    4.6,    0.1,   25.1,   55.8,    1.4,   20.1,   27.0,    0.6,    2.5,    0.5,    0.0,   83.6,   90.0,   16.4,   10.0,    106,     14,.,.,     15,     14,      9,     26,     25,     10,      7,.,      0,     74,     54,    35.4,    49.7,    44.3,    63.4,    35.4,    49.5,    44.3,    63.1,"(CONTRACTS OF AUD 100,000)",232741,CME ,232 ,F10,FutOnly
AUSTRALIAN DOLLAR - CHICAGO MERCANTILE EXCHANGE,250923,2025-09-23,232741,CME ,00,232 ,  160854,   48137,    7902,     143,   42108,   90907,    2301,   35376,   40922,     888,    4194,     760,       0,  133147,  143823,   27707,   17031,    6064,    8861,   -1583,    -148,    -915,    7442,     738,     528,    2993,   -1106,     311,     100,       0,    8269,    8436,   -2205,   -2372,  100.0,   29.9,    4.9,    0.1,   26.2,   56.5,    1.4,   22.0,   25.4,    0.6,    2.6,    0.5,    0.0,   82.8,   89.4,   17.2,   10.6,    106,     14,.,.,     16,     13,     10,     30,     22,     11,      6,.,      0,     78,     51,    33.7,    50.5,    42.5,    63.9,    33.7,    50.3,    42.3,    63.5,"(CONTRACTS OF AUD 100,000)",232741,CME ,232 ,F10,FutOnly
AUSTRALIAN DOLLAR - CHICAGO MERCANTILE EXCHANGE,250916,2025-09-16,232741,CME ,00,232 ,  154790,   39276,    9485,     291,   43023,   83465,    1563,   34848,   37929,    1994,    3883,     660,       0,  124878,  135387,   29912,   19403,  -53302,  -30891,    4980,  -30285,    1446,  -26573,   -3738,    6516,    4843,   -2813,    1680,       0,       0,  -58085,  -53586,    4783,     284,  100.0,   25.4,    6.1,    0.2,   27.8,   53.9,    1.0,   22.5,   24.5,    1.3,    2.5,    0.4,    0.0,   80.7,   87.5,   19.3,   12.5,    103,     11,      4,.,     17,      9,      6,     30,     24,      9,      6,.,      0,     72,     49,    34.6,    49.0,    43.1,    60.6,    34.5,    48.8,    42.3,    60.2,"(CONTRACTS OF AUD 100,000)",232741,CME ,232 ,F10,FutOnly
AUSTRALIAN DOLLAR - CHICAGO MERCANTILE EXCHANGE,250909,2025-09-09,232741,CME ,00,232 ,  208092,   70167,    4505,   30576,   41577,  110038,    5301,   28332,   33086,    4807,    2203,     660,       0,  182963,  188973,   25129,   19119,   23044,   -5451,    1255,   18771,     398,    2719,     803,    4901,    -698,    2185,     576,    -411,       0,   22183,   24624,     861,   -1580,  100.0,   33.7,    2.2,   14.7,   20.0,   52.9,    2.5,   13.6,   15.9,    2.3,    1.1,    0.3,    0.0,   87.9,   90.8,   12.1,    9.2,    104,     13,      5,      9,     16,     12,     11,     29,     23,     11,      4,.,      0,     78,     57,    41.4,    51.3,    52.4,    62.1,    35.5,    47.9,    43.2,    55.6,"(CONTRACTS OF AUD 100,000)",232741,CME ,232 ,F10,FutOnly
AUSTRALIAN DOLLAR - CHICAGO MERCANTILE EXCHANGE,250902,2025-09-02,232741,CME ,00,232 ,  185048,   75618,    3250,   11805,   41179,  107319,    4498,   23431,   33784,    2622,    1627,    1071,       0,  160780,  164349,   24268,   20699,   -6159,  -10630,     912,    7943,   -1853,  -14864,     387,   -4867,    1003,    -144,     -16,    -153,       0,   -9180,   -4916,    3021,   -1243,  100.0,   40.9,    1.8,    6.4,   22.3,   58.0,    2.4,   12.7,   18.3,    1.4,    0.9,    0.6,    0.0,   86.9,   88.8,   13.1,   11.2,     94,     13,.,      5,     14,     13,     11,     22,     23,     10,.,.,      0,     68,     52,    44.4,    53.9,    57.5,    64.1,    41.1,    51.6,    51.8,    60.5,"(CONTRACTS OF AUD 100,000)",232741,CME ,232 ,F10,FutOnly
AUSTRALIAN DOLLAR - CHICAGO MERCANTILE EXCHANGE,250826,2025-08-26,232741,CME ,00,232 ,  191207,   86248,    2338,    3862,   43032,  122183,    4111,   28298,   32781,    2766,    1643,    1224,       0,  169960,  169265,   21247,   21942,    5306,    7940,     397,    3090,   -1834,    3542,      67,    -656,    -992,    -909,    -386,     -69,       0,    7312,    5126,   -2006,     180,  100.0,   45.1,    1.2,    2.0,   22.5,   63.9,    2.1,   14.8,   17.1,    1.4,    0.9,    0.6,    0.0,   88.9,   88.5,   11.1,   11.5,     97,     13,.,      4,     14,     16,     11,     24,     21,      9,.,.,      0,     67,     54,    41.5,    56.9,    56.0,    66.5,    39.9,    55.3,    54.3,    64.6,"(CONTRACTS OF AUD 100,000)",232741,CME ,232 ,F10,FutOnly
AUSTRALIAN DOLLAR - CHICAGO MERCANTILE EXCHANGE,250819,2025-08-19,232741,CME ,00,232 ,  185901,   78308,    1941,     772,   44866,  118641,    4044,   28954,   33773,    3675,    2029,    1293,       0,  162648,  164139,   23253,   21762,   14607,    6970,     -83,     243,    3214,    9396,    -650,    8421,    3542,     321,   -3026,     543,     -42,   15451,   13270,    -844,    1337,  100.0,   42.1,    1.0,    0.4,   24.1,   63.8,    2.2,   15.6,   18.2,    2.0,    1.1,    0.7,    0.0,   87.5,   88.3,   12.5,   11.7,    102,     12,      4,      5,     16,     15,     11,     27,     21,     12,      4,.,      0,     73,     57,    40.3,    57.8,    53.2,    67.6,    40.2,    56.2,    53.0,    65.7,"(CONTRACTS OF AUD 100,000)",232741,CME ,232 ,F10,FutOnly
AUSTRALIAN DOLLAR - CHICAGO MERCANTILE EXCHANGE,250812,2025-08-12,232741,CME ,00,232 ,  171294,   71338,    2024,     529,   41652,  109245,    4694,   20533,   30231,    3354,    5055,     750,      42,  147197,  150869,   24097,   20425,    7394,    2211,    -113,     363,    1315,    7426,    -548,     905,     139,     298,     514,     150,       0,    5058,    7715,    2336,    -321,  100.0,   41.6,    1.2,    0.3,   24.3,   63.8,    2.7,   12.0,   17.6,    2.0,    3.0,    0.4,    0.0,   85.9,   88.1,   14.1,   11.9,     94,     12,.,      4,     12,     15,     10,     22,     21,      8,      7,.,.,     67,     50,    41.9,    56.8,    53.6,    67.4,    41.8,    54.6,    53.5,    64.9,"(CONTRACTS OF AUD 100,000)",232741,CME ,232 ,F10,FutOnly
AUSTRALIAN DOLLAR - CHICAGO MERCANTILE EXCHANGE,250805,2025-08-05,232741,CME ,00,232 ,  163900,   69127,    2137,     166,   40337,  101819,    5242,   19628,   30092,    3056,    4541,     600,      42,  142139,  143154,   21761,   20746,    4220,   12706,    -690,      29,   -2021,    9980,   -2148,   -3385,   -4307,     191,    -280,       0,       0,    5092,    3055,    -872,    1165,  100.0,   42.2,    1.3,    0.1,   24.6,   62.1,    3.2,   12.0,   18.4,    1.9,    2.8,    0.4,    0.0,   86.7,   87.3,   13.3,   12.7,     91,     13,.,.,     12,     14,      8,     20,     22,      7,      6,.,.,     61,     49,    42.9,    55.2,    54.3,    66.0,    42.9,    52.4,    53.7,    62.9,"(CONTRACTS OF AUD 100,000)",232741,CME ,232 ,F10,FutOnly
AUSTRALIAN DOLLAR - CHICAGO MERCANTILE EXCHANGE,250729,2025-07-29,232741,CME ,00,232 ,  159680,   56421,    2827,     137,   42358,   91839,    7390,   23013,   34399,    2865,    4821,     600,      42,  137047,  140099,   22633,   19581,   -1714,   -3671,     925,     -16,    4363,     -39,     781,   -2700,   -3499,    -109,     357,     100,       0,    -995,   -1857,    -719,     143,  100.0,   35.3,    1.8,    0.1,   26.5,   57.5,    4.6,   14.4,   21.5,    1.8,    3.0,    0.4,    0.0,   85.8,   87.7,   14.2,   12.3,     92,     10,      5,.,     13,     11,      7,     20,     25,      8,      7,.,.,     61,     48,    42.7,    56.3,    52.8,    67.4,    42.7,    53.4,    52.4,    64.1,"(CONTRACTS OF AUD 100,000)",232741,CME ,232 ,F10,FutOnly
AUSTRALIAN DOLLAR - CHICAGO MERCANTILE EXCHANGE,250722,2025-07-22,232741,CME ,00,232 ,  161394,   60092,    1902,     153,   37995,   91878,    6609,   25713,   37898,    2974,    4464,     500,      42,  138042,  141956,   23352,   19438,   10907,    7928,    -614,      16,   -1490,   13910,      77,    5985,     562,    -833,     -88,       0,       0,   11595,   13118,    -688,   -2211,  100.0,   37.2,    1.2,    0.1,   23.5,   56.9,    4.1,   15.9,   23.5,    1.8,    2.8,    0.3,    0.0,   85.5,   88.0,   14.5,   12.0,     93,     12,      4,.,     10,     13,      7,     24,     22,      9,      7,.,.,     66,     46,    42.2,    55.4,    52.2,    67.6,    42.2,    52.4,    51.0,    63.1,"(CONTRACTS OF AUD 100,000)",232741,CME ,232 ,F10,FutOnly
AUSTRALIAN DOLLAR - CHICAGO MERCANTILE EXCHANGE,250715,2025-07-15,232741,CME ,00,232 ,  150487,   52164,    2516,     137,   39485,   77968,    6532,   19728,   37336,    3807,    4552,     500,      42,  126447,  128838,   24040,   21649,   -2903,    3768,    -839,       0,   -1740,   -1503,     -58,   -2204,   -2046,    -107,    -434,       0,       0,    -775,   -4553,   -2128,    1650,  100.0,   34.7,    1.7,    0.1,   26.2,   51.8,    4.3,   13.1,   24.8,    2.5,    3.0,    0.3,    0.0,   84.0,   85.6,   16.0,   14.4,     91,     10,      5,.,     11,     12,      7,     23,     22,     12,      7,.,.,     65,     47,    43.5,    51.8,    52.8,    63.1,    43.5,    47.6,    51.6,    58.7,"(CONTRACTS OF AUD 100,000)",232741,CME ,232 ,F10,FutOnly
AUSTRALIAN DOLLAR - CHICAGO MERCANTILE EXCHANGE,250708,2025-07-08,232741,CME ,00,232 ,  153390,   48396,    3355,     137,   41225,   79471,    6590,   21932,   39382,    3914,    4986,     500,      42,  127222,  133391,   26168,   19999,    2052,   -1891,    2417,       0,      19,    3106,    -553,    4030,   -2808,    1474,   -1521,       0,      39,    1597,    3675,     455,   -1623,  100.0,   31.6,    2.2,    0.1,   26.9,   51.8,    4.3,   14.3,   25.7,    2.6,    3.3,    0.3,    0.0,   82.9,   87.0,   17.1,   13.0,     89,      7,      6,.,     12,     12,      8,     21,     23,     14,      7,.,.,     64,     49,    43.8,    51.7,    51.9,    63.1,    43.7,    47.6,    50.6,    58.7,"(CONTRACTS OF AUD 100,000)",232741,CME ,232 ,F10,FutOnly
AUSTRALIAN DOLLAR - CHICAGO MERCANTILE EXCHANGE,250701,2025-07-01,232741,CME ,00,232 ,  151338,   50287,     938,     137,   41206,   76365,    7143,   17902,   42190,    2440,    6507,     500,       3,  125625,  129716,   25713,   21622,     306,   -2583,     250,    -129,    -231,   -2022,     342,    -987,     998,      15,    1023,       0,     -37,   -2587,    -583,    2893,     889,  100.0,   33.2,    0.6,    0.1,   27.2,   50.5,    4.7,   11.8,   27.9,    1.6,    4.3,    0.3,    0.0,   83.0,   85.7,   17.0,   14.3,     88,     12,.,.,     13,     11,      9,     18,     23,     12,      8,.,.,     65,     46,    44.4,    50.9,    53.0,    63.7,    44.4,    46.6,    51.6,    59.1,"(CONTRACTS OF AUD 100,000)",232741,CME ,232 ,F10,FutOnly
AUSTRALIAN DOLLAR - CHICAGO MERCANTILE EXCHANGE,250624,2025-06-24,232741,CME ,00,232 ,  151032,   52870,     688,     266,   41437,   78387,    6801,   18889,   41192,    2425,    5484,     500,      40,  128212,  130299,   22820,   20733,    3561,    4980,   -7595,      86,   -1893,    2987,     754,     978,    7981,    -349,    1231,       0,       0,    5787,    3864,   -2226,    -303,  100.0,   35.0,    0.5,    0.2,   27.4,   51.9,    4.5,   12.5,   27.3,    1.6,    3.6,    0.3,    0.0,   84.9,   86.3,   15.1,   13.7,     89,     13,.,.,     11,     14,      9,     20,     21,      9,      8,.,.,     65,     45,    44.7,    51.8,    54.0,    63.8,    44.7,    47.4,    52.6,    59.1,"(CONTRACTS OF AUD 100,000)",232741,CME ,232 ,F10,FutOnly
AUSTRALIAN DOLLAR - CHICAGO MERCANTILE EXCHANGE,250617,2025-06-17,232741,CME ,00,232 ,  147471,   47890,    8283,     180,   43330,   75400,    6047,   17911,   33211,    2774,    4253,     500,      40,  122425,  126435,   25046,   21036,  -76801,  -38499,  -34710,  -21517,    4241,    2851,   -7840,   -1119,   -8128,   -7878,   -2446,       0,      -4,  -75062,  -77226,   -1739,     425,  100.0,   32.5,    5.6,    0.1,   29.4,   51.1,    4.1,   12.1,   22.5,    1.9,    2.9,    0.3,    0.0,   83.0,   85.7,   17.0,   14.3,     82,      9,      4,.,     12,     11,     10,     21,     18,      9,      6,.,.,     60,     44,    46.8,    50.3,    56.3,    62.7,    46.8,    46.3,    55.3,    58.4,"(CONTRACTS OF AUD 100,000)",232741,CME ,232 ,F10,FutOnly
AUSTRALIAN DOLLAR - CHICAGO MERCANTILE EXCHANGE,250610,2025-06-10,232741,CME ,00,232 ,  224272,   86389,   42993,   21697,   39089,   72549,   13887,   19030,   41339,   10652,    6699,     500,      44,  197487,  203661,   26785,   20611,   21677,    4632,    4537,   15308,    -346,    1118,    -649,    2012,    5166,    3834,     309,       0,   -6901,   18199,   22413,    3478,    -736,  100.0,   38.5,   19.2,    9.7,   17.4,   32.3,    6.2,    8.5,   18.4,    4.7,    3.0,    0.2,    0.0,   88.1,   90.8,   11.9,    9.2,     94,     12,      4,     10,     11,     11,     10,     21,     27,     15,      7,.,.,     70,     61,    52.4,    47.9,    63.4,    59.8,    45.5,    42.0,    52.8,    50.6,"(CONTRACTS OF AUD 100,000)",232741,CME ,232 ,F10,FutOnly
AUSTRALIAN DOLLAR - CHICAGO MERCANTILE EXCHANGE,250603,2025-06-03,232741,CME ,00,232 ,  202595,   81757,   38456,    6389,   39435,   71431,   14536,   17018,   36173,    6818,    6390,     500,    6945,  179288,  181248,   23307,   21347,   23303,    3721,    2243,    5194,    2184,    2523,     -93,   -1143,    2056,    4158,    2547,   -2318,    6945,   23513,   20708,    -210,    2595,  100.0,   40.4,   19.0,    3.2,   19.5,   35.3,    7.2,    8.4,   17.9,    3.4,    3.2,    0.2,    3.4,   88.5,   89.5,   11.5,   10.5,     91,     10,      4,      4,     13,     13,     10,     18,     24,     13,      7,.,.,     67,     54,    53.1,    49.2,    64.4,    60.7,    48.4,    43.8,    55.6,    53.2,"(CONTRACTS OF AUD 100,000)",232741,CME ,232 ,F10,FutOnly
AUSTRALIAN DOLLAR - CHICAGO MERCANTILE EXCHANGE,250527,2025-05-27,232741,CME ,00,232 ,  179292,   78036,   36213,    1195,   37251,   68908,   14629,   18161,   34117,    2660,    3843,    2818,       0,  155775,  160540,   23517,   18752,    1439,   -1368,   -1982,     999,    1648,   -1130,     -49,   -2239,    7033,    -286,      -2,    -658,       0,   -1297,    3927,    2736,   -2488,  100.0,   43.5,   20.2,    0.7,   20.8,   38.4,    8.2,   10.1,   19.0,    1.5,    2.1,    1.6,    0.0,   86.9,   89.5,   13.1,   10.5,     90,     10,.,.,     12,     14,     10,     21,     24,     11,      4,.,      0,     61,     52,    57.4,    53.1,    65.1,    63.8,    53.1,    47.3,    59.7,    56.5,"(CONTRACTS OF AUD 100,000)",232741,CME ,232 ,F10,FutOnly
AUSTRALIAN DOLLAR - CHICAGO MERCANTILE EXCHANGE,250520,2025-05-20,232741,CME ,00,232 ,  177853,   79404,   38195,     196,   35603,   70038,   14678,   20400,   27084,    2946,    3845,    3476,       0,  157072,  156613,   20781,   21240,   -2607,    2959,   -6208,     -64,   -3259,    3681,     220,   -3338,   -3026,    1279,      83,    3076,       0,   -2120,   -1042,    -487,   -1565,  100.0,   44.6,   21.5,    0.1,   20.0,   39.4,    8.3,   11.5,   15.2,    1.7,    2.2,    2.0,    0.0,   88.3,   88.1,   11.7,   11.9,     85,     10,      4,.,     10,     16,     11,     18,     21,     10,      4,.,      0,     58,     50,    56.8,    54.0,    64.7,    63.7,    52.9,    48.1,    60.2,    57.0,"(CONTRACTS OF AUD 100,000)",232741,CME ,232 ,F10,FutOnly
AUSTRALIAN DOLLAR - CHICAGO MERCANTILE EXCHANGE,250513,2025-05-13,232741,CME ,00,232 ,  180460,   76445,   44403,     260,   38862,   66357,   14458,   23738,   30110,    1667,    3762,     400,       0,  159192,  157655,   21268,   22805,   -2597,    2687,   -4435,      49,   -6433,    9117,      35,    2988,   -6491,     560,    -855,       0,       0,    -969,   -1165,   -1628,   -1432,  100.0,   42.4,   24.6,    0.1,   21.5,   36.8,    8.0,   13.2,   16.7,    0.9,    2.1,    0.2,    0.0,   88.2,   87.4,   11.8,   12.6,     90,      9,      6,.,     12,     15,      9,     19,     23,     12,      5,.,      0,     59,     55,    56.5,    52.6,    63.9,    63.1,    52.6,    48.2,    59.1,    57.6,"(CONTRACTS OF AUD 100,000)",232741,CME ,232 ,F10,FutOnly
AUSTRALIAN DOLLAR - CHICAGO MERCANTILE EXCHANGE,250506,2025-05-06,232741,CME ,00,232 ,  183057,   73758,   48838,     211,   45295,   57240,   14423,   20750,   36601,    1107,    4617,     400,       0,  160161,  158820,   22896,   24237,   -1747,    -391,   -3443,    -151,   -1790,    1770,    -482,     299,   -1424,      91,     748,    -518,       0,   -1676,   -4157,     -71,    2410,  100.0,   40.3,   26.7,    0.1,   24.7,   31.3,    7.9,   11.3,   20.0,    0.6,    2.5,    0.2,    0.0,   87.5,   86.8,   12.5,   13.2,     94,      8,      7,.,     13,     14,     10,     20,     24,     11,      7,.,      0,     63,     54,    56.4,    52.7,    65.1,    62.0,    53.1,    48.9,    60.2,    57.3,"(CONTRACTS OF AUD 100,000)",232741,CME ,232 ,F10,FutOnly
AUSTRALIAN DOLLAR - CHICAGO MERCANTILE EXCHANGE,250429,2025-04-29,232741,CME ,00,232 ,  184804,   74149,   52281,     362,   47085,   55470,   14905,   20451,   38025,    1016,    3869,     918,       0,  161837,  162977,   22967,   21827,   -5994,    1441,    -608,       7,   -3359,       4,    1017,   -1035,   -6106,   -2063,    -813,     -68,       0,   -4805,   -7817,   -1189,    1823,  100.0,   40.1,   28.3,    0.2,   25.5,   30.0,    8.1,   11.1,   20.6,    0.5,    2.1,    0.5,    0.0,   87.6,   88.2,   12.4,   11.8,     88,      8,      7,.,     15,     14,      9,     18,     19,     12,      5,.,      0,     59,     52,    55.8,    52.7,    65.1,    61.9,    53.0,    49.4,    60.2,    57.9,"(CONTRACTS OF AUD 100,000)",232741,CME ,232 ,F10,FutOnly
AUSTRALIAN DOLLAR - CHICAGO MERCANTILE EXCHANGE,250422,2025-04-22,232741,CME ,00,232 ,  190798,   72708,   52889,     355,   50444,   55466,   13888,   21486,   44131,    3079,    4682,     986,       0,  166642,  170794,   24156,   20004,   12051,    -578,   17483,      42,     598,   -6333,     318,    8891,    7222,     828,     -70,    -495,    -237,    9792,   18828,    2259,   -6777,  100.0,   38.1,   27.7,    0.2,   26.4,   29.1,    7.3,   11.3,   23.1,    1.6,    2.5,    0.5,    0.0,   87.3,   89.5,   12.7,   10.5,     98,      6,      9,.,     17,     13,     12,     25,     20,     11,      6,.,      0,     66,     57,    54.2,    50.2,    63.1,    59.7,    51.4,    48.1,    59.0,    56.3,"(CONTRACTS OF AUD 100,000)",232741,CME ,232 ,F10,FutOnly
AUSTRALIAN DOLLAR - CHICAGO MERCANTILE EXCHANGE,250415,2025-04-15,232741,CME ,00,232 ,  178747,   73286,   35406,     313,   49846,   61799,   13570,   12595,   36909,    2251,    4752,    1481,     237,  156850,  151966,   21897,   26781,  -15729,   -3533,    5377,     -22,   -3069,   -6730,    1039,   -4869,   -9996,     675,   -1122,     777,   -1391,  -12292,  -10271,   -3437,   -5458,  100.0,   41.0,   19.8,    0.2,   27.9,   34.6,    7.6,    7.0,   20.6,    1.3,    2.7,    0.8,    0.1,   87.7,   85.0,   12.3,   15.0,     88,      7,      6,.,     14,     15,     12,     16,     21,      9,      6,.,.,     58,     55,    58.3,    48.9,    66.8,    58.1,    55.0,    46.4,    62.0,    54.5,"(CONTRACTS OF AUD 100,000)",232741,CME ,232 ,F10,FutOnly
AUSTRALIAN DOLLAR - CHICAGO MERCANTILE EXCHANGE,250408,2025-04-08,232741,CME ,00,232 ,  194476,   76819,   30029,     335,   52915,   68529,   12531,   17464,   46905,    1576,    5874,     704,    1628,  169142,  162237,   25334,   32239,   11710,    4451,   22306,    -550,    8073,  -11750,   -1243,     724,   -2954,     293,   -2210,    -180,    1578,   11116,    7500,     594,    4210,  100.0,   39.5,   15.4,    0.2,   27.2,   35.2,    6.4,    9.0,   24.1,    0.8,    3.0,    0.4,    0.8,   87.0,   83.4,   13.0,   16.6,     95,      8,      6,.,     12,     20,     11,     14,     27,     11,      6,.,.,     57,     63,    55.4,    41.9,    64.7,    52.6,    52.8,    40.8,    60.3,    49.0,"(CONTRACTS OF AUD 100,000)",232741,CME ,232 ,F10,FutOnly
AUSTRALIAN DOLLAR - CHICAGO MERCANTILE EXCHANGE,250401,2025-04-01,232741,CME ,00,232 ,  182766,   72368,    7723,     885,   44842,   80279,   13774,   16740,   49859,    1283,    8084,     884,      50,  158026,  154737,   24740,   28029,    2679,   -4284,     644,     462,   -1378,   -4073,    3023,    1076,    2955,     241,    2116,    -402,       0,    1256,    2850,    1423,    -171,  100.0,   39.6,    4.2,    0.5,   24.5,   43.9,    7.5,    9.2,   27.3,    0.7,    4.4,    0.5,    0.0,   86.5,   84.7,   13.5,   15.3,    104,      9,      6,      4,     11,     19,     10,     22,     28,      9,      7,.,.,     62,     66,    58.6,    36.2,    65.4,    49.1,    54.7,    34.3,    60.5,    45.5,"(CONTRACTS OF AUD 100,000)",232741,CME ,232 ,F10,FutOnly
AUSTRALIAN DOLLAR - CHICAGO MERCANTILE EXCHANGE,250325,2025-03-25,232741,CME ,00,232 ,  180087,   76652,    7079,     423,   46220,   84352,   10751,   15664,   46904,    1042,    5968,    1286,      50,  156770,  151887,   23317,   28200,    -459,    1634,   -5081,    -101,   -1745,    -228,    1349,    2355,    3675,    -835,    -376,    -871,       0,    2281,   -2092,   -2740,    1633,  100.0,   42.6,    3.9,    0.2,   25.7,   46.8,    6.0,    8.7,   26.0,    0.6,    3.3,    0.7,    0.0,   87.1,   84.3,   12.9,   15.7,    101,     13,.,.,     13,     19,     10,     18,     28,      7,      5,.,.,     60,     62,    57.9,    36.2,    65.4,    49.0,    54.3,    35.1,    61.8,    47.1,"(CONTRACTS OF AUD 100,000)",232741,CME ,232 ,F10,FutOnly
AUSTRALIAN DOLLAR - CHICAGO MERCANTILE EXCHANGE,250318,2025-03-18,232741,CME ,00,232 ,  180546,   75018,   12160,     524,   47965,   84580,    9402,   13309,   43229,    1877,    6344,    2157,      50,  154489,  153979,   26057,   26567,  -78192,   13222,     438,  -60753,   -5618,   -7385,    3199,   -5291,     839,   -3692,  -13329,    1757,      50,  -72212,  -65547,   -5980,  -12645,  100.0,   41.6,    6.7,    0.3,   26.6,   46.8,    5.2,    7.4,   23.9,    1.0,    3.5,    1.2,    0.0,   85.6,   85.3,   14.4,   14.7,    102,      9,      6,.,     15,     19,     10,     17,     28,     11,      6,.,.,     60,     67,    57.4,    34.7,    63.8,    48.0,    54.1,    33.9,    60.2,    46.5,"(CONTRACTS OF AUD 100,000)",232741,CME ,232 ,F10,FutOnly
AUSTRALIAN DOLLAR - CHICAGO MERCANTILE EXCHANGE,250311,2025-03-11,232741,CME ,00,232 ,  258738,   61796,   11722,   61277,   53583,   91965,    6203,   18600,   42390,    5569,   19673,     400,       0,  226701,  219526,   32037,   39212,   56466,   -8690,    4456,   59572,   -2497,   -9485,    1148,    1757,   -2826,   -1672,    -509,    -463,       0,   49109,   50730,    7357,    5736,  100.0,   23.9,    4.5,   23.7,   20.7,   35.5,    2.4,    7.2,   16.4,    2.2,    7.6,    0.2,    0.0,   87.6,   84.8,   12.4,   15.2,    107,     11,      5,      9,     13,     19,      9,     18,     31,     16,      7,.,      0,     68,     73,    44.4,    39.0,    62.4,    49.9,    28.5,    23.6,    42.0,    32.7,"(CONTRACTS OF AUD 100,000)",232741,CME ,232 ,F10,FutOnly
AUSTRALIAN DOLLAR - CHICAGO MERCANTILE EXCHANGE,250304,2025-03-04,232741,CME ,00,232 ,  202272,   70486,    7266,    1705,   56080,  101450,    5055,   16843,   45216,    7241,   20182,     863,       0,  177592,  168796,   24680,   33476,   16301,    3804,    -809,    1061,    2246,   10327,     724,    -299,   -2478,    4530,    3796,     463,       0,   15862,   13818,     439,    2483,  100.0,   34.8,    3.6,    0.8,   27.7,   50.2,    2.5,    8.3,   22.4,    3.6,   10.0,    0.4,    0.0,   87.8,   83.5,   12.2,   16.5,    111,     13,.,      6,     12,     21,      9,     18,     34,     13,      6,.,      0,     63,     76,    38.4,    34.6,    56.6,    47.7,    38.0,    33.6,    55.6,    46.0,"(CONTRACTS OF AUD 100,000)",232741,CME ,232 ,F10,FutOnly
AUSTRALIAN DOLLAR - CHICAGO MERCANTILE EXCHANGE,250225,2025-02-25,232741,CME ,00,232 ,  185971,   66682,    8075,     644,   53834,   91123,    4331,   17142,   47694,    2711,   16386,     400,       0,  161730,  154978,   24241,   30993,   -3715,   -2556,   -5216,     293,   -3976,    2229,     -14,    1464,   -1331,   -1176,    3872,       0,       0,   -2093,   -5215,   -1622,    1500,  100.0,   35.9,    4.3,    0.3,   28.9,   49.0,    2.3,    9.2,   25.6,    1.5,    8.8,    0.2,    0.0,   87.0,   83.3,   13.0,   16.7,    102,     11,.,.,     12,     21,      9,     16,     32,     13,      6,.,      0,     58,     69,    41.1,    34.0,    59.9,    46.8,    41.0,    33.5,    58.9,    45.2,"(CONTRACTS OF AUD 100,000)",232741,CME ,232 ,F10,FutOnly
AUSTRALIAN DOLLAR - CHICAGO MERCANTILE EXCHANGE,250218,2025-02-18,232741,CME ,00,232 ,  189686,   69238,   13291,     351,   57810,   88894,    4345,   15678,   49025,    3887,   12514,     400,       0,  163823,  160193,   25863,   29493,   -6609,   -8785,    -736,    -237,   -2737,    -720,     -47,    4601,   -4547,    1985,    -311,       0,       0,   -5531,   -4302,   -1078,   -2307,  100.0,   36.5,    7.0,    0.2,   30.5,   46.9,    2.3,    8.3,   25.8,    2.0,    6.6,    0.2,    0.0,   86.4,   84.5,   13.6,   15.5,    103,     10,      5,.,     13,     20,      9,     18,     29,     14,      6,.,      0,     60,     68,    40.3,    31.7,    58.2,    43.9,    40.2,    31.2,    58.2,    42.2,"(CONTRACTS OF AUD 100,000)",232741,CME ,232 ,F10,FutOnly
AUSTRALIAN DOLLAR - CHICAGO MERCANTILE EXCHANGE,250211,2025-02-11,232741,CME ,00,232 ,  196295,   78023,   14027,     588,   60547,   89614,    4392,   11077,   53572,    1902,   12825,     400,       0,  169354,  164495,   26941,   31800,   -8574,  -14401,    2599,      83,    6423,  -10067,   -1288,   -1971,    1975,   -2448,     655,    -468,       0,  -12947,   -9614,    4373,    1040,  100.0,   39.7,    7.1,    0.3,   30.8,   45.7,    2.2,    5.6,   27.3,    1.0,    6.5,    0.2,    0.0,   86.3,   83.8,   13.7,   16.2,     94,      9,      6,.,     11,     20,      9,     14,     27,     12,      6,.,      0,     53,     65,    40.7,    31.3,    61.8,    44.5,    40.6,    31.1,    61.1,    43.0,"(CONTRACTS OF AUD 100,000)",232741,CME ,232 ,F10,FutOnly
AUSTRALIAN DOLLAR - CHICAGO MERCANTILE EXCHANGE,250204,2025-02-04,232741,CME ,00,232 ,  204869,   92424,   11428,     505,   54124,   99681,    5680,   13048,   51597,    4350,   12170,     868,       0,  182301,  174109,   22568,   30760,   12858,    1733,    1299,      46,    8546,   11698,    -108,    3659,   -2073,    1804,   -1524,     468,       0,   14156,   13134,   -1298,    -276,  100.0,   45.1,    5.6,    0.2,   26.4,   48.7,    2.8,    6.4,   25.2,    2.1,    5.9,    0.4,    0.0,   89.0,   85.0,   11.0,   15.0,    104,     11,      4,.,     13,     20,      8,     14,     34,     17,      6,.,      0,     62,     70,    42.8,    32.9,    61.5,    48.4,    42.7,    32.6,    60.5,    46.8,"(CONTRACTS OF AUD 100,000)",232741,CME ,232 ,F10,FutOnly
AUSTRALIAN DOLLAR - CHICAGO MERCANTILE EXCHANGE,250128,2025-01-28,232741,CME ,00,232 ,  192011,   90691,   10129,     459,   45578,   87983,    5788,    9389,   53670,    2546,   13694,     400,       0,  168145,  160975,   23866,   31036,    1800,    2567,   -2903,     120,    2050,    1909,   -2122,   -1445,    6177,    1004,     223,    -455,    -268,    2129,    3462,    -329,   -1662,  100.0,   47.2,    5.3,    0.2,   23.7,   45.8,    3.0,    4.9,   28.0,    1.3,    7.1,    0.2,    0.0,   87.6,   83.8,   12.4,   16.2,    106,     10,      4,.,     13,     20,      8,     16,     35,     13,      7,.,      0,     58,     72,    45.6,    30.3,    63.6,    43.5,    45.5,    30.2,    63.5,    42.4,"(CONTRACTS OF AUD 100,000)",232741,CME ,232 ,F10,FutOnly
AUSTRALIAN DOLLAR - CHICAGO MERCANTILE EXCHANGE,250121,2025-01-21,232741,CME ,00,232 ,  190211,   88124,   13032,     339,   43528,   86074,    7910,   10834,   47493,    1542,   13471,     855,     268,  166016,  157513,   24195,   32698,   -1809,    -245,     612,     102,   -4638,    -450,       1,    1625,    -755,   -1037,    1502,       0,       0,   -2690,   -1527,     881,    -282,  100.0,   46.3,    6.9,    0.2,   22.9,   45.3,    4.2,    5.7,   25.0,    0.8,    7.1,    0.4,    0.1,   87.3,   82.8,   12.7,   17.2,    105,     11,      4,.,     13,     21,      9,     16,     31,     10,      7,.,.,     58,     70,    45.3,    32.6,    62.5,    45.0,    45.3,    32.3,    62.4,    43.5,"(CONTRACTS OF AUD 100,000)",232741,CME ,232 ,F10,FutOnly
AUSTRALIAN DOLLAR - CHICAGO MERCANTILE EXCHANGE,250114,2025-01-14,232741,CME ,00,232 ,  192020,   88369,   12420,     237,   48166,   86524,    7909,    9209,   48248,    2579,   11969,     855,     268,  168706,  159040,   23314,   32980,   -5744,     348,   -2882,     -15,    2968,   -1520,   -1348,   -6275,   -1024,     827,   -1920,     455,       0,   -5415,   -5507,    -329,    -237,  100.0,   46.0,    6.5,    0.1,   25.1,   45.1,    4.1,    4.8,   25.1,    1.3,    6.2,    0.4,    0.1,   87.9,   82.8,   12.1,   17.2,    104,     10,      4,.,     13,     22,      9,     17,     29,     12,      7,.,.,     56,     72,    44.6,    32.6,    61.7,    45.8,    44.6,    31.9,    61.6,    43.6,"(CONTRACTS OF AUD 100,000)",232741,CME ,232 ,F10,FutOnly
AUSTRALIAN DOLLAR - CHICAGO MERCANTILE EXCHANGE,250107,2025-01-07,232741,CME ,00,232 ,  197764,   88021,   15302,     252,   45198,   88044,    9257,   15484,   49272,    1752,   13889,     400,     268,  174121,  164547,   23643,   33217,   14892,    1236,   13785,      33,   17484,    3484,    -932,   -2561,   -2003,     331,    -283,   -1876,     268,   15576,   13090,    -684,    1802,  100.0,   44.5,    7.7,    0.1,   22.9,   44.5,    4.7,    7.8,   24.9,    0.9,    7.0,    0.2,    0.1,   88.0,   83.2,   12.0,   16.8,    108,     10,      4,.,     15,     21,     10,     21,     28,     11,      8,.,.,     62,     71,    41.3,    32.8,    58.9,    47.5,    41.3,    32.0,    58.5,    45.4,"(CONTRACTS OF AUD 100,000)",232741,CME ,232 ,F10,FutOnly
NZ DOLLAR - CHICAGO MERCANTILE EXCHANGE,251230,2025-12-30,112741,CME ,00,112 ,   79352,   53459,    2441,       0,    6863,   44844,    3316,    9309,   23789,     382,    2376,     388,       0,   75705,   75160,    3647,    4192,   -2807,    -703,    -222,       0,    -210,   -3457,    -163,   -2261,    1875,    -226,     548,    -476,       0,   -3015,   -2669,     208,    -138,  100.0,   67.4,    3.1,    0.0,    8.6,   56.5,    4.2,   11.7,   30.0,    0.5,    3.0,    0.5,    0.0,   95.4,   94.7,    4.6,    5.3,     89,      5,      4,      0,     10,     17,      7,     18,     28,      4,      5,.,      0,     46,     54,    64.9,    54.0,    80.2,    66.3,    64.9,    50.2,    78.7,    62.5,"(CONTRACTS OF NZD 100,000)",112741,CME ,112 ,F15,FutOnly
NZ DOLLAR - CHICAGO MERCANTILE EXCHANGE,251223,2025-12-23,112741,CME ,00,112 ,   82159,   54162,    2663,       0,    7073,   48301,    3479,   11570,   21914,     608,    1828,     864,       0,   78720,   77829,    3439,    4330,  -21815,   -1841,    2127,       0,    1126,   -1310,     444,     962,    -700,    -133,    -148,     306,       0,     410,     734,  -22225,  -22549,  100.0,   65.9,    3.2,    0.0,    8.6,   58.8,    4.2,   14.1,   26.7,    0.7,    2.2,    1.1,    0.0,   95.8,   94.7,    4.2,    5.3,     95,      7,      5,      0,     10,     18,      6,     16,     33,      7,.,.,      0,     45,     63,    62.9,    54.9,    79.3,    66.8,    62.9,    51.0,    78.2,    62.8,"(CONTRACTS OF NZD 100,000)",112741,CME ,112 ,F15,FutOnly
NZ DOLLAR - CHICAGO MERCANTILE EXCHANGE,251216,2025-12-16,112741,CME ,00,112 ,  103974,   56003,     536,       0,    5947,   49611,    3035,   10608,   22614,     741,    1976,     558,       0,   78310,   77095,   25664,   26879,  -10458,  -12120,     118,   -4296,    -329,  -15804,     301,   -3568,     584,  -12596,      89,    -311,       0,  -32519,  -32004,   22061,   21546,  100.0,   53.9,    0.5,    0.0,    5.7,   47.7,    2.9,   10.2,   21.7,    0.7,    1.9,    0.5,    0.0,   75.3,   74.1,   24.7,   25.9,     89,      6,.,      0,      8,     21,      5,     13,     32,      4,      4,.,      0,     38,     60,    49.8,    43.2,    64.5,    52.8,    49.8,    40.5,    63.8,    50.0,"(CONTRACTS OF NZD 100,000)",112741,CME ,112 ,F15,FutOnly
NZ DOLLAR - CHICAGO MERCANTILE EXCHANGE,251209,2025-12-09,112741,CME ,00,112 ,  114432,   68123,     418,    4296,    6276,   65415,    2734,   14176,   22030,   13337,    1887,     869,       0,  110829,  109099,    3603,    5333,   10181,    1364,    -175,    3394,    -218,   -3063,     119,   -6928,   -1010,   12224,     191,    -262,       0,   10146,   11227,      35,   -1046,  100.0,   59.5,    0.4,    3.8,    5.5,   57.2,    2.4,   12.4,   19.3,   11.7,    1.6,    0.8,    0.0,   96.9,   95.3,    3.1,    4.7,    105,     11,.,      5,      8,     25,      5,     17,     33,     12,      4,      4,      0,     52,     75,    56.2,    54.5,    75.4,    67.1,    55.6,    49.1,    65.6,    58.8,"(CONTRACTS OF NZD 100,000)",112741,CME ,112 ,F15,FutOnly
NZ DOLLAR - CHICAGO MERCANTILE EXCHANGE,251202,2025-12-02,112741,CME ,00,112 ,  104251,   66759,     593,     902,    6494,   68478,    2615,   21104,   23040,    1113,    1696,    1131,       0,  100683,   97872,    3568,    6379,   -2929,     982,     230,     900,      70,   -1489,    -309,   -4392,   -2018,     -66,     175,    -665,       0,   -2640,   -3417,    -289,     488,  100.0,   64.0,    0.6,    0.9,    6.2,   65.7,    2.5,   20.2,   22.1,    1.1,    1.6,    1.1,    0.0,   96.6,   93.9,    3.4,    6.1,    105,     10,.,.,      8,     25,.,     17,     33,      7,      4,      5,      0,     44,     73,    58.0,    54.3,    73.8,    67.2,    57.1,    52.1,    72.9,    64.8,"(CONTRACTS OF NZD 100,000)",112741,CME ,112 ,F15,FutOnly
NZ DOLLAR - CHICAGO MERCANTILE EXCHANGE,251125,2025-11-25,112741,CME ,00,112 ,  107180,   65777,     363,       2,    6424,   69967,    2924,   25496,   25058,    1179,    1521,    1796,       0,  103323,  101289,    3857,    5891,    3678,    4059,       9,       1,     -76,    2369,     199,    -860,     819,     334,     -94,      29,       0,    3563,    3760,     115,     -82,  100.0,   61.4,    0.3,    0.0,    6.0,   65.3,    2.7,   23.8,   23.4,    1.1,    1.4,    1.7,    0.0,   96.4,   94.5,    3.6,    5.5,    113,     10,.,.,      7,     27,      5,     23,     35,     11,.,      6,      0,     50,     80,    55.3,    51.4,    69.6,    65.3,    55.3,    49.2,    69.6,    62.8,"(CONTRACTS OF NZD 100,000)",112741,CME ,112 ,F15,FutOnly
NZ DOLLAR - CHICAGO MERCANTILE EXCHANGE,251118,2025-11-18,112741,CME ,00,112 ,  103502,   61718,     354,       1,    6500,   67598,    2725,   26356,   24239,     845,    1615,    1767,       0,   99760,   97529,    3742,    5973,     619,    6786,       0,       1,    -864,    2483,     229,   -5420,   -2528,     185,    -265,      67,       0,     652,     437,     -33,     182,  100.0,   59.6,    0.3,    0.0,    6.3,   65.3,    2.6,   25.5,   23.4,    0.8,    1.6,    1.7,    0.0,   96.4,   94.2,    3.6,    5.8,    115,     10,.,.,      7,     28,      4,     23,     35,     12,.,      6,      0,     51,     81,    54.5,    50.9,    70.0,    64.5,    54.5,    48.6,    70.0,    62.0,"(CONTRACTS OF NZD 100,000)",112741,CME ,112 ,F15,FutOnly
NZ DOLLAR - CHICAGO MERCANTILE EXCHANGE,251110,2025-11-10,112741,CME ,00,112 ,  102883,   54932,     354,       0,    7364,   65115,    2496,   31776,   26767,     660,    1880,    1700,       0,   99108,   97092,    3775,    5791,   11315,    8573,       0,       0,    -282,    9791,      23,    4016,    1243,    -119,    -645,     167,       0,   11566,   11105,    -251,     210,  100.0,   53.4,    0.3,    0.0,    7.2,   63.3,    2.4,   30.9,   26.0,    0.6,    1.8,    1.7,    0.0,   96.3,   94.4,    3.7,    5.6,    126,     11,.,      0,     10,     28,      5,     25,     39,     10,      5,      6,      0,     59,     82,    47.8,    47.4,    65.2,    60.9,    47.8,    45.4,    65.1,    58.7,"(CONTRACTS OF NZD 100,000)",112741,CME ,112 ,F15,FutOnly
NZ DOLLAR - CHICAGO MERCANTILE EXCHANGE,251104,2025-11-04,112741,CME ,00,112 ,   91568,   46359,     354,       0,    7646,   55324,    2473,   27760,   25524,     779,    2525,    1533,       0,   87542,   85987,    4026,    5581,    3519,    -112,       0,       0,     -50,   -1853,    1369,     848,    3658,      64,     861,     217,       0,    2980,    3455,     539,      64,  100.0,   50.6,    0.4,    0.0,    8.3,   60.4,    2.7,   30.3,   27.9,    0.9,    2.8,    1.7,    0.0,   95.6,   93.9,    4.4,    6.1,    126,     10,.,      0,     11,     28,      4,     24,     39,      9,      7,      5,      0,     58,     81,    44.6,    46.5,    62.9,    58.7,    44.6,    44.4,    62.9,    56.4,"(CONTRACTS OF NZD 100,000)",112741,CME ,112 ,F15,FutOnly
NZ DOLLAR - CHICAGO MERCANTILE EXCHANGE,251028,2025-10-28,112741,CME ,00,112 ,   88049,   46471,     354,       0,    7696,   57177,    1104,   26912,   21866,     715,    1664,    1316,       0,   84562,   82532,    3487,    5517,   -1617,    -390,       0,       0,     235,   -1779,     210,   -1149,     330,     118,     -97,    -312,       0,   -1073,   -1433,    -544,    -184,  100.0,   52.8,    0.4,    0.0,    8.7,   64.9,    1.3,   30.6,   24.8,    0.8,    1.9,    1.5,    0.0,   96.0,   93.7,    4.0,    6.3,    113,     10,.,      0,      8,     28,      6,     22,     35,      9,      4,      4,      0,     51,     77,    46.9,    47.6,    67.7,    60.4,    46.9,    46.6,    67.7,    59.3,"(CONTRACTS OF NZD 100,000)",112741,CME ,112 ,F15,FutOnly
NZ DOLLAR - CHICAGO MERCANTILE EXCHANGE,251021,2025-10-21,112741,CME ,00,112 ,   89666,   46861,     354,       0,    7461,   58956,     894,   28061,   21536,     597,    1761,    1628,       0,   85635,   83965,    4031,    5701,    7157,    7390,      -1,       0,     167,    8598,    -147,    -376,   -1187,     -92,     -65,     350,       0,    6877,    7521,     280,    -364,  100.0,   52.3,    0.4,    0.0,    8.3,   65.8,    1.0,   31.3,   24.0,    0.7,    2.0,    1.8,    0.0,   95.5,   93.6,    4.5,    6.4,    110,     10,.,      0,      7,     29,      6,     21,     32,      8,      4,      5,      0,     49,     75,    47.2,    47.1,    66.0,    61.2,    47.2,    46.6,    66.0,    60.6,"(CONTRACTS OF NZD 100,000)",112741,CME ,112 ,F15,FutOnly
NZ DOLLAR - CHICAGO MERCANTILE EXCHANGE,251014,2025-10-14,112741,CME ,00,112 ,   82509,   39471,     355,       0,    7294,   50358,    1041,   28437,   22723,     689,    1826,    1278,       0,   78758,   76444,    3751,    6065,   10164,    4306,       0,       0,     362,    3737,     258,    4697,    4550,     369,     125,     366,       0,   10117,    9280,      47,     884,  100.0,   47.8,    0.4,    0.0,    8.8,   61.0,    1.3,   34.5,   27.5,    0.8,    2.2,    1.5,    0.0,   95.5,   92.6,    4.5,    7.4,    107,      9,.,      0,      8,     25,      6,     18,     36,      8,      5,      4,      0,     47,     74,    42.8,    42.6,    61.9,    55.8,    42.8,    41.9,    61.9,    55.0,"(CONTRACTS OF NZD 100,000)",112741,CME ,112 ,F15,FutOnly
NZ DOLLAR - CHICAGO MERCANTILE EXCHANGE,251007,2025-10-07,112741,CME ,00,112 ,   72345,   35165,     355,       0,    6932,   46621,     783,   23740,   18173,     320,    1701,     912,       0,   68641,   67164,    3704,    5181,    3694,    6197,       1,       0,    -320,    4739,    -667,    -737,     561,    -292,    -326,    -150,       0,    3855,    4192,    -161,    -498,  100.0,   48.6,    0.5,    0.0,    9.6,   64.4,    1.1,   32.8,   25.1,    0.4,    2.4,    1.3,    0.0,   94.9,   92.8,    5.1,    7.2,    103,     10,.,      0,      6,     25,      4,     21,     32,      7,      4,.,      0,     47,     67,    44.4,    45.6,    64.0,    60.3,    44.4,    44.8,    64.0,    59.3,"(CONTRACTS OF NZD 100,000)",112741,CME ,112 ,F15,FutOnly
NZ DOLLAR - CHICAGO MERCANTILE EXCHANGE,250930,2025-09-30,112741,CME ,00,112 ,   68651,   28968,     354,       0,    7252,   41882,    1450,   24477,   17612,     612,    2027,    1062,       0,   64786,   62972,    3865,    5679,   12305,    5685,   -2026,       0,   -4765,   11444,    -869,   12652,    2937,     -96,    -395,     459,     -16,   12196,   11833,     109,     472,  100.0,   42.2,    0.5,    0.0,   10.6,   61.0,    2.1,   35.7,   25.7,    0.9,    3.0,    1.5,    0.0,   94.4,   91.7,    5.6,    8.3,     98,      9,.,      0,      7,     24,      4,     18,     29,      8,      6,.,      0,     47,     63,    51.0,    43.3,    70.0,    58.7,    50.9,    41.7,    69.9,    57.0,"(CONTRACTS OF NZD 100,000)",112741,CME ,112 ,F15,FutOnly
NZ DOLLAR - CHICAGO MERCANTILE EXCHANGE,250923,2025-09-23,112741,CME ,00,112 ,   56346,   23283,    2380,       0,   12017,   30438,    2319,   11825,   14675,     708,    2422,     603,      16,   52590,   51139,    3756,    5207,    7200,    2711,     241,       0,   -1530,    4958,     845,    3510,    1033,     408,    1154,    -426,       1,    7099,    7060,     101,     140,  100.0,   41.3,    4.2,    0.0,   21.3,   54.0,    4.1,   21.0,   26.0,    1.3,    4.3,    1.1,    0.0,   93.3,   90.8,    6.7,    9.2,     92,      6,      6,      0,      8,     20,      5,     16,     25,      7,      8,.,.,     46,     59,    53.1,    41.7,    72.1,    57.5,    53.0,    38.1,    71.0,    53.7,"(CONTRACTS OF NZD 100,000)",112741,CME ,112 ,F15,FutOnly
NZ DOLLAR - CHICAGO MERCANTILE EXCHANGE,250916,2025-09-16,112741,CME ,00,112 ,   49146,   20572,    2139,       0,   13547,   25480,    1474,    8315,   13642,     300,    1268,    1029,      15,   45491,   44079,    3655,    5067,  -22456,    2781,   -8816,   -3809,   -4734,    4078,   -2396,   -3801,    -348,  -10649,     134,     152,       0,  -22474,  -21788,      18,    -668,  100.0,   41.9,    4.4,    0.0,   27.6,   51.8,    3.0,   16.9,   27.8,    0.6,    2.6,    2.1,    0.0,   92.6,   89.7,    7.4,   10.3,     84,      5,      6,      0,      9,     19,      4,     13,     23,      4,      5,      4,.,     37,     56,    53.8,    35.8,    69.1,    53.8,    53.8,    33.1,    69.1,    51.1,"(CONTRACTS OF NZD 100,000)",112741,CME ,112 ,F15,FutOnly
NZ DOLLAR - CHICAGO MERCANTILE EXCHANGE,250909,2025-09-09,112741,CME ,00,112 ,   71602,   17791,   10955,    3809,   18281,   21402,    3870,   12116,   13990,   10949,    1134,     877,      15,   67965,   65867,    3637,    5735,   16567,    2630,    2167,    3794,    1504,    -502,     235,   -1700,     459,   10159,      34,    -132,       0,   16656,   16180,     -89,     387,  100.0,   24.8,   15.3,    5.3,   25.5,   29.9,    5.4,   16.9,   19.5,   15.3,    1.6,    1.2,    0.0,   94.9,   92.0,    5.1,    8.0,     91,      6,      6,.,     11,     18,      5,     14,     25,     10,      5,      4,.,     44,     65,    46.7,    29.2,    68.2,    47.6,    36.9,    26.3,    52.2,    40.2,"(CONTRACTS OF NZD 100,000)",112741,CME ,112 ,F15,FutOnly
NZ DOLLAR - CHICAGO MERCANTILE EXCHANGE,250902,2025-09-02,112741,CME ,00,112 ,   55035,   15161,    8788,      15,   16777,   21904,    3635,   13816,   13531,     790,    1100,    1009,      15,   51309,   49687,    3726,    5348,    1941,   -1092,    -236,       9,    2061,    2445,      97,     301,    -209,     415,     263,    -283,       0,    2054,    2238,    -113,    -297,  100.0,   27.5,   16.0,    0.0,   30.5,   39.8,    6.6,   25.1,   24.6,    1.4,    2.0,    1.8,    0.0,   93.2,   90.3,    6.8,    9.7,     95,      6,      6,.,     10,     21,      4,     20,     23,      8,      5,.,.,     48,     61,    45.2,    33.2,    65.4,    52.2,    39.0,    32.5,    59.3,    49.0,"(CONTRACTS OF NZD 100,000)",112741,CME ,112 ,F15,FutOnly
NZ DOLLAR - CHICAGO MERCANTILE EXCHANGE,250826,2025-08-26,112741,CME ,00,112 ,   53094,   16253,    9024,       6,   14716,   19459,    3538,   13515,   13740,     375,     837,    1292,      15,   49255,   47449,    3839,    5645,    5599,     684,     986,       2,    2641,    4186,   -1710,    4595,     816,      51,    -274,     851,       0,    5989,    5182,    -390,     417,  100.0,   30.6,   17.0,    0.0,   27.7,   36.6,    6.7,   25.5,   25.9,    0.7,    1.6,    2.4,    0.0,   92.8,   89.4,    7.2,   10.6,     95,      5,      7,.,     10,     19,.,     22,     24,      6,      4,      4,.,     43,     63,    48.9,    32.0,    64.7,    50.6,    42.6,    31.4,    58.3,    48.0,"(CONTRACTS OF NZD 100,000)",112741,CME ,112 ,F15,FutOnly
NZ DOLLAR - CHICAGO MERCANTILE EXCHANGE,250819,2025-08-19,112741,CME ,00,112 ,   47495,   15569,    8038,       4,   12075,   15273,    5248,    8920,   12924,     324,    1111,     441,      15,   43266,   42267,    4229,    5228,    -745,   -1045,    -139,       0,     761,     280,    -913,     -39,    -225,     205,    -137,    -263,       0,   -1168,   -1055,     423,     310,  100.0,   32.8,   16.9,    0.0,   25.4,   32.2,   11.0,   18.8,   27.2,    0.7,    2.3,    0.9,    0.0,   91.1,   89.0,    8.9,   11.0,     83,      6,      6,.,     12,     17,      5,     15,     20,      5,      5,.,.,     41,     54,    55.0,    32.3,    69.8,    49.3,    45.5,    28.0,    60.2,    43.4,"(CONTRACTS OF NZD 100,000)",112741,CME ,112 ,F15,FutOnly
NZ DOLLAR - CHICAGO MERCANTILE EXCHANGE,250812,2025-08-12,112741,CME ,00,112 ,   48240,   16614,    8177,       4,   11314,   14993,    6161,    8959,   13149,     119,    1248,     704,      15,   44434,   43322,    3806,    4918,     150,   -1043,    -112,       1,    -139,    1729,    -843,    2350,    -238,    -222,      20,      23,       0,     124,     338,      26,    -188,  100.0,   34.4,   17.0,    0.0,   23.5,   31.1,   12.8,   18.6,   27.3,    0.2,    2.6,    1.5,    0.0,   92.1,   89.8,    7.9,   10.2,     83,      6,      6,.,     10,     19,      6,     12,     21,      6,      6,.,.,     41,     56,    55.7,    32.4,    73.3,    49.7,    44.9,    27.4,    62.5,    42.1,"(CONTRACTS OF NZD 100,000)",112741,CME ,112 ,F15,FutOnly
NZ DOLLAR - CHICAGO MERCANTILE EXCHANGE,250805,2025-08-05,112741,CME ,00,112 ,   48090,   17657,    8289,       3,   11453,   13264,    7004,    6609,   13387,     341,    1228,     681,      15,   44310,   42984,    3780,    5106,    1503,    7442,    -815,       3,   -3601,    2113,    -996,    -933,    -405,     -68,     568,     329,       0,    2415,     161,    -912,    1342,  100.0,   36.7,   17.2,    0.0,   23.8,   27.6,   14.6,   13.7,   27.8,    0.7,    2.6,    1.4,    0.0,   92.1,   89.4,    7.9,   10.6,     82,      5,      6,.,     11,     18,      7,     11,     22,.,      6,.,.,     41,     53,    57.2,    33.0,    72.9,    50.0,    46.5,    27.8,    61.4,    42.2,"(CONTRACTS OF NZD 100,000)",112741,CME ,112 ,F15,FutOnly
NZ DOLLAR - CHICAGO MERCANTILE EXCHANGE,250729,2025-07-29,112741,CME ,00,112 ,   46587,   10215,    9104,       0,   15054,   11151,    8000,    7542,   13792,     409,     660,     352,      15,   41895,   42823,    4692,    3764,    2487,    -187,    1281,       0,     465,    1596,      66,    1590,     512,      42,      95,    -369,       0,    2071,    3128,     416,    -641,  100.0,   21.9,   19.5,    0.0,   32.3,   23.9,   17.2,   16.2,   29.6,    0.9,    1.4,    0.8,    0.0,   89.9,   91.9,   10.1,    8.1,     81,.,      7,      0,     11,     18,      5,     14,     23,      6,      4,.,.,     40,     53,    53.0,    32.3,    73.2,    49.5,    41.8,    25.4,    59.6,    39.1,"(CONTRACTS OF NZD 100,000)",112741,CME ,112 ,F15,FutOnly
NZ DOLLAR - CHICAGO MERCANTILE EXCHANGE,250722,2025-07-22,112741,CME ,00,112 ,   44100,   10402,    7823,       0,   14589,    9555,    7934,    5952,   13280,     367,     565,     721,      15,   39824,   39695,    4276,    4405,    2141,    4444,    -958,       0,   -3671,    -513,    2313,     255,     839,    -257,    -789,     374,      -1,    2294,    1797,    -153,     344,  100.0,   23.6,   17.7,    0.0,   33.1,   21.7,   18.0,   13.5,   30.1,    0.8,    1.3,    1.6,    0.0,   90.3,   90.0,    9.7,   10.0,     81,      5,      5,      0,     11,     17,      7,     14,     22,      4,      4,.,.,     42,     51,    56.2,    33.8,    70.5,    51.8,    44.9,    27.1,    56.9,    41.6,"(CONTRACTS OF NZD 100,000)",112741,CME ,112 ,F15,FutOnly
NZ DOLLAR - CHICAGO MERCANTILE EXCHANGE,250715,2025-07-15,112741,CME ,00,112 ,   41959,    5958,    8781,       0,   18260,   10068,    5621,    5697,   12441,     624,    1354,     347,      16,   37530,   37898,    4429,    4061,   -1078,    1286,    -486,       0,   -1714,    -677,     525,     711,   -1199,      65,    -961,      34,       0,     -88,   -1738,    -990,     660,  100.0,   14.2,   20.9,    0.0,   43.5,   24.0,   13.4,   13.6,   29.7,    1.5,    3.2,    0.8,    0.0,   89.4,   90.3,   10.6,    9.7,     84,      4,      6,      0,     16,     12,      8,     14,     24,      7,      7,.,.,     50,     51,    55.6,    36.0,    68.8,    54.5,    45.0,    31.5,    56.8,    46.8,"(CONTRACTS OF NZD 100,000)",112741,CME ,112 ,F15,FutOnly
NZ DOLLAR - CHICAGO MERCANTILE EXCHANGE,250708,2025-07-08,112741,CME ,00,112 ,   43037,    4672,    9267,       0,   19974,   10745,    5096,    4986,   13640,     559,    2315,     313,      16,   37618,   39636,    5419,    3401,     734,    -629,     953,       0,      69,    -645,     233,      80,     310,      56,     413,    -281,       0,     222,     626,     512,     108,  100.0,   10.9,   21.5,    0.0,   46.4,   25.0,   11.8,   11.6,   31.7,    1.3,    5.4,    0.7,    0.0,   87.4,   92.1,   12.6,    7.9,     86,      5,      7,      0,     16,     13,      7,     13,     24,      6,      7,.,.,     50,     51,    54.9,    36.4,    63.6,    53.7,    45.1,    31.8,    52.4,    47.6,"(CONTRACTS OF NZD 100,000)",112741,CME ,112 ,F15,FutOnly
NZ DOLLAR - CHICAGO MERCANTILE EXCHANGE,250701,2025-07-01,112741,CME ,00,112 ,   42303,    5301,    8314,       0,   19905,   11390,    4863,    4906,   13330,     503,    1902,     594,      16,   37396,   39010,    4907,    3293,   -1914,   -1482,    -969,       0,   -4326,    -646,     252,    2503,   -1054,     328,     259,     130,       0,   -2466,   -1959,     552,      45,  100.0,   12.5,   19.7,    0.0,   47.1,   26.9,   11.5,   11.6,   31.5,    1.2,    4.5,    1.4,    0.0,   88.4,   92.2,   11.6,    7.8,     84,      5,      6,      0,     15,     12,      7,     17,     21,      5,      6,.,.,     51,     47,    52.9,    35.2,    63.8,    54.8,    42.9,    31.4,    52.9,    48.6,"(CONTRACTS OF NZD 100,000)",112741,CME ,112 ,F15,FutOnly
NZ DOLLAR - CHICAGO MERCANTILE EXCHANGE,250624,2025-06-24,112741,CME ,00,112 ,   44217,    6783,    9283,       0,   24231,   12036,    4611,    2403,   14384,     175,    1643,     464,      16,   39862,   40969,    4355,    3248,   -3616,   -8195,   -1815,       0,    6412,      90,    -197,   -1393,   -1672,     -44,    -233,     -38,     -48,   -3698,   -3724,      82,     108,  100.0,   15.3,   21.0,    0.0,   54.8,   27.2,   10.4,    5.4,   32.5,    0.4,    3.7,    1.0,    0.0,   90.2,   92.7,    9.8,    7.3,     79,      5,      5,      0,     15,     12,      6,      9,     25,      5,      6,.,.,     43,     49,    58.1,    41.1,    69.6,    61.4,    48.6,    37.7,    60.2,    55.3,"(CONTRACTS OF NZD 100,000)",112741,CME ,112 ,F15,FutOnly
NZ DOLLAR - CHICAGO MERCANTILE EXCHANGE,250617,2025-06-17,112741,CME ,00,112 ,   47833,   14978,   11098,       0,   17819,   11946,    4808,    3796,   16056,     219,    1876,     502,      64,   43560,   44693,    4273,    3140,  -31034,  -21352,   -1836,  -12794,    8177,  -14858,    4600,   -3895,    1205,   -6021,     615,    -285,     -75,  -30745,  -30064,    -289,    -970,  100.0,   31.3,   23.2,    0.0,   37.3,   25.0,   10.1,    7.9,   33.6,    0.5,    3.9,    1.0,    0.1,   91.1,   93.4,    8.9,    6.6,     82,      5,      5,      0,     15,     14,      6,     12,     22,      5,      7,.,.,     47,     48,    58.0,    37.8,    72.5,    59.4,    48.7,    34.1,    63.1,    54.1,"(CONTRACTS OF NZD 100,000)",112741,CME ,112 ,F15,FutOnly
NZ DOLLAR - CHICAGO MERCANTILE EXCHANGE,250610,2025-06-10,112741,CME ,00,112 ,   78867,   36330,   12934,   12794,    9642,   26804,     208,    7691,   14851,    6240,    1261,     787,     139,   74305,   74757,    4562,    4110,   10942,     255,    2559,    6792,    -374,   -1619,     -12,     281,    -793,    4047,     -66,     328,    -124,   10799,   11178,     143,    -236,  100.0,   46.1,   16.4,   16.2,   12.2,   34.0,    0.3,    9.8,   18.8,    7.9,    1.6,    1.0,    0.2,   94.2,   94.8,    5.8,    5.2,     80,.,      9,      8,     12,     10,      4,     14,     20,     10,      5,      5,.,     50,     54,    63.3,    44.5,    77.3,    60.9,    54.8,    37.1,    61.2,    49.2,"(CONTRACTS OF NZD 100,000)",112741,CME ,112 ,F15,FutOnly
NZ DOLLAR - CHICAGO MERCANTILE EXCHANGE,250603,2025-06-03,112741,CME ,00,112 ,   67925,   36075,   10375,    6002,   10016,   28423,     220,    7410,   15644,    2193,    1327,     459,     263,   63506,   63579,    4419,    4346,    8663,     283,     556,    6002,    -661,   -1300,      20,     492,    1727,    1549,     785,     -29,       0,    8470,    8525,     193,     138,  100.0,   53.1,   15.3,    8.8,   14.7,   41.8,    0.3,   10.9,   23.0,    3.2,    2.0,    0.7,    0.4,   93.5,   93.6,    6.5,    6.4,     76,.,      8,      4,     10,     10,.,     14,     22,     10,      6,.,.,     45,     50,    71.4,    46.5,    80.8,    62.5,    65.6,    42.2,    72.3,    56.5,"(CONTRACTS OF NZD 100,000)",112741,CME ,112 ,F15,FutOnly
NZ DOLLAR - CHICAGO MERCANTILE EXCHANGE,250527,2025-05-27,112741,CME ,00,112 ,   59262,   35792,    9819,       0,   10677,   29723,     200,    6918,   13917,     644,     542,     488,     263,   55036,   55054,    4226,    4208,   -1794,   -1324,     748,       0,     292,    -550,     -22,    -993,   -1861,    -107,    -362,     -98,     122,   -2394,   -1768,     600,     -26,  100.0,   60.4,   16.6,    0.0,   18.0,   50.2,    0.3,   11.7,   23.5,    1.1,    0.9,    0.8,    0.4,   92.9,   92.9,    7.1,    7.1,     75,.,      7,      0,     11,     12,.,     12,     24,      8,      4,.,.,     39,     49,    73.7,    50.5,    82.3,    64.9,    73.5,    50.5,    82.1,    64.9,"(CONTRACTS OF NZD 100,000)",112741,CME ,112 ,F15,FutOnly
NZ DOLLAR - CHICAGO MERCANTILE EXCHANGE,250520,2025-05-20,112741,CME ,00,112 ,   61056,   37116,    9071,       0,   10385,   30273,     222,    7911,   15778,     751,     904,     586,     141,   57430,   56822,    3626,    4234,     299,    2434,   -2113,       0,    -335,    -604,     188,   -1863,    2472,      65,     624,       1,    -137,     976,    -128,    -677,     427,  100.0,   60.8,   14.9,    0.0,   17.0,   49.6,    0.4,   13.0,   25.8,    1.2,    1.5,    1.0,    0.2,   94.1,   93.1,    5.9,    6.9,     72,.,      7,      0,     11,     13,.,      9,     22,      6,      4,.,.,     36,     47,    74.3,    51.9,    84.0,    65.7,    74.2,    51.8,    83.8,    65.6,"(CONTRACTS OF NZD 100,000)",112741,CME ,112 ,F15,FutOnly
NZ DOLLAR - CHICAGO MERCANTILE EXCHANGE,250513,2025-05-13,112741,CME ,00,112 ,   60757,   34682,   11184,       0,   10720,   30877,      34,    9774,   13306,     686,     280,     585,     278,   56454,   56950,    4303,    3807,     248,     891,    -709,       0,   -1662,    1489,       0,    1778,    -138,     281,    -810,    -254,       0,     478,     669,    -230,    -421,  100.0,   57.1,   18.4,    0.0,   17.6,   50.8,    0.1,   16.1,   21.9,    1.1,    0.5,    1.0,    0.5,   92.9,   93.7,    7.1,    6.3,     76,.,      7,      0,     10,     14,.,     13,     23,      7,.,.,.,     35,     52,    70.3,    48.3,    82.5,    62.0,    70.3,    48.3,    82.4,    62.0,"(CONTRACTS OF NZD 100,000)",112741,CME ,112 ,F15,FutOnly
NZ DOLLAR - CHICAGO MERCANTILE EXCHANGE,250506,2025-05-06,112741,CME ,00,112 ,   60509,   33791,   11893,       0,   12382,   29388,      34,    7996,   13444,     405,    1090,     839,     278,   55976,   56281,    4533,    4228,   -2566,    -161,     644,       0,   -1130,    -404,    -179,   -1435,   -3174,      39,     -32,     260,       0,   -2898,   -2814,     332,     248,  100.0,   55.8,   19.7,    0.0,   20.5,   48.6,    0.1,   13.2,   22.2,    0.7,    1.8,    1.4,    0.5,   92.5,   93.0,    7.5,    7.0,     81,.,      6,      0,      9,     13,.,     15,     25,      6,      5,      5,.,     37,     54,    72.4,    46.4,    83.3,    62.0,    72.4,    46.3,    83.0,    61.9,"(CONTRACTS OF NZD 100,000)",112741,CME ,112 ,F15,FutOnly
NZ DOLLAR - CHICAGO MERCANTILE EXCHANGE,250429,2025-04-29,112741,CME ,00,112 ,   63075,   33952,   11249,       0,   13512,   29792,     213,    9431,   16618,     366,    1122,     579,     278,   58874,   59095,    4201,    3980,     386,   -3791,     819,       0,    3167,   -1245,     -30,     747,    1635,    -112,     112,    -199,      40,     133,     908,     253,    -522,  100.0,   53.8,   17.8,    0.0,   21.4,   47.2,    0.3,   15.0,   26.3,    0.6,    1.8,    0.9,    0.4,   93.3,   93.7,    6.7,    6.3,     80,      4,      7,      0,     11,     12,.,     14,     24,.,      5,.,.,     39,     49,    70.4,    45.1,    81.6,    61.6,    70.4,    45.0,    81.4,    61.5,"(CONTRACTS OF NZD 100,000)",112741,CME ,112 ,F15,FutOnly
NZ DOLLAR - CHICAGO MERCANTILE EXCHANGE,250422,2025-04-22,112741,CME ,00,112 ,   62689,   37743,   10430,       0,   10345,   31037,     243,    8684,   14983,     478,    1010,     778,     238,   58741,   58187,    3948,    4502,   -4013,   -3810,    1232,       0,   -1893,   -2692,    -206,    1160,   -2001,     -45,     170,     -21,      16,   -4608,   -3717,     595,    -296,  100.0,   60.2,   16.6,    0.0,   16.5,   49.5,    0.4,   13.9,   23.9,    0.8,    1.6,    1.2,    0.4,   93.7,   92.8,    6.3,    7.2,     80,      4,      6,      0,      7,     15,.,     12,     27,      5,      4,      5,.,     34,     56,    68.7,    44.9,    83.9,    58.7,    68.7,    44.8,    83.9,    58.5,"(CONTRACTS OF NZD 100,000)",112741,CME ,112 ,F15,FutOnly
NZ DOLLAR - CHICAGO MERCANTILE EXCHANGE,250415,2025-04-15,112741,CME ,00,112 ,   66702,   41553,    9198,       0,   12238,   33729,     449,    7524,   16984,     523,     840,     799,     222,   63349,   61904,    3353,    4798,   -5407,   -6386,    2110,       0,    1368,   -6005,    -167,    -532,   -1010,      41,    -240,    -190,     103,   -5813,   -5118,     406,    -289,  100.0,   62.3,   13.8,    0.0,   18.3,   50.6,    0.7,   11.3,   25.5,    0.8,    1.3,    1.2,    0.3,   95.0,   92.8,    5.0,    7.2,     87,      4,      7,      0,      6,     18,.,     10,     33,      6,      4,      5,.,     33,     65,    72.4,    42.0,    87.7,    54.4,    72.4,    42.0,    87.7,    54.1,"(CONTRACTS OF NZD 100,000)",112741,CME ,112 ,F15,FutOnly
NZ DOLLAR - CHICAGO MERCANTILE EXCHANGE,250408,2025-04-08,112741,CME ,00,112 ,   72109,   47939,    7088,       0,   10870,   39734,     616,    8056,   17994,     482,    1080,     989,     119,   69162,   67022,    2947,    5087,   -9688,   -6338,    2471,     -29,   -1421,  -11385,     476,   -1045,   -1143,     319,   -1088,    -130,     104,   -9022,   -9317,    -666,    -371,  100.0,   66.5,    9.8,    0.0,   15.1,   55.1,    0.9,   11.2,   25.0,    0.7,    1.5,    1.4,    0.2,   95.9,   92.9,    4.1,    7.1,     98,.,      6,      0,      6,     23,.,     13,     38,      5,      4,      5,.,     30,     77,    74.3,    40.4,    88.9,    52.4,    74.3,    40.4,    88.8,    52.3,"(CONTRACTS OF NZD 100,000)",112741,CME ,112 ,F15,FutOnly
NZ DOLLAR - CHICAGO MERCANTILE EXCHANGE,250401,2025-04-01,112741,CME ,00,112 ,   81797,   54277,    4617,      29,   12291,   51119,     140,    9101,   19137,     163,    2168,    1119,      15,   78184,   76339,    3613,    5458,    -473,     852,    -108,      29,     772,     230,     -37,   -2558,    -859,    -294,    1232,     488,       0,      -4,    -551,    -469,      78,  100.0,   66.4,    5.6,    0.0,   15.0,   62.5,    0.2,   11.1,   23.4,    0.2,    2.7,    1.4,    0.0,   95.6,   93.3,    4.4,    6.7,    100,      6,      5,.,      6,     21,.,     13,     38,      5,      6,      5,.,     35,     73,    74.1,    44.4,    88.2,    58.6,    74.1,    44.4,    88.1,    58.6,"(CONTRACTS OF NZD 100,000)",112741,CME ,112 ,F15,FutOnly
NZ DOLLAR - CHICAGO MERCANTILE EXCHANGE,250325,2025-03-25,112741,CME ,00,112 ,   82270,   53425,    4725,       0,   11519,   50889,     177,   11659,   19996,     457,     936,     631,      15,   78188,   76890,    4082,    5380,   -2273,    3400,   -1215,       0,   -1399,    1061,     -45,   -3896,    -506,    -380,    -241,   -1327,       0,   -2561,   -2412,     288,     139,  100.0,   64.9,    5.7,    0.0,   14.0,   61.9,    0.2,   14.2,   24.3,    0.6,    1.1,    0.8,    0.0,   95.0,   93.5,    5.0,    6.5,     95,      6,      5,      0,      9,     23,.,     14,     29,      4,      6,.,.,     39,     63,    69.3,    43.7,    85.7,    57.7,    69.3,    43.7,    85.7,    57.6,"(CONTRACTS OF NZD 100,000)",112741,CME ,112 ,F15,FutOnly
NZ DOLLAR - CHICAGO MERCANTILE EXCHANGE,250318,2025-03-18,112741,CME ,00,112 ,   84543,   50025,    5940,       0,   12918,   49828,     222,   15555,   20502,     837,    1177,    1958,      15,   80749,   79302,    3794,    5241,  -33084,   -7853,    4252,  -20331,     188,  -11459,    -114,    2521,   -2442,   -2975,   -4758,     695,      -3,  -33325,  -32377,     241,    -707,  100.0,   59.2,    7.0,    0.0,   15.3,   58.9,    0.3,   18.4,   24.3,    1.0,    1.4,    2.3,    0.0,   95.5,   93.8,    4.5,    6.2,     98,      5,      6,      0,      8,     23,.,     19,     23,      5,      7,      7,.,     43,     63,    66.1,    43.3,    81.1,    57.2,    66.1,    43.2,    80.4,    57.0,"(CONTRACTS OF NZD 100,000)",112741,CME ,112 ,F15,FutOnly
NZ DOLLAR - CHICAGO MERCANTILE EXCHANGE,250311,2025-03-11,112741,CME ,00,112 ,  117627,   57878,    1688,   20331,   12730,   61287,     336,   13034,   22944,    3812,    5935,    1263,      18,  114074,  111679,    3553,    5948,   18194,   -2178,    -374,   19862,     243,   -2728,     164,   -2299,   -1308,    2435,    -307,     319,       3,   17923,   18373,     271,    -179,  100.0,   49.2,    1.4,   17.3,   10.8,   52.1,    0.3,   11.1,   19.5,    3.2,    5.0,    1.1,    0.0,   97.0,   94.9,    3.0,    5.1,    103,      9,.,      6,      8,     24,.,     19,     29,      9,      4,      6,.,     46,     75,    55.2,    44.4,    75.2,    59.4,    43.4,    37.2,    62.0,    48.5,"(CONTRACTS OF NZD 100,000)",112741,CME ,112 ,F15,FutOnly
NZ DOLLAR - CHICAGO MERCANTILE EXCHANGE,250304,2025-03-04,112741,CME ,00,112 ,   99433,   60056,    2062,     469,   12487,   64015,     172,   15333,   24252,    1377,    6242,     944,      15,   96151,   93306,    3282,    6127,    9111,    5402,     298,     226,   -1153,    7862,      30,    5591,    -225,     -64,    -245,     150,       0,    9787,    8277,    -676,     834,  100.0,   60.4,    2.1,    0.5,   12.6,   64.4,    0.2,   15.4,   24.4,    1.4,    6.3,    0.9,    0.0,   96.7,   93.8,    3.3,    6.2,    108,     10,.,      5,      7,     25,.,     20,     33,      4,      7,      4,.,     47,     72,    49.7,    47.0,    73.0,    60.7,    49.5,    47.0,    72.8,    60.7,"(CONTRACTS OF NZD 100,000)",112741,CME ,112 ,F15,FutOnly
NZ DOLLAR - CHICAGO MERCANTILE EXCHANGE,250225,2025-02-25,112741,CME ,00,112 ,   90322,   54654,    1764,     243,   13640,   56153,     142,    9742,   24477,    1441,    6487,     794,      15,   86364,   85029,    3958,    5293,     956,   -1496,    -138,      95,    1113,    -173,      64,     383,    1258,      67,     490,    -123,       0,     716,    1050,     240,     -94,  100.0,   60.5,    2.0,    0.3,   15.1,   62.2,    0.2,   10.8,   27.1,    1.6,    7.2,    0.9,    0.0,   95.6,   94.1,    4.4,    5.9,    104,      9,.,      4,      7,     24,.,     17,     34,      8,      7,      4,.,     48,     71,    53.4,    47.5,    78.0,    61.9,    53.2,    47.4,    77.8,    61.7,"(CONTRACTS OF NZD 100,000)",112741,CME ,112 ,F15,FutOnly
NZ DOLLAR - CHICAGO MERCANTILE EXCHANGE,250218,2025-02-18,112741,CME ,00,112 ,   89366,   56150,    1902,     148,   12527,   56326,      78,    9359,   23219,    1374,    5997,     917,      15,   85648,   83979,    3718,    5387,    2248,    1266,    -811,       0,    -807,    -323,     -73,    1770,    4254,     497,     -20,    -518,       0,    2633,    3026,    -385,    -778,  100.0,   62.8,    2.1,    0.2,   14.0,   63.0,    0.1,   10.5,   26.0,    1.5,    6.7,    1.0,    0.0,   95.8,   94.0,    4.2,    6.0,    106,      8,.,.,      5,     26,      4,     17,     35,      7,      9,      4,.,     47,     73,    53.2,    45.9,    77.8,    60.7,    53.0,    45.8,    77.6,    60.6,"(CONTRACTS OF NZD 100,000)",112741,CME ,112 ,F15,FutOnly
NZ DOLLAR - CHICAGO MERCANTILE EXCHANGE,250211,2025-02-11,112741,CME ,00,112 ,   87118,   54884,    2713,     148,   13334,   56649,     151,    7589,   18965,     877,    6017,    1435,      15,   83015,   80953,    4103,    6165,    3120,    -550,      27,      99,    -727,    6230,     -16,    1961,   -3089,      23,    1686,    -275,       0,    2476,    2999,     644,     121,  100.0,   63.0,    3.1,    0.2,   15.3,   65.0,    0.2,    8.7,   21.8,    1.0,    6.9,    1.6,    0.0,   95.3,   92.9,    4.7,    7.1,     99,      7,      4,.,      6,     25,.,     18,     27,      7,      7,      5,.,     43,     69,    56.7,    43.6,    80.3,    59.2,    56.5,    43.5,    80.1,    59.2,"(CONTRACTS OF NZD 100,000)",112741,CME ,112 ,F15,FutOnly
NZ DOLLAR - CHICAGO MERCANTILE EXCHANGE,250204,2025-02-04,112741,CME ,00,112 ,   83998,   55434,    2686,      49,   14061,   50419,     167,    5628,   22054,     854,    4331,    1710,      15,   80539,   77954,    3459,    6044,      29,   -3135,    -719,       0,    1703,    1345,      25,     319,   -1190,    -177,    1036,     522,       0,    -229,    -194,     258,     223,  100.0,   66.0,    3.2,    0.1,   16.7,   60.0,    0.2,    6.7,   26.3,    1.0,    5.2,    2.0,    0.0,   95.9,   92.8,    4.1,    7.2,    101,      7,.,.,      8,     25,.,     13,     34,      4,      4,      7,.,     37,     73,    60.3,    34.8,    81.9,    52.7,    60.2,    34.8,    81.8,    52.7,"(CONTRACTS OF NZD 100,000)",112741,CME ,112 ,F15,FutOnly
NZ DOLLAR - CHICAGO MERCANTILE EXCHANGE,250128,2025-01-28,112741,CME ,00,112 ,   83969,   58569,    3405,      49,   12358,   49074,     142,    5309,   23244,    1031,    3295,    1188,      15,   80768,   78148,    3201,    5821,   -6631,   -2589,     633,       2,   -1126,   -4453,     -11,   -3179,    1015,      71,     550,   -3541,       1,   -6281,   -6283,    -350,    -348,  100.0,   69.8,    4.1,    0.1,   14.7,   58.4,    0.2,    6.3,   27.7,    1.2,    3.9,    1.4,    0.0,   96.2,   93.1,    3.8,    6.9,    104,      6,      4,.,      7,     25,.,     14,     37,      4,      5,      6,.,     36,     77,    59.4,    35.9,    81.9,    52.1,    59.4,    35.7,    81.9,    52.0,"(CONTRACTS OF NZD 100,000)",112741,CME ,112 ,F15,FutOnly
NZ DOLLAR - CHICAGO MERCANTILE EXCHANGE,250121,2025-01-21,112741,CME ,00,112 ,   90600,   61158,    2772,      47,   13484,   53527,     153,    8488,   22229,     960,    2745,    4729,      14,   87049,   84431,    3551,    6169,   -1453,   -1021,     230,       4,    1344,     608,     -54,   -2031,   -2397,      20,     366,     154,       0,   -1372,   -1435,     -81,     -18,  100.0,   67.5,    3.1,    0.1,   14.9,   59.1,    0.2,    9.4,   24.5,    1.1,    3.0,    5.2,    0.0,   96.1,   93.2,    3.9,    6.8,     99,      7,.,.,      8,     23,.,     12,     34,      4,      4,      8,.,     34,     73,    57.8,    32.4,    79.0,    49.4,    57.8,    32.4,    79.0,    49.3,"(CONTRACTS OF NZD 100,000)",112741,CME ,112 ,F15,FutOnly
NZ DOLLAR - CHICAGO MERCANTILE EXCHANGE,250114,2025-01-14,112741,CME ,00,112 ,   92053,   62179,    2542,      43,   12140,   52919,     207,   10519,   24626,     940,    2379,    4575,      14,   88421,   85866,    3632,    6187,     -74,    2017,    1496,       2,    -159,     177,      -5,   -2472,   -1912,    -276,     465,       4,       0,    -428,    -514,     354,     440,  100.0,   67.5,    2.8,    0.0,   13.2,   57.5,    0.2,   11.4,   26.8,    1.0,    2.6,    5.0,    0.0,   96.1,   93.3,    3.9,    6.7,    105,      7,.,.,      7,     26,.,     12,     38,      6,      5,      7,.,     37,     79,    55.6,    31.5,    78.0,    48.4,    55.6,    31.3,    77.9,    48.2,"(CONTRACTS OF NZD 100,000)",112741,CME ,112 ,F15,FutOnly
NZ DOLLAR - CHICAGO MERCANTILE EXCHANGE,250107,2025-01-07,112741,CME ,00,112 ,   92127,   60162,    1046,      41,   12299,   52742,     212,   12991,   26538,    1216,    1914,    4571,      14,   88849,   86380,    3278,    5747,    4002,    2059,      27,       2,    1691,    2882,       1,    -486,    1282,     640,    -116,    -315,       0,    3791,    4519,     211,    -517,  100.0,   65.3,    1.1,    0.0,   13.4,   57.2,    0.2,   14.1,   28.8,    1.3,    2.1,    5.0,    0.0,   96.4,   93.8,    3.6,    6.2,    105,      7,.,.,      6,     27,      4,     13,     37,      5,      6,      7,.,     40,     76,    55.0,    31.9,    76.1,    49.4,    55.0,    31.8,    76.0,    49.3,"(CONTRACTS OF NZD 100,000)",112741,CME ,112 ,F15,FutOnly
